wall_time,ros_time
0.044142,6.434000000
0.047812,6.435000000
0.055686,6.436000000
0.065776,6.437000000
0.072662,6.438000000
0.075069,6.439000000
0.080905,6.440000000
0.109743,6.441000000
0.117645,6.442000000
0.125845,6.443000000
0.136133,6.444000000
0.138546,6.445000000
0.144061,6.446000000
0.152000,6.447000000
0.159813,6.448000000
0.163799,6.449000000
0.170092,6.450000000
0.175859,6.451000000
0.180041,6.452000000
0.207373,6.453000000
0.212085,6.454000000
0.218464,6.455000000
0.221802,6.456000000
0.228491,6.457000000
0.234247,6.458000000
0.239495,6.459000000
0.245133,6.460000000
0.254875,6.461000000
0.256964,6.462000000
0.264194,6.463000000
0.271243,6.464000000
0.277433,6.465000000
0.283700,6.466000000
0.290540,6.467000000
0.297451,6.468000000
0.305371,6.469000000
0.337160,6.470000000
0.342675,6.471000000
0.349817,6.472000000
0.354881,6.473000000
0.388189,6.474000000
0.395275,6.475000000
0.398880,6.476000000
0.410388,6.477000000
0.415132,6.478000000
0.422653,6.479000000
0.425735,6.480000000
0.442393,6.481000000
0.445035,6.482000000
0.454508,6.483000000
0.462551,6.484000000
0.479184,6.485000000
0.494931,6.486000000
0.500721,6.487000000
0.506941,6.488000000
0.512704,6.489000000
0.519942,6.490000000
0.524849,6.491000000
0.530465,6.492000000
0.538374,6.493000000
0.543760,6.494000000
0.564314,6.495000000
0.573426,6.496000000
0.587863,6.497000000
0.604716,6.498000000
0.618746,6.499000000
0.634437,6.500000000
0.647841,6.501000000
0.670044,6.502000000
0.681692,6.503000000
0.690659,6.504000000
0.701854,6.505000000
0.723447,6.506000000
0.738456,6.507000000
0.751369,6.508000000
0.759652,6.509000000
0.763322,6.510000000
0.769586,6.511000000
0.806785,6.512000000
0.820858,6.513000000
0.841526,6.514000000
0.857904,6.515000000
0.873457,6.516000000
0.883606,6.517000000
0.927468,6.518000000
0.936026,6.519000000
0.943701,6.520000000
0.949956,6.521000000
0.955057,6.522000000
0.960389,6.523000000
0.971057,6.524000000
0.984731,6.525000000
1.009351,6.526000000
1.015423,6.527000000
1.030446,6.528000000
1.036706,6.529000000
1.054235,6.530000000
1.059729,6.531000000
1.069852,6.532000000
1.080304,6.533000000
1.102180,6.534000000
1.117467,6.535000000
1.199416,6.536000000
1.199465,6.538000000
1.211081,6.539000000
1.222757,6.540000000
1.246750,6.541000000
1.260717,6.542000000
1.263700,6.543000000
1.314179,6.544000000
1.322657,6.545000000
1.338712,6.546000000
1.354179,6.547000000
1.374338,6.548000000
1.381121,6.549000000
1.389662,6.550000000
1.408206,6.551000000
1.419844,6.552000000
1.431031,6.553000000
1.440551,6.554000000
1.452808,6.555000000
1.458717,6.556000000
1.463965,6.557000000
1.482019,6.558000000
1.485612,6.559000000
1.521197,6.560000000
1.531427,6.561000000
1.543550,6.562000000
1.548301,6.563000000
1.585319,6.564000000
1.592769,6.565000000
1.599437,6.566000000
1.638892,6.567000000
1.656092,6.568000000
1.656304,6.569000000
1.686838,6.570000000
1.686872,6.571000000
1.720031,6.572000000
1.739578,6.573000000
1.751059,6.574000000
1.759216,6.575000000
1.764352,6.576000000
1.775899,6.577000000
1.786153,6.578000000
1.809495,6.579000000
1.834116,6.580000000
1.838639,6.581000000
1.842671,6.582000000
1.849663,6.583000000
1.856504,6.584000000
1.862302,6.585000000
1.862386,6.586000000
1.863918,6.587000000
1.866799,6.588000000
1.871782,6.589000000
1.877651,6.590000000
1.881754,6.591000000
1.884466,6.592000000
1.897923,6.593000000
1.901712,6.594000000
1.907891,6.595000000
1.909910,6.596000000
1.912727,6.597000000
1.925710,6.598000000
1.931740,6.599000000
1.953263,6.600000000
1.962507,6.601000000
1.972441,6.602000000
2.013427,6.603000000
2.018054,6.604000000
2.026663,6.605000000
2.039479,6.606000000
2.047460,6.607000000
2.064040,6.608000000
2.075258,6.609000000
2.088450,6.610000000
2.102106,6.611000000
2.114627,6.612000000
2.119684,6.613000000
2.151680,6.614000000
2.161443,6.615000000
2.178402,6.616000000
2.196951,6.617000000
2.210050,6.618000000
2.215639,6.619000000
2.236570,6.620000000
2.242275,6.621000000
2.253147,6.622000000
2.266608,6.623000000
2.272855,6.624000000
2.284573,6.625000000
2.320530,6.626000000
2.330842,6.627000000
2.342192,6.628000000
2.354722,6.629000000
2.366326,6.630000000
2.381693,6.631000000
2.394931,6.632000000
2.409672,6.633000000
2.421829,6.634000000
2.436324,6.635000000
2.449078,6.636000000
2.470574,6.637000000
2.481284,6.638000000
2.491592,6.639000000
2.523116,6.640000000
2.529312,6.641000000
2.536752,6.642000000
2.556384,6.643000000
2.562727,6.644000000
2.604744,6.645000000
2.620226,6.646000000
2.627462,6.647000000
2.676060,6.648000000
2.681618,6.649000000
2.689094,6.650000000
2.696540,6.651000000
2.708068,6.652000000
2.713160,6.653000000
2.721724,6.654000000
2.728203,6.655000000
2.739357,6.656000000
2.757142,6.657000000
2.763865,6.658000000
2.772225,6.659000000
2.782357,6.660000000
2.789831,6.661000000
2.799436,6.662000000
2.823583,6.663000000
2.840522,6.664000000
2.862840,6.665000000
2.886464,6.666000000
2.896516,6.667000000
2.915149,6.668000000
2.935679,6.669000000
2.943515,6.670000000
2.953679,6.671000000
2.997878,6.672000000
3.014910,6.673000000
3.018633,6.674000000
3.033937,6.675000000
3.039329,6.676000000
3.051029,6.677000000
3.063371,6.678000000
3.067477,6.679000000
3.078325,6.680000000
3.091394,6.681000000
3.098197,6.682000000
3.112152,6.683000000
3.126328,6.684000000
3.136966,6.685000000
3.148034,6.686000000
3.154125,6.687000000
3.201949,6.688000000
3.216049,6.689000000
3.221141,6.690000000
3.257673,6.691000000
3.270911,6.692000000
3.305621,6.693000000
3.318876,6.694000000
3.329495,6.695000000
3.338876,6.696000000
3.387538,6.697000000
3.396919,6.698000000
3.409894,6.699000000
3.429081,6.700000000
3.438350,6.701000000
3.454612,6.702000000
3.470283,6.703000000
3.481106,6.704000000
3.491977,6.705000000
3.508247,6.706000000
3.520102,6.707000000
3.530291,6.708000000
3.545837,6.709000000
3.559411,6.710000000
3.566703,6.711000000
3.602004,6.712000000
3.612087,6.713000000
3.638422,6.714000000
3.679512,6.715000000
3.698896,6.716000000
3.721517,6.717000000
3.731979,6.718000000
3.747381,6.719000000
3.755004,6.720000000
3.765221,6.721000000
3.770001,6.722000000
3.778767,6.723000000
3.782151,6.724000000
3.786260,6.725000000
3.795556,6.726000000
3.812218,6.727000000
3.822108,6.728000000
3.831581,6.729000000
3.852448,6.730000000
3.860765,6.731000000
3.880133,6.732000000
3.894973,6.733000000
3.901375,6.734000000
3.921324,6.735000000
3.930488,6.736000000
3.937893,6.737000000
3.954591,6.738000000
3.970466,6.739000000
3.973718,6.740000000
3.995467,6.741000000
4.020137,6.742000000
4.022564,6.743000000
4.033075,6.744000000
4.040093,6.745000000
4.046818,6.746000000
4.058341,6.747000000
4.063840,6.748000000
4.067330,6.749000000
4.081382,6.750000000
4.085217,6.751000000
4.110474,6.752000000
4.126037,6.753000000
4.139503,6.754000000
4.139580,6.755000000
4.150610,6.756000000
4.160089,6.757000000
4.162156,6.758000000
4.163013,6.759000000
4.171862,6.760000000
4.171915,6.761000000
4.171963,6.762000000
4.173525,6.763000000
4.180393,6.764000000
4.180479,6.765000000
4.190932,6.766000000
4.206235,6.767000000
4.212870,6.768000000
4.219792,6.769000000
4.226789,6.770000000
4.240204,6.771000000
4.249701,6.772000000
4.257680,6.773000000
4.278634,6.774000000
4.289672,6.775000000
4.312415,6.776000000
4.324581,6.777000000
4.331040,6.778000000
4.355652,6.779000000
4.361866,6.780000000
4.366271,6.781000000
4.393882,6.782000000
4.404952,6.783000000
4.413457,6.784000000
4.420030,6.785000000
4.440503,6.786000000
4.447484,6.787000000
4.450449,6.788000000
4.466602,6.789000000
4.472552,6.790000000
4.488456,6.791000000
4.494300,6.792000000
4.506910,6.793000000
4.530797,6.794000000
4.530870,6.796000000
4.537096,6.797000000
4.556904,6.798000000
4.568603,6.799000000
4.582269,6.800000000
4.598077,6.801000000
4.621975,6.802000000
4.625116,6.803000000
4.633489,6.804000000
4.641606,6.805000000
4.664394,6.806000000
4.676206,6.807000000
4.683805,6.808000000
4.694946,6.809000000
4.701771,6.810000000
4.709447,6.811000000
4.720075,6.812000000
4.730987,6.813000000
4.731038,6.814000000
4.749279,6.815000000
4.757207,6.816000000
4.768605,6.817000000
4.774306,6.818000000
4.781887,6.819000000
4.789571,6.820000000
4.821298,6.821000000
4.838162,6.822000000
4.842876,6.823000000
4.857574,6.824000000
4.871534,6.825000000
4.885581,6.826000000
4.891088,6.827000000
4.897661,6.828000000
4.922794,6.829000000
4.940271,6.830000000
4.964151,6.831000000
4.985726,6.832000000
4.999520,6.833000000
5.009335,6.834000000
5.028117,6.835000000
5.051662,6.836000000
5.051763,6.837000000
5.084920,6.838000000
5.099455,6.839000000
5.118606,6.840000000
5.123934,6.841000000
5.163830,6.842000000
5.182635,6.843000000
5.186548,6.844000000
5.210227,6.845000000
5.227560,6.846000000
5.239382,6.847000000
5.257427,6.848000000
5.270584,6.849000000
5.299095,6.850000000
5.313498,6.851000000
5.327729,6.852000000
5.348187,6.853000000
5.366357,6.854000000
5.369895,6.855000000
5.374621,6.856000000
5.401057,6.857000000
5.413910,6.858000000
5.432158,6.859000000
5.437417,6.860000000
5.445473,6.861000000
5.456398,6.862000000
5.466755,6.863000000
5.480899,6.864000000
5.489179,6.865000000
5.498543,6.866000000
5.508156,6.867000000
5.517771,6.868000000
5.535160,6.869000000
5.551339,6.870000000
5.564357,6.871000000
5.587381,6.872000000
5.593868,6.873000000
5.614808,6.874000000
5.625768,6.875000000
5.632401,6.876000000
5.652613,6.877000000
5.665992,6.878000000
5.671273,6.879000000
5.694206,6.880000000
5.699808,6.881000000
5.721797,6.882000000
5.736987,6.883000000
5.746861,6.884000000
5.757287,6.885000000
5.767349,6.886000000
5.776538,6.887000000
5.783956,6.888000000
5.789577,6.889000000
5.805034,6.890000000
5.815238,6.891000000
5.819171,6.892000000
5.833550,6.893000000
5.840822,6.894000000
5.846440,6.895000000
5.865437,6.896000000
5.878788,6.897000000
5.904061,6.898000000
5.915898,6.899000000
5.921589,6.900000000
5.941123,6.901000000
5.954667,6.902000000
5.959806,6.903000000
5.985794,6.904000000
6.003002,6.905000000
6.016244,6.906000000
6.027690,6.907000000
6.042597,6.908000000
6.049867,6.909000000
6.060580,6.910000000
6.069940,6.911000000
6.089209,6.912000000
6.107130,6.913000000
6.115866,6.914000000
6.134865,6.915000000
6.149796,6.916000000
6.157462,6.917000000
6.172196,6.918000000
6.184141,6.919000000
6.207876,6.920000000
6.225140,6.921000000
6.231349,6.922000000
6.253409,6.923000000
6.253549,6.924000000
6.261157,6.925000000
6.274300,6.926000000
6.291960,6.927000000
6.302133,6.928000000
6.312918,6.929000000
6.317394,6.930000000
6.317439,6.931000000
6.335655,6.932000000
6.346173,6.933000000
6.361297,6.934000000
6.378197,6.935000000
6.392560,6.936000000
6.392615,6.937000000
6.427589,6.938000000
6.434947,6.939000000
6.451678,6.940000000
6.461313,6.941000000
6.481606,6.942000000
6.481779,6.943000000
6.509770,6.944000000
6.509990,6.945000000
6.525281,6.946000000
6.525333,6.948000000
6.558174,6.949000000
6.571904,6.950000000
6.573820,6.951000000
6.607637,6.952000000
6.623133,6.953000000
6.632212,6.954000000
6.650501,6.955000000
6.650554,6.957000000
6.669393,6.958000000
6.675538,6.959000000
6.675584,6.961000000
6.704926,6.962000000
6.713562,6.963000000
6.719476,6.964000000
6.725175,6.965000000
6.731566,6.966000000
6.732182,6.967000000
6.734130,6.968000000
6.773153,6.969000000
6.779149,6.970000000
6.779190,6.972000000
6.796659,6.973000000
6.811362,6.974000000
6.811405,6.975000000
6.860123,6.976000000
6.862714,6.977000000
6.877542,6.978000000
6.879406,6.979000000
6.911905,6.980000000
6.920835,6.981000000
6.934566,6.982000000
6.945889,6.983000000
6.951795,6.984000000
6.963012,6.985000000
6.969883,6.986000000
6.979717,6.987000000
6.985021,6.988000000
6.987259,6.989000000
6.991482,6.990000000
6.999301,6.991000000
7.019550,6.992000000
7.026059,6.993000000
7.032935,6.994000000
7.041746,6.995000000
7.064193,6.996000000
7.083496,6.997000000
7.085586,6.998000000
7.106253,6.999000000
7.106328,7.000000000
7.107000,7.001000000
7.117314,7.002000000
7.129238,7.003000000
7.129287,7.004000000
7.165205,7.005000000
7.176069,7.006000000
7.184079,7.007000000
7.184123,7.008000000
7.205498,7.009000000
7.226940,7.010000000
7.230218,7.011000000
7.240855,7.012000000
7.252154,7.013000000
7.257030,7.014000000
7.277499,7.015000000
7.277550,7.016000000
7.283791,7.017000000
7.283834,7.018000000
7.289730,7.019000000
7.294260,7.020000000
7.294302,7.021000000
7.302012,7.022000000
7.327504,7.023000000
7.340307,7.024000000
7.357137,7.025000000
7.357183,7.031000000
7.361237,7.032000000
7.375395,7.033000000
7.375445,7.034000000
7.375502,7.035000000
7.383952,7.036000000
7.384035,7.037000000
7.384068,7.039000000
7.389913,7.040000000
7.390387,7.041000000
7.390418,7.042000000
7.404031,7.043000000
7.406180,7.044000000
7.410656,7.045000000
7.410715,7.046000000
7.419778,7.047000000
7.419822,7.049000000
7.434948,7.050000000
7.435363,7.051000000
7.441246,7.052000000
7.441282,7.053000000
7.447409,7.054000000
7.458247,7.055000000
7.458293,7.057000000
7.474111,7.058000000
7.523956,7.059000000
7.541484,7.060000000
7.550575,7.061000000
7.567281,7.062000000
7.580471,7.063000000
7.590929,7.064000000
7.604888,7.065000000
7.612823,7.066000000
7.628829,7.067000000
7.634773,7.068000000
7.647611,7.069000000
7.661144,7.070000000
7.667014,7.071000000
7.670538,7.072000000
7.675378,7.073000000
7.675416,7.074000000
7.687222,7.075000000
7.687265,7.076000000
7.696889,7.077000000
7.696980,7.078000000
7.697008,7.079000000
7.712343,7.080000000
7.712386,7.081000000
7.718663,7.082000000
7.718704,7.083000000
7.735247,7.084000000
7.743448,7.085000000
7.743490,7.087000000
7.746945,7.088000000
7.766092,7.089000000
7.766139,7.093000000
7.775485,7.094000000
7.775519,7.095000000
7.779862,7.096000000
7.780949,7.097000000
7.805052,7.098000000
7.815377,7.099000000
7.815421,7.103000000
7.824964,7.104000000
7.825068,7.105000000
7.837962,7.106000000
7.838009,7.109000000
7.856857,7.110000000
7.866537,7.111000000
7.867345,7.112000000
7.870629,7.113000000
7.881401,7.114000000
7.884316,7.115000000
7.888397,7.116000000
7.888487,7.117000000
7.898852,7.118000000
7.902646,7.119000000
7.906907,7.120000000
7.912422,7.121000000
7.917490,7.122000000
7.925582,7.123000000
7.931814,7.124000000
7.935660,7.125000000
7.945226,7.126000000
7.952595,7.127000000
7.957883,7.128000000
7.964529,7.129000000
7.979302,7.130000000
7.985769,7.131000000
8.012736,7.132000000
8.018024,7.133000000
8.025283,7.134000000
8.045582,7.135000000
8.050938,7.136000000
8.053296,7.137000000
8.056064,7.138000000
8.059086,7.139000000
8.065194,7.140000000
8.067845,7.141000000
8.070160,7.142000000
8.072086,7.143000000
8.075053,7.144000000
8.077155,7.145000000
8.079641,7.146000000
8.082099,7.147000000
8.085223,7.148000000
8.088385,7.149000000
8.090902,7.150000000
8.093137,7.151000000
8.095763,7.152000000
8.099844,7.153000000
8.102055,7.154000000
8.104177,7.155000000
8.107864,7.156000000
8.112406,7.157000000
8.114837,7.158000000
8.117815,7.159000000
8.120373,7.160000000
8.129412,7.161000000
8.158077,7.162000000
8.168672,7.163000000
8.180547,7.164000000
8.195538,7.165000000
8.205922,7.166000000
8.225365,7.167000000
8.249169,7.168000000
8.269116,7.169000000
8.279363,7.170000000
8.295105,7.171000000
8.308994,7.172000000
8.318812,7.173000000
8.326471,7.174000000
8.335529,7.175000000
8.340101,7.176000000
8.345146,7.177000000
8.349916,7.178000000
8.358919,7.179000000
8.363830,7.180000000
8.384092,7.181000000
8.413877,7.182000000
8.441036,7.183000000
8.476408,7.184000000
8.488228,7.185000000
8.509861,7.186000000
8.531572,7.187000000
8.535177,7.188000000
8.579018,7.189000000
8.597538,7.190000000
8.616886,7.191000000
8.616945,7.192000000
8.631502,7.193000000
8.631551,7.194000000
8.652757,7.195000000
8.655196,7.196000000
8.658131,7.197000000
8.661635,7.198000000
8.663872,7.199000000
8.666857,7.200000000
8.669971,7.201000000
8.675043,7.202000000
8.677057,7.203000000
8.683150,7.204000000
8.685658,7.205000000
8.689226,7.206000000
8.693201,7.207000000
8.696482,7.208000000
8.718651,7.209000000
8.738314,7.210000000
8.765396,7.211000000
8.781842,7.212000000
8.792332,7.213000000
8.812003,7.214000000
8.817505,7.215000000
8.838947,7.216000000
8.852971,7.217000000
8.871833,7.218000000
8.883675,7.219000000
8.900352,7.220000000
8.919111,7.221000000
8.934047,7.222000000
8.944207,7.223000000
8.952962,7.224000000
8.967315,7.225000000
8.970647,7.226000000
8.980186,7.227000000
8.986840,7.228000000
9.016723,7.229000000
9.040367,7.230000000
9.050639,7.231000000
9.062654,7.232000000
9.071072,7.233000000
9.078344,7.234000000
9.082853,7.235000000
9.090112,7.236000000
9.096670,7.237000000
9.103706,7.238000000
9.116065,7.239000000
9.140834,7.240000000
9.164275,7.241000000
9.168774,7.242000000
9.181123,7.243000000
9.207058,7.244000000
9.211953,7.245000000
9.220456,7.246000000
9.227872,7.247000000
9.238437,7.248000000
9.238634,7.249000000
9.240501,7.250000000
9.255756,7.251000000
9.255820,7.252000000
9.255882,7.253000000
9.256297,7.254000000
9.257115,7.255000000
9.263859,7.256000000
9.264088,7.257000000
9.265485,7.258000000
9.271485,7.259000000
9.277970,7.260000000
9.289653,7.261000000
9.303741,7.262000000
9.313927,7.263000000
9.317766,7.264000000
9.347693,7.265000000
9.351846,7.266000000
9.364709,7.267000000
9.365440,7.268000000
9.365489,7.269000000
9.370628,7.270000000
9.377002,7.271000000
9.387749,7.272000000
9.396640,7.273000000
9.435356,7.274000000
9.444514,7.275000000
9.459500,7.276000000
9.471246,7.277000000
9.471577,7.278000000
9.488966,7.279000000
9.499717,7.280000000
9.506470,7.281000000
9.517415,7.282000000
9.517481,7.283000000
9.517524,7.284000000
9.533292,7.285000000
9.553315,7.286000000
9.555564,7.287000000
9.558926,7.288000000
9.561063,7.289000000
9.562855,7.290000000
9.565443,7.291000000
9.567392,7.292000000
9.569274,7.293000000
9.572203,7.294000000
9.575483,7.295000000
9.576940,7.296000000
9.579317,7.297000000
9.581188,7.298000000
9.584013,7.299000000
9.586354,7.300000000
9.589057,7.301000000
9.591362,7.302000000
9.601103,7.303000000
9.603764,7.304000000
9.604980,7.305000000
9.607402,7.306000000
9.610265,7.307000000
9.612223,7.308000000
9.614204,7.309000000
9.619292,7.310000000
9.621313,7.311000000
9.623629,7.312000000
9.628409,7.313000000
9.633884,7.314000000
9.633943,7.315000000
9.636102,7.316000000
9.638512,7.317000000
9.640510,7.318000000
9.642636,7.319000000
9.644772,7.320000000
9.646826,7.321000000
9.649732,7.322000000
9.651824,7.323000000
9.654011,7.324000000
9.657207,7.325000000
9.660530,7.326000000
9.668031,7.327000000
9.672946,7.328000000
9.695378,7.329000000
9.700876,7.330000000
9.703832,7.331000000
9.707701,7.332000000
9.724508,7.333000000
9.728047,7.334000000
9.729842,7.335000000
9.731698,7.336000000
9.733598,7.337000000
9.735645,7.338000000
9.761321,7.339000000
9.768834,7.340000000
9.775193,7.341000000
9.785227,7.342000000
9.789667,7.343000000
9.796257,7.344000000
9.800315,7.345000000
9.805319,7.346000000
9.812630,7.347000000
9.816390,7.348000000
9.826461,7.349000000
9.838894,7.350000000
9.849641,7.351000000
9.857925,7.352000000
9.874565,7.353000000
9.879522,7.354000000
9.889731,7.355000000
9.907147,7.356000000
9.920825,7.357000000
9.946868,7.358000000
9.949565,7.359000000
9.968772,7.360000000
9.968822,7.361000000
9.980727,7.362000000
9.999008,7.363000000
10.005448,7.364000000
10.014829,7.365000000
10.039890,7.366000000
10.061431,7.367000000
10.068095,7.368000000
10.085014,7.369000000
10.091097,7.370000000
10.097861,7.371000000
10.131278,7.372000000
10.132901,7.373000000
10.152649,7.374000000
10.152703,7.375000000
10.179261,7.376000000
10.179346,7.377000000
10.189146,7.378000000
10.236374,7.379000000
10.245729,7.380000000
10.248094,7.381000000
10.250116,7.382000000
10.252195,7.383000000
10.254534,7.384000000
10.257022,7.385000000
10.259588,7.386000000
10.261776,7.387000000
10.268106,7.388000000
10.286727,7.389000000
10.292994,7.390000000
10.300459,7.391000000
10.304857,7.392000000
10.308780,7.393000000
10.311245,7.394000000
10.349224,7.395000000
10.352088,7.396000000
10.358351,7.397000000
10.360604,7.398000000
10.362395,7.399000000
10.364550,7.400000000
10.376069,7.401000000
10.378063,7.402000000
10.380067,7.403000000
10.382101,7.404000000
10.383841,7.405000000
10.386021,7.406000000
10.388216,7.407000000
10.390818,7.408000000
10.392898,7.409000000
10.395226,7.410000000
10.401594,7.411000000
10.403700,7.412000000
10.406217,7.413000000
10.431695,7.414000000
10.433527,7.415000000
10.435634,7.416000000
10.437629,7.417000000
10.439527,7.418000000
10.441546,7.419000000
10.443748,7.420000000
10.446003,7.421000000
10.470122,7.422000000
10.475513,7.423000000
10.483890,7.424000000
10.490425,7.425000000
10.519053,7.426000000
10.532365,7.427000000
10.534941,7.428000000
10.547543,7.429000000
10.555040,7.430000000
10.565803,7.431000000
10.572614,7.432000000
10.578972,7.433000000
10.599973,7.434000000
10.617190,7.435000000
10.627573,7.436000000
10.636778,7.437000000
10.636823,7.438000000
10.644242,7.439000000
10.654123,7.440000000
10.654165,7.441000000
10.676160,7.442000000
10.678160,7.443000000
10.685814,7.444000000
10.690337,7.445000000
10.711917,7.446000000
10.718595,7.447000000
10.735931,7.448000000
10.738353,7.449000000
10.747782,7.450000000
10.752796,7.451000000
10.776415,7.452000000
10.781737,7.453000000
10.790969,7.454000000
10.806171,7.455000000
10.815050,7.456000000
10.819407,7.457000000
10.827325,7.458000000
10.839269,7.459000000
10.855019,7.460000000
10.868785,7.461000000
10.880671,7.462000000
10.887506,7.463000000
10.893480,7.464000000
10.905147,7.465000000
10.909343,7.466000000
10.918844,7.467000000
10.931915,7.468000000
10.949315,7.469000000
10.958656,7.470000000
10.966063,7.471000000
10.972427,7.472000000
10.989414,7.473000000
10.998453,7.474000000
11.020505,7.475000000
11.023986,7.476000000
11.038802,7.477000000
11.038855,7.478000000
11.059768,7.479000000
11.062121,7.480000000
11.064173,7.481000000
11.066327,7.482000000
11.068426,7.483000000
11.070403,7.484000000
11.072288,7.485000000
11.074421,7.486000000
11.077746,7.487000000
11.080174,7.488000000
11.082185,7.489000000
11.084058,7.490000000
11.101966,7.491000000
11.104143,7.492000000
11.111351,7.493000000
11.113547,7.494000000
11.120012,7.495000000
11.121987,7.496000000
11.154914,7.497000000
11.154963,7.498000000
11.162549,7.499000000
11.164483,7.500000000
11.172167,7.501000000
11.185097,7.502000000
11.193388,7.503000000
11.195401,7.504000000
11.202307,7.505000000
11.204024,7.506000000
11.210918,7.507000000
11.212848,7.508000000
11.249400,7.509000000
11.262450,7.510000000
11.271541,7.511000000
11.281915,7.512000000
11.294266,7.513000000
11.302175,7.514000000
11.319155,7.515000000
11.323150,7.516000000
11.328970,7.517000000
11.335021,7.518000000
11.340909,7.519000000
11.347165,7.520000000
11.357101,7.521000000
11.361156,7.522000000
11.374084,7.523000000
11.383214,7.524000000
11.385219,7.525000000
11.391234,7.526000000
11.393076,7.527000000
11.398677,7.528000000
11.400572,7.529000000
11.406942,7.530000000
11.408998,7.531000000
11.410960,7.532000000
11.413485,7.533000000
11.433108,7.534000000
11.436211,7.535000000
11.438580,7.536000000
11.441386,7.537000000
11.443337,7.538000000
11.448165,7.539000000
11.450234,7.540000000
11.452333,7.541000000
11.454211,7.542000000
11.456135,7.543000000
11.458133,7.544000000
11.464438,7.545000000
11.466428,7.546000000
11.487332,7.547000000
11.489592,7.548000000
11.491675,7.549000000
11.494369,7.550000000
11.495910,7.551000000
11.503226,7.552000000
11.505194,7.553000000
11.511414,7.554000000
11.523698,7.555000000
11.526056,7.556000000
11.532193,7.557000000
11.534075,7.558000000
11.541294,7.559000000
11.545236,7.560000000
11.564522,7.561000000
11.573771,7.562000000
11.577763,7.563000000
11.586188,7.564000000
11.588411,7.565000000
11.605091,7.566000000
11.619132,7.567000000
11.625672,7.568000000
11.631594,7.569000000
11.640110,7.570000000
11.643527,7.571000000
11.658808,7.572000000
11.667872,7.573000000
11.677528,7.574000000
11.685741,7.575000000
11.695605,7.576000000
11.705943,7.577000000
11.715534,7.578000000
11.724996,7.579000000
11.733449,7.580000000
11.740080,7.581000000
11.742300,7.582000000
11.748078,7.583000000
11.750193,7.584000000
11.752721,7.585000000
11.755410,7.586000000
11.757373,7.587000000
11.759318,7.588000000
11.761660,7.589000000
11.768306,7.590000000
11.799491,7.591000000
11.816000,7.592000000
11.829192,7.593000000
11.834223,7.594000000
11.838841,7.595000000
11.849020,7.596000000
11.865609,7.597000000
11.878744,7.598000000
11.891166,7.599000000
11.894882,7.600000000
11.899536,7.601000000
11.924946,7.602000000
11.938508,7.603000000
11.945206,7.604000000
11.947171,7.605000000
11.959556,7.606000000
11.965297,7.607000000
11.981196,7.608000000
11.987509,7.609000000
11.993473,7.610000000
12.002504,7.611000000
12.008438,7.612000000
12.019092,7.613000000
12.033049,7.614000000
12.043605,7.615000000
12.048494,7.616000000
12.051865,7.617000000
12.059034,7.618000000
12.081972,7.619000000
12.085982,7.620000000
12.108166,7.621000000
12.110117,7.622000000
12.117540,7.623000000
12.130231,7.624000000
12.132274,7.625000000
12.135797,7.626000000
12.153860,7.627000000
12.160619,7.628000000
12.172637,7.629000000
12.176573,7.630000000
12.183723,7.631000000
12.206161,7.632000000
12.211952,7.633000000
12.225551,7.634000000
12.244127,7.635000000
12.259689,7.636000000
12.270292,7.637000000
12.276696,7.638000000
12.291275,7.639000000
12.299732,7.640000000
12.305152,7.641000000
12.315360,7.642000000
12.323054,7.643000000
12.331182,7.644000000
12.341764,7.645000000
12.347489,7.646000000
12.350109,7.647000000
12.369739,7.648000000
12.379553,7.649000000
12.381456,7.650000000
12.400041,7.651000000
12.402669,7.652000000
12.423299,7.653000000
12.436826,7.654000000
12.447988,7.655000000
12.449852,7.656000000
12.451897,7.657000000
12.454671,7.658000000
12.476311,7.659000000
12.479722,7.660000000
12.508787,7.661000000
12.517772,7.662000000
12.531836,7.663000000
12.540146,7.664000000
12.558562,7.665000000
12.564755,7.666000000
12.584098,7.667000000
12.593716,7.668000000
12.601454,7.669000000
12.608468,7.670000000
12.616197,7.671000000
12.626725,7.672000000
12.631143,7.673000000
12.638899,7.674000000
12.649884,7.675000000
12.654048,7.676000000
12.663362,7.677000000
12.671550,7.678000000
12.679118,7.679000000
12.689801,7.680000000
12.692810,7.681000000
12.700681,7.682000000
12.702649,7.683000000
12.724509,7.684000000
12.738226,7.685000000
12.741620,7.686000000
12.760699,7.687000000
12.771079,7.688000000
12.773055,7.689000000
12.787823,7.690000000
12.789740,7.691000000
12.805791,7.692000000
12.810988,7.693000000
12.829346,7.694000000
12.842170,7.695000000
12.849926,7.696000000
12.851969,7.697000000
12.853805,7.698000000
12.879028,7.699000000
12.894249,7.700000000
12.896692,7.701000000
12.903485,7.702000000
12.913067,7.703000000
12.918561,7.704000000
12.923230,7.705000000
12.931860,7.706000000
12.955135,7.707000000
12.965628,7.708000000
12.974178,7.709000000
12.988468,7.710000000
12.997724,7.711000000
13.002395,7.712000000
13.018959,7.713000000
13.029548,7.714000000
13.040596,7.715000000
13.051422,7.716000000
13.062101,7.717000000
13.089823,7.718000000
13.097325,7.719000000
13.104166,7.720000000
13.121338,7.721000000
13.123239,7.722000000
13.129244,7.723000000
13.165469,7.724000000
13.184537,7.725000000
13.194473,7.726000000
13.214001,7.727000000
13.221509,7.728000000
13.242153,7.729000000
13.246389,7.730000000
13.267801,7.731000000
13.281188,7.732000000
13.290464,7.733000000
13.301663,7.734000000
13.311948,7.735000000
13.319352,7.736000000
13.331871,7.737000000
13.333993,7.738000000
13.347337,7.739000000
13.353279,7.740000000
13.359406,7.741000000
13.363688,7.742000000
13.367561,7.743000000
13.380678,7.744000000
13.390874,7.745000000
13.401556,7.746000000
13.414008,7.747000000
13.435740,7.748000000
13.445054,7.749000000
13.456557,7.750000000
13.468358,7.751000000
13.488083,7.752000000
13.508788,7.753000000
13.526492,7.754000000
13.526542,7.755000000
13.553970,7.756000000
13.564864,7.757000000
13.575976,7.758000000
13.593319,7.759000000
13.593371,7.760000000
13.621394,7.761000000
13.635249,7.762000000
13.652260,7.763000000
13.652389,7.764000000
13.676026,7.765000000
13.683933,7.766000000
13.701479,7.767000000
13.710076,7.768000000
13.721727,7.769000000
13.731512,7.770000000
13.746031,7.771000000
13.748292,7.772000000
13.767797,7.773000000
13.777382,7.774000000
13.781607,7.775000000
13.787538,7.776000000
13.832504,7.777000000
13.843809,7.778000000
13.849418,7.779000000
13.851361,7.780000000
13.853407,7.781000000
13.855515,7.782000000
13.857726,7.783000000
13.859737,7.784000000
13.862620,7.785000000
13.867351,7.786000000
13.869284,7.787000000
13.871239,7.788000000
13.873168,7.789000000
13.877823,7.790000000
13.879896,7.791000000
13.888683,7.792000000
13.912101,7.793000000
13.921446,7.794000000
13.927383,7.795000000
13.934268,7.796000000
13.947409,7.797000000
13.958656,7.798000000
13.967500,7.799000000
13.981436,7.800000000
13.991776,7.801000000
13.997496,7.802000000
14.007890,7.803000000
14.012204,7.804000000
14.021161,7.805000000
14.031167,7.806000000
14.034913,7.807000000
14.045063,7.808000000
14.061108,7.809000000
14.063264,7.810000000
14.082131,7.811000000
14.101125,7.812000000
14.109554,7.813000000
14.122286,7.814000000
14.138166,7.815000000
14.142813,7.816000000
14.146621,7.817000000
14.151688,7.818000000
14.166429,7.819000000
14.183408,7.820000000
14.190469,7.821000000
14.197704,7.822000000
14.199801,7.823000000
14.202722,7.824000000
14.204857,7.825000000
14.222425,7.826000000
14.227091,7.827000000
14.259590,7.828000000
14.266837,7.829000000
14.276305,7.830000000
14.286229,7.831000000
14.294416,7.832000000
14.300548,7.833000000
14.312567,7.834000000
14.319047,7.835000000
14.326250,7.836000000
14.336421,7.837000000
14.339193,7.838000000
14.349448,7.839000000
14.355520,7.840000000
14.363645,7.841000000
14.373178,7.842000000
14.379315,7.843000000
14.383501,7.844000000
14.392935,7.845000000
14.399618,7.846000000
14.403014,7.847000000
14.434739,7.848000000
14.439226,7.849000000
14.442111,7.850000000
14.463933,7.851000000
14.465637,7.852000000
14.467922,7.853000000
14.488521,7.854000000
14.500248,7.855000000
14.502435,7.856000000
14.509518,7.857000000
14.535581,7.858000000
14.542271,7.859000000
14.558622,7.860000000
14.566914,7.861000000
14.569116,7.862000000
14.571317,7.863000000
14.616864,7.864000000
14.626553,7.865000000
14.673718,7.866000000
14.700439,7.867000000
14.724192,7.868000000
14.747195,7.869000000
14.755519,7.870000000
14.790995,7.871000000
14.803237,7.872000000
14.818102,7.873000000
14.850151,7.874000000
14.866319,7.875000000
14.876194,7.876000000
14.890649,7.877000000
14.898897,7.878000000
14.910813,7.879000000
14.915862,7.880000000
14.961822,7.881000000
14.970691,7.882000000
14.989663,7.883000000
15.002988,7.884000000
15.021242,7.885000000
15.063041,7.886000000
15.085537,7.887000000
15.111069,7.888000000
15.126412,7.889000000
15.144220,7.890000000
15.166691,7.891000000
15.166794,7.892000000
15.207660,7.893000000
15.216582,7.894000000
15.240721,7.895000000
15.250064,7.896000000
15.250440,7.898000000
15.250805,7.899000000
15.255593,7.900000000
15.258106,7.901000000
15.260340,7.902000000
15.262755,7.903000000
15.264804,7.904000000
15.267017,7.905000000
15.269753,7.906000000
15.273239,7.907000000
15.279234,7.908000000
15.282559,7.909000000
15.283788,7.910000000
15.285814,7.911000000
15.288017,7.912000000
15.290289,7.913000000
15.292433,7.914000000
15.303198,7.915000000
15.325831,7.916000000
15.345160,7.917000000
15.351894,7.918000000
15.358967,7.919000000
15.388657,7.920000000
15.396221,7.921000000
15.410072,7.922000000
15.424633,7.923000000
15.438912,7.924000000
15.442266,7.925000000
15.464984,7.926000000
15.478513,7.927000000
15.510054,7.928000000
15.515537,7.929000000
15.523218,7.930000000
15.534359,7.931000000
15.563543,7.932000000
15.575779,7.933000000
15.583997,7.934000000
15.599195,7.935000000
15.608148,7.936000000
15.618846,7.937000000
15.626655,7.938000000
15.639218,7.939000000
15.645090,7.940000000
15.651228,7.941000000
15.658156,7.942000000
15.666554,7.943000000
15.672596,7.944000000
15.677198,7.945000000
15.688383,7.946000000
15.691256,7.947000000
15.700166,7.948000000
15.707388,7.949000000
15.713946,7.950000000
15.718799,7.951000000
15.727600,7.952000000
15.732507,7.953000000
15.751333,7.954000000
15.761999,7.955000000
15.777491,7.956000000
15.795330,7.957000000
15.810539,7.958000000
15.829450,7.959000000
15.842937,7.960000000
15.849636,7.961000000
15.863261,7.962000000
15.868742,7.963000000
15.873422,7.964000000
15.881854,7.965000000
15.887162,7.966000000
15.891071,7.967000000
15.900471,7.968000000
15.938697,7.969000000
15.941351,7.970000000
15.960495,7.971000000
15.975216,7.972000000
15.980031,7.973000000
15.984604,7.974000000
16.042183,7.975000000
16.055752,7.976000000
16.068042,7.977000000
16.086627,7.978000000
16.097929,7.979000000
16.115153,7.980000000
16.132369,7.981000000
16.154442,7.982000000
16.164087,7.983000000
16.176009,7.984000000
16.176063,7.985000000
16.194688,7.986000000
16.222732,7.987000000
16.234390,7.988000000
16.267894,7.989000000
16.282059,7.990000000
16.302568,7.991000000
16.311058,7.992000000
16.339750,7.993000000
16.388906,7.994000000
16.403618,7.995000000
16.415115,7.996000000
16.427704,7.997000000
16.476736,7.998000000
16.494771,7.999000000
16.526810,8.000000000
16.546446,8.001000000
16.565900,8.002000000
16.584873,8.003000000
16.596073,8.004000000
16.611673,8.005000000
16.632389,8.006000000
16.638572,8.007000000
16.650631,8.008000000
16.667810,8.009000000
16.678681,8.010000000
16.693019,8.011000000
16.693077,8.012000000
16.717340,8.013000000
16.719474,8.014000000
16.734673,8.015000000
16.745222,8.016000000
16.756330,8.017000000
16.769814,8.018000000
16.778404,8.019000000
16.788358,8.020000000
16.797345,8.021000000
16.809077,8.022000000
16.820251,8.023000000
16.822812,8.024000000
16.843999,8.025000000
16.847113,8.026000000
16.861994,8.027000000
16.870937,8.028000000
16.882167,8.029000000
16.893589,8.030000000
16.911058,8.031000000
16.913311,8.032000000
16.923620,8.033000000
16.940550,8.034000000
16.956862,8.035000000
16.956917,8.036000000
16.993831,8.037000000
16.999319,8.038000000
17.008217,8.039000000
17.021824,8.040000000
17.021879,8.041000000
17.036890,8.042000000
17.049879,8.043000000
17.049938,8.044000000
17.090357,8.045000000
17.102770,8.046000000
17.104834,8.047000000
17.107125,8.048000000
17.109182,8.049000000
17.122085,8.050000000
17.122132,8.052000000
17.125258,8.053000000
17.125301,8.054000000
17.136167,8.055000000
17.136210,8.056000000
17.138975,8.057000000
17.148311,8.058000000
17.148381,8.060000000
17.154973,8.061000000
17.157022,8.062000000
17.170044,8.063000000
17.170091,8.066000000
17.175628,8.067000000
17.179433,8.068000000
17.182703,8.069000000
17.189741,8.070000000
17.193070,8.071000000
17.196369,8.072000000
17.203944,8.073000000
17.208501,8.074000000
17.213466,8.075000000
17.216627,8.076000000
17.223146,8.077000000
17.228681,8.078000000
17.229473,8.079000000
17.233793,8.080000000
17.249102,8.081000000
17.249169,8.082000000
17.264821,8.083000000
17.268108,8.084000000
17.307670,8.085000000
17.312703,8.086000000
17.338345,8.087000000
17.338396,8.088000000
17.365551,8.089000000
17.388356,8.090000000
17.403125,8.091000000
17.409004,8.092000000
17.427063,8.093000000
17.427112,8.095000000
17.471020,8.096000000
17.488788,8.097000000
17.497808,8.098000000
17.535503,8.099000000
17.550577,8.100000000
17.559737,8.101000000
17.574303,8.102000000
17.583422,8.103000000
17.599849,8.104000000
17.609296,8.105000000
17.631835,8.106000000
17.652952,8.107000000
17.660173,8.108000000
17.660236,8.109000000
17.675481,8.110000000
17.686257,8.111000000
17.702898,8.112000000
17.725039,8.113000000
17.725087,8.115000000
17.726751,8.116000000
17.728862,8.117000000
17.772091,8.118000000
17.787104,8.119000000
17.789562,8.120000000
17.829146,8.121000000
17.829227,8.122000000
17.829263,8.125000000
17.861682,8.126000000
17.867526,8.127000000
17.875475,8.128000000
17.875522,8.129000000
17.885240,8.130000000
17.894636,8.131000000
17.905879,8.132000000
17.909698,8.133000000
17.916731,8.134000000
17.923887,8.135000000
17.939971,8.136000000
17.952474,8.137000000
17.973254,8.138000000
17.987611,8.139000000
17.996078,8.140000000
18.007416,8.141000000
18.023580,8.142000000
18.042420,8.143000000
18.050580,8.144000000
18.078195,8.145000000
18.086820,8.146000000
18.132314,8.147000000
18.135765,8.148000000
18.144426,8.149000000
18.169837,8.150000000
18.179826,8.151000000
18.186023,8.152000000
18.194464,8.153000000
18.221771,8.154000000
18.228214,8.155000000
18.238839,8.156000000
18.244793,8.157000000
18.251789,8.158000000
18.272215,8.159000000
18.281862,8.160000000
18.298131,8.161000000
18.309558,8.162000000
18.319971,8.163000000
18.331304,8.164000000
18.331348,8.165000000
18.354275,8.166000000
18.362875,8.167000000
18.376043,8.168000000
18.385800,8.169000000
18.400868,8.170000000
18.400924,8.171000000
18.407000,8.172000000
18.418995,8.173000000
18.428078,8.174000000
18.468241,8.175000000
18.470824,8.176000000
18.480739,8.177000000
18.499405,8.178000000
18.506066,8.179000000
18.508132,8.180000000
18.518921,8.181000000
18.526368,8.182000000
18.529065,8.183000000
18.548150,8.184000000
18.552014,8.185000000
18.557997,8.186000000
18.574703,8.187000000
18.578655,8.188000000
18.586670,8.189000000
18.610878,8.190000000
18.620468,8.191000000
18.632535,8.192000000
18.638798,8.193000000
18.649426,8.194000000
18.654294,8.195000000
18.660647,8.196000000
18.686909,8.197000000
18.692868,8.198000000
18.705427,8.199000000
18.717433,8.200000000
18.728658,8.201000000
18.732565,8.202000000
18.747420,8.203000000
18.750790,8.204000000
18.783556,8.205000000
18.792074,8.206000000
18.819214,8.207000000
18.827230,8.208000000
18.835183,8.209000000
18.849015,8.210000000
18.858840,8.211000000
18.865773,8.212000000
18.871143,8.213000000
18.902179,8.214000000
18.905255,8.215000000
18.921019,8.216000000
18.925178,8.217000000
18.928937,8.218000000
18.960186,8.219000000
18.971106,8.220000000
18.976607,8.221000000
18.988198,8.222000000
18.997355,8.223000000
19.013910,8.224000000
19.019029,8.225000000
19.025906,8.226000000
19.028180,8.227000000
19.043068,8.228000000
19.051839,8.229000000
19.061466,8.230000000
19.069412,8.231000000
19.079915,8.232000000
19.085721,8.233000000
19.103870,8.234000000
19.118413,8.235000000
19.140007,8.236000000
19.151470,8.237000000
19.155987,8.238000000
19.182157,8.239000000
19.189336,8.240000000
19.197773,8.241000000
19.237274,8.242000000
19.247637,8.243000000
19.253809,8.244000000
19.256165,8.245000000
19.285427,8.246000000
19.297614,8.247000000
19.307999,8.248000000
19.314136,8.249000000
19.323185,8.250000000
19.329295,8.251000000
19.335895,8.252000000
19.341527,8.253000000
19.349581,8.254000000
19.356164,8.255000000
19.365007,8.256000000
19.376638,8.257000000
19.384791,8.258000000
19.392669,8.259000000
19.404605,8.260000000
19.410637,8.261000000
19.418787,8.262000000
19.428590,8.263000000
19.436721,8.264000000
19.446582,8.265000000
19.457716,8.266000000
19.485709,8.267000000
19.493096,8.268000000
19.529684,8.269000000
19.536581,8.270000000
19.539149,8.271000000
19.545224,8.272000000
19.550468,8.273000000
19.557223,8.274000000
19.566329,8.275000000
19.594818,8.276000000
19.598070,8.277000000
19.624942,8.278000000
19.632325,8.279000000
19.635159,8.280000000
19.641368,8.281000000
19.649288,8.282000000
19.653503,8.283000000
19.682671,8.284000000
19.686081,8.285000000
19.694296,8.286000000
19.720795,8.287000000
19.726742,8.288000000
19.732760,8.289000000
19.738810,8.290000000
19.745744,8.291000000
19.753102,8.292000000
19.761640,8.293000000
19.765663,8.294000000
19.768091,8.295000000
19.775612,8.296000000
19.777727,8.297000000
19.780074,8.298000000
19.782160,8.299000000
19.784194,8.300000000
19.786498,8.301000000
19.788515,8.302000000
19.790570,8.303000000
19.792628,8.304000000
19.800501,8.305000000
19.806056,8.306000000
19.812207,8.307000000
19.814785,8.308000000
19.819116,8.309000000
19.822789,8.310000000
19.826218,8.311000000
19.832508,8.312000000
19.834568,8.313000000
19.839488,8.314000000
19.841805,8.315000000
19.843814,8.316000000
19.845848,8.317000000
19.869560,8.318000000
19.873840,8.319000000
19.881315,8.320000000
19.883676,8.321000000
19.906255,8.322000000
19.909936,8.323000000
19.912837,8.324000000
19.939637,8.325000000
19.944129,8.326000000
19.947628,8.327000000
19.958010,8.328000000
19.977963,8.329000000
19.985678,8.330000000
20.001591,8.331000000
20.007328,8.332000000
20.023651,8.333000000
20.024200,8.334000000
20.031260,8.335000000
20.041873,8.336000000
20.051084,8.337000000
20.061171,8.338000000
20.069873,8.339000000
20.084432,8.340000000
20.093708,8.341000000
20.100925,8.342000000
20.108986,8.343000000
20.117474,8.344000000
20.128360,8.345000000
20.128841,8.346000000
20.140671,8.347000000
20.144267,8.348000000
20.154413,8.349000000
20.163076,8.350000000
20.171145,8.351000000
20.179718,8.352000000
20.191582,8.353000000
20.201810,8.354000000
20.205996,8.355000000
20.217928,8.356000000
20.225714,8.357000000
20.235754,8.358000000
20.243905,8.359000000
20.254581,8.360000000
20.267122,8.361000000
20.277403,8.362000000
20.284230,8.363000000
20.305336,8.364000000
20.322761,8.365000000
20.322878,8.366000000
20.331296,8.367000000
20.341126,8.368000000
20.361716,8.369000000
20.361783,8.370000000
20.378055,8.371000000
20.387956,8.372000000
20.399827,8.373000000
20.407526,8.374000000
20.419910,8.375000000
20.432117,8.376000000
20.437837,8.377000000
20.444864,8.378000000
20.451428,8.379000000
20.457164,8.380000000
20.463450,8.381000000
20.470457,8.382000000
20.476513,8.383000000
20.483926,8.384000000
20.488508,8.385000000
20.494697,8.386000000
20.499236,8.387000000
20.501791,8.388000000
20.512892,8.389000000
20.520955,8.390000000
20.533725,8.391000000
20.539888,8.392000000
20.548043,8.393000000
20.556225,8.394000000
20.560695,8.395000000
20.565250,8.396000000
20.568595,8.397000000
20.592057,8.398000000
20.594404,8.399000000
20.600417,8.400000000
20.604369,8.401000000
20.614975,8.402000000
20.617273,8.403000000
20.619972,8.404000000
20.627616,8.405000000
20.632382,8.406000000
20.634536,8.407000000
20.636707,8.408000000
20.642824,8.409000000
20.668586,8.410000000
20.678996,8.411000000
20.687289,8.412000000
20.702329,8.413000000
20.711126,8.414000000
20.728960,8.415000000
20.729448,8.416000000
20.740172,8.417000000
20.749253,8.418000000
20.757763,8.419000000
20.767342,8.420000000
20.776694,8.421000000
20.791215,8.422000000
20.800790,8.423000000
20.811807,8.424000000
20.843105,8.425000000
20.861298,8.426000000
20.872744,8.427000000
20.883259,8.428000000
20.883327,8.429000000
20.884850,8.430000000
20.898352,8.431000000
20.921165,8.432000000
20.929045,8.433000000
20.958309,8.434000000
20.968287,8.435000000
20.971469,8.436000000
20.982366,8.437000000
20.982946,8.438000000
20.990588,8.439000000
21.001283,8.440000000
21.022387,8.441000000
21.033108,8.442000000
21.059119,8.443000000
21.073133,8.444000000
21.073203,8.445000000
21.080526,8.446000000
21.090809,8.447000000
21.093216,8.448000000
21.100859,8.449000000
21.110379,8.450000000
21.118479,8.451000000
21.129263,8.452000000
21.143961,8.453000000
21.154366,8.454000000
21.163613,8.455000000
21.182687,8.456000000
21.192758,8.457000000
21.202421,8.458000000
21.212269,8.459000000
21.224305,8.460000000
21.251501,8.461000000
21.279770,8.462000000
21.289705,8.463000000
21.289773,8.464000000
21.298929,8.465000000
21.307098,8.466000000
21.307631,8.467000000
21.339454,8.468000000
21.355568,8.469000000
21.369242,8.470000000
21.383298,8.471000000
21.385978,8.472000000
21.403391,8.473000000
21.409027,8.474000000
21.433750,8.475000000
21.444780,8.476000000
21.445691,8.477000000
21.454848,8.478000000
21.465368,8.479000000
21.488825,8.480000000
21.508240,8.481000000
21.525255,8.482000000
21.531147,8.483000000
21.546026,8.484000000
21.555352,8.485000000
21.558969,8.486000000
21.574744,8.487000000
21.578294,8.488000000
21.593192,8.489000000
21.593238,8.490000000
21.611221,8.491000000
21.617668,8.492000000
21.619018,8.493000000
21.625278,8.494000000
21.632240,8.495000000
21.633784,8.496000000
21.637512,8.497000000
21.643343,8.498000000
21.645401,8.499000000
21.650161,8.500000000
21.650199,8.501000000
21.664389,8.502000000
21.666084,8.503000000
21.667827,8.504000000
21.671525,8.505000000
21.683765,8.506000000
21.683810,8.508000000
21.689047,8.509000000
21.689086,8.510000000
21.696121,8.511000000
21.696167,8.512000000
21.701503,8.513000000
21.701545,8.514000000
21.703439,8.515000000
21.719666,8.516000000
21.722085,8.517000000
21.727556,8.518000000
21.729793,8.519000000
21.753833,8.520000000
21.764275,8.521000000
21.785352,8.522000000
21.788974,8.523000000
21.791368,8.524000000
21.796675,8.525000000
21.798381,8.526000000
21.800379,8.527000000
21.813637,8.528000000
21.830120,8.529000000
21.832610,8.530000000
21.845137,8.531000000
21.854322,8.532000000
21.859351,8.533000000
21.868866,8.534000000
21.882572,8.535000000
21.887954,8.536000000
21.896169,8.537000000
21.900034,8.538000000
21.905372,8.539000000
21.913356,8.540000000
21.920873,8.541000000
21.926420,8.542000000
21.933866,8.543000000
21.944982,8.544000000
21.958057,8.545000000
21.970171,8.546000000
21.977293,8.547000000
21.987522,8.548000000
22.001782,8.549000000
22.002603,8.550000000
22.017598,8.551000000
22.019635,8.552000000
22.022053,8.553000000
22.024508,8.554000000
22.031756,8.555000000
22.031855,8.556000000
22.031917,8.557000000
22.043540,8.558000000
22.043585,8.559000000
22.048133,8.560000000
22.048171,8.561000000
22.049788,8.562000000
22.085794,8.563000000
22.085852,8.564000000
22.093211,8.565000000
22.120736,8.566000000
22.128982,8.567000000
22.134032,8.568000000
22.140805,8.569000000
22.144031,8.570000000
22.146172,8.571000000
22.150824,8.572000000
22.152888,8.573000000
22.157758,8.574000000
22.160181,8.575000000
22.162287,8.576000000
22.168785,8.577000000
22.174927,8.578000000
22.178290,8.579000000
22.191153,8.580000000
22.200391,8.581000000
22.203899,8.582000000
22.219272,8.583000000
22.223980,8.584000000
22.233696,8.585000000
22.238339,8.586000000
22.242595,8.587000000
22.246740,8.588000000
22.260011,8.589000000
22.271201,8.590000000
22.277223,8.591000000
22.281079,8.592000000
22.293074,8.593000000
22.302217,8.594000000
22.311733,8.595000000
22.322913,8.596000000
22.325364,8.597000000
22.338007,8.598000000
22.349396,8.599000000
22.372860,8.600000000
22.382471,8.601000000
22.400567,8.602000000
22.406621,8.603000000
22.416238,8.604000000
22.431783,8.605000000
22.436979,8.606000000
22.439156,8.607000000
22.463836,8.608000000
22.469557,8.609000000
22.481675,8.610000000
22.489554,8.611000000
22.494272,8.612000000
22.497916,8.613000000
22.519372,8.614000000
22.525911,8.615000000
22.539437,8.616000000
22.546786,8.617000000
22.556309,8.618000000
22.563470,8.619000000
22.571768,8.620000000
22.581960,8.621000000
22.591248,8.622000000
22.603527,8.623000000
22.608699,8.624000000
22.619564,8.625000000
22.625410,8.626000000
22.640436,8.627000000
22.662919,8.628000000
22.672733,8.629000000
22.679370,8.630000000
22.686172,8.631000000
22.697103,8.632000000
22.697152,8.633000000
22.709249,8.634000000
22.709300,8.635000000
22.739592,8.636000000
22.747003,8.637000000
22.766534,8.638000000
22.773808,8.639000000
22.783772,8.640000000
22.795580,8.641000000
22.806545,8.642000000
22.826288,8.643000000
22.826337,8.644000000
22.849051,8.645000000
22.849099,8.646000000
22.872663,8.647000000
22.886029,8.648000000
22.899233,8.649000000
22.914517,8.650000000
22.931213,8.651000000
22.943610,8.652000000
22.961635,8.653000000
22.968293,8.654000000
22.982564,8.655000000
22.992126,8.656000000
23.001289,8.657000000
23.008754,8.658000000
23.023103,8.659000000
23.026865,8.660000000
23.034652,8.661000000
23.043721,8.662000000
23.044604,8.663000000
23.046658,8.664000000
23.056956,8.665000000
23.059713,8.666000000
23.062302,8.667000000
23.064424,8.668000000
23.066569,8.669000000
23.068736,8.670000000
23.071283,8.671000000
23.073425,8.672000000
23.075655,8.673000000
23.078440,8.674000000
23.080738,8.675000000
23.083035,8.676000000
23.085417,8.677000000
23.092693,8.678000000
23.095227,8.679000000
23.103117,8.680000000
23.109826,8.681000000
23.110199,8.682000000
23.113504,8.683000000
23.138503,8.684000000
23.152199,8.685000000
23.156664,8.686000000
23.164867,8.687000000
23.170722,8.688000000
23.188546,8.689000000
23.193384,8.690000000
23.207259,8.691000000
23.223801,8.692000000
23.235235,8.693000000
23.249559,8.694000000
23.249605,8.695000000
23.271426,8.696000000
23.271518,8.697000000
23.312524,8.698000000
23.336280,8.699000000
23.349380,8.700000000
23.357015,8.701000000
23.361694,8.702000000
23.364705,8.703000000
23.366839,8.704000000
23.376439,8.705000000
23.382405,8.706000000
23.384195,8.707000000
23.408235,8.708000000
23.413662,8.709000000
23.424901,8.710000000
23.429505,8.711000000
23.441551,8.712000000
23.451241,8.713000000
23.468743,8.714000000
23.478486,8.715000000
23.482877,8.716000000
23.488807,8.717000000
23.492465,8.718000000
23.496786,8.719000000
23.500419,8.720000000
23.504093,8.721000000
23.517293,8.722000000
23.521500,8.723000000
23.524727,8.724000000
23.536850,8.725000000
23.549025,8.726000000
23.552007,8.727000000
23.557485,8.728000000
23.559661,8.729000000
23.565485,8.730000000
23.576938,8.731000000
23.581298,8.732000000
23.589364,8.733000000
23.598920,8.734000000
23.617461,8.735000000
23.633551,8.736000000
23.651235,8.737000000
23.653305,8.738000000
23.655559,8.739000000
23.674029,8.740000000
23.689455,8.741000000
23.703718,8.742000000
23.706096,8.743000000
23.721169,8.744000000
23.725865,8.745000000
23.727957,8.746000000
23.730936,8.747000000
23.733145,8.748000000
23.752447,8.749000000
23.754539,8.750000000
23.767395,8.751000000
23.782273,8.752000000
23.785449,8.753000000
23.793589,8.754000000
23.803118,8.755000000
23.807253,8.756000000
23.810883,8.757000000
23.816075,8.758000000
23.821089,8.759000000
23.824979,8.760000000
23.828969,8.761000000
23.833161,8.762000000
23.838997,8.763000000
23.843221,8.764000000
23.849406,8.765000000
23.860926,8.766000000
23.886768,8.767000000
23.905104,8.768000000
23.924626,8.769000000
23.931496,8.770000000
23.947207,8.771000000
23.947261,8.773000000
23.947290,8.776000000
23.949702,8.777000000
23.958591,8.778000000
23.958632,8.779000000
23.959219,8.780000000
23.963519,8.781000000
23.986754,8.782000000
23.993842,8.783000000
23.999503,8.784000000
24.013328,8.785000000
24.020096,8.786000000
24.027594,8.787000000
24.033518,8.788000000
24.057973,8.789000000
24.062934,8.790000000
24.077147,8.791000000
24.082057,8.792000000
24.094387,8.793000000
24.126084,8.794000000
24.147635,8.795000000
24.147681,8.796000000
24.163316,8.797000000
24.172985,8.798000000
24.184273,8.799000000
24.199030,8.800000000
24.204185,8.801000000
24.223060,8.802000000
24.228908,8.803000000
24.242412,8.804000000
24.243938,8.805000000
24.246186,8.806000000
24.249732,8.807000000
24.251940,8.808000000
24.254421,8.809000000
24.256498,8.810000000
24.262947,8.811000000
24.264981,8.812000000
24.267324,8.813000000
24.278887,8.814000000
24.281876,8.815000000
24.284578,8.816000000
24.287831,8.817000000
24.292659,8.818000000
24.294763,8.819000000
24.299592,8.820000000
24.301862,8.821000000
24.305720,8.822000000
24.307920,8.823000000
24.310592,8.824000000
24.315756,8.825000000
24.321043,8.826000000
24.323626,8.827000000
24.326561,8.828000000
24.330433,8.829000000
24.346266,8.830000000
24.360127,8.831000000
24.366817,8.832000000
24.371345,8.833000000
24.379370,8.834000000
24.379417,8.835000000
24.383692,8.836000000
24.386957,8.837000000
24.389576,8.838000000
24.392873,8.839000000
24.395233,8.840000000
24.408250,8.841000000
24.408296,8.842000000
24.411148,8.843000000
24.427973,8.844000000
24.431839,8.845000000
24.434678,8.846000000
24.438157,8.847000000
24.441005,8.848000000
24.462027,8.849000000
24.467800,8.850000000
24.477236,8.851000000
24.481644,8.852000000
24.484704,8.853000000
24.491237,8.854000000
24.499401,8.855000000
24.502473,8.856000000
24.521559,8.857000000
24.525326,8.858000000
24.532881,8.859000000
24.539310,8.860000000
24.543966,8.861000000
24.551458,8.862000000
24.561675,8.863000000
24.587560,8.864000000
24.593580,8.865000000
24.608862,8.866000000
24.619945,8.867000000
24.635671,8.868000000
24.647084,8.869000000
24.658103,8.870000000
24.664426,8.871000000
24.675410,8.872000000
24.688472,8.873000000
24.696152,8.874000000
24.706578,8.875000000
24.714329,8.876000000
24.721462,8.877000000
24.734726,8.878000000
24.739258,8.879000000
24.746733,8.880000000
24.749774,8.881000000
24.756117,8.882000000
24.762217,8.883000000
24.780699,8.884000000
24.783925,8.885000000
24.786703,8.886000000
24.789039,8.887000000
24.801854,8.888000000
24.804777,8.889000000
24.808878,8.890000000
24.811253,8.891000000
24.816326,8.892000000
24.832444,8.893000000
24.845582,8.894000000
24.858264,8.895000000
24.876280,8.896000000
24.890887,8.897000000
24.895520,8.898000000
24.906282,8.899000000
24.908276,8.900000000
24.914696,8.901000000
24.914746,8.902000000
24.946602,8.903000000
24.946688,8.904000000
24.946730,8.905000000
24.948676,8.906000000
24.986189,8.907000000
25.005717,8.908000000
25.007843,8.909000000
25.025146,8.910000000
25.030291,8.911000000
25.041743,8.912000000
25.047360,8.913000000
25.054734,8.914000000
25.057824,8.915000000
25.066444,8.916000000
25.087657,8.917000000
25.112616,8.918000000
25.112977,8.919000000
25.119657,8.920000000
25.122978,8.921000000
25.141036,8.922000000
25.158573,8.923000000
25.158664,8.924000000
25.167766,8.925000000
25.183324,8.926000000
25.186290,8.927000000
25.193516,8.928000000
25.208540,8.929000000
25.215734,8.930000000
25.220856,8.931000000
25.229229,8.932000000
25.256123,8.933000000
25.259312,8.934000000
25.267583,8.935000000
25.286332,8.936000000
25.290447,8.937000000
25.298186,8.938000000
25.331848,8.939000000
25.339943,8.940000000
25.352229,8.941000000
25.356557,8.942000000
25.369872,8.943000000
25.380250,8.944000000
25.391047,8.945000000
25.401432,8.946000000
25.413508,8.947000000
25.420906,8.948000000
25.429241,8.949000000
25.436918,8.950000000
25.442947,8.951000000
25.447406,8.952000000
25.461184,8.953000000
25.473776,8.954000000
25.495066,8.955000000
25.502459,8.956000000
25.510982,8.957000000
25.528640,8.958000000
25.534440,8.959000000
25.539182,8.960000000
25.561534,8.961000000
25.564186,8.962000000
25.569044,8.963000000
25.578521,8.964000000
25.592188,8.965000000
25.596966,8.966000000
25.599325,8.967000000
25.601823,8.968000000
25.604091,8.969000000
25.606502,8.970000000
25.628610,8.971000000
25.635000,8.972000000
25.640719,8.973000000
25.648816,8.974000000
25.653625,8.975000000
25.660027,8.976000000
25.666806,8.977000000
25.673108,8.978000000
25.684934,8.979000000
25.698526,8.980000000
25.709934,8.981000000
25.721290,8.982000000
25.731966,8.983000000
25.744974,8.984000000
25.747496,8.985000000
25.754607,8.986000000
25.757155,8.987000000
25.761786,8.988000000
25.766884,8.989000000
25.769171,8.990000000
25.784747,8.991000000
25.788165,8.992000000
25.794500,8.993000000
25.799006,8.994000000
25.802734,8.995000000
25.805140,8.996000000
25.813399,8.997000000
25.837109,8.998000000
25.848935,8.999000000
25.851064,9.000000000
25.851370,9.001000000
25.855898,9.002000000
25.856303,9.003000000
25.861057,9.004000000
25.863329,9.005000000
25.872286,9.006000000
25.872346,9.007000000
25.872388,9.008000000
25.873301,9.009000000
25.882393,9.010000000
25.882454,9.011000000
25.882494,9.012000000
25.882534,9.013000000
25.883866,9.014000000
25.888437,9.015000000
25.891841,9.016000000
25.897933,9.017000000
25.898138,9.018000000
25.898510,9.019000000
25.900817,9.020000000
25.917239,9.021000000
25.927380,9.022000000
25.929155,9.023000000
25.944733,9.024000000
25.955570,9.025000000
25.974698,9.026000000
25.994380,9.027000000
26.000038,9.028000000
26.010197,9.029000000
26.018504,9.030000000
26.024101,9.031000000
26.035812,9.032000000
26.038341,9.033000000
26.040807,9.034000000
26.044201,9.035000000
26.046692,9.036000000
26.049071,9.037000000
26.051483,9.038000000
26.053891,9.039000000
26.057064,9.040000000
26.059570,9.041000000
26.061921,9.042000000
26.064107,9.043000000
26.066291,9.044000000
26.068871,9.045000000
26.071094,9.046000000
26.080509,9.047000000
26.084461,9.048000000
26.089176,9.049000000
26.102548,9.050000000
26.109230,9.051000000
26.113657,9.052000000
26.127871,9.053000000
26.134529,9.054000000
26.138202,9.055000000
26.154040,9.056000000
26.162205,9.057000000
26.168520,9.058000000
26.174847,9.059000000
26.198735,9.060000000
26.200479,9.061000000
26.217135,9.062000000
26.226239,9.063000000
26.237678,9.064000000
26.248157,9.065000000
26.269031,9.066000000
26.269087,9.067000000
26.288591,9.068000000
26.315823,9.069000000
26.350873,9.070000000
26.363082,9.071000000
26.371970,9.072000000
26.380916,9.073000000
26.384051,9.074000000
26.394993,9.075000000
26.418871,9.076000000
26.428182,9.077000000
26.439255,9.078000000
26.448681,9.079000000
26.452933,9.080000000
26.462911,9.081000000
26.470855,9.082000000
26.487515,9.083000000
26.496458,9.084000000
26.511375,9.085000000
26.528057,9.086000000
26.539341,9.087000000
26.550319,9.088000000
26.552581,9.089000000
26.556222,9.090000000
26.564909,9.091000000
26.573307,9.092000000
26.580980,9.093000000
26.589466,9.094000000
26.596651,9.095000000
26.604182,9.096000000
26.614734,9.097000000
26.620868,9.098000000
26.629075,9.099000000
26.638716,9.100000000
26.646381,9.101000000
26.650516,9.102000000
26.660428,9.103000000
26.665484,9.104000000
26.679836,9.105000000
26.685075,9.106000000
26.711343,9.107000000
26.718702,9.108000000
26.723853,9.109000000
26.742508,9.110000000
26.757456,9.111000000
26.760554,9.112000000
26.782104,9.113000000
26.784681,9.114000000
26.791274,9.115000000
26.797849,9.116000000
26.800368,9.117000000
26.815146,9.118000000
26.827554,9.119000000
26.835745,9.120000000
26.841075,9.121000000
26.862149,9.122000000
26.872610,9.123000000
26.878796,9.124000000
26.886776,9.125000000
26.899915,9.126000000
26.908200,9.127000000
26.913561,9.128000000
26.922640,9.129000000
26.927329,9.130000000
26.939232,9.131000000
26.951772,9.132000000
26.962318,9.133000000
26.969089,9.134000000
26.979067,9.135000000
26.990312,9.136000000
26.993239,9.137000000
27.010057,9.138000000
27.022270,9.139000000
27.032876,9.140000000
27.042303,9.141000000
27.046888,9.142000000
27.055404,9.143000000
27.059433,9.144000000
27.061790,9.145000000
27.064413,9.146000000
27.068695,9.147000000
27.099463,9.148000000
27.104816,9.149000000
27.111406,9.150000000
27.119563,9.151000000
27.134097,9.152000000
27.152943,9.153000000
27.161314,9.154000000
27.173830,9.155000000
27.183103,9.156000000
27.191488,9.157000000
27.200433,9.158000000
27.205542,9.159000000
27.214347,9.160000000
27.221939,9.161000000
27.230021,9.162000000
27.239407,9.163000000
27.251694,9.164000000
27.260572,9.165000000
27.267791,9.166000000
27.276216,9.167000000
27.286628,9.168000000
27.290591,9.169000000
27.310519,9.170000000
27.312872,9.171000000
27.331749,9.172000000
27.349137,9.173000000
27.360460,9.174000000
27.365805,9.175000000
27.377574,9.176000000
27.385998,9.177000000
27.390365,9.178000000
27.399125,9.179000000
27.405216,9.180000000
27.421329,9.181000000
27.433850,9.182000000
27.444144,9.183000000
27.446557,9.184000000
27.463194,9.185000000
27.479364,9.186000000
27.489757,9.187000000
27.496166,9.188000000
27.506626,9.189000000
27.514953,9.190000000
27.519011,9.191000000
27.533169,9.192000000
27.536283,9.193000000
27.549317,9.194000000
27.557249,9.195000000
27.564941,9.196000000
27.575609,9.197000000
27.586023,9.198000000
27.596197,9.199000000
27.605166,9.200000000
27.610963,9.201000000
27.620588,9.202000000
27.628035,9.203000000
27.647701,9.204000000
27.650300,9.205000000
27.656240,9.206000000
27.665285,9.207000000
27.688022,9.208000000
27.690369,9.209000000
27.710876,9.210000000
27.723377,9.211000000
27.729091,9.212000000
27.736407,9.213000000
27.741466,9.214000000
27.757871,9.215000000
27.770607,9.216000000
27.779844,9.217000000
27.782404,9.218000000
27.797709,9.219000000
27.815503,9.220000000
27.823414,9.221000000
27.826546,9.222000000
27.831016,9.223000000
27.835589,9.224000000
27.846117,9.225000000
27.857213,9.226000000
27.859609,9.227000000
27.870744,9.228000000
27.876278,9.229000000
27.884551,9.230000000
27.895146,9.231000000
27.899691,9.232000000
27.906444,9.233000000
27.911487,9.234000000
27.929391,9.235000000
27.934314,9.236000000
27.943289,9.237000000
27.946164,9.238000000
27.973220,9.239000000
27.987007,9.240000000
27.994097,9.241000000
27.998087,9.242000000
28.007128,9.243000000
28.009468,9.244000000
28.011848,9.245000000
28.014305,9.246000000
28.022109,9.247000000
28.036870,9.248000000
28.055184,9.249000000
28.059166,9.250000000
28.077489,9.251000000
28.090099,9.252000000
28.098351,9.253000000
28.100672,9.254000000
28.116700,9.255000000
28.125584,9.256000000
28.139645,9.257000000
28.144927,9.258000000
28.155376,9.259000000
28.162700,9.260000000
28.170296,9.261000000
28.178087,9.262000000
28.183319,9.263000000
28.191117,9.264000000
28.206135,9.265000000
28.210903,9.266000000
28.219774,9.267000000
28.226129,9.268000000
28.235579,9.269000000
28.244487,9.270000000
28.252861,9.271000000
28.259650,9.272000000
28.268224,9.273000000
28.276490,9.274000000
28.290194,9.275000000
28.298573,9.276000000
28.314636,9.277000000
28.318937,9.278000000
28.322314,9.279000000
28.331346,9.280000000
28.339697,9.281000000
28.346704,9.282000000
28.348987,9.283000000
28.351470,9.284000000
28.353816,9.285000000
28.358699,9.286000000
28.361111,9.287000000
28.363445,9.288000000
28.365813,9.289000000
28.369750,9.290000000
28.388579,9.291000000
28.403612,9.292000000
28.406996,9.293000000
28.409216,9.294000000
28.411716,9.295000000
28.414459,9.296000000
28.418702,9.297000000
28.423208,9.298000000
28.428430,9.299000000
28.432226,9.300000000
28.440348,9.301000000
28.445788,9.302000000
28.453910,9.303000000
28.460424,9.304000000
28.464653,9.305000000
28.499932,9.306000000
28.513480,9.307000000
28.516302,9.308000000
28.520300,9.309000000
28.524688,9.310000000
28.528085,9.311000000
28.534076,9.312000000
28.542241,9.313000000
28.546145,9.314000000
28.548826,9.315000000
28.552349,9.316000000
28.555282,9.317000000
28.562805,9.318000000
28.565479,9.319000000
28.568421,9.320000000
28.573987,9.321000000
28.578007,9.322000000
28.583054,9.323000000
28.586885,9.324000000
28.591794,9.325000000
28.594147,9.326000000
28.596744,9.327000000
28.599303,9.328000000
28.605323,9.329000000
28.607707,9.330000000
28.611284,9.331000000
28.626117,9.332000000
28.634633,9.333000000
28.645876,9.334000000
28.652226,9.335000000
28.656961,9.336000000
28.667823,9.337000000
28.673578,9.338000000
28.688832,9.339000000
28.699214,9.340000000
28.704637,9.341000000
28.718633,9.342000000
28.730104,9.343000000
28.732538,9.344000000
28.740677,9.345000000
28.743823,9.346000000
28.746320,9.347000000
28.748580,9.348000000
28.750837,9.349000000
28.753202,9.350000000
28.755483,9.351000000
28.757811,9.352000000
28.771365,9.353000000
28.774261,9.354000000
28.784889,9.355000000
28.799551,9.356000000
28.802020,9.357000000
28.804245,9.358000000
28.817822,9.359000000
28.822572,9.360000000
28.824828,9.361000000
28.838989,9.362000000
28.855533,9.363000000
28.871945,9.364000000
28.876480,9.365000000
28.880075,9.366000000
28.887705,9.367000000
28.894287,9.368000000
28.902711,9.369000000
28.911478,9.370000000
28.917056,9.371000000
28.925833,9.372000000
28.932213,9.373000000
28.941038,9.374000000
28.949357,9.375000000
28.955560,9.376000000
28.962624,9.377000000
28.974288,9.378000000
28.981542,9.379000000
28.985094,9.380000000
28.994673,9.381000000
29.000841,9.382000000
29.017686,9.383000000
29.022211,9.384000000
29.025095,9.385000000
29.027347,9.386000000
29.035976,9.387000000
29.051368,9.388000000
29.061554,9.389000000
29.070183,9.390000000
29.072659,9.391000000
29.078421,9.392000000
29.080780,9.393000000
29.082987,9.394000000
29.104493,9.395000000
29.111547,9.396000000
29.125709,9.397000000
29.130184,9.398000000
29.136235,9.399000000
29.138841,9.400000000
29.160169,9.401000000
29.178777,9.402000000
29.185966,9.403000000
29.190017,9.404000000
29.192781,9.405000000
29.200131,9.406000000
29.203610,9.407000000
29.211301,9.408000000
29.217724,9.409000000
29.221360,9.410000000
29.224255,9.411000000
29.226536,9.412000000
29.228790,9.413000000
29.231246,9.414000000
29.233786,9.415000000
29.238329,9.416000000
29.241403,9.417000000
29.244439,9.418000000
29.251901,9.419000000
29.254936,9.420000000
29.258383,9.421000000
29.264241,9.422000000
29.267186,9.423000000
29.273073,9.424000000
29.277173,9.425000000
29.281215,9.426000000
29.283437,9.427000000
29.287406,9.428000000
29.290121,9.429000000
29.297500,9.430000000
29.300110,9.431000000
29.303245,9.432000000
29.305727,9.433000000
29.319172,9.434000000
29.326586,9.435000000
29.340001,9.436000000
29.359148,9.437000000
29.377252,9.438000000
29.402901,9.439000000
29.405720,9.440000000
29.412640,9.441000000
29.415139,9.442000000
29.425026,9.443000000
29.438617,9.444000000
29.441350,9.445000000
29.450656,9.446000000
29.453691,9.447000000
29.457279,9.448000000
29.462133,9.449000000
29.466629,9.450000000
29.472563,9.451000000
29.500025,9.452000000
29.504362,9.453000000
29.517460,9.454000000
29.520027,9.455000000
29.525139,9.456000000
29.527693,9.457000000
29.535357,9.458000000
29.539517,9.459000000
29.543686,9.460000000
29.549573,9.461000000
29.571052,9.462000000
29.590429,9.463000000
29.596459,9.464000000
29.611707,9.465000000
29.619663,9.466000000
29.632243,9.467000000
29.638787,9.468000000
29.646080,9.469000000
29.652639,9.470000000
29.658906,9.471000000
29.671890,9.472000000
29.679521,9.473000000
29.686027,9.474000000
29.692591,9.475000000
29.700462,9.476000000
29.705868,9.477000000
29.714011,9.478000000
29.727710,9.479000000
29.733012,9.480000000
29.741748,9.481000000
29.767197,9.482000000
29.770819,9.483000000
29.778727,9.484000000
29.798523,9.485000000
29.811151,9.486000000
29.827832,9.487000000
29.831165,9.488000000
29.838772,9.489000000
29.845148,9.490000000
29.848504,9.491000000
29.874260,9.492000000
29.881379,9.493000000
29.898239,9.494000000
29.902805,9.495000000
29.911712,9.496000000
29.917312,9.497000000
29.936669,9.498000000
29.941218,9.499000000
29.946334,9.500000000
29.957252,9.501000000
29.957304,9.502000000
29.970082,9.503000000
29.976947,9.504000000
29.977133,9.505000000
29.997034,9.506000000
30.002422,9.507000000
30.006808,9.508000000
30.010167,9.509000000
30.020804,9.510000000
30.025947,9.511000000
30.031330,9.512000000
30.035130,9.513000000
30.043208,9.514000000
30.055392,9.515000000
30.068980,9.516000000
30.072349,9.517000000
30.074929,9.518000000
30.077159,9.519000000
30.079741,9.520000000
30.090516,9.521000000
30.093199,9.522000000
30.095661,9.523000000
30.101425,9.524000000
30.104261,9.525000000
30.108694,9.526000000
30.110910,9.527000000
30.137185,9.528000000
30.141139,9.529000000
30.150814,9.530000000
30.175711,9.531000000
30.180328,9.532000000
30.187723,9.533000000
30.202081,9.534000000
30.211024,9.535000000
30.217271,9.536000000
30.240779,9.537000000
30.245910,9.538000000
30.254351,9.539000000
30.267040,9.540000000
30.276252,9.541000000
30.281355,9.542000000
30.308293,9.543000000
30.314685,9.544000000
30.320061,9.545000000
30.330667,9.546000000
30.339690,9.547000000
30.346032,9.548000000
30.355275,9.549000000
30.364715,9.550000000
30.372133,9.551000000
30.379894,9.552000000
30.395675,9.553000000
30.403041,9.554000000
30.409499,9.555000000
30.416354,9.556000000
30.433822,9.557000000
30.439398,9.558000000
30.448746,9.559000000
30.465218,9.560000000
30.471765,9.561000000
30.484108,9.562000000
30.502187,9.563000000
30.507096,9.564000000
30.516174,9.565000000
30.532948,9.566000000
30.534703,9.567000000
30.554733,9.568000000
30.554791,9.569000000
30.580827,9.570000000
30.580887,9.571000000
30.580981,9.572000000
30.610535,9.573000000
30.610590,9.574000000
30.635083,9.575000000
30.637435,9.576000000
30.667417,9.577000000
30.670501,9.578000000
30.699568,9.579000000
30.707325,9.580000000
30.712989,9.581000000
30.715661,9.582000000
30.725858,9.583000000
30.732350,9.584000000
30.739033,9.585000000
30.746671,9.586000000
30.746732,9.587000000
30.757550,9.588000000
30.766352,9.589000000
30.781519,9.590000000
30.790023,9.591000000
30.796072,9.592000000
30.801393,9.593000000
30.820443,9.594000000
30.834472,9.595000000
30.834542,9.596000000
30.857640,9.597000000
30.857711,9.598000000
30.861600,9.599000000
30.869828,9.600000000
30.881335,9.601000000
30.885509,9.602000000
30.896764,9.603000000
30.898940,9.604000000
30.898995,9.605000000
30.916914,9.606000000
30.925088,9.607000000
30.931438,9.608000000
30.938179,9.609000000
30.944242,9.610000000
30.949770,9.611000000
30.956387,9.612000000
30.962516,9.613000000
30.970091,9.614000000
30.974799,9.615000000
30.988613,9.616000000
30.992139,9.617000000
31.014865,9.618000000
31.023806,9.619000000
31.034436,9.620000000
31.052620,9.621000000
31.059756,9.622000000
31.069377,9.623000000
31.091737,9.624000000
31.098794,9.625000000
31.106571,9.626000000
31.121182,9.627000000
31.126719,9.628000000
31.137106,9.629000000
31.144178,9.630000000
31.169711,9.631000000
31.171736,9.632000000
31.180237,9.633000000
31.180596,9.634000000
31.194015,9.635000000
31.217113,9.636000000
31.220328,9.637000000
31.226796,9.638000000
31.248487,9.639000000
31.251992,9.640000000
31.259935,9.641000000
31.262718,9.642000000
31.279973,9.643000000
31.288583,9.644000000
31.291133,9.645000000
31.296592,9.646000000
31.300880,9.647000000
31.303216,9.648000000
31.305463,9.649000000
31.308318,9.650000000
31.313003,9.651000000
31.316193,9.652000000
31.322511,9.653000000
31.324584,9.654000000
31.326824,9.655000000
31.330997,9.656000000
31.336823,9.657000000
31.341941,9.658000000
31.376533,9.659000000
31.381614,9.660000000
31.384521,9.661000000
31.397759,9.662000000
31.405713,9.663000000
31.411956,9.664000000
31.415800,9.665000000
31.422200,9.666000000
31.424528,9.667000000
31.426695,9.668000000
31.447545,9.669000000
31.450282,9.670000000
31.452425,9.671000000
31.454664,9.672000000
31.457392,9.673000000
31.460023,9.674000000
31.462333,9.675000000
31.469354,9.676000000
31.473926,9.677000000
31.478223,9.678000000
31.484005,9.679000000
31.494990,9.680000000
31.498357,9.681000000
31.504360,9.682000000
31.510180,9.683000000
31.512414,9.684000000
31.516693,9.685000000
31.522149,9.686000000
31.527354,9.687000000
31.533116,9.688000000
31.536521,9.689000000
31.545887,9.690000000
31.551676,9.691000000
31.556419,9.692000000
31.560884,9.693000000
31.566734,9.694000000
31.568975,9.695000000
31.572700,9.696000000
31.574887,9.697000000
31.577112,9.698000000
31.579475,9.699000000
31.586560,9.700000000
31.594198,9.701000000
31.600564,9.702000000
31.606750,9.703000000
31.609009,9.704000000
31.613186,9.705000000
31.618190,9.706000000
31.626237,9.707000000
31.629743,9.708000000
31.632005,9.709000000
31.643438,9.710000000
31.647289,9.711000000
31.651668,9.712000000
31.656337,9.713000000
31.662751,9.714000000
31.668349,9.715000000
31.674345,9.716000000
31.680290,9.717000000
31.682542,9.718000000
31.690993,9.719000000
31.696991,9.720000000
31.708466,9.721000000
31.710922,9.722000000
31.714134,9.723000000
31.717316,9.724000000
31.723357,9.725000000
31.725703,9.726000000
31.727971,9.727000000
31.732404,9.728000000
31.734672,9.729000000
31.737852,9.730000000
31.740530,9.731000000
31.744477,9.732000000
31.753206,9.733000000
31.756170,9.734000000
31.761786,9.735000000
31.775831,9.736000000
31.781980,9.737000000
31.786294,9.738000000
31.805777,9.739000000
31.821745,9.740000000
31.826489,9.741000000
31.839420,9.742000000
31.844261,9.743000000
31.875705,9.744000000
31.877587,9.745000000
31.884846,9.746000000
31.892099,9.747000000
31.902320,9.748000000
31.916795,9.749000000
31.970273,9.750000000
31.975198,9.751000000
31.975497,9.752000000
32.015116,9.753000000
32.015887,9.754000000
32.053212,9.755000000
32.053277,9.756000000
32.061333,9.757000000
32.081486,9.758000000
32.095603,9.759000000
32.096039,9.760000000
32.096091,9.761000000
32.132881,9.762000000
32.135836,9.763000000
32.154441,9.764000000
32.154503,9.765000000
32.154546,9.766000000
32.169266,9.767000000
32.172149,9.768000000
32.205343,9.769000000
32.215383,9.770000000
32.215752,9.771000000
32.230355,9.772000000
32.243396,9.773000000
32.243461,9.774000000
32.281595,9.775000000
32.294251,9.776000000
32.294323,9.777000000
32.322283,9.778000000
32.326031,9.779000000
32.326114,9.780000000
32.355151,9.781000000
32.388757,9.782000000
32.392675,9.783000000
32.412866,9.784000000
32.415119,9.785000000
32.427568,9.786000000
32.451156,9.787000000
32.451505,9.788000000
32.464129,9.789000000
32.464227,9.790000000
32.475551,9.791000000
32.485571,9.792000000
32.485881,9.793000000
32.527181,9.794000000
32.540653,9.795000000
32.541509,9.796000000
32.551077,9.797000000
32.551153,9.798000000
32.572814,9.799000000
32.573189,9.800000000
32.583890,9.801000000
32.585165,9.802000000
32.636100,9.803000000
32.636514,9.804000000
32.636566,9.805000000
32.652360,9.806000000
32.652422,9.807000000
32.681308,9.808000000
32.681381,9.809000000
32.705897,9.810000000
32.720731,9.811000000
32.736165,9.812000000
32.741787,9.813000000
32.754431,9.814000000
32.754607,9.815000000
32.754669,9.816000000
32.755164,9.817000000
32.764566,9.818000000
32.776371,9.819000000
32.784225,9.820000000
32.796228,9.821000000
32.817355,9.822000000
32.823100,9.823000000
32.829175,9.824000000
32.847264,9.825000000
32.851658,9.826000000
32.857360,9.827000000
32.874010,9.828000000
32.897398,9.829000000
32.899567,9.830000000
32.904612,9.831000000
32.910135,9.832000000
32.930274,9.833000000
32.934427,9.834000000
32.939323,9.835000000
32.990374,9.836000000
33.004137,9.837000000
33.016652,9.838000000
33.033057,9.839000000
33.034627,9.840000000
33.045195,9.841000000
33.054354,9.842000000
33.068058,9.843000000
33.068115,9.844000000
33.094061,9.845000000
33.097781,9.846000000
33.103764,9.847000000
33.115525,9.848000000
33.115594,9.849000000
33.123224,9.850000000
33.132068,9.851000000
33.132388,9.852000000
33.140505,9.853000000
33.147932,9.854000000
33.148284,9.855000000
33.169606,9.856000000
33.179409,9.857000000
33.179478,9.858000000
33.202913,9.859000000
33.214806,9.860000000
33.215185,9.861000000
33.217185,9.862000000
33.224699,9.863000000
33.232808,9.864000000
33.234915,9.865000000
33.254441,9.866000000
33.254487,9.867000000
33.265412,9.868000000
33.265752,9.869000000
33.276636,9.870000000
33.279294,9.871000000
33.284871,9.872000000
33.319327,9.873000000
33.324285,9.874000000
33.328555,9.875000000
33.351492,9.876000000
33.357568,9.877000000
33.373086,9.878000000
33.411196,9.879000000
33.425841,9.880000000
33.440199,9.881000000
33.453072,9.882000000
33.467496,9.883000000
33.479102,9.884000000
33.492921,9.885000000
33.498201,9.886000000
33.504850,9.887000000
33.514020,9.888000000
33.522040,9.889000000
33.528272,9.890000000
33.535863,9.891000000
33.550436,9.892000000
33.571547,9.893000000
33.576439,9.894000000
33.591495,9.895000000
33.597414,9.896000000
33.614505,9.897000000
33.626266,9.898000000
33.636239,9.899000000
33.646357,9.900000000
33.671381,9.901000000
33.680182,9.902000000
33.708499,9.903000000
33.709655,9.904000000
33.741394,9.905000000
33.753096,9.906000000
33.754983,9.907000000
33.758828,9.908000000
33.775941,9.909000000
33.791493,9.910000000
33.803514,9.911000000
33.811964,9.912000000
33.820201,9.913000000
33.831274,9.914000000
33.832870,9.915000000
33.837507,9.916000000
33.844983,9.917000000
33.847772,9.918000000
33.861126,9.919000000
33.868754,9.920000000
33.883158,9.921000000
33.895325,9.922000000
33.903250,9.923000000
33.914726,9.924000000
33.921243,9.925000000
33.925217,9.926000000
33.930398,9.927000000
33.958439,9.928000000
33.966484,9.929000000
33.978123,9.930000000
33.983702,9.931000000
33.989757,9.932000000
33.997026,9.933000000
34.026411,9.934000000
34.036238,9.935000000
34.042486,9.936000000
34.064701,9.937000000
34.069064,9.938000000
34.080169,9.939000000
34.089851,9.940000000
34.100571,9.941000000
34.114559,9.942000000
34.120310,9.943000000
34.134393,9.944000000
34.139751,9.945000000
34.156173,9.946000000
34.192892,9.947000000
34.211365,9.948000000
34.227832,9.949000000
34.256775,9.950000000
34.271029,9.951000000
34.273615,9.952000000
34.294553,9.953000000
34.296749,9.954000000
34.303686,9.955000000
34.327543,9.956000000
34.333407,9.957000000
34.336497,9.958000000
34.350403,9.959000000
34.357629,9.960000000
34.364334,9.961000000
34.397256,9.962000000
34.404408,9.963000000
34.407959,9.964000000
34.413195,9.965000000
34.419109,9.966000000
34.423384,9.967000000
34.427012,9.968000000
34.430853,9.969000000
34.455411,9.970000000
34.474154,9.971000000
34.490651,9.972000000
34.505931,9.973000000
34.531660,9.974000000
34.544317,9.975000000
34.552464,9.976000000
34.581230,9.977000000
34.584066,9.978000000
34.596627,9.979000000
34.607114,9.980000000
34.612332,9.981000000
34.618931,9.982000000
34.664699,9.983000000
34.678036,9.984000000
34.682444,9.985000000
34.693680,9.986000000
34.703860,9.987000000
34.711775,9.988000000
34.724454,9.989000000
34.733783,9.990000000
34.738998,9.991000000
34.750741,9.992000000
34.758828,9.993000000
34.768439,9.994000000
34.778033,9.995000000
34.785376,9.996000000
34.804225,9.997000000
34.815526,9.998000000
34.822051,9.999000000
34.836005,10.000000000
34.838840,10.001000000
34.846992,10.002000000
34.857058,10.003000000
34.857124,10.004000000
34.857167,10.005000000
34.869611,10.006000000
34.869675,10.007000000
34.870064,10.008000000
34.879181,10.009000000
34.879262,10.010000000
34.901277,10.011000000
34.917722,10.012000000
34.917894,10.013000000
34.917968,10.014000000
34.924790,10.015000000
34.965816,10.016000000
34.965887,10.017000000
34.965931,10.018000000
34.965970,10.019000000
34.973793,10.020000000
34.975405,10.021000000
34.999140,10.022000000
34.999207,10.023000000
35.010910,10.024000000
35.017816,10.025000000
35.025042,10.026000000
35.031192,10.027000000
35.037438,10.028000000
35.045124,10.029000000
35.053162,10.030000000
35.059339,10.031000000
35.067924,10.032000000
35.077282,10.033000000
35.084605,10.034000000
35.093628,10.035000000
35.102763,10.036000000
35.112152,10.037000000
35.120480,10.038000000
35.130823,10.039000000
35.136946,10.040000000
35.139119,10.041000000
35.141355,10.042000000
35.143470,10.043000000
35.145597,10.044000000
35.147697,10.045000000
35.149943,10.046000000
35.151998,10.047000000
35.154052,10.048000000
35.156093,10.049000000
35.160502,10.050000000
35.162856,10.051000000
35.170892,10.052000000
35.175223,10.053000000
35.179989,10.054000000
35.213288,10.055000000
35.225310,10.056000000
35.244727,10.057000000
35.268072,10.058000000
35.275178,10.059000000
35.306781,10.060000000
35.318234,10.061000000
35.329399,10.062000000
35.337367,10.063000000
35.356580,10.064000000
35.360760,10.065000000
35.386110,10.066000000
35.399109,10.067000000
35.408097,10.068000000
35.417508,10.069000000
35.439756,10.070000000
35.451121,10.071000000
35.462149,10.072000000
35.473868,10.073000000
35.490212,10.074000000
35.503122,10.075000000
35.513336,10.076000000
35.525759,10.077000000
35.545495,10.078000000
35.570247,10.079000000
35.581680,10.080000000
35.615434,10.081000000
35.637571,10.082000000
35.655999,10.083000000
35.693690,10.084000000
35.697342,10.085000000
35.701833,10.086000000
35.710771,10.087000000
35.734632,10.088000000
35.740387,10.089000000
35.757473,10.090000000
35.765444,10.091000000
35.796139,10.092000000
35.811416,10.093000000
35.823307,10.094000000
35.838844,10.095000000
35.850852,10.096000000
35.866987,10.097000000
35.874109,10.098000000
35.885309,10.099000000
35.901006,10.100000000
35.912674,10.101000000
35.918151,10.102000000
35.926135,10.103000000
35.933183,10.104000000
35.949435,10.105000000
35.956044,10.106000000
35.971128,10.107000000
35.999873,10.108000000
36.013592,10.109000000
36.021145,10.110000000
36.042162,10.111000000
36.049906,10.112000000
36.062868,10.113000000
36.070725,10.114000000
36.105603,10.115000000
36.120307,10.116000000
36.133994,10.117000000
36.144173,10.118000000
36.157536,10.119000000
36.183050,10.120000000
36.192114,10.121000000
36.199520,10.122000000
36.205639,10.123000000
36.212332,10.124000000
36.238412,10.125000000
36.241769,10.126000000
36.246182,10.127000000
36.254823,10.128000000
36.262324,10.129000000
36.268459,10.130000000
36.272414,10.131000000
36.276221,10.132000000
36.282447,10.133000000
36.284565,10.134000000
36.287387,10.135000000
36.300874,10.136000000
36.311348,10.137000000
36.318638,10.138000000
36.323210,10.139000000
36.325268,10.140000000
36.327522,10.141000000
36.333968,10.142000000
36.336109,10.143000000
36.338724,10.144000000
36.359086,10.145000000
36.368892,10.146000000
36.371885,10.147000000
36.374084,10.148000000
36.389464,10.149000000
36.396197,10.150000000
36.409706,10.151000000
36.416792,10.152000000
36.419991,10.153000000
36.424233,10.154000000
36.428112,10.155000000
36.434084,10.156000000
36.438534,10.157000000
36.444707,10.158000000
36.453088,10.159000000
36.458701,10.160000000
36.464164,10.161000000
36.467952,10.162000000
36.471249,10.163000000
36.476012,10.164000000
36.478053,10.165000000
36.481434,10.166000000
36.483522,10.167000000
36.486810,10.168000000
36.489209,10.169000000
36.491334,10.170000000
36.494099,10.171000000
36.496180,10.172000000
36.504113,10.173000000
36.519155,10.174000000
36.524022,10.175000000
36.575238,10.176000000
36.583511,10.177000000
36.587478,10.178000000
36.596067,10.179000000
36.611883,10.180000000
36.617842,10.181000000
36.623220,10.182000000
36.625696,10.183000000
36.628843,10.184000000
36.631345,10.185000000
36.639413,10.186000000
36.642649,10.187000000
36.645070,10.188000000
36.647160,10.189000000
36.649820,10.190000000
36.666734,10.191000000
36.670611,10.192000000
36.673780,10.193000000
36.676083,10.194000000
36.679060,10.195000000
36.684590,10.196000000
36.688773,10.197000000
36.699350,10.198000000
36.702787,10.199000000
36.704879,10.200000000
36.706913,10.201000000
36.710537,10.202000000
36.712739,10.203000000
36.715081,10.204000000
36.718127,10.205000000
36.721466,10.206000000
36.742734,10.207000000
36.746918,10.208000000
36.756049,10.209000000
36.765837,10.210000000
36.775991,10.211000000
36.789220,10.212000000
36.804901,10.213000000
36.808541,10.214000000
36.816706,10.215000000
36.820227,10.216000000
36.823771,10.217000000
36.827355,10.218000000
36.832426,10.219000000
36.840289,10.220000000
36.844362,10.221000000
36.846577,10.222000000
36.854169,10.223000000
36.860504,10.224000000
36.862824,10.225000000
36.865716,10.226000000
36.868002,10.227000000
36.871990,10.228000000
36.878414,10.229000000
36.881774,10.230000000
36.895982,10.231000000
36.941903,10.232000000
36.941970,10.233000000
36.942010,10.234000000
36.942048,10.235000000
36.942085,10.236000000
36.942122,10.237000000
36.954098,10.238000000
36.955374,10.239000000
36.960149,10.240000000
36.987340,10.241000000
36.996474,10.242000000
37.018069,10.243000000
37.023254,10.244000000
37.035274,10.245000000
37.035885,10.246000000
37.044209,10.247000000
37.044268,10.248000000
37.065647,10.249000000
37.069050,10.250000000
37.082703,10.251000000
37.091388,10.252000000
37.102507,10.253000000
37.115252,10.254000000
37.117706,10.255000000
37.129685,10.256000000
37.150105,10.257000000
37.161480,10.258000000
37.170001,10.259000000
37.180158,10.260000000
37.184944,10.261000000
37.193746,10.262000000
37.201846,10.263000000
37.213219,10.264000000
37.233043,10.265000000
37.245252,10.266000000
37.251462,10.267000000
37.283525,10.268000000
37.292989,10.269000000
37.301858,10.270000000
37.316011,10.271000000
37.322843,10.272000000
37.332718,10.273000000
37.358382,10.274000000
37.364424,10.275000000
37.372189,10.276000000
37.387813,10.277000000
37.395936,10.278000000
37.407208,10.279000000
37.407297,10.280000000
37.416197,10.281000000
37.417705,10.282000000
37.428344,10.283000000
37.428401,10.284000000
37.448643,10.285000000
37.448709,10.286000000
37.448750,10.287000000
37.477972,10.288000000
37.482200,10.289000000
37.491196,10.290000000
37.494676,10.291000000
37.505128,10.292000000
37.505206,10.293000000
37.511893,10.294000000
37.524120,10.295000000
37.524457,10.296000000
37.534360,10.297000000
37.544919,10.298000000
37.550218,10.299000000
37.550322,10.300000000
37.568325,10.301000000
37.568407,10.302000000
37.580006,10.303000000
37.591291,10.304000000
37.591660,10.305000000
37.613562,10.306000000
37.643882,10.307000000
37.645115,10.308000000
37.654204,10.309000000
37.680346,10.310000000
37.695365,10.311000000
37.702207,10.312000000
37.710978,10.313000000
37.711354,10.314000000
37.720337,10.315000000
37.720422,10.316000000
37.733571,10.317000000
37.733661,10.318000000
37.757705,10.319000000
37.772382,10.320000000
37.791517,10.321000000
37.791934,10.322000000
37.797928,10.323000000
37.803365,10.324000000
37.803420,10.325000000
37.835289,10.326000000
37.835394,10.327000000
37.850210,10.328000000
37.863985,10.329000000
37.867061,10.330000000
37.875094,10.331000000
37.875165,10.332000000
37.883984,10.333000000
37.888136,10.334000000
37.888207,10.335000000
37.903413,10.336000000
37.907245,10.337000000
37.915247,10.338000000
37.915359,10.339000000
37.929141,10.340000000
37.936145,10.341000000
37.948099,10.342000000
37.964522,10.343000000
37.964603,10.344000000
37.985811,10.345000000
37.999665,10.346000000
38.011232,10.347000000
38.024172,10.348000000
38.035230,10.349000000
38.070560,10.350000000
38.080158,10.351000000
38.080621,10.352000000
38.082659,10.353000000
38.091860,10.354000000
38.098359,10.355000000
38.099965,10.356000000
38.105829,10.357000000
38.133447,10.358000000
38.133498,10.359000000
38.142424,10.360000000
38.151270,10.361000000
38.153820,10.362000000
38.175385,10.363000000
38.177622,10.364000000
38.195991,10.365000000
38.211335,10.366000000
38.224095,10.367000000
38.248441,10.368000000
38.267045,10.369000000
38.269396,10.370000000
38.298807,10.371000000
38.316508,10.372000000
38.326465,10.373000000
38.330014,10.374000000
38.348428,10.375000000
38.376239,10.376000000
38.378713,10.377000000
38.391378,10.378000000
38.412391,10.379000000
38.414531,10.380000000
38.455737,10.381000000
38.478329,10.382000000
38.480636,10.383000000
38.500235,10.384000000
38.517131,10.385000000
38.524375,10.386000000
38.528796,10.387000000
38.554292,10.388000000
38.561790,10.389000000
38.581490,10.390000000
38.602848,10.391000000
38.606480,10.392000000
38.632748,10.393000000
38.640951,10.394000000
38.644304,10.395000000
38.684169,10.396000000
38.686045,10.397000000
38.695647,10.398000000
38.721410,10.399000000
38.740330,10.400000000
38.742973,10.401000000
38.770173,10.402000000
38.781400,10.403000000
38.792104,10.404000000
38.807131,10.405000000
38.845945,10.406000000
38.854909,10.407000000
38.857174,10.408000000
38.879304,10.409000000
38.885660,10.410000000
38.906697,10.411000000
38.920098,10.412000000
38.931520,10.413000000
38.941525,10.414000000
38.951668,10.415000000
38.974709,10.416000000
38.985820,10.417000000
38.995049,10.418000000
39.000903,10.419000000
39.009191,10.420000000
39.015441,10.421000000
39.044256,10.422000000
39.059938,10.423000000
39.060309,10.424000000
39.071621,10.425000000
39.087086,10.426000000
39.091156,10.427000000
39.108857,10.428000000
39.118814,10.429000000
39.144441,10.430000000
39.146954,10.431000000
39.160162,10.432000000
39.184468,10.433000000
39.184523,10.434000000
39.192373,10.435000000
39.202033,10.436000000
39.202079,10.437000000
39.219337,10.438000000
39.219385,10.439000000
39.235804,10.440000000
39.236149,10.441000000
39.265833,10.442000000
39.269722,10.443000000
39.281354,10.444000000
39.297463,10.445000000
39.297510,10.446000000
39.305327,10.447000000
39.305375,10.448000000
39.320427,10.449000000
39.320766,10.450000000
39.340576,10.451000000
39.351879,10.452000000
39.366072,10.453000000
39.369627,10.454000000
39.385397,10.455000000
39.391489,10.456000000
39.415761,10.457000000
39.425158,10.458000000
39.433791,10.459000000
39.445380,10.460000000
39.463143,10.461000000
39.471895,10.462000000
39.483687,10.463000000
39.497846,10.464000000
39.529473,10.465000000
39.538327,10.466000000
39.538668,10.467000000
39.554786,10.468000000
39.554839,10.470000000
39.569770,10.471000000
39.586039,10.472000000
39.586343,10.473000000
39.586378,10.474000000
39.598360,10.475000000
39.598408,10.476000000
39.619374,10.477000000
39.635155,10.478000000
39.635202,10.479000000
39.635595,10.480000000
39.648538,10.481000000
39.657843,10.482000000
39.657894,10.483000000
39.669414,10.484000000
39.669785,10.485000000
39.678009,10.486000000
39.697461,10.487000000
39.699773,10.488000000
39.713014,10.489000000
39.713068,10.490000000
39.731049,10.491000000
39.731437,10.492000000
39.738657,10.493000000
39.740361,10.494000000
39.784264,10.495000000
39.803656,10.496000000
39.812575,10.497000000
39.823770,10.498000000
39.831373,10.499000000
39.840264,10.500000000
39.862226,10.501000000
39.865542,10.502000000
39.885168,10.503000000
39.885219,10.507000000
39.888921,10.508000000
39.901878,10.509000000
39.913391,10.510000000
39.913440,10.511000000
39.915682,10.512000000
39.926801,10.513000000
39.926913,10.514000000
39.939998,10.515000000
39.940049,10.516000000
39.948126,10.517000000
39.948169,10.518000000
39.954994,10.519000000
39.959636,10.520000000
39.964048,10.521000000
39.964092,10.522000000
39.993854,10.523000000
40.013542,10.524000000
40.017128,10.525000000
40.023228,10.526000000
40.029356,10.527000000
40.054698,10.528000000
40.062176,10.529000000
40.065062,10.530000000
40.089908,10.531000000
40.137375,10.532000000
40.149673,10.533000000
40.153447,10.534000000
40.164739,10.535000000
40.166525,10.536000000
40.179235,10.537000000
40.188632,10.538000000
40.202425,10.539000000
40.211022,10.540000000
40.217017,10.541000000
40.225895,10.542000000
40.235655,10.543000000
40.254738,10.544000000
40.273501,10.545000000
40.286453,10.546000000
40.296739,10.547000000
40.308344,10.548000000
40.318482,10.549000000
40.325422,10.550000000
40.328202,10.551000000
40.333193,10.552000000
40.335539,10.553000000
40.338249,10.554000000
40.341686,10.555000000
40.344102,10.556000000
40.346543,10.557000000
40.353928,10.558000000
40.356843,10.559000000
40.365404,10.560000000
40.378032,10.561000000
40.386050,10.562000000
40.388577,10.563000000
40.396630,10.564000000
40.411408,10.565000000
40.419853,10.566000000
40.429938,10.567000000
40.437022,10.568000000
40.448952,10.569000000
40.456802,10.570000000
40.469232,10.571000000
40.476042,10.572000000
40.489764,10.573000000
40.499701,10.574000000
40.519885,10.575000000
40.533506,10.576000000
40.538099,10.577000000
40.560292,10.578000000
40.572117,10.579000000
40.576313,10.580000000
40.601678,10.581000000
40.610446,10.582000000
40.625058,10.583000000
40.628172,10.584000000
40.638471,10.585000000
40.648580,10.586000000
40.664081,10.587000000
40.671424,10.588000000
40.685098,10.589000000
40.693326,10.590000000
40.702222,10.591000000
40.711633,10.592000000
40.725542,10.593000000
40.727620,10.594000000
40.748101,10.595000000
40.750962,10.596000000
40.760053,10.597000000
40.767421,10.598000000
40.770036,10.599000000
40.777012,10.600000000
40.779352,10.601000000
40.781804,10.602000000
40.784538,10.603000000
40.801449,10.604000000
40.801497,10.605000000
40.807920,10.606000000
40.822106,10.607000000
40.831347,10.608000000
40.838800,10.609000000
40.840437,10.610000000
40.843374,10.611000000
40.850047,10.612000000
40.854004,10.613000000
40.856509,10.614000000
40.860084,10.615000000
40.871734,10.616000000
40.884634,10.617000000
40.893738,10.618000000
40.902304,10.619000000
40.911450,10.620000000
40.920059,10.621000000
40.929130,10.622000000
40.940017,10.623000000
40.952768,10.624000000
40.960845,10.625000000
40.969679,10.626000000
40.981449,10.627000000
40.995723,10.628000000
41.004006,10.629000000
41.011312,10.630000000
41.020339,10.631000000
41.030331,10.632000000
41.038095,10.633000000
41.044658,10.634000000
41.051139,10.635000000
41.065262,10.636000000
41.071167,10.637000000
41.075923,10.638000000
41.084463,10.639000000
41.094139,10.640000000
41.108735,10.641000000
41.124110,10.642000000
41.135249,10.643000000
41.142751,10.644000000
41.145747,10.645000000
41.154241,10.646000000
41.158777,10.647000000
41.161538,10.648000000
41.164543,10.649000000
41.167866,10.650000000
41.170402,10.651000000
41.172588,10.652000000
41.179216,10.653000000
41.181929,10.654000000
41.184542,10.655000000
41.190264,10.656000000
41.200624,10.657000000
41.207420,10.658000000
41.217162,10.659000000
41.226005,10.660000000
41.250970,10.661000000
41.253816,10.662000000
41.259587,10.663000000
41.262098,10.664000000
41.264275,10.665000000
41.266490,10.666000000
41.276991,10.667000000
41.289640,10.668000000
41.291312,10.669000000
41.299495,10.670000000
41.344694,10.671000000
41.356061,10.672000000
41.359467,10.673000000
41.376346,10.674000000
41.378640,10.675000000
41.390036,10.676000000
41.394408,10.677000000
41.408738,10.678000000
41.412512,10.679000000
41.425142,10.680000000
41.434381,10.681000000
41.461118,10.682000000
41.471146,10.683000000
41.491142,10.684000000
41.495801,10.685000000
41.515298,10.686000000
41.532936,10.687000000
41.548375,10.688000000
41.557031,10.689000000
41.571184,10.690000000
41.574732,10.691000000
41.597515,10.692000000
41.615350,10.693000000
41.615428,10.694000000
41.637660,10.695000000
41.638218,10.696000000
41.647741,10.697000000
41.668696,10.698000000
41.668747,10.700000000
41.714298,10.701000000
41.716558,10.702000000
41.736212,10.703000000
41.736266,10.704000000
41.750659,10.705000000
41.750704,10.706000000
41.760926,10.707000000
41.772379,10.708000000
41.776953,10.709000000
41.788285,10.710000000
41.788333,10.711000000
41.798911,10.712000000
41.806599,10.713000000
41.806642,10.714000000
41.821897,10.715000000
41.821966,10.716000000
41.836169,10.717000000
41.836214,10.718000000
41.844101,10.719000000
41.844146,10.720000000
41.862255,10.721000000
41.862305,10.722000000
41.871650,10.723000000
41.871693,10.724000000
41.886198,10.725000000
41.897115,10.726000000
41.897689,10.727000000
41.907681,10.728000000
41.919392,10.729000000
41.920312,10.730000000
41.930221,10.731000000
41.932863,10.732000000
41.944611,10.733000000
41.944655,10.734000000
41.955301,10.735000000
41.966878,10.736000000
41.966928,10.737000000
41.990763,10.738000000
41.991203,10.739000000
41.991241,10.740000000
41.994343,10.741000000
42.009275,10.742000000
42.021333,10.743000000
42.021385,10.744000000
42.041946,10.745000000
42.041994,10.746000000
42.050797,10.747000000
42.058203,10.748000000
42.079633,10.749000000
42.079682,10.750000000
42.080151,10.751000000
42.095530,10.752000000
42.097685,10.753000000
42.108420,10.754000000
42.118023,10.755000000
42.121055,10.756000000
42.133659,10.757000000
42.133706,10.758000000
42.144623,10.759000000
42.148574,10.760000000
42.155284,10.761000000
42.174743,10.762000000
42.174792,10.763000000
42.188905,10.764000000
42.201888,10.765000000
42.216762,10.766000000
42.231070,10.767000000
42.249199,10.768000000
42.249245,10.769000000
42.256688,10.770000000
42.262453,10.771000000
42.273238,10.772000000
42.273888,10.773000000
42.273927,10.774000000
42.294404,10.775000000
42.294454,10.776000000
42.303175,10.777000000
42.328527,10.778000000
42.328576,10.779000000
42.340149,10.780000000
42.351855,10.781000000
42.365094,10.782000000
42.365599,10.783000000
42.391485,10.784000000
42.397560,10.785000000
42.405505,10.786000000
42.405546,10.787000000
42.425694,10.788000000
42.425740,10.789000000
42.438823,10.790000000
42.449197,10.791000000
42.449244,10.792000000
42.461594,10.793000000
42.461642,10.794000000
42.504226,10.795000000
42.504278,10.796000000
42.525708,10.797000000
42.552543,10.798000000
42.552591,10.799000000
42.562607,10.800000000
42.579493,10.801000000
42.579540,10.802000000
42.597593,10.803000000
42.597994,10.804000000
42.598053,10.805000000
42.610147,10.806000000
42.624266,10.807000000
42.645573,10.808000000
42.645621,10.811000000
42.676636,10.812000000
42.676684,10.813000000
42.688669,10.814000000
42.688714,10.815000000
42.701722,10.816000000
42.714388,10.817000000
42.715041,10.818000000
42.735888,10.819000000
42.745256,10.820000000
42.747525,10.821000000
42.774044,10.822000000
42.784902,10.823000000
42.784945,10.824000000
42.823020,10.825000000
42.832856,10.826000000
42.845557,10.827000000
42.856183,10.828000000
42.856230,10.829000000
42.879830,10.830000000
42.879881,10.831000000
42.909441,10.832000000
42.909489,10.833000000
42.924911,10.834000000
42.926780,10.835000000
42.939090,10.836000000
42.945376,10.837000000
42.966192,10.838000000
42.978113,10.839000000
42.978160,10.840000000
43.001816,10.841000000
43.015170,10.842000000
43.019382,10.843000000
43.022970,10.844000000
43.025205,10.845000000
43.027536,10.846000000
43.035784,10.847000000
43.050996,10.848000000
43.064156,10.849000000
43.074110,10.850000000
43.091516,10.851000000
43.096267,10.852000000
43.098967,10.853000000
43.118929,10.854000000
43.133986,10.855000000
43.149713,10.856000000
43.162778,10.857000000
43.170856,10.858000000
43.181937,10.859000000
43.186484,10.860000000
43.193566,10.861000000
43.196633,10.862000000
43.205106,10.863000000
43.210567,10.864000000
43.223117,10.865000000
43.233777,10.866000000
43.243423,10.867000000
43.253940,10.868000000
43.264758,10.869000000
43.272301,10.870000000
43.275590,10.871000000
43.286367,10.872000000
43.308258,10.873000000
43.320879,10.874000000
43.323415,10.875000000
43.343024,10.876000000
43.347281,10.877000000
43.349902,10.878000000
43.382035,10.879000000
43.391131,10.880000000
43.395140,10.881000000
43.404113,10.882000000
43.427532,10.883000000
43.435648,10.884000000
43.439697,10.885000000
43.441966,10.886000000
43.446373,10.887000000
43.456157,10.888000000
43.456355,10.889000000
43.476295,10.890000000
43.478587,10.891000000
43.487067,10.892000000
43.498825,10.893000000
43.507552,10.894000000
43.519801,10.895000000
43.540304,10.896000000
43.551259,10.897000000
43.557764,10.898000000
43.597308,10.899000000
43.600317,10.900000000
43.621577,10.901000000
43.623668,10.902000000
43.647057,10.903000000
43.664139,10.904000000
43.673261,10.905000000
43.704156,10.906000000
43.732508,10.907000000
43.734696,10.908000000
43.747549,10.909000000
43.757277,10.910000000
43.770150,10.911000000
43.808272,10.912000000
43.825313,10.913000000
43.831609,10.914000000
43.840110,10.915000000
43.859681,10.916000000
43.874190,10.917000000
43.892278,10.918000000
43.900940,10.919000000
43.910822,10.920000000
43.959721,10.921000000
43.965027,10.922000000
43.969148,10.923000000
43.982619,10.924000000
43.988226,10.925000000
44.018332,10.926000000
44.018420,10.928000000
44.031590,10.929000000
44.033695,10.930000000
44.064962,10.931000000
44.067507,10.932000000
44.081405,10.933000000
44.088693,10.934000000
44.094570,10.935000000
44.100824,10.936000000
44.100870,10.937000000
44.107312,10.938000000
44.111567,10.939000000
44.111605,10.940000000
44.115518,10.941000000
44.115552,10.942000000
44.151268,10.943000000
44.164325,10.944000000
44.174491,10.945000000
44.180660,10.946000000
44.189832,10.947000000
44.199514,10.948000000
44.215464,10.949000000
44.221123,10.950000000
44.229795,10.951000000
44.237480,10.952000000
44.243227,10.953000000
44.256435,10.954000000
44.266206,10.955000000
44.276314,10.956000000
44.279943,10.957000000
44.283769,10.958000000
44.285837,10.959000000
44.306281,10.960000000
44.306331,10.965000000
44.312636,10.966000000
44.324306,10.967000000
44.324355,10.969000000
44.326663,10.970000000
44.346653,10.971000000
44.346704,10.972000000
44.348638,10.973000000
44.356529,10.974000000
44.356589,10.975000000
44.382107,10.976000000
44.394173,10.977000000
44.394222,10.979000000
44.405996,10.980000000
44.406047,10.983000000
44.416999,10.984000000
44.426002,10.985000000
44.426095,10.986000000
44.435049,10.987000000
44.435098,10.988000000
44.437397,10.989000000
44.441416,10.990000000
44.463556,10.991000000
44.477713,10.992000000
44.477762,10.995000000
44.483405,10.996000000
44.503167,10.997000000
44.503244,10.999000000
44.505959,11.000000000
44.539881,11.001000000
44.552521,11.002000000
44.561830,11.003000000
44.567784,11.004000000
44.586612,11.005000000
44.612917,11.006000000
44.620532,11.007000000
44.630999,11.008000000
44.640492,11.009000000
44.659426,11.010000000
44.665142,11.011000000
44.675449,11.012000000
44.692747,11.013000000
44.716087,11.014000000
44.716153,11.016000000
44.717579,11.017000000
44.724140,11.018000000
44.737116,11.019000000
44.747733,11.020000000
44.747775,11.021000000
44.759597,11.022000000
44.759662,11.023000000
44.760083,11.024000000
44.789699,11.025000000
44.795961,11.026000000
44.796014,11.027000000
44.806720,11.028000000
44.806766,11.029000000
44.819054,11.030000000
44.837768,11.031000000
44.837815,11.034000000
44.838908,11.035000000
44.847917,11.036000000
44.847957,11.037000000
44.852578,11.038000000
44.852616,11.039000000
44.878883,11.040000000
44.895071,11.041000000
44.895167,11.043000000
44.895571,11.044000000
44.912009,11.045000000
44.912060,11.046000000
44.925452,11.047000000
44.925497,11.049000000
44.925966,11.050000000
44.967681,11.051000000
44.974364,11.052000000
44.990883,11.053000000
44.994689,11.054000000
45.000809,11.055000000
45.009273,11.056000000
45.024707,11.057000000
45.024759,11.059000000
45.040959,11.060000000
45.041006,11.061000000
45.046246,11.062000000
45.057905,11.063000000
45.057953,11.064000000
45.064164,11.065000000
45.067965,11.066000000
45.077731,11.067000000
45.081424,11.068000000
45.088384,11.069000000
45.088404,11.070000000
45.098837,11.071000000
45.107190,11.072000000
45.109858,11.073000000
45.121815,11.074000000
45.121886,11.075000000
45.136709,11.076000000
45.136751,11.077000000
45.144798,11.078000000
45.157919,11.079000000
45.178852,11.080000000
45.217421,11.081000000
45.227657,11.082000000
45.234182,11.083000000
45.257170,11.084000000
45.267875,11.085000000
45.270767,11.086000000
45.295836,11.087000000
45.300963,11.088000000
45.309252,11.089000000
45.324085,11.090000000
45.332444,11.091000000
45.337645,11.092000000
45.341219,11.093000000
45.371625,11.094000000
45.380487,11.095000000
45.400056,11.096000000
45.403972,11.097000000
45.413839,11.098000000
45.425838,11.099000000
45.435870,11.100000000
45.446979,11.101000000
45.452538,11.102000000
45.464837,11.103000000
45.473463,11.104000000
45.487007,11.105000000
45.492084,11.106000000
45.496546,11.107000000
45.528381,11.108000000
45.538949,11.109000000
45.562151,11.110000000
45.562202,11.113000000
45.580834,11.114000000
45.584305,11.115000000
45.589901,11.116000000
45.594503,11.117000000
45.598859,11.118000000
45.607443,11.119000000
45.611281,11.120000000
45.615733,11.121000000
45.657871,11.122000000
45.663304,11.123000000
45.669749,11.124000000
45.674975,11.125000000
45.687574,11.126000000
45.694031,11.127000000
45.698608,11.128000000
45.708700,11.129000000
45.709080,11.130000000
45.715369,11.131000000
45.723078,11.132000000
45.738979,11.133000000
45.744874,11.134000000
45.754090,11.135000000
45.763506,11.136000000
45.774746,11.137000000
45.786643,11.138000000
45.795142,11.139000000
45.803112,11.140000000
45.822380,11.141000000
45.832319,11.142000000
45.843382,11.143000000
45.843426,11.144000000
45.858656,11.145000000
45.869451,11.146000000
45.875069,11.147000000
45.889845,11.148000000
45.923067,11.149000000
45.927356,11.150000000
45.956963,11.151000000
45.971307,11.152000000
45.983279,11.153000000
46.004354,11.154000000
46.011952,11.155000000
46.027177,11.156000000
46.035283,11.157000000
46.074945,11.158000000
46.081000,11.159000000
46.099519,11.160000000
46.105436,11.161000000
46.113222,11.162000000
46.143048,11.163000000
46.153779,11.164000000
46.165645,11.165000000
46.175200,11.166000000
46.183347,11.167000000
46.194982,11.168000000
46.201095,11.169000000
46.208216,11.170000000
46.232198,11.171000000
46.242369,11.172000000
46.248642,11.173000000
46.257185,11.174000000
46.264988,11.175000000
46.274633,11.176000000
46.281537,11.177000000
46.299575,11.178000000
46.312172,11.179000000
46.316652,11.180000000
46.333660,11.181000000
46.342174,11.182000000
46.348433,11.183000000
46.359897,11.184000000
46.365383,11.185000000
46.368913,11.186000000
46.390605,11.187000000
46.395488,11.188000000
46.403502,11.189000000
46.410825,11.190000000
46.411808,11.191000000
46.417851,11.192000000
46.442710,11.193000000
46.448833,11.194000000
46.452113,11.195000000
46.469191,11.196000000
46.475312,11.197000000
46.490231,11.198000000
46.494764,11.199000000
46.504477,11.200000000
46.514364,11.201000000
46.523775,11.202000000
46.527539,11.203000000
46.537987,11.204000000
46.548861,11.205000000
46.556792,11.206000000
46.568861,11.207000000
46.579474,11.208000000
46.586912,11.209000000
46.597462,11.210000000
46.628360,11.211000000
46.636887,11.212000000
46.643937,11.213000000
46.673912,11.214000000
46.680283,11.215000000
46.687395,11.216000000
46.700775,11.217000000
46.707622,11.218000000
46.712627,11.219000000
46.732649,11.220000000
46.740497,11.221000000
46.744742,11.222000000
46.756426,11.223000000
46.762841,11.224000000
46.769749,11.225000000
46.806373,11.226000000
46.815306,11.227000000
46.828266,11.228000000
46.839872,11.229000000
46.842832,11.230000000
46.849273,11.231000000
46.856246,11.232000000
46.863571,11.233000000
46.870334,11.234000000
46.872460,11.235000000
46.890713,11.236000000
46.903183,11.237000000
46.910518,11.238000000
46.918993,11.239000000
46.931191,11.240000000
46.937400,11.241000000
46.939708,11.242000000
46.972512,11.243000000
46.977714,11.244000000
46.983199,11.245000000
46.991885,11.246000000
47.002570,11.247000000
47.007430,11.248000000
47.022580,11.249000000
47.036931,11.250000000
47.044145,11.251000000
47.075922,11.252000000
47.081452,11.253000000
47.087555,11.254000000
47.104987,11.255000000
47.112485,11.256000000
47.112561,11.257000000
47.130489,11.258000000
47.141547,11.259000000
47.147729,11.260000000
47.162861,11.261000000
47.163160,11.262000000
47.174437,11.263000000
47.184303,11.264000000
47.192643,11.265000000
47.208998,11.266000000
47.214571,11.267000000
47.214618,11.268000000
47.230640,11.269000000
47.241458,11.270000000
47.248197,11.271000000
47.259908,11.272000000
47.269583,11.273000000
47.269647,11.274000000
47.284381,11.275000000
47.286288,11.276000000
47.302254,11.277000000
47.315543,11.278000000
47.332456,11.279000000
47.339629,11.280000000
47.351598,11.281000000
47.358135,11.282000000
47.366870,11.283000000
47.374833,11.284000000
47.382946,11.285000000
47.394723,11.286000000
47.403287,11.287000000
47.407144,11.288000000
47.423332,11.289000000
47.432952,11.290000000
47.438454,11.291000000
47.444711,11.292000000
47.455179,11.293000000
47.462308,11.294000000
47.472234,11.295000000
47.484963,11.296000000
47.488707,11.297000000
47.500274,11.298000000
47.503257,11.299000000
47.516694,11.300000000
47.524493,11.301000000
47.530477,11.302000000
47.546429,11.303000000
47.555247,11.304000000
47.562575,11.305000000
47.569655,11.306000000
47.578578,11.307000000
47.585369,11.308000000
47.592762,11.309000000
47.602466,11.310000000
47.612671,11.311000000
47.620212,11.312000000
47.631209,11.313000000
47.636268,11.314000000
47.643720,11.315000000
47.654584,11.316000000
47.662783,11.317000000
47.669997,11.318000000
47.678915,11.319000000
47.691801,11.320000000
47.699823,11.321000000
47.703908,11.322000000
47.721116,11.323000000
47.735279,11.324000000
47.740654,11.325000000
47.749228,11.326000000
47.760858,11.327000000
47.775164,11.328000000
47.784595,11.329000000
47.799040,11.330000000
47.805517,11.331000000
47.818044,11.332000000
47.835724,11.333000000
47.840458,11.334000000
47.853595,11.335000000
47.863653,11.336000000
47.868188,11.337000000
47.881841,11.338000000
47.908252,11.339000000
47.916518,11.340000000
47.928008,11.341000000
47.942264,11.342000000
47.950254,11.343000000
47.960107,11.344000000
47.970147,11.345000000
47.980592,11.346000000
47.994282,11.347000000
48.001510,11.348000000
48.009542,11.349000000
48.021069,11.350000000
48.028795,11.351000000
48.036767,11.352000000
48.062477,11.353000000
48.070091,11.354000000
48.093488,11.355000000
48.102672,11.356000000
48.116256,11.357000000
48.138238,11.358000000
48.148263,11.359000000
48.148311,11.360000000
48.152674,11.361000000
48.179650,11.362000000
48.185468,11.363000000
48.193956,11.364000000
48.208442,11.365000000
48.216406,11.366000000
48.221895,11.367000000
48.253004,11.368000000
48.264126,11.369000000
48.272580,11.370000000
48.282196,11.371000000
48.290196,11.372000000
48.300561,11.373000000
48.314315,11.374000000
48.320278,11.375000000
48.330198,11.376000000
48.338627,11.377000000
48.345451,11.378000000
48.352074,11.379000000
48.369639,11.380000000
48.375852,11.381000000
48.383046,11.382000000
48.402606,11.383000000
48.425983,11.384000000
48.430242,11.385000000
48.445280,11.386000000
48.445366,11.387000000
48.446388,11.388000000
48.450078,11.389000000
48.457932,11.390000000
48.461779,11.391000000
48.467918,11.392000000
48.471473,11.393000000
48.475913,11.394000000
48.502331,11.395000000
48.510699,11.396000000
48.514304,11.397000000
48.525456,11.398000000
48.537531,11.399000000
48.552635,11.400000000
48.576920,11.401000000
48.584202,11.402000000
48.598508,11.403000000
48.619040,11.404000000
48.627233,11.405000000
48.638978,11.406000000
48.646589,11.407000000
48.657423,11.408000000
48.661545,11.409000000
48.667161,11.410000000
48.673301,11.411000000
48.683079,11.412000000
48.696061,11.413000000
48.699006,11.414000000
48.706705,11.415000000
48.713963,11.416000000
48.726005,11.417000000
48.744263,11.418000000
48.749298,11.419000000
48.756725,11.420000000
48.772480,11.421000000
48.779514,11.422000000
48.783614,11.423000000
48.810937,11.424000000
48.816678,11.425000000
48.835266,11.426000000
48.842945,11.427000000
48.849095,11.428000000
48.855475,11.429000000
48.879480,11.430000000
48.886748,11.431000000
48.895932,11.432000000
48.902646,11.433000000
48.914155,11.434000000
48.927384,11.435000000
48.953909,11.436000000
48.963361,11.437000000
48.979631,11.438000000
49.000440,11.439000000
49.009686,11.440000000
49.017017,11.441000000
49.025295,11.442000000
49.038554,11.443000000
49.044835,11.444000000
49.061478,11.445000000
49.067400,11.446000000
49.077113,11.447000000
49.101874,11.448000000
49.117309,11.449000000
49.124434,11.450000000
49.134211,11.451000000
49.157818,11.452000000
49.164231,11.453000000
49.177472,11.454000000
49.185759,11.455000000
49.190052,11.456000000
49.219515,11.457000000
49.228714,11.458000000
49.245978,11.459000000
49.253300,11.460000000
49.268427,11.461000000
49.280464,11.462000000
49.293196,11.463000000
49.303223,11.464000000
49.323083,11.465000000
49.335648,11.466000000
49.340891,11.467000000
49.347280,11.468000000
49.362457,11.469000000
49.368250,11.470000000
49.377377,11.471000000
49.381796,11.472000000
49.406446,11.473000000
49.411153,11.474000000
49.419117,11.475000000
49.431024,11.476000000
49.436815,11.477000000
49.443106,11.478000000
49.466783,11.479000000
49.473574,11.480000000
49.479859,11.481000000
49.491459,11.482000000
49.497706,11.483000000
49.504377,11.484000000
49.535101,11.485000000
49.547211,11.486000000
49.561928,11.487000000
49.580980,11.488000000
49.591249,11.489000000
49.602992,11.490000000
49.617456,11.491000000
49.628176,11.492000000
49.639997,11.493000000
49.648369,11.494000000
49.655600,11.495000000
49.664101,11.496000000
49.703366,11.497000000
49.737694,11.498000000
49.737742,11.499000000
49.746316,11.500000000
49.746360,11.501000000
49.761752,11.502000000
49.765141,11.503000000
49.767510,11.504000000
49.769409,11.505000000
49.779034,11.506000000
49.781206,11.507000000
49.785991,11.508000000
49.788254,11.509000000
49.795351,11.510000000
49.797359,11.511000000
49.803914,11.512000000
49.805972,11.513000000
49.808195,11.514000000
49.832802,11.515000000
49.835572,11.516000000
49.841515,11.517000000
49.843627,11.518000000
49.849434,11.519000000
49.851428,11.520000000
49.867599,11.521000000
49.870485,11.522000000
49.872572,11.523000000
49.875294,11.524000000
49.884254,11.525000000
49.886516,11.526000000
49.891053,11.527000000
49.893177,11.528000000
49.901378,11.529000000
49.936400,11.530000000
49.948902,11.531000000
49.954688,11.532000000
49.968651,11.533000000
49.974524,11.534000000
49.992749,11.535000000
49.996756,11.536000000
50.010024,11.537000000
50.022679,11.538000000
50.036009,11.539000000
50.051231,11.540000000
50.060560,11.541000000
50.072820,11.542000000
50.083198,11.543000000
50.096431,11.544000000
50.098729,11.545000000
50.104025,11.546000000
50.106096,11.547000000
50.111129,11.548000000
50.119143,11.549000000
50.121420,11.550000000
50.123659,11.551000000
50.140558,11.552000000
50.159101,11.553000000
50.161527,11.554000000
50.166388,11.555000000
50.173495,11.556000000
50.195906,11.557000000
50.206000,11.558000000
50.207872,11.559000000
50.216067,11.560000000
50.218050,11.561000000
50.239407,11.562000000
50.239457,11.563000000
50.246534,11.564000000
50.248594,11.565000000
50.258099,11.566000000
50.260236,11.567000000
50.262053,11.568000000
50.293424,11.569000000
50.295471,11.570000000
50.303535,11.571000000
50.305591,11.572000000
50.310597,11.573000000
50.318665,11.574000000
50.330399,11.575000000
50.338227,11.576000000
50.340351,11.577000000
50.347913,11.578000000
50.349979,11.579000000
50.371292,11.580000000
50.371346,11.581000000
50.373543,11.582000000
50.383904,11.583000000
50.391430,11.584000000
50.397229,11.585000000
50.400070,11.586000000
50.407595,11.587000000
50.423595,11.588000000
50.423644,11.592000000
50.425698,11.593000000
50.453244,11.594000000
50.460900,11.595000000
50.484677,11.596000000
50.510501,11.597000000
50.517349,11.598000000
50.522673,11.599000000
50.530788,11.600000000
50.536367,11.601000000
50.558131,11.602000000
50.563965,11.603000000
50.568151,11.604000000
50.573935,11.605000000
50.587174,11.606000000
50.595398,11.607000000
50.604534,11.608000000
50.612106,11.609000000
50.625263,11.610000000
50.658167,11.611000000
50.673540,11.612000000
50.683618,11.613000000
50.691906,11.614000000
50.697809,11.615000000
50.702284,11.616000000
50.719301,11.617000000
50.738266,11.618000000
50.738309,11.619000000
50.746231,11.620000000
50.746699,11.621000000
50.755340,11.622000000
50.761697,11.623000000
50.770635,11.624000000
50.781058,11.625000000
50.788450,11.626000000
50.800485,11.627000000
50.807240,11.628000000
50.823281,11.629000000
50.825446,11.630000000
50.836892,11.631000000
50.842882,11.632000000
50.856701,11.633000000
50.883254,11.634000000
50.903564,11.635000000
50.913973,11.636000000
50.929737,11.637000000
50.935545,11.638000000
50.943755,11.639000000
50.949261,11.640000000
50.971885,11.641000000
50.980450,11.642000000
50.996701,11.643000000
50.998955,11.644000000
51.007397,11.645000000
51.037137,11.646000000
51.045178,11.647000000
51.053049,11.648000000
51.061308,11.649000000
51.071182,11.650000000
51.075403,11.651000000
51.084454,11.652000000
51.094309,11.653000000
51.103317,11.654000000
51.112128,11.655000000
51.121464,11.656000000
51.130381,11.657000000
51.141145,11.658000000
51.144051,11.659000000
51.151569,11.660000000
51.169159,11.661000000
51.180191,11.662000000
51.186182,11.663000000
51.214185,11.664000000
51.216726,11.665000000
51.243096,11.666000000
51.249678,11.667000000
51.263231,11.668000000
51.275213,11.669000000
51.299704,11.670000000
51.302365,11.671000000
51.319141,11.672000000
51.324414,11.673000000
51.329826,11.674000000
51.361410,11.675000000
51.367537,11.676000000
51.383584,11.677000000
51.389338,11.678000000
51.396841,11.679000000
51.409618,11.680000000
51.417394,11.681000000
51.426265,11.682000000
51.435489,11.683000000
51.446172,11.684000000
51.451653,11.685000000
51.460957,11.686000000
51.467171,11.687000000
51.477187,11.688000000
51.493713,11.689000000
51.506644,11.690000000
51.511671,11.691000000
51.538555,11.692000000
51.546111,11.693000000
51.559888,11.694000000
51.566508,11.695000000
51.569427,11.696000000
51.581606,11.697000000
51.607701,11.698000000
51.618506,11.699000000
51.625646,11.700000000
51.645541,11.701000000
51.689677,11.702000000
51.693210,11.703000000
51.705407,11.704000000
51.712170,11.705000000
51.718126,11.706000000
51.732435,11.707000000
51.738812,11.708000000
51.751817,11.709000000
51.755394,11.710000000
51.770005,11.711000000
51.772403,11.712000000
51.788403,11.713000000
51.807118,11.714000000
51.814589,11.715000000
51.816752,11.716000000
51.823546,11.717000000
51.848588,11.718000000
51.850545,11.719000000
51.859330,11.720000000
51.861299,11.721000000
51.882646,11.722000000
51.899571,11.723000000
51.906358,11.724000000
51.942014,11.725000000
51.951335,11.726000000
51.959663,11.727000000
51.966542,11.728000000
52.000095,11.729000000
52.000210,11.730000000
52.014782,11.731000000
52.014829,11.732000000
52.031108,11.733000000
52.049397,11.734000000
52.049440,11.735000000
52.055959,11.736000000
52.062984,11.737000000
52.072963,11.738000000
52.073000,11.739000000
52.088744,11.740000000
52.088810,11.742000000
52.101593,11.743000000
52.126570,11.744000000
52.139509,11.745000000
52.155560,11.746000000
52.183555,11.747000000
52.196395,11.748000000
52.216680,11.749000000
52.233642,11.750000000
52.239859,11.751000000
52.242429,11.752000000
52.251207,11.753000000
52.251264,11.755000000
52.270962,11.756000000
52.277623,11.757000000
52.288213,11.758000000
52.291615,11.759000000
52.294463,11.760000000
52.305100,11.761000000
52.311718,11.762000000
52.339100,11.763000000
52.342599,11.764000000
52.358849,11.765000000
52.363153,11.766000000
52.384109,11.767000000
52.393410,11.768000000
52.409485,11.769000000
52.416807,11.770000000
52.427098,11.771000000
52.433251,11.772000000
52.436968,11.773000000
52.448026,11.774000000
52.450528,11.775000000
52.504121,11.776000000
52.505929,11.777000000
52.519152,11.778000000
52.543316,11.779000000
52.554487,11.780000000
52.569024,11.781000000
52.581711,11.782000000
52.591982,11.783000000
52.600223,11.784000000
52.633849,11.785000000
52.652328,11.786000000
52.660844,11.787000000
52.671867,11.788000000
52.671915,11.789000000
52.715024,11.790000000
52.719719,11.791000000
52.738954,11.792000000
52.754126,11.793000000
52.769339,11.794000000
52.777897,11.795000000
52.802810,11.796000000
52.813297,11.797000000
52.825700,11.798000000
52.863656,11.799000000
52.877634,11.800000000
52.882992,11.801000000
52.902683,11.802000000
52.908775,11.803000000
52.908814,11.804000000
52.911458,11.805000000
52.918772,11.806000000
52.920826,11.807000000
52.922752,11.808000000
52.926263,11.809000000
52.928288,11.810000000
52.930364,11.811000000
52.942238,11.812000000
52.944224,11.813000000
52.946152,11.814000000
52.948369,11.815000000
52.954204,11.816000000
52.960159,11.817000000
52.969940,11.818000000
52.980299,11.819000000
52.982579,11.820000000
52.984756,11.821000000
52.987202,11.822000000
52.989302,11.823000000
52.996445,11.824000000
52.998592,11.825000000
53.005927,11.826000000
53.009248,11.827000000
53.012261,11.828000000
53.014210,11.829000000
53.016181,11.830000000
53.018832,11.831000000
53.021009,11.832000000
53.022915,11.833000000
53.024877,11.834000000
53.026739,11.835000000
53.028732,11.836000000
53.030675,11.837000000
53.032913,11.838000000
53.036963,11.839000000
53.055075,11.840000000
53.060484,11.841000000
53.065640,11.842000000
53.071284,11.843000000
53.077448,11.844000000
53.083323,11.845000000
53.088484,11.846000000
53.094544,11.847000000
53.102640,11.848000000
53.106668,11.849000000
53.112634,11.850000000
53.116632,11.851000000
53.124615,11.852000000
53.131685,11.853000000
53.136977,11.854000000
53.140620,11.855000000
53.148438,11.856000000
53.155656,11.857000000
53.160661,11.858000000
53.164324,11.859000000
53.182347,11.860000000
53.187074,11.861000000
53.192907,11.862000000
53.197516,11.863000000
53.205110,11.864000000
53.235211,11.865000000
53.241269,11.866000000
53.245236,11.867000000
53.251192,11.868000000
53.260852,11.869000000
53.266720,11.870000000
53.284716,11.871000000
53.290553,11.872000000
53.294672,11.873000000
53.300290,11.874000000
53.305831,11.875000000
53.312495,11.876000000
53.344281,11.877000000
53.345835,11.878000000
53.349972,11.879000000
53.353944,11.880000000
53.358335,11.881000000
53.380712,11.882000000
53.382942,11.883000000
53.397753,11.884000000
53.428481,11.885000000
53.440732,11.886000000
53.453214,11.887000000
53.459805,11.888000000
53.472806,11.889000000
53.493793,11.890000000
53.495961,11.891000000
53.506906,11.892000000
53.526462,11.893000000
53.535554,11.894000000
53.547402,11.895000000
53.572985,11.896000000
53.598266,11.897000000
53.609603,11.898000000
53.645987,11.899000000
53.648987,11.900000000
53.655892,11.901000000
53.667011,11.902000000
53.700958,11.903000000
53.704273,11.904000000
53.725472,11.905000000
53.744527,11.906000000
53.747595,11.907000000
53.781827,11.908000000
53.795215,11.909000000
53.804179,11.910000000
53.809318,11.911000000
53.820566,11.912000000
53.832321,11.913000000
53.843168,11.914000000
53.867053,11.915000000
53.867098,11.916000000
53.893736,11.917000000
53.894455,11.918000000
53.902310,11.919000000
53.927773,11.920000000
53.946483,11.921000000
53.968823,11.922000000
53.986772,11.923000000
54.018389,11.924000000
54.018448,11.925000000
54.044326,11.926000000
54.045869,11.927000000
54.068481,11.928000000
54.068530,11.929000000
54.097053,11.930000000
54.103903,11.931000000
54.133182,11.932000000
54.137555,11.933000000
54.161457,11.934000000
54.175445,11.935000000
54.184215,11.936000000
54.184262,11.937000000
54.196000,11.938000000
54.210944,11.939000000
54.227967,11.940000000
54.228011,11.941000000
54.250347,11.942000000
54.252484,11.943000000
54.256516,11.944000000
54.266752,11.945000000
54.270818,11.946000000
54.306422,11.947000000
54.324067,11.948000000
54.326622,11.949000000
54.360924,11.950000000
54.364999,11.951000000
54.381842,11.952000000
54.401336,11.953000000
54.407482,11.954000000
54.419402,11.955000000
54.433621,11.956000000
54.460828,11.957000000
54.473256,11.958000000
54.477493,11.959000000
54.486320,11.960000000
54.494962,11.961000000
54.503516,11.962000000
54.514341,11.963000000
54.523051,11.964000000
54.532707,11.965000000
54.546373,11.966000000
54.553954,11.967000000
54.558204,11.968000000
54.570762,11.969000000
54.581851,11.970000000
54.587503,11.971000000
54.596289,11.972000000
54.607587,11.973000000
54.611246,11.974000000
54.622634,11.975000000
54.629418,11.976000000
54.641174,11.977000000
54.647897,11.978000000
54.666204,11.979000000
54.673043,11.980000000
54.679546,11.981000000
54.689203,11.982000000
54.696222,11.983000000
54.714454,11.984000000
54.720884,11.985000000
54.729440,11.986000000
54.738073,11.987000000
54.748309,11.988000000
54.760245,11.989000000
54.764415,11.990000000
54.771665,11.991000000
54.778239,11.992000000
54.786147,11.993000000
54.792284,11.994000000
54.797848,11.995000000
54.805522,11.996000000
54.811588,11.997000000
54.819150,11.998000000
54.823685,11.999000000
54.834101,12.000000000
54.840515,12.001000000
54.846134,12.002000000
54.855371,12.003000000
54.863704,12.004000000
54.870975,12.005000000
54.876029,12.006000000
54.883090,12.007000000
54.890985,12.008000000
54.896281,12.009000000
54.901966,12.010000000
54.911142,12.011000000
54.916883,12.012000000
54.922442,12.013000000
54.928268,12.014000000
54.940478,12.015000000
54.943945,12.016000000
54.948879,12.017000000
54.954843,12.018000000
54.963805,12.019000000
54.969456,12.020000000
54.976113,12.021000000
54.983697,12.022000000
54.989425,12.023000000
54.996631,12.024000000
55.000978,12.025000000
55.008855,12.026000000
55.015377,12.027000000
55.021600,12.028000000
55.030344,12.029000000
55.036783,12.030000000
55.042005,12.031000000
55.048361,12.032000000
55.054581,12.033000000
55.060860,12.034000000
55.066175,12.035000000
55.073140,12.036000000
55.077895,12.037000000
55.090177,12.038000000
55.095172,12.039000000
55.102963,12.040000000
55.108814,12.041000000
55.117782,12.042000000
55.124823,12.043000000
55.131492,12.044000000
55.138131,12.045000000
55.143963,12.046000000
55.150390,12.047000000
55.156269,12.048000000
55.163565,12.049000000
55.169879,12.050000000
55.174150,12.051000000
55.181268,12.052000000
55.187631,12.053000000
55.194658,12.054000000
55.200268,12.055000000
55.211853,12.056000000
55.219734,12.057000000
55.227621,12.058000000
55.239151,12.059000000
55.247300,12.060000000
55.254476,12.061000000
55.259655,12.062000000
55.264946,12.063000000
55.271150,12.064000000
55.277020,12.065000000
55.285008,12.066000000
55.291563,12.067000000
55.296254,12.068000000
55.303278,12.069000000
55.310970,12.070000000
55.317087,12.071000000
55.326451,12.072000000
55.326490,12.073000000
55.328502,12.074000000
55.336653,12.075000000
55.338689,12.076000000
55.345916,12.077000000
55.353782,12.078000000
55.362167,12.079000000
55.365369,12.080000000
55.369261,12.081000000
55.371324,12.082000000
55.373345,12.083000000
55.375370,12.084000000
55.377472,12.085000000
55.379802,12.086000000
55.383788,12.087000000
55.386079,12.088000000
55.397468,12.089000000
55.405102,12.090000000
55.410853,12.091000000
55.418248,12.092000000
55.423543,12.093000000
55.431238,12.094000000
55.437547,12.095000000
55.443286,12.096000000
55.453855,12.097000000
55.466204,12.098000000
55.471312,12.099000000
55.480315,12.100000000
55.486899,12.101000000
55.493324,12.102000000
55.501533,12.103000000
55.506916,12.104000000
55.513703,12.105000000
55.523174,12.106000000
55.531567,12.107000000
55.547020,12.108000000
55.549032,12.109000000
55.553250,12.110000000
55.560943,12.111000000
55.565059,12.112000000
55.587747,12.113000000
55.606157,12.114000000
55.619638,12.115000000
55.629194,12.116000000
55.640230,12.117000000
55.652917,12.118000000
55.666850,12.119000000
55.682170,12.120000000
55.691073,12.121000000
55.705895,12.122000000
55.725128,12.123000000
55.734177,12.124000000
55.737093,12.125000000
55.746626,12.126000000
55.778979,12.127000000
55.789555,12.128000000
55.801091,12.129000000
55.806894,12.130000000
55.809691,12.131000000
55.814971,12.132000000
55.821346,12.133000000
55.842806,12.134000000
55.848547,12.135000000
55.854807,12.136000000
55.858335,12.137000000
55.865114,12.138000000
55.869690,12.139000000
55.893967,12.140000000
55.898165,12.141000000
55.903674,12.142000000
55.909532,12.143000000
55.920089,12.144000000
55.924893,12.145000000
55.959352,12.146000000
55.971396,12.147000000
55.983670,12.148000000
55.989380,12.149000000
56.001898,12.150000000
56.013408,12.151000000
56.024724,12.152000000
56.031411,12.153000000
56.042220,12.154000000
56.066597,12.155000000
56.088272,12.156000000
56.096307,12.157000000
56.103475,12.158000000
56.106111,12.159000000
56.116724,12.160000000
56.145237,12.161000000
56.150232,12.162000000
56.158233,12.163000000
56.164416,12.164000000
56.169858,12.165000000
56.176069,12.166000000
56.204557,12.167000000
56.208690,12.168000000
56.229521,12.169000000
56.239137,12.170000000
56.243980,12.171000000
56.249077,12.172000000
56.255094,12.173000000
56.259973,12.174000000
56.265906,12.175000000
56.271240,12.176000000
56.280621,12.177000000
56.296995,12.178000000
56.301318,12.179000000
56.313076,12.180000000
56.317841,12.181000000
56.325585,12.182000000
56.329731,12.183000000
56.336898,12.184000000
56.340301,12.185000000
56.346384,12.186000000
56.353102,12.187000000
56.363432,12.188000000
56.366925,12.189000000
56.374908,12.190000000
56.378428,12.191000000
56.385627,12.192000000
56.392679,12.193000000
56.398632,12.194000000
56.404837,12.195000000
56.411982,12.196000000
56.415774,12.197000000
56.423791,12.198000000
56.429346,12.199000000
56.435437,12.200000000
56.441118,12.201000000
56.446418,12.202000000
56.456436,12.203000000
56.461675,12.204000000
56.471239,12.205000000
56.477236,12.206000000
56.483346,12.207000000
56.488445,12.208000000
56.494651,12.209000000
56.501027,12.210000000
56.509912,12.211000000
56.521687,12.212000000
56.529123,12.213000000
56.537306,12.214000000
56.547192,12.215000000
56.559586,12.216000000
56.568104,12.217000000
56.594176,12.218000000
56.598603,12.219000000
56.604793,12.220000000
56.609825,12.221000000
56.616305,12.222000000
56.621807,12.223000000
56.627640,12.224000000
56.650426,12.225000000
56.676860,12.226000000
56.685357,12.227000000
56.690386,12.228000000
56.696568,12.229000000
56.701891,12.230000000
56.711547,12.231000000
56.714004,12.232000000
56.719884,12.233000000
56.738358,12.234000000
56.783422,12.235000000
56.785641,12.236000000
56.807428,12.237000000
56.809785,12.238000000
56.823736,12.239000000
56.843481,12.240000000
56.845860,12.241000000
56.853741,12.242000000
56.866256,12.243000000
56.880264,12.244000000
56.896528,12.245000000
56.899878,12.246000000
56.920636,12.247000000
56.940742,12.248000000
56.943121,12.249000000
56.945654,12.250000000
56.971732,12.251000000
56.980272,12.252000000
56.999254,12.253000000
57.002968,12.254000000
57.022937,12.255000000
57.032692,12.256000000
57.039414,12.257000000
57.044536,12.258000000
57.071788,12.259000000
57.093202,12.260000000
57.108223,12.261000000
57.119183,12.262000000
57.134703,12.263000000
57.148254,12.264000000
57.155174,12.265000000
57.162512,12.266000000
57.170631,12.267000000
57.189629,12.268000000
57.191951,12.269000000
57.200384,12.270000000
57.203131,12.271000000
57.219754,12.272000000
57.232190,12.273000000
57.249610,12.274000000
57.261064,12.275000000
57.264265,12.276000000
57.278803,12.277000000
57.285044,12.278000000
57.287344,12.279000000
57.289673,12.280000000
57.297299,12.281000000
57.304303,12.282000000
57.312585,12.283000000
57.316838,12.284000000
57.320779,12.285000000
57.326315,12.286000000
57.328443,12.287000000
57.333061,12.288000000
57.337650,12.289000000
57.341568,12.290000000
57.345731,12.291000000
57.350201,12.292000000
57.355411,12.293000000
57.358953,12.294000000
57.363125,12.295000000
57.379786,12.296000000
57.394636,12.297000000
57.401695,12.298000000
57.411169,12.299000000
57.416879,12.300000000
57.426657,12.301000000
57.434887,12.302000000
57.443666,12.303000000
57.453439,12.304000000
57.471337,12.305000000
57.477948,12.306000000
57.489484,12.307000000
57.496035,12.308000000
57.501945,12.309000000
57.517065,12.310000000
57.522513,12.311000000
57.525571,12.312000000
57.535089,12.313000000
57.552664,12.314000000
57.557803,12.315000000
57.565895,12.316000000
57.571398,12.317000000
57.576676,12.318000000
57.582253,12.319000000
57.589765,12.320000000
57.594408,12.321000000
57.601536,12.322000000
57.606652,12.323000000
57.613235,12.324000000
57.619482,12.325000000
57.625432,12.326000000
57.638447,12.327000000
57.647325,12.328000000
57.658954,12.329000000
57.695071,12.330000000
57.702118,12.331000000
57.720238,12.332000000
57.724197,12.333000000
57.734213,12.334000000
57.740849,12.335000000
57.760571,12.336000000
57.773325,12.337000000
57.777057,12.338000000
57.792722,12.339000000
57.817722,12.340000000
57.822729,12.341000000
57.849215,12.342000000
57.858689,12.343000000
57.868880,12.344000000
57.882404,12.345000000
57.887265,12.346000000
57.891951,12.347000000
57.901620,12.348000000
57.909294,12.349000000
57.923868,12.350000000
57.926543,12.351000000
57.937736,12.352000000
57.945390,12.353000000
57.948874,12.354000000
57.959135,12.355000000
57.965060,12.356000000
57.968936,12.357000000
57.982590,12.358000000
57.989046,12.359000000
58.015597,12.360000000
58.021590,12.361000000
58.042799,12.362000000
58.056580,12.363000000
58.064603,12.364000000
58.083427,12.365000000
58.089026,12.366000000
58.091904,12.367000000
58.105575,12.368000000
58.120276,12.369000000
58.132796,12.370000000
58.142282,12.371000000
58.149536,12.372000000
58.159109,12.373000000
58.168182,12.374000000
58.176946,12.375000000
58.194604,12.376000000
58.199215,12.377000000
58.218714,12.378000000
58.221092,12.379000000
58.232005,12.380000000
58.243763,12.381000000
58.252224,12.382000000
58.263111,12.383000000
58.273613,12.384000000
58.292283,12.385000000
58.309295,12.386000000
58.315137,12.387000000
58.317400,12.388000000
58.333446,12.389000000
58.351901,12.390000000
58.354362,12.391000000
58.374994,12.392000000
58.386803,12.393000000
58.394400,12.394000000
58.415597,12.395000000
58.417965,12.396000000
58.420173,12.397000000
58.440226,12.398000000
58.449636,12.399000000
58.469333,12.400000000
58.472220,12.401000000
58.485384,12.402000000
58.489659,12.403000000
58.498672,12.404000000
58.511530,12.405000000
58.517369,12.406000000
58.527688,12.407000000
58.535631,12.408000000
58.538670,12.409000000
58.546283,12.410000000
58.571345,12.411000000
58.576692,12.412000000
58.581340,12.413000000
58.585524,12.414000000
58.595641,12.415000000
58.603912,12.416000000
58.613195,12.417000000
58.623423,12.418000000
58.626251,12.419000000
58.659553,12.420000000
58.663822,12.421000000
58.667462,12.422000000
58.671248,12.423000000
58.696009,12.424000000
58.700478,12.425000000
58.720922,12.426000000
58.723972,12.427000000
58.741399,12.428000000
58.745713,12.429000000
58.750767,12.430000000
58.752979,12.431000000
58.784148,12.432000000
58.800333,12.433000000
58.804521,12.434000000
58.819296,12.435000000
58.828635,12.436000000
58.839886,12.437000000
58.854311,12.438000000
58.858332,12.439000000
58.867928,12.440000000
58.878356,12.441000000
58.881073,12.442000000
58.895230,12.443000000
58.903047,12.444000000
58.922786,12.445000000
58.933462,12.446000000
58.940869,12.447000000
58.964910,12.448000000
58.969508,12.449000000
58.992556,12.450000000
59.000978,12.451000000
59.005848,12.452000000
59.008202,12.453000000
59.024010,12.454000000
59.027726,12.455000000
59.032323,12.456000000
59.034741,12.457000000
59.048712,12.458000000
59.051095,12.459000000
59.055489,12.460000000
59.060318,12.461000000
59.064195,12.462000000
59.074298,12.463000000
59.076026,12.464000000
59.078122,12.465000000
59.080148,12.466000000
59.085854,12.467000000
59.087927,12.468000000
59.101663,12.469000000
59.109860,12.470000000
59.114074,12.471000000
59.139722,12.472000000
59.147513,12.473000000
59.154251,12.474000000
59.161419,12.475000000
59.170364,12.476000000
59.172346,12.477000000
59.175812,12.478000000
59.191421,12.479000000
59.224587,12.480000000
59.240127,12.481000000
59.243581,12.482000000
59.251447,12.483000000
59.258596,12.484000000
59.268157,12.485000000
59.295509,12.486000000
59.304897,12.487000000
59.316216,12.488000000
59.316898,12.489000000
59.348836,12.490000000
59.361219,12.491000000
59.374071,12.492000000
59.380875,12.493000000
59.385096,12.494000000
59.389727,12.495000000
59.400510,12.496000000
59.411966,12.497000000
59.419831,12.498000000
59.425176,12.499000000
59.434962,12.500000000
59.442524,12.501000000
59.453031,12.502000000
59.459182,12.503000000
59.467582,12.504000000
59.478930,12.505000000
59.484948,12.506000000
59.489624,12.507000000
59.511899,12.508000000
59.522740,12.509000000
59.537798,12.510000000
59.544601,12.511000000
59.550290,12.512000000
59.571573,12.513000000
59.575605,12.514000000
59.580850,12.515000000
59.596758,12.516000000
59.614562,12.517000000
59.632113,12.518000000
59.636817,12.519000000
59.653852,12.520000000
59.656145,12.521000000
59.665809,12.522000000
59.669974,12.523000000
59.679435,12.524000000
59.697530,12.525000000
59.717438,12.526000000
59.723614,12.527000000
59.731471,12.528000000
59.740393,12.529000000
59.745632,12.530000000
59.755151,12.531000000
59.759550,12.532000000
59.762080,12.533000000
59.776980,12.534000000
59.781176,12.535000000
59.793634,12.536000000
59.802256,12.537000000
59.810181,12.538000000
59.816345,12.539000000
59.824424,12.540000000
59.834040,12.541000000
59.841283,12.542000000
59.846603,12.543000000
59.866553,12.544000000
59.868846,12.545000000
59.873987,12.546000000
59.875985,12.547000000
59.880968,12.548000000
59.911714,12.549000000
59.916115,12.550000000
59.931437,12.551000000
59.939623,12.552000000
59.951635,12.553000000
59.955723,12.554000000
59.964196,12.555000000
59.982926,12.556000000
59.986915,12.557000000
59.989129,12.558000000
60.012230,12.559000000
60.019641,12.560000000
60.030020,12.561000000
60.046078,12.562000000
60.053999,12.563000000
60.060010,12.564000000
60.062581,12.565000000
60.068775,12.566000000
60.083073,12.567000000
60.092751,12.568000000
60.097698,12.569000000
60.107892,12.570000000
60.117744,12.571000000
60.121436,12.572000000
60.131135,12.573000000
60.142077,12.574000000
60.144788,12.575000000
60.159562,12.576000000
60.172432,12.577000000
60.188504,12.578000000
60.197238,12.579000000
60.214569,12.580000000
60.219056,12.581000000
60.221937,12.582000000
60.227813,12.583000000
60.248835,12.584000000
60.266885,12.585000000
60.273128,12.586000000
60.291960,12.587000000
60.295850,12.588000000
60.298728,12.589000000
60.308549,12.590000000
60.334488,12.591000000
60.336917,12.592000000
60.339069,12.593000000
60.344402,12.594000000
60.366481,12.595000000
60.370321,12.596000000
60.388292,12.597000000
60.405918,12.598000000
60.412037,12.599000000
60.419447,12.600000000
60.426218,12.601000000
60.430119,12.602000000
60.454481,12.603000000
60.483866,12.604000000
60.500616,12.605000000
60.503540,12.606000000
60.515269,12.607000000
60.528069,12.608000000
60.538389,12.609000000
60.552159,12.610000000
60.567775,12.611000000
60.581314,12.612000000
60.591290,12.613000000
60.605902,12.614000000
60.613972,12.615000000
60.636709,12.616000000
60.643559,12.617000000
60.661669,12.618000000
60.670633,12.619000000
60.692255,12.620000000
60.698899,12.621000000
60.714674,12.622000000
60.720612,12.623000000
60.729630,12.624000000
60.739477,12.625000000
60.756845,12.626000000
60.764643,12.627000000
60.778992,12.628000000
60.790544,12.629000000
60.828683,12.630000000
60.860472,12.631000000
60.872215,12.632000000
60.881272,12.633000000
60.888899,12.634000000
60.900983,12.635000000
60.921081,12.636000000
60.939338,12.637000000
60.939898,12.638000000
60.948502,12.639000000
60.953128,12.640000000
60.978950,12.641000000
61.000693,12.642000000
61.013989,12.643000000
61.020053,12.644000000
61.031904,12.645000000
61.041228,12.646000000
61.049738,12.647000000
61.055619,12.648000000
61.064001,12.649000000
61.077305,12.650000000
61.082652,12.651000000
61.092269,12.652000000
61.106800,12.653000000
61.113405,12.654000000
61.133719,12.655000000
61.154776,12.656000000
61.164818,12.657000000
61.170930,12.658000000
61.179207,12.659000000
61.184279,12.660000000
61.207845,12.661000000
61.207935,12.666000000
61.217655,12.667000000
61.224336,12.668000000
61.236136,12.669000000
61.250377,12.670000000
61.253523,12.671000000
61.255906,12.672000000
61.262657,12.673000000
61.264604,12.674000000
61.271727,12.675000000
61.287379,12.676000000
61.295888,12.677000000
61.304594,12.678000000
61.308132,12.679000000
61.332329,12.680000000
61.345765,12.681000000
61.355223,12.682000000
61.369258,12.683000000
61.375728,12.684000000
61.381608,12.685000000
61.411118,12.686000000
61.426892,12.687000000
61.436793,12.688000000
61.447991,12.689000000
61.455899,12.690000000
61.466051,12.691000000
61.475248,12.692000000
61.485032,12.693000000
61.495249,12.694000000
61.506194,12.695000000
61.513149,12.696000000
61.516795,12.697000000
61.532781,12.698000000
61.537471,12.699000000
61.546778,12.700000000
61.553847,12.701000000
61.557519,12.702000000
61.582229,12.703000000
61.584609,12.704000000
61.599007,12.705000000
61.603652,12.706000000
61.608904,12.707000000
61.611336,12.708000000
61.632654,12.709000000
61.637304,12.710000000
61.641257,12.711000000
61.658271,12.712000000
61.662744,12.713000000
61.667001,12.714000000
61.692729,12.715000000
61.703882,12.716000000
61.708100,12.717000000
61.717488,12.718000000
61.739052,12.719000000
61.747032,12.720000000
61.756918,12.721000000
61.766819,12.722000000
61.772877,12.723000000
61.783745,12.724000000
61.793738,12.725000000
61.802226,12.726000000
61.811642,12.727000000
61.817535,12.728000000
61.840328,12.729000000
61.854696,12.730000000
61.861027,12.731000000
61.864170,12.732000000
61.884462,12.733000000
61.886492,12.734000000
61.889369,12.735000000
61.892249,12.736000000
61.895783,12.737000000
61.900491,12.738000000
61.903505,12.739000000
61.909505,12.740000000
61.910653,12.741000000
61.912873,12.742000000
61.915339,12.743000000
61.917320,12.744000000
61.919453,12.745000000
61.921674,12.746000000
61.923791,12.747000000
61.925961,12.748000000
61.933358,12.749000000
61.937994,12.750000000
61.940221,12.751000000
61.944203,12.752000000
61.950142,12.753000000
61.958260,12.754000000
61.962744,12.755000000
61.964845,12.756000000
61.969052,12.757000000
61.972535,12.758000000
61.976071,12.759000000
61.987814,12.760000000
61.996692,12.761000000
61.998931,12.762000000
62.001197,12.763000000
62.004207,12.764000000
62.007728,12.765000000
62.011546,12.766000000
62.013852,12.767000000
62.016270,12.768000000
62.021405,12.769000000
62.023914,12.770000000
62.026482,12.771000000
62.028864,12.772000000
62.031277,12.773000000
62.038477,12.774000000
62.046527,12.775000000
62.048892,12.776000000
62.051053,12.777000000
62.053223,12.778000000
62.055367,12.779000000
62.058640,12.780000000
62.061051,12.781000000
62.069881,12.782000000
62.071815,12.783000000
62.079308,12.784000000
62.088990,12.785000000
62.093511,12.786000000
62.104802,12.787000000
62.110960,12.788000000
62.119884,12.789000000
62.135611,12.790000000
62.143054,12.791000000
62.150730,12.792000000
62.161066,12.793000000
62.173001,12.794000000
62.179012,12.795000000
62.189705,12.796000000
62.194114,12.797000000
62.202536,12.798000000
62.211678,12.799000000
62.222277,12.800000000
62.231952,12.801000000
62.235083,12.802000000
62.239234,12.803000000
62.243729,12.804000000
62.250230,12.805000000
62.255527,12.806000000
62.259467,12.807000000
62.261729,12.808000000
62.277095,12.809000000
62.280921,12.810000000
62.286462,12.811000000
62.293324,12.812000000
62.295417,12.813000000
62.302069,12.814000000
62.306175,12.815000000
62.311468,12.816000000
62.315563,12.817000000
62.319763,12.818000000
62.331430,12.819000000
62.343932,12.820000000
62.350154,12.821000000
62.355354,12.822000000
62.360709,12.823000000
62.364657,12.824000000
62.371339,12.825000000
62.371415,12.827000000
62.373324,12.828000000
62.375466,12.829000000
62.381896,12.830000000
62.385028,12.831000000
62.387259,12.832000000
62.389435,12.833000000
62.392490,12.834000000
62.397394,12.835000000
62.399745,12.836000000
62.401893,12.837000000
62.404209,12.838000000
62.406235,12.839000000
62.408367,12.840000000
62.410526,12.841000000
62.412615,12.842000000
62.422424,12.843000000
62.431278,12.844000000
62.436198,12.845000000
62.439969,12.846000000
62.442616,12.847000000
62.449612,12.848000000
62.457261,12.849000000
62.464777,12.850000000
62.467058,12.851000000
62.473689,12.852000000
62.477948,12.853000000
62.482259,12.854000000
62.484525,12.855000000
62.491076,12.856000000
62.535803,12.857000000
62.540314,12.858000000
62.542452,12.859000000
62.554189,12.860000000
62.561041,12.861000000
62.578799,12.862000000
62.592253,12.863000000
62.596620,12.864000000
62.643811,12.865000000
62.649045,12.866000000
62.678623,12.867000000
62.691876,12.868000000
62.705414,12.869000000
62.705463,12.870000000
62.710054,12.871000000
62.723629,12.872000000
62.731182,12.873000000
62.738955,12.874000000
62.764480,12.875000000
62.799671,12.876000000
62.806244,12.877000000
62.812934,12.878000000
62.837141,12.879000000
62.842752,12.880000000
62.856511,12.881000000
62.862282,12.882000000
62.871463,12.883000000
62.878376,12.884000000
62.883646,12.885000000
62.895509,12.886000000
62.901665,12.887000000
62.914107,12.888000000
62.923683,12.889000000
62.940334,12.890000000
62.949821,12.891000000
62.953759,12.892000000
62.982567,12.893000000
62.991174,12.894000000
63.012051,12.895000000
63.027328,12.896000000
63.029505,12.897000000
63.032611,12.898000000
63.049862,12.899000000
63.053614,12.900000000
63.063064,12.901000000
63.087488,12.902000000
63.091646,12.903000000
63.100096,12.904000000
63.109186,12.905000000
63.114019,12.906000000
63.117246,12.907000000
63.139927,12.908000000
63.152320,12.909000000
63.158976,12.910000000
63.170398,12.911000000
63.187720,12.912000000
63.199364,12.913000000
63.213660,12.914000000
63.223105,12.915000000
63.228213,12.916000000
63.239555,12.917000000
63.244794,12.918000000
63.254246,12.919000000
63.261454,12.920000000
63.273135,12.921000000
63.277334,12.922000000
63.300862,12.923000000
63.322796,12.924000000
63.331909,12.925000000
63.337722,12.926000000
63.352348,12.927000000
63.356115,12.928000000
63.367365,12.929000000
63.391507,12.930000000
63.396487,12.931000000
63.403865,12.932000000
63.416514,12.933000000
63.420365,12.934000000
63.431841,12.935000000
63.458506,12.936000000
63.470933,12.937000000
63.480408,12.938000000
63.485997,12.939000000
63.497330,12.940000000
63.502265,12.941000000
63.514552,12.942000000
63.514594,12.943000000
63.518448,12.944000000
63.522156,12.945000000
63.526522,12.946000000
63.531089,12.947000000
63.535706,12.948000000
63.538779,12.949000000
63.543198,12.950000000
63.547232,12.951000000
63.558948,12.952000000
63.561532,12.953000000
63.563764,12.954000000
63.570787,12.955000000
63.590586,12.956000000
63.595402,12.957000000
63.605885,12.958000000
63.626673,12.959000000
63.631547,12.960000000
63.644501,12.961000000
63.659389,12.962000000
63.669277,12.963000000
63.688597,12.964000000
63.693937,12.965000000
63.701479,12.966000000
63.707237,12.967000000
63.719606,12.968000000
63.729261,12.969000000
63.759409,12.970000000
63.772345,12.971000000
63.791679,12.972000000
63.799138,12.973000000
63.812215,12.974000000
63.821528,12.975000000
63.833404,12.976000000
63.843740,12.977000000
63.853308,12.978000000
63.865136,12.979000000
63.874580,12.980000000
63.881117,12.981000000
63.885271,12.982000000
63.892023,12.983000000
63.896000,12.984000000
63.899260,12.985000000
63.916014,12.986000000
63.922115,12.987000000
63.937008,12.988000000
63.941420,12.989000000
63.946913,12.990000000
63.956744,12.991000000
63.960666,12.992000000
63.964869,12.993000000
63.981763,12.994000000
63.986211,12.995000000
63.990113,12.996000000
63.998821,12.997000000
64.004546,12.998000000
64.006674,12.999000000
64.025709,13.000000000
64.033877,13.001000000
64.040494,13.002000000
64.055764,13.003000000
64.060605,13.004000000
64.070968,13.005000000
64.078266,13.006000000
64.086874,13.007000000
64.101326,13.008000000
64.114717,13.009000000
64.125915,13.010000000
64.132833,13.011000000
64.161271,13.012000000
64.168122,13.013000000
64.174077,13.014000000
64.201172,13.015000000
64.209795,13.016000000
64.219710,13.017000000
64.236101,13.018000000
64.242044,13.019000000
64.257365,13.020000000
64.291175,13.021000000
64.302831,13.022000000
64.307055,13.023000000
64.309128,13.024000000
64.315374,13.025000000
64.324289,13.026000000
64.331044,13.027000000
64.331191,13.028000000
64.333395,13.029000000
64.335697,13.030000000
64.338609,13.031000000
64.340728,13.032000000
64.342918,13.033000000
64.345056,13.034000000
64.366729,13.035000000
64.377822,13.036000000
64.402006,13.037000000
64.417408,13.038000000
64.428370,13.039000000
64.441298,13.040000000
64.453667,13.041000000
64.467295,13.042000000
64.473673,13.043000000
64.480172,13.044000000
64.489385,13.045000000
64.494029,13.046000000
64.509089,13.047000000
64.515055,13.048000000
64.519607,13.049000000
64.527592,13.050000000
64.534171,13.051000000
64.537273,13.052000000
64.543718,13.053000000
64.546064,13.054000000
64.548533,13.055000000
64.550462,13.056000000
64.552797,13.057000000
64.554934,13.058000000
64.557104,13.059000000
64.559276,13.060000000
64.563914,13.061000000
64.577914,13.062000000
64.583060,13.063000000
64.599482,13.064000000
64.616525,13.065000000
64.618892,13.066000000
64.625484,13.067000000
64.640567,13.068000000
64.644161,13.069000000
64.649924,13.070000000
64.658820,13.071000000
64.664227,13.072000000
64.668338,13.073000000
64.678485,13.074000000
64.704223,13.075000000
64.709469,13.076000000
64.713335,13.077000000
64.728891,13.078000000
64.735135,13.079000000
64.737364,13.080000000
64.744303,13.081000000
64.769707,13.082000000
64.773510,13.083000000
64.782828,13.084000000
64.782872,13.085000000
64.790247,13.086000000
64.799787,13.087000000
64.805941,13.088000000
64.809715,13.089000000
64.819908,13.090000000
64.828379,13.091000000
64.836235,13.092000000
64.843812,13.093000000
64.859233,13.094000000
64.873645,13.095000000
64.909054,13.096000000
64.928752,13.097000000
64.951609,13.098000000
64.955098,13.099000000
64.957394,13.100000000
64.959759,13.101000000
64.961956,13.102000000
64.964520,13.103000000
64.973629,13.104000000
64.983088,13.105000000
64.987249,13.106000000
64.998683,13.107000000
65.003207,13.108000000
65.019012,13.109000000
65.022951,13.110000000
65.042679,13.111000000
65.052306,13.112000000
65.080240,13.113000000
65.092994,13.114000000
65.101775,13.115000000
65.110749,13.116000000
65.120580,13.117000000
65.127839,13.118000000
65.138186,13.119000000
65.148260,13.120000000
65.158902,13.121000000
65.168066,13.122000000
65.180421,13.123000000
65.185295,13.124000000
65.195278,13.125000000
65.202213,13.126000000
65.205543,13.127000000
65.225035,13.128000000
65.228739,13.129000000
65.246414,13.130000000
65.253798,13.131000000
65.257921,13.132000000
65.267972,13.133000000
65.276000,13.134000000
65.299985,13.135000000
65.303025,13.136000000
65.309647,13.137000000
65.324254,13.138000000
65.335457,13.139000000
65.340573,13.140000000
65.367021,13.141000000
65.372537,13.142000000
65.385918,13.143000000
65.392714,13.144000000
65.401005,13.145000000
65.406984,13.146000000
65.412720,13.147000000
65.434859,13.148000000
65.441799,13.149000000
65.455728,13.150000000
65.465850,13.151000000
65.473769,13.152000000
65.489764,13.153000000
65.497215,13.154000000
65.508799,13.155000000
65.531577,13.156000000
65.537450,13.157000000
65.560328,13.158000000
65.567360,13.159000000
65.574270,13.160000000
65.589613,13.161000000
65.589662,13.162000000
65.606629,13.163000000
65.615871,13.164000000
65.625806,13.165000000
65.634269,13.166000000
65.643974,13.167000000
65.654408,13.168000000
65.666933,13.169000000
65.680754,13.170000000
65.690095,13.171000000
65.703663,13.172000000
65.703710,13.173000000
65.715038,13.174000000
65.715088,13.175000000
65.725858,13.176000000
65.733881,13.177000000
65.743593,13.178000000
65.757644,13.179000000
65.774647,13.180000000
65.783602,13.181000000
65.783651,13.184000000
65.804994,13.185000000
65.805055,13.189000000
65.807576,13.190000000
65.809992,13.191000000
65.812717,13.192000000
65.815375,13.193000000
65.818314,13.194000000
65.823991,13.195000000
65.827266,13.196000000
65.830040,13.197000000
65.839233,13.198000000
65.842913,13.199000000
65.845864,13.200000000
65.861560,13.201000000
65.868445,13.202000000
65.870892,13.203000000
65.873391,13.204000000
65.875612,13.205000000
65.889331,13.206000000
65.892909,13.207000000
65.899379,13.208000000
65.901864,13.209000000
65.905530,13.210000000
65.908229,13.211000000
65.910533,13.212000000
65.941286,13.213000000
65.947275,13.214000000
65.961664,13.215000000
65.961822,13.216000000
65.985574,13.217000000
65.988460,13.218000000
66.001159,13.219000000
66.001305,13.220000000
66.013831,13.221000000
66.013940,13.222000000
66.015399,13.223000000
66.020967,13.224000000
66.028411,13.225000000
66.036604,13.226000000
66.046603,13.227000000
66.058034,13.228000000
66.063790,13.229000000
66.070656,13.230000000
66.073191,13.231000000
66.076959,13.232000000
66.079292,13.233000000
66.084552,13.234000000
66.087904,13.235000000
66.090424,13.236000000
66.094105,13.237000000
66.096843,13.238000000
66.101092,13.239000000
66.103249,13.240000000
66.105844,13.241000000
66.127845,13.242000000
66.134668,13.243000000
66.141478,13.244000000
66.149447,13.245000000
66.163759,13.246000000
66.169284,13.247000000
66.175289,13.248000000
66.188147,13.249000000
66.194772,13.250000000
66.198222,13.251000000
66.200700,13.252000000
66.214902,13.253000000
66.219164,13.254000000
66.221504,13.255000000
66.223719,13.256000000
66.226675,13.257000000
66.234761,13.258000000
66.242405,13.259000000
66.255174,13.260000000
66.259803,13.261000000
66.262733,13.262000000
66.266733,13.263000000
66.269072,13.264000000
66.277596,13.265000000
66.286705,13.266000000
66.290107,13.267000000
66.297596,13.268000000
66.303945,13.269000000
66.306573,13.270000000
66.332381,13.271000000
66.336322,13.272000000
66.342460,13.273000000
66.365158,13.274000000
66.370438,13.275000000
66.375327,13.276000000
66.382237,13.277000000
66.384841,13.278000000
66.391464,13.279000000
66.393747,13.280000000
66.396366,13.281000000
66.398913,13.282000000
66.403812,13.283000000
66.408811,13.284000000
66.410991,13.285000000
66.421950,13.286000000
66.430710,13.287000000
66.433174,13.288000000
66.442468,13.289000000
66.444431,13.290000000
66.446382,13.291000000
66.448798,13.292000000
66.455985,13.293000000
66.460813,13.294000000
66.506732,13.295000000
66.518695,13.296000000
66.529562,13.297000000
66.540690,13.298000000
66.553648,13.299000000
66.567180,13.300000000
66.588063,13.301000000
66.592522,13.302000000
66.602793,13.303000000
66.611654,13.304000000
66.623660,13.305000000
66.636547,13.306000000
66.648470,13.307000000
66.669564,13.308000000
66.672518,13.309000000
66.676387,13.310000000
66.681684,13.311000000
66.687900,13.312000000
66.693835,13.313000000
66.701909,13.314000000
66.706097,13.315000000
66.711457,13.316000000
66.717502,13.317000000
66.723645,13.318000000
66.727631,13.319000000
66.735920,13.320000000
66.739915,13.321000000
66.748323,13.322000000
66.754604,13.323000000
66.763628,13.324000000
66.765634,13.325000000
66.779197,13.326000000
66.796116,13.327000000
66.808268,13.328000000
66.813916,13.329000000
66.822800,13.330000000
66.840105,13.331000000
66.843897,13.332000000
66.844750,13.333000000
66.846884,13.334000000
66.849035,13.335000000
66.851177,13.336000000
66.861001,13.337000000
66.867737,13.338000000
66.881958,13.339000000
66.885851,13.340000000
66.890047,13.341000000
66.894051,13.342000000
66.907542,13.343000000
66.916567,13.344000000
66.920115,13.345000000
66.935114,13.346000000
66.945453,13.347000000
66.957576,13.348000000
66.981526,13.349000000
66.986933,13.350000000
66.996672,13.351000000
67.011370,13.352000000
67.026035,13.353000000
67.054898,13.354000000
67.057210,13.355000000
67.078397,13.356000000
67.085479,13.357000000
67.094425,13.358000000
67.107621,13.359000000
67.123149,13.360000000
67.124855,13.361000000
67.145228,13.362000000
67.147785,13.363000000
67.153872,13.364000000
67.172800,13.365000000
67.174784,13.366000000
67.191624,13.367000000
67.208594,13.368000000
67.216791,13.369000000
67.226337,13.370000000
67.230424,13.371000000
67.238933,13.372000000
67.242042,13.373000000
67.247320,13.374000000
67.251865,13.375000000
67.254537,13.376000000
67.258456,13.377000000
67.264529,13.378000000
67.268814,13.379000000
67.277228,13.380000000
67.290684,13.381000000
67.297092,13.382000000
67.308465,13.383000000
67.314013,13.384000000
67.325007,13.385000000
67.362403,13.386000000
67.374985,13.387000000
67.388557,13.388000000
67.392392,13.389000000
67.402606,13.390000000
67.410703,13.391000000
67.414781,13.392000000
67.425930,13.393000000
67.427548,13.394000000
67.429532,13.395000000
67.435507,13.396000000
67.437641,13.397000000
67.451403,13.398000000
67.459808,13.399000000
67.461823,13.400000000
67.464792,13.401000000
67.471365,13.402000000
67.478320,13.403000000
67.503273,13.404000000
67.509399,13.405000000
67.511308,13.406000000
67.520247,13.407000000
67.522575,13.408000000
67.525106,13.409000000
67.542899,13.410000000
67.545195,13.411000000
67.547200,13.412000000
67.549715,13.413000000
67.560696,13.414000000
67.563078,13.415000000
67.566924,13.416000000
67.595097,13.417000000
67.613301,13.418000000
67.613354,13.419000000
67.641742,13.420000000
67.643475,13.421000000
67.650420,13.422000000
67.657931,13.423000000
67.664373,13.424000000
67.675196,13.425000000
67.679752,13.426000000
67.690863,13.427000000
67.700933,13.428000000
67.704494,13.429000000
67.711497,13.430000000
67.713772,13.431000000
67.715856,13.432000000
67.717950,13.433000000
67.729136,13.434000000
67.731431,13.435000000
67.733910,13.436000000
67.736280,13.437000000
67.740094,13.438000000
67.742925,13.439000000
67.745585,13.440000000
67.749652,13.441000000
67.751431,13.442000000
67.758849,13.443000000
67.760822,13.444000000
67.762857,13.445000000
67.764747,13.446000000
67.766767,13.447000000
67.768960,13.448000000
67.770894,13.449000000
67.779512,13.450000000
67.782392,13.451000000
67.784544,13.452000000
67.790845,13.453000000
67.792719,13.454000000
67.796432,13.455000000
67.804378,13.456000000
67.819618,13.457000000
67.823113,13.458000000
67.833781,13.459000000
67.843825,13.460000000
67.847073,13.461000000
67.855824,13.462000000
67.858967,13.463000000
67.887523,13.464000000
67.890323,13.465000000
67.900869,13.466000000
67.904933,13.467000000
67.912191,13.468000000
67.918729,13.469000000
67.954459,13.470000000
67.958766,13.471000000
67.970135,13.472000000
67.979927,13.473000000
67.986179,13.474000000
67.997240,13.475000000
68.010856,13.476000000
68.014889,13.477000000
68.021735,13.478000000
68.037672,13.479000000
68.041732,13.480000000
68.048515,13.481000000
68.055818,13.482000000
68.061317,13.483000000
68.066268,13.484000000
68.087698,13.485000000
68.092330,13.486000000
68.113757,13.487000000
68.128181,13.488000000
68.131320,13.489000000
68.149568,13.490000000
68.154073,13.491000000
68.162982,13.492000000
68.175921,13.493000000
68.183283,13.494000000
68.197647,13.495000000
68.209471,13.496000000
68.222656,13.497000000
68.222703,13.498000000
68.246118,13.499000000
68.259974,13.500000000
68.261694,13.501000000
68.279556,13.502000000
68.279617,13.503000000
68.291402,13.504000000
68.302231,13.505000000
68.302275,13.506000000
68.323346,13.507000000
68.323391,13.508000000
68.339106,13.509000000
68.349300,13.510000000
68.367955,13.511000000
68.368030,13.512000000
68.388436,13.513000000
68.406354,13.514000000
68.416201,13.515000000
68.432087,13.516000000
68.445282,13.517000000
68.464231,13.518000000
68.464277,13.519000000
68.485127,13.520000000
68.498950,13.521000000
68.507649,13.522000000
68.525952,13.523000000
68.530067,13.524000000
68.546812,13.525000000
68.551436,13.526000000
68.571202,13.527000000
68.580389,13.528000000
68.601334,13.529000000
68.606588,13.530000000
68.617619,13.531000000
68.625505,13.532000000
68.634542,13.533000000
68.644112,13.534000000
68.653857,13.535000000
68.653905,13.536000000
68.666699,13.537000000
68.668809,13.538000000
68.671482,13.539000000
68.674414,13.540000000
68.676513,13.541000000
68.679174,13.542000000
68.681309,13.543000000
68.683481,13.544000000
68.685607,13.545000000
68.687716,13.546000000
68.689941,13.547000000
68.692160,13.548000000
68.694257,13.549000000
68.696372,13.550000000
68.698441,13.551000000
68.701040,13.552000000
68.703095,13.553000000
68.705152,13.554000000
68.711969,13.555000000
68.714054,13.556000000
68.716144,13.557000000
68.718215,13.558000000
68.720309,13.559000000
68.722428,13.560000000
68.724483,13.561000000
68.727117,13.562000000
68.729668,13.563000000
68.731948,13.564000000
68.733937,13.565000000
68.736038,13.566000000
68.738232,13.567000000
68.740300,13.568000000
68.742415,13.569000000
68.744564,13.570000000
68.746776,13.571000000
68.749236,13.572000000
68.773116,13.573000000
68.783442,13.574000000
68.794436,13.575000000
68.800487,13.576000000
68.811059,13.577000000
68.817129,13.578000000
68.830199,13.579000000
68.834395,13.580000000
68.846925,13.581000000
68.853008,13.582000000
68.866710,13.583000000
68.873281,13.584000000
68.885569,13.585000000
68.890870,13.586000000
68.899017,13.587000000
68.903222,13.588000000
68.931851,13.589000000
68.934289,13.590000000
68.944406,13.591000000
68.948708,13.592000000
68.951993,13.593000000
68.964493,13.594000000
68.969523,13.595000000
68.992154,13.596000000
68.994612,13.597000000
69.009014,13.598000000
69.015180,13.599000000
69.033254,13.600000000
69.046017,13.601000000
69.050667,13.602000000
69.062862,13.603000000
69.067785,13.604000000
69.071871,13.605000000
69.077282,13.606000000
69.093336,13.607000000
69.105334,13.608000000
69.115053,13.609000000
69.118218,13.610000000
69.132310,13.611000000
69.136153,13.612000000
69.145214,13.613000000
69.148525,13.614000000
69.155044,13.615000000
69.157279,13.616000000
69.169445,13.617000000
69.178222,13.618000000
69.187278,13.619000000
69.190919,13.620000000
69.196289,13.621000000
69.203960,13.622000000
69.209603,13.623000000
69.213732,13.624000000
69.215883,13.625000000
69.223235,13.626000000
69.227776,13.627000000
69.230564,13.628000000
69.236390,13.629000000
69.238607,13.630000000
69.245036,13.631000000
69.248102,13.632000000
69.253989,13.633000000
69.260076,13.634000000
69.267894,13.635000000
69.284498,13.636000000
69.286641,13.637000000
69.288851,13.638000000
69.307184,13.639000000
69.309718,13.640000000
69.316207,13.641000000
69.320841,13.642000000
69.323972,13.643000000
69.327652,13.644000000
69.329776,13.645000000
69.335016,13.646000000
69.340559,13.647000000
69.346534,13.648000000
69.349511,13.649000000
69.351453,13.650000000
69.368087,13.651000000
69.370234,13.652000000
69.372823,13.653000000
69.396422,13.654000000
69.398634,13.655000000
69.402008,13.656000000
69.410447,13.657000000
69.412606,13.658000000
69.416684,13.659000000
69.418847,13.660000000
69.429524,13.661000000
69.440053,13.662000000
69.450987,13.663000000
69.464387,13.664000000
69.467441,13.665000000
69.469820,13.666000000
69.489251,13.667000000
69.489831,13.668000000
69.492531,13.669000000
69.499817,13.670000000
69.501974,13.671000000
69.504106,13.672000000
69.510739,13.673000000
69.514713,13.674000000
69.518914,13.675000000
69.523947,13.676000000
69.525991,13.677000000
69.532412,13.678000000
69.537349,13.679000000
69.541424,13.680000000
69.544502,13.681000000
69.554280,13.682000000
69.556342,13.683000000
69.560474,13.684000000
69.562760,13.685000000
69.569978,13.686000000
69.574725,13.687000000
69.578104,13.688000000
69.580354,13.689000000
69.587056,13.690000000
69.590124,13.691000000
69.595808,13.692000000
69.597712,13.693000000
69.604519,13.694000000
69.608697,13.695000000
69.614660,13.696000000
69.616796,13.697000000
69.622505,13.698000000
69.627698,13.699000000
69.631777,13.700000000
69.635882,13.701000000
69.638139,13.702000000
69.644781,13.703000000
69.651857,13.704000000
69.654431,13.705000000
69.661005,13.706000000
69.666588,13.707000000
69.668804,13.708000000
69.676203,13.709000000
69.678457,13.710000000
69.681135,13.711000000
69.689738,13.712000000
69.691749,13.713000000
69.693968,13.714000000
69.700627,13.715000000
69.706020,13.716000000
69.710157,13.717000000
69.712397,13.718000000
69.718031,13.719000000
69.723916,13.720000000
69.727302,13.721000000
69.729388,13.722000000
69.733711,13.723000000
69.742968,13.724000000
69.747119,13.725000000
69.751655,13.726000000
69.756148,13.727000000
69.762004,13.728000000
69.766133,13.729000000
69.770594,13.730000000
69.772768,13.731000000
69.779634,13.732000000
69.784292,13.733000000
69.817099,13.734000000
69.817897,13.735000000
69.821598,13.736000000
69.823776,13.737000000
69.831025,13.738000000
69.844025,13.739000000
69.855282,13.740000000
69.878865,13.741000000
69.894528,13.742000000
69.894580,13.743000000
69.912009,13.744000000
69.924035,13.745000000
69.928362,13.746000000
69.951426,13.747000000
69.963467,13.748000000
69.974661,13.749000000
69.987375,13.750000000
69.987422,13.751000000
70.006609,13.752000000
70.032461,13.753000000
70.032509,13.754000000
70.044178,13.755000000
70.056345,13.756000000
70.064448,13.757000000
70.065097,13.758000000
70.080820,13.759000000
70.090884,13.760000000
70.093279,13.761000000
70.107866,13.762000000
70.110153,13.763000000
70.117717,13.764000000
70.126634,13.765000000
70.130200,13.766000000
70.140601,13.767000000
70.146558,13.768000000
70.175521,13.769000000
70.185690,13.770000000
70.205254,13.771000000
70.230551,13.772000000
70.237679,13.773000000
70.252192,13.774000000
70.269986,13.775000000
70.282830,13.776000000
70.297729,13.777000000
70.318973,13.778000000
70.336386,13.779000000
70.340755,13.780000000
70.358647,13.781000000
70.368203,13.782000000
70.380065,13.783000000
70.394002,13.784000000
70.415042,13.785000000
70.434741,13.786000000
70.437395,13.787000000
70.452439,13.788000000
70.465452,13.789000000
70.465503,13.791000000
70.471315,13.792000000
70.482643,13.793000000
70.513010,13.794000000
70.518843,13.795000000
70.529008,13.796000000
70.536482,13.797000000
70.537819,13.798000000
70.551800,13.799000000
70.556006,13.800000000
70.571980,13.801000000
70.581854,13.802000000
70.581928,13.804000000
70.591964,13.805000000
70.593427,13.806000000
70.622906,13.807000000
70.622959,13.810000000
70.634808,13.811000000
70.642010,13.812000000
70.656788,13.813000000
70.656847,13.814000000
70.661867,13.815000000
70.674932,13.816000000
70.682471,13.817000000
70.699892,13.818000000
70.699940,13.819000000
70.720347,13.820000000
70.720404,13.821000000
70.720433,13.823000000
70.730896,13.824000000
70.730994,13.825000000
70.742822,13.826000000
70.742915,13.827000000
70.757660,13.828000000
70.758264,13.829000000
70.769310,13.830000000
70.769354,13.831000000
70.784195,13.832000000
70.784240,13.833000000
70.791777,13.834000000
70.791818,13.835000000
70.805301,13.836000000
70.806771,13.837000000
70.817043,13.838000000
70.832301,13.839000000
70.832345,13.841000000
70.838698,13.842000000
70.857821,13.843000000
70.857869,13.845000000
70.864470,13.846000000
70.870781,13.847000000
70.877126,13.848000000
70.895256,13.849000000
70.895300,13.851000000
70.896427,13.852000000
70.904726,13.853000000
70.921774,13.854000000
70.921819,13.856000000
70.937127,13.857000000
70.937173,13.859000000
70.943900,13.860000000
70.955619,13.861000000
70.955693,13.862000000
70.961664,13.863000000
70.969383,13.864000000
70.969426,13.865000000
70.983941,13.866000000
70.983997,13.867000000
71.009611,13.868000000
71.009657,13.869000000
71.020777,13.870000000
71.038126,13.871000000
71.039983,13.872000000
71.057388,13.873000000
71.057448,13.880000000
71.065176,13.881000000
71.065221,13.883000000
71.066838,13.884000000
71.086644,13.885000000
71.086697,13.888000000
71.091612,13.889000000
71.091657,13.890000000
71.104045,13.891000000
71.104095,13.895000000
71.115174,13.896000000
71.115223,13.900000000
71.125669,13.901000000
71.126831,13.902000000
71.142799,13.903000000
71.142847,13.904000000
71.151417,13.905000000
71.151462,13.906000000
71.160766,13.907000000
71.162500,13.908000000
71.167170,13.909000000
71.180450,13.910000000
71.192596,13.911000000
71.192642,13.912000000
71.204362,13.913000000
71.204403,13.915000000
71.210488,13.916000000
71.223274,13.917000000
71.223342,13.918000000
71.233294,13.919000000
71.234091,13.920000000
71.244314,13.921000000
71.244361,13.922000000
71.260363,13.923000000
71.261060,13.924000000
71.266431,13.925000000
71.266468,13.926000000
71.277267,13.927000000
71.288063,13.928000000
71.288476,13.929000000
71.295346,13.930000000
71.310897,13.931000000
71.310946,13.933000000
71.320584,13.934000000
71.326745,13.935000000
71.334308,13.936000000
71.347243,13.937000000
71.347290,13.939000000
71.356107,13.940000000
71.356148,13.943000000
71.357205,13.944000000
71.364307,13.945000000
71.364351,13.947000000
71.368630,13.948000000
71.368670,13.949000000
71.369821,13.950000000
71.375727,13.951000000
71.375767,13.952000000
71.380801,13.953000000
71.380836,13.954000000
71.387443,13.955000000
71.387482,13.957000000
71.391114,13.958000000
71.391150,13.959000000
71.392557,13.960000000
71.402246,13.961000000
71.402289,13.964000000
71.411763,13.965000000
71.415991,13.966000000
71.433031,13.967000000
71.433752,13.968000000
71.439230,13.969000000
71.445458,13.970000000
71.462513,13.971000000
71.462586,13.972000000
71.472486,13.973000000
71.473479,13.974000000
71.482734,13.975000000
71.491018,13.976000000
71.495722,13.977000000
71.511240,13.978000000
71.511292,13.979000000
71.521633,13.980000000
71.521679,13.981000000
71.531636,13.982000000
71.532495,13.983000000
71.539649,13.984000000
71.547379,13.985000000
71.553334,13.986000000
71.560801,13.987000000
71.562098,13.988000000
71.574222,13.989000000
71.584319,13.990000000
71.584363,13.991000000
71.585741,13.992000000
71.599231,13.993000000
71.612939,13.994000000
71.612986,13.995000000
71.619272,13.996000000
71.628439,13.997000000
71.628484,13.998000000
71.635058,13.999000000
71.655550,14.000000000
71.667324,14.001000000
71.667379,14.003000000
71.676654,14.004000000
71.676701,14.005000000
71.687061,14.006000000
71.703811,14.007000000
71.703857,14.008000000
71.704465,14.009000000
71.716796,14.010000000
71.716838,14.011000000
71.723559,14.012000000
71.735888,14.013000000
71.735933,14.015000000
71.748611,14.016000000
71.758874,14.017000000
71.758948,14.018000000
71.767636,14.019000000
71.767680,14.020000000
71.782026,14.021000000
71.782072,14.022000000
71.784082,14.023000000
71.806607,14.024000000
71.815685,14.025000000
71.824342,14.026000000
71.824385,14.027000000
71.824746,14.028000000
71.827260,14.029000000
71.842053,14.030000000
71.849168,14.031000000
71.869871,14.032000000
71.869919,14.033000000
71.872331,14.034000000
71.884053,14.035000000
71.884101,14.037000000
71.887479,14.038000000
71.916095,14.039000000
71.946644,14.040000000
71.953183,14.041000000
71.969802,14.042000000
71.983658,14.043000000
71.987036,14.044000000
72.015152,14.045000000
72.023895,14.046000000
72.032149,14.047000000
72.046510,14.048000000
72.052130,14.049000000
72.060687,14.050000000
72.096255,14.051000000
72.106615,14.052000000
72.118338,14.053000000
72.118387,14.054000000
72.122030,14.055000000
72.140894,14.056000000
72.150102,14.057000000
72.158273,14.058000000
72.168472,14.059000000
72.171929,14.060000000
72.189665,14.061000000
72.197736,14.062000000
72.210637,14.063000000
72.216857,14.064000000
72.221793,14.065000000
72.236371,14.066000000
72.238706,14.067000000
72.240941,14.068000000
72.243101,14.069000000
72.245135,14.070000000
72.264434,14.071000000
72.271666,14.072000000
72.286515,14.073000000
72.288553,14.074000000
72.290729,14.075000000
72.296572,14.076000000
72.299284,14.077000000
72.307375,14.078000000
72.309445,14.079000000
72.314353,14.080000000
72.316581,14.081000000
72.325924,14.082000000
72.330638,14.083000000
72.332559,14.084000000
72.358392,14.085000000
72.360631,14.086000000
72.362906,14.087000000
72.371954,14.088000000
72.373819,14.089000000
72.378441,14.090000000
72.382986,14.091000000
72.384922,14.092000000
72.389776,14.093000000
72.405616,14.094000000
72.407536,14.095000000
72.413618,14.096000000
72.417463,14.097000000
72.418031,14.098000000
72.425079,14.099000000
72.427048,14.100000000
72.432214,14.101000000
72.434238,14.102000000
72.436902,14.103000000
72.455568,14.104000000
72.458709,14.105000000
72.461111,14.106000000
72.463213,14.107000000
72.472378,14.108000000
72.474321,14.109000000
72.478932,14.110000000
72.484979,14.111000000
72.487172,14.112000000
72.500243,14.113000000
72.501970,14.114000000
72.504513,14.115000000
72.511500,14.116000000
72.517266,14.117000000
72.519432,14.118000000
72.521752,14.119000000
72.526373,14.120000000
72.528572,14.121000000
72.530755,14.122000000
72.532846,14.123000000
72.534908,14.124000000
72.537011,14.125000000
72.560287,14.126000000
72.570434,14.127000000
72.580561,14.128000000
72.591269,14.129000000
72.601489,14.130000000
72.611083,14.131000000
72.618627,14.132000000
72.629624,14.133000000
72.632421,14.134000000
72.642958,14.135000000
72.648463,14.136000000
72.659915,14.137000000
72.670093,14.138000000
72.681286,14.139000000
72.684420,14.140000000
72.691554,14.141000000
72.702099,14.142000000
72.708538,14.143000000
72.710507,14.144000000
72.716406,14.145000000
72.721255,14.146000000
72.723430,14.147000000
72.729559,14.148000000
72.734997,14.149000000
72.739066,14.150000000
72.745498,14.151000000
72.747682,14.152000000
72.759551,14.153000000
72.761617,14.154000000
72.770165,14.155000000
72.772340,14.156000000
72.774534,14.157000000
72.780308,14.158000000
72.782713,14.159000000
72.792239,14.160000000
72.794333,14.161000000
72.796405,14.162000000
72.825308,14.163000000
72.833887,14.164000000
72.846389,14.165000000
72.846436,14.167000000
72.855200,14.168000000
72.866676,14.169000000
72.871544,14.170000000
72.890397,14.171000000
72.897387,14.172000000
72.907844,14.173000000
72.914066,14.174000000
72.939154,14.175000000
72.956326,14.176000000
72.960532,14.177000000
72.976275,14.178000000
72.978439,14.179000000
72.990194,14.180000000
73.000578,14.181000000
73.007873,14.182000000
73.041872,14.183000000
73.056957,14.184000000
73.057003,14.187000000
73.061013,14.188000000
73.068443,14.189000000
73.068482,14.190000000
73.097869,14.191000000
73.101701,14.192000000
73.101743,14.193000000
73.108694,14.194000000
73.114300,14.195000000
73.121701,14.196000000
73.123957,14.197000000
73.147417,14.198000000
73.156491,14.199000000
73.182271,14.200000000
73.182319,14.201000000
73.194306,14.202000000
73.207762,14.203000000
73.216446,14.204000000
73.243228,14.205000000
73.249927,14.206000000
73.267578,14.207000000
73.267621,14.208000000
73.283157,14.209000000
73.295194,14.210000000
73.299411,14.211000000
73.304974,14.212000000
73.311818,14.213000000
73.321140,14.214000000
73.328756,14.215000000
73.330290,14.216000000
73.338598,14.217000000
73.347799,14.218000000
73.352396,14.219000000
73.360377,14.220000000
73.368613,14.221000000
73.368681,14.222000000
73.379322,14.223000000
73.379359,14.224000000
73.393072,14.225000000
73.397893,14.226000000
73.402694,14.227000000
73.418733,14.228000000
73.439799,14.229000000
73.445453,14.230000000
73.451644,14.231000000
73.488358,14.232000000
73.492490,14.233000000
73.500335,14.234000000
73.514336,14.235000000
73.520785,14.236000000
73.525490,14.237000000
73.531608,14.238000000
73.562448,14.239000000
73.565928,14.240000000
73.569591,14.241000000
73.580854,14.242000000
73.585755,14.243000000
73.589601,14.244000000
73.625347,14.245000000
73.639350,14.246000000
73.651262,14.247000000
73.662274,14.248000000
73.677485,14.249000000
73.685682,14.250000000
73.694485,14.251000000
73.699816,14.252000000
73.699859,14.253000000
73.716688,14.254000000
73.723674,14.255000000
73.729943,14.256000000
73.742993,14.257000000
73.753152,14.258000000
73.766646,14.259000000
73.779976,14.260000000
73.789816,14.261000000
73.792259,14.262000000
73.806465,14.263000000
73.816487,14.264000000
73.826012,14.265000000
73.836381,14.266000000
73.845659,14.267000000
73.855279,14.268000000
73.863482,14.269000000
73.874975,14.270000000
73.886537,14.271000000
73.895804,14.272000000
73.904958,14.273000000
73.914729,14.274000000
73.922449,14.275000000
73.942864,14.276000000
73.955046,14.277000000
73.965424,14.278000000
73.973199,14.279000000
73.983015,14.280000000
73.994471,14.281000000
74.005636,14.282000000
74.011695,14.283000000
74.023584,14.284000000
74.031298,14.285000000
74.067280,14.286000000
74.093609,14.287000000
74.110790,14.288000000
74.152181,14.289000000
74.156573,14.290000000
74.169863,14.291000000
74.176425,14.292000000
74.178833,14.293000000
74.181149,14.294000000
74.183371,14.295000000
74.213706,14.296000000
74.219394,14.297000000
74.223487,14.298000000
74.226270,14.299000000
74.243235,14.300000000
74.252601,14.301000000
74.259870,14.302000000
74.279946,14.303000000
74.290403,14.304000000
74.299947,14.305000000
74.307750,14.306000000
74.317363,14.307000000
74.336543,14.308000000
74.337635,14.309000000
74.351209,14.310000000
74.367236,14.311000000
74.371409,14.312000000
74.381362,14.313000000
74.389455,14.314000000
74.399011,14.315000000
74.406500,14.316000000
74.419987,14.317000000
74.428857,14.318000000
74.433326,14.319000000
74.439373,14.320000000
74.442675,14.321000000
74.468074,14.322000000
74.478369,14.323000000
74.482435,14.324000000
74.487051,14.325000000
74.490891,14.326000000
74.509536,14.327000000
74.519532,14.328000000
74.532683,14.329000000
74.541809,14.330000000
74.553504,14.331000000
74.557838,14.332000000
74.574721,14.333000000
74.578739,14.334000000
74.590938,14.335000000
74.604087,14.336000000
74.614943,14.337000000
74.618922,14.338000000
74.630777,14.339000000
74.636943,14.340000000
74.640338,14.341000000
74.650069,14.342000000
74.660824,14.343000000
74.680320,14.344000000
74.687739,14.345000000
74.702080,14.346000000
74.710132,14.347000000
74.711904,14.348000000
74.715577,14.349000000
74.727918,14.350000000
74.728688,14.351000000
74.738971,14.352000000
74.743139,14.353000000
74.756323,14.354000000
74.759381,14.355000000
74.767793,14.356000000
74.781550,14.357000000
74.781942,14.358000000
74.796209,14.359000000
74.803504,14.360000000
74.804618,14.361000000
74.813874,14.362000000
74.819037,14.363000000
74.836528,14.364000000
74.837367,14.365000000
74.849902,14.366000000
74.855176,14.367000000
74.865711,14.368000000
74.866798,14.369000000
74.869338,14.370000000
74.873564,14.371000000
74.876534,14.372000000
74.878818,14.373000000
74.882752,14.374000000
74.886521,14.375000000
74.889076,14.376000000
74.891326,14.377000000
74.893562,14.378000000
74.897814,14.379000000
74.900430,14.380000000
74.902735,14.381000000
74.905091,14.382000000
74.907392,14.383000000
74.909625,14.384000000
74.911900,14.385000000
74.941759,14.386000000
74.946337,14.387000000
74.952793,14.388000000
75.006123,14.389000000
75.009543,14.390000000
75.029580,14.391000000
75.041146,14.392000000
75.057615,14.393000000
75.057694,14.394000000
75.063260,14.395000000
75.071724,14.396000000
75.080120,14.397000000
75.100868,14.398000000
75.106822,14.399000000
75.111679,14.400000000
75.131956,14.401000000
75.142402,14.402000000
75.142478,14.403000000
75.152712,14.404000000
75.158494,14.405000000
75.162397,14.406000000
75.186495,14.407000000
75.211828,14.408000000
75.223564,14.409000000
75.225172,14.410000000
75.240297,14.411000000
75.240842,14.412000000
75.250764,14.413000000
75.263481,14.414000000
75.274186,14.415000000
75.289076,14.416000000
75.297393,14.417000000
75.329800,14.418000000
75.345226,14.419000000
75.345286,14.420000000
75.361326,14.421000000
75.372560,14.422000000
75.389669,14.423000000
75.405321,14.424000000
75.412970,14.425000000
75.419811,14.426000000
75.435483,14.427000000
75.438954,14.428000000
75.470569,14.429000000
75.487708,14.430000000
75.495476,14.431000000
75.502650,14.432000000
75.528983,14.433000000
75.540801,14.434000000
75.547143,14.435000000
75.569134,14.436000000
75.580889,14.437000000
75.588918,14.438000000
75.601084,14.439000000
75.606614,14.440000000
75.611568,14.441000000
75.617521,14.442000000
75.628176,14.443000000
75.633568,14.444000000
75.646251,14.445000000
75.659756,14.446000000
75.689601,14.447000000
75.702523,14.448000000
75.710393,14.449000000
75.722119,14.450000000
75.729459,14.451000000
75.735377,14.452000000
75.740763,14.453000000
75.747444,14.454000000
75.753206,14.455000000
75.774527,14.456000000
75.779688,14.457000000
75.785194,14.458000000
75.791989,14.459000000
75.797727,14.460000000
75.804160,14.461000000
75.809600,14.462000000
75.816155,14.463000000
75.821027,14.464000000
75.827015,14.465000000
75.833942,14.466000000
75.839205,14.467000000
75.846045,14.468000000
75.853307,14.469000000
75.857851,14.470000000
75.865506,14.471000000
75.870179,14.472000000
75.879295,14.473000000
75.889406,14.474000000
75.892840,14.475000000
75.900432,14.476000000
75.906426,14.477000000
75.910805,14.478000000
75.916219,14.479000000
75.922412,14.480000000
75.928808,14.481000000
75.934306,14.482000000
75.940586,14.483000000
75.948236,14.484000000
75.952937,14.485000000
75.959018,14.486000000
75.966609,14.487000000
75.972016,14.488000000
75.978798,14.489000000
75.985662,14.490000000
75.991538,14.491000000
75.997878,14.492000000
76.004515,14.493000000
76.010351,14.494000000
76.016767,14.495000000
76.022475,14.496000000
76.033762,14.497000000
76.041298,14.498000000
76.048249,14.499000000
76.067487,14.500000000
76.076687,14.501000000
76.082394,14.502000000
76.091406,14.503000000
76.096927,14.504000000
76.101821,14.505000000
76.107986,14.506000000
76.114403,14.507000000
76.121315,14.508000000
76.125638,14.509000000
76.132769,14.510000000
76.138943,14.511000000
76.148694,14.512000000
76.153780,14.513000000
76.160731,14.514000000
76.167253,14.515000000
76.175487,14.516000000
76.181046,14.517000000
76.187511,14.518000000
76.196304,14.519000000
76.202626,14.520000000
76.208617,14.521000000
76.214372,14.522000000
76.220295,14.523000000
76.227720,14.524000000
76.234751,14.525000000
76.240979,14.526000000
76.245887,14.527000000
76.251322,14.528000000
76.257651,14.529000000
76.264898,14.530000000
76.270075,14.531000000
76.276763,14.532000000
76.283098,14.533000000
76.289455,14.534000000
76.294758,14.535000000
76.301768,14.536000000
76.307038,14.537000000
76.314110,14.538000000
76.320618,14.539000000
76.327096,14.540000000
76.348606,14.541000000
76.353273,14.542000000
76.358936,14.543000000
76.365140,14.544000000
76.372221,14.545000000
76.378398,14.546000000
76.386029,14.547000000
76.391766,14.548000000
76.397887,14.549000000
76.404647,14.550000000
76.412331,14.551000000
76.417497,14.552000000
76.423705,14.553000000
76.431117,14.554000000
76.435550,14.555000000
76.452223,14.556000000
76.460188,14.557000000
76.471983,14.558000000
76.476948,14.559000000
76.487110,14.560000000
76.493430,14.561000000
76.499358,14.562000000
76.506011,14.563000000
76.515885,14.564000000
76.519831,14.565000000
76.527239,14.566000000
76.532991,14.567000000
76.539436,14.568000000
76.546841,14.569000000
76.553383,14.570000000
76.559004,14.571000000
76.564864,14.572000000
76.573250,14.573000000
76.581444,14.574000000
76.586879,14.575000000
76.596021,14.576000000
76.601144,14.577000000
76.607496,14.578000000
76.613190,14.579000000
76.618491,14.580000000
76.625022,14.581000000
76.631150,14.582000000
76.638539,14.583000000
76.645766,14.584000000
76.651472,14.585000000
76.657639,14.586000000
76.663414,14.587000000
76.671358,14.588000000
76.676315,14.589000000
76.684599,14.590000000
76.691691,14.591000000
76.697451,14.592000000
76.701625,14.593000000
76.706401,14.594000000
76.710675,14.595000000
76.714861,14.596000000
76.719476,14.597000000
76.724273,14.598000000
76.727378,14.599000000
76.731621,14.600000000
76.735968,14.601000000
76.739390,14.602000000
76.743525,14.603000000
76.753485,14.604000000
76.761915,14.605000000
76.771249,14.606000000
76.780614,14.607000000
76.788969,14.608000000
76.794565,14.609000000
76.796906,14.610000000
76.802702,14.611000000
76.815732,14.612000000
76.820289,14.613000000
76.825625,14.614000000
76.831904,14.615000000
76.846261,14.616000000
76.870994,14.617000000
76.877165,14.618000000
76.883207,14.619000000
76.887785,14.620000000
76.901861,14.621000000
76.909699,14.622000000
76.927327,14.623000000
76.947526,14.624000000
76.954363,14.625000000
76.959426,14.626000000
76.963964,14.627000000
76.969045,14.628000000
76.973698,14.629000000
76.986819,14.630000000
76.994399,14.631000000
76.999188,14.632000000
77.004958,14.633000000
77.012985,14.634000000
77.036511,14.635000000
77.051261,14.636000000
77.068769,14.637000000
77.081340,14.638000000
77.093254,14.639000000
77.104102,14.640000000
77.119525,14.641000000
77.129419,14.642000000
77.141857,14.643000000
77.156502,14.644000000
77.181493,14.645000000
77.184804,14.646000000
77.211202,14.647000000
77.216778,14.648000000
77.242254,14.649000000
77.260718,14.650000000
77.273622,14.651000000
77.291483,14.652000000
77.295107,14.653000000
77.302820,14.654000000
77.335282,14.655000000
77.343512,14.656000000
77.366727,14.657000000
77.372601,14.658000000
77.395200,14.659000000
77.404533,14.660000000
77.416863,14.661000000
77.424232,14.662000000
77.437736,14.663000000
77.459114,14.664000000
77.470611,14.665000000
77.483007,14.666000000
77.499106,14.667000000
77.519071,14.668000000
77.535337,14.669000000
77.551936,14.670000000
77.560314,14.671000000
77.572202,14.672000000
77.576223,14.673000000
77.596396,14.674000000
77.614841,14.675000000
77.620765,14.676000000
77.638326,14.677000000
77.642657,14.678000000
77.656616,14.679000000
77.659354,14.680000000
77.661796,14.681000000
77.664103,14.682000000
77.678268,14.683000000
77.681442,14.684000000
77.688058,14.685000000
77.691138,14.686000000
77.693970,14.687000000
77.705347,14.688000000
77.710510,14.689000000
77.716824,14.690000000
77.740045,14.691000000
77.743547,14.692000000
77.748717,14.693000000
77.791701,14.694000000
77.794615,14.695000000
77.813413,14.696000000
77.817870,14.697000000
77.822914,14.698000000
77.829221,14.699000000
77.833396,14.700000000
77.840374,14.701000000
77.846847,14.702000000
77.852502,14.703000000
77.865416,14.704000000
77.879058,14.705000000
77.890027,14.706000000
77.905270,14.707000000
77.908391,14.708000000
77.915048,14.709000000
77.929214,14.710000000
77.931783,14.711000000
77.934119,14.712000000
77.936613,14.713000000
77.939008,14.714000000
77.948574,14.715000000
77.953584,14.716000000
77.961104,14.717000000
77.965673,14.718000000
77.986731,14.719000000
77.997629,14.720000000
78.006023,14.721000000
78.014132,14.722000000
78.039811,14.723000000
78.049742,14.724000000
78.061896,14.725000000
78.069284,14.726000000
78.077369,14.727000000
78.121501,14.728000000
78.131159,14.729000000
78.141634,14.730000000
78.152605,14.731000000
78.160805,14.732000000
78.171557,14.733000000
78.180321,14.734000000
78.200349,14.735000000
78.206212,14.736000000
78.217675,14.737000000
78.229371,14.738000000
78.251196,14.739000000
78.261500,14.740000000
78.267135,14.741000000
78.273449,14.742000000
78.284461,14.743000000
78.298474,14.744000000
78.307899,14.745000000
78.312552,14.746000000
78.315812,14.747000000
78.318190,14.748000000
78.353877,14.749000000
78.367609,14.750000000
78.377183,14.751000000
78.391853,14.752000000
78.396353,14.753000000
78.413817,14.754000000
78.423232,14.755000000
78.425563,14.756000000
78.433063,14.757000000
78.463947,14.758000000
78.474833,14.759000000
78.484551,14.760000000
78.492897,14.761000000
78.501747,14.762000000
78.509358,14.763000000
78.517790,14.764000000
78.526410,14.765000000
78.536965,14.766000000
78.545725,14.767000000
78.552898,14.768000000
78.560848,14.769000000
78.567176,14.770000000
78.577364,14.771000000
78.599206,14.772000000
78.606350,14.773000000
78.636240,14.774000000
78.646915,14.775000000
78.672564,14.776000000
78.689295,14.777000000
78.692700,14.778000000
78.695388,14.779000000
78.698163,14.780000000
78.709661,14.781000000
78.709806,14.782000000
78.710405,14.783000000
78.710456,14.784000000
78.713559,14.785000000
78.721155,14.786000000
78.726260,14.787000000
78.752167,14.788000000
78.755242,14.789000000
78.760067,14.790000000
78.760643,14.791000000
78.762031,14.792000000
78.784106,14.793000000
78.784649,14.794000000
78.784708,14.795000000
78.810876,14.796000000
78.823824,14.797000000
78.832171,14.798000000
78.848514,14.799000000
78.860618,14.800000000
78.861045,14.801000000
78.866722,14.802000000
78.876922,14.803000000
78.884371,14.804000000
78.884429,14.805000000
78.903142,14.806000000
78.903489,14.807000000
78.910923,14.808000000
78.917073,14.809000000
78.930028,14.810000000
78.930384,14.811000000
78.931971,14.812000000
78.934536,14.813000000
78.939900,14.814000000
78.939958,14.815000000
78.940667,14.816000000
78.945444,14.817000000
78.948579,14.818000000
78.949091,14.819000000
78.952564,14.820000000
78.952906,14.821000000
78.959970,14.822000000
78.963011,14.823000000
78.966254,14.824000000
78.969244,14.825000000
78.976605,14.826000000
78.976982,14.827000000
78.977033,14.828000000
78.980337,14.829000000
78.994425,14.830000000
78.999086,14.831000000
79.004344,14.832000000
79.022806,14.833000000
79.027183,14.834000000
79.052894,14.835000000
79.061509,14.836000000
79.066278,14.837000000
79.087344,14.838000000
79.090049,14.839000000
79.095738,14.840000000
79.098065,14.841000000
79.100501,14.842000000
79.102890,14.843000000
79.107399,14.844000000
79.110339,14.845000000
79.114124,14.846000000
79.116463,14.847000000
79.129289,14.848000000
79.138562,14.849000000
79.143439,14.850000000
79.148881,14.851000000
79.161676,14.852000000
79.168149,14.853000000
79.180152,14.854000000
79.189157,14.855000000
79.196702,14.856000000
79.201809,14.857000000
79.213499,14.858000000
79.221814,14.859000000
79.231689,14.860000000
79.237005,14.861000000
79.247792,14.862000000
79.254108,14.863000000
79.274742,14.864000000
79.291050,14.865000000
79.296336,14.866000000
79.298857,14.867000000
79.309539,14.868000000
79.317053,14.869000000
79.327774,14.870000000
79.342001,14.871000000
79.347027,14.872000000
79.350770,14.873000000
79.353692,14.874000000
79.358039,14.875000000
79.386242,14.876000000
79.389009,14.877000000
79.392208,14.878000000
79.407867,14.879000000
79.413811,14.880000000
79.427249,14.881000000
79.454758,14.882000000
79.460184,14.883000000
79.475169,14.884000000
79.481964,14.885000000
79.487909,14.886000000
79.518974,14.887000000
79.534028,14.888000000
79.536770,14.889000000
79.547447,14.890000000
79.559381,14.891000000
79.567032,14.892000000
79.579932,14.893000000
79.589411,14.894000000
79.598585,14.895000000
79.614415,14.896000000
79.616575,14.897000000
79.628994,14.898000000
79.641926,14.899000000
79.645912,14.900000000
79.654005,14.901000000
79.679887,14.902000000
79.684224,14.903000000
79.692352,14.904000000
79.718809,14.905000000
79.727294,14.906000000
79.735867,14.907000000
79.736205,14.908000000
79.746483,14.909000000
79.753484,14.910000000
79.779893,14.911000000
79.788958,14.912000000
79.789408,14.913000000
79.797839,14.914000000
79.818366,14.915000000
79.818414,14.916000000
79.831656,14.917000000
79.863880,14.918000000
79.881736,14.919000000
79.887640,14.920000000
79.896085,14.921000000
79.912258,14.922000000
79.920971,14.923000000
79.927571,14.924000000
79.936584,14.925000000
79.948259,14.926000000
79.957083,14.927000000
79.964218,14.928000000
79.986313,14.929000000
79.995004,14.930000000
79.995820,14.931000000
80.023490,14.932000000
80.025480,14.933000000
80.050290,14.934000000
80.058858,14.935000000
80.074796,14.936000000
80.083120,14.937000000
80.097969,14.938000000
80.108560,14.939000000
80.119274,14.940000000
80.137445,14.941000000
80.144151,14.942000000
80.159500,14.943000000
80.176803,14.944000000
80.182315,14.945000000
80.197088,14.946000000
80.203301,14.947000000
80.213280,14.948000000
80.225986,14.949000000
80.236021,14.950000000
80.250705,14.951000000
80.265756,14.952000000
80.271645,14.953000000
80.288240,14.954000000
80.303778,14.955000000
80.314004,14.956000000
80.329169,14.957000000
80.340031,14.958000000
80.357061,14.959000000
80.362267,14.960000000
80.407581,14.961000000
80.417365,14.962000000
80.430375,14.963000000
80.442814,14.964000000
80.458707,14.965000000
80.475687,14.966000000
80.480968,14.967000000
80.490914,14.968000000
80.502621,14.969000000
80.522187,14.970000000
80.531332,14.971000000
80.541140,14.972000000
80.542864,14.973000000
80.542928,14.974000000
80.549315,14.975000000
80.552037,14.976000000
80.560065,14.977000000
80.567981,14.978000000
80.570574,14.979000000
80.572906,14.980000000
80.576098,14.981000000
80.579094,14.982000000
80.582487,14.983000000
80.591573,14.984000000
80.595143,14.985000000
80.600976,14.986000000
80.605226,14.987000000
80.634228,14.988000000
80.634292,14.989000000
80.651815,14.990000000
80.661156,14.991000000
80.667961,14.992000000
80.685136,14.993000000
80.705008,14.994000000
80.705099,14.995000000
80.707191,14.996000000
80.727719,14.997000000
80.739709,14.998000000
80.747213,14.999000000
80.769166,15.000000000
80.781571,15.001000000
80.781714,15.002000000
80.792528,15.003000000
80.802958,15.004000000
80.811142,15.005000000
80.821839,15.006000000
80.821951,15.007000000
80.835850,15.008000000
80.850519,15.009000000
80.858316,15.010000000
80.870571,15.011000000
80.872598,15.012000000
80.882961,15.013000000
80.895072,15.014000000
80.902472,15.015000000
80.909489,15.016000000
80.943233,15.017000000
80.943295,15.018000000
80.943336,15.019000000
80.943373,15.020000000
80.958328,15.021000000
80.972399,15.022000000
80.988303,15.023000000
80.991610,15.024000000
80.999249,15.025000000
81.009226,15.026000000
81.015020,15.027000000
81.015076,15.028000000
81.021483,15.029000000
81.021628,15.030000000
81.042855,15.031000000
81.046725,15.032000000
81.046783,15.033000000
81.048422,15.034000000
81.068445,15.035000000
81.068909,15.036000000
81.113138,15.037000000
81.113227,15.038000000
81.125193,15.039000000
81.137841,15.040000000
81.137921,15.041000000
81.147717,15.042000000
81.172050,15.043000000
81.172134,15.044000000
81.172634,15.045000000
81.172705,15.046000000
81.183423,15.047000000
81.200245,15.048000000
81.208951,15.049000000
81.209032,15.050000000
81.211117,15.051000000
81.217174,15.052000000
81.226287,15.053000000
81.228462,15.054000000
81.240010,15.055000000
81.240088,15.056000000
81.249895,15.057000000
81.259998,15.058000000
81.265915,15.059000000
81.267844,15.060000000
81.288834,15.061000000
81.293821,15.062000000
81.300900,15.063000000
81.333478,15.064000000
81.340673,15.065000000
81.357943,15.066000000
81.366284,15.067000000
81.375371,15.068000000
81.375953,15.069000000
81.377992,15.070000000
81.404318,15.071000000
81.408347,15.072000000
81.430352,15.073000000
81.431205,15.074000000
81.440128,15.075000000
81.448339,15.076000000
81.448390,15.077000000
81.483227,15.078000000
81.493402,15.079000000
81.503593,15.080000000
81.513102,15.081000000
81.524729,15.082000000
81.536162,15.083000000
81.545962,15.084000000
81.557414,15.085000000
81.563104,15.086000000
81.577681,15.087000000
81.585310,15.088000000
81.589196,15.089000000
81.611603,15.090000000
81.626896,15.091000000
81.640095,15.092000000
81.640142,15.093000000
81.668114,15.094000000
81.678235,15.095000000
81.692074,15.096000000
81.699974,15.097000000
81.709700,15.098000000
81.733464,15.099000000
81.738072,15.100000000
81.762857,15.101000000
81.765074,15.102000000
81.782784,15.103000000
81.792079,15.104000000
81.816376,15.105000000
81.826331,15.106000000
81.832293,15.107000000
81.844156,15.108000000
81.852543,15.109000000
81.864294,15.110000000
81.876268,15.111000000
81.885005,15.112000000
81.894820,15.113000000
81.906531,15.114000000
81.916512,15.115000000
81.926171,15.116000000
81.933140,15.117000000
81.943534,15.118000000
81.964062,15.119000000
81.984801,15.120000000
81.990012,15.121000000
81.995401,15.122000000
82.023855,15.123000000
82.032657,15.124000000
82.039089,15.125000000
82.046858,15.126000000
82.063978,15.127000000
82.078539,15.128000000
82.089290,15.129000000
82.105688,15.130000000
82.105752,15.132000000
82.124249,15.133000000
82.137340,15.134000000
82.155303,15.135000000
82.167100,15.136000000
82.176565,15.137000000
82.186118,15.138000000
82.195547,15.139000000
82.203340,15.140000000
82.213920,15.141000000
82.232227,15.142000000
82.261890,15.143000000
82.264005,15.144000000
82.271861,15.145000000
82.276386,15.146000000
82.311277,15.147000000
82.315353,15.148000000
82.323238,15.149000000
82.323281,15.150000000
82.345225,15.151000000
82.353262,15.152000000
82.361228,15.153000000
82.376459,15.154000000
82.406563,15.155000000
82.406614,15.156000000
82.415217,15.157000000
82.428689,15.158000000
82.434548,15.159000000
82.438678,15.160000000
82.440913,15.161000000
82.442893,15.162000000
82.444873,15.163000000
82.447605,15.164000000
82.462515,15.165000000
82.464636,15.166000000
82.466548,15.167000000
82.468592,15.168000000
82.476228,15.169000000
82.480158,15.170000000
82.480201,15.171000000
82.482260,15.172000000
82.484345,15.173000000
82.486292,15.174000000
82.489527,15.175000000
82.491539,15.176000000
82.493597,15.177000000
82.495541,15.178000000
82.504970,15.179000000
82.506759,15.180000000
82.513073,15.181000000
82.519972,15.182000000
82.524073,15.183000000
82.528946,15.184000000
82.535919,15.185000000
82.541011,15.186000000
82.544245,15.187000000
82.553018,15.188000000
82.555275,15.189000000
82.561097,15.190000000
82.567850,15.191000000
82.569235,15.192000000
82.573787,15.193000000
82.577713,15.194000000
82.581154,15.195000000
82.585350,15.196000000
82.586631,15.197000000
82.587949,15.198000000
82.596431,15.199000000
82.604352,15.200000000
82.608323,15.201000000
82.614527,15.202000000
82.623572,15.203000000
82.628131,15.204000000
82.634984,15.205000000
82.642827,15.206000000
82.656420,15.207000000
82.658406,15.208000000
82.661093,15.209000000
82.663094,15.210000000
82.665169,15.211000000
82.668611,15.212000000
82.669411,15.213000000
82.672548,15.214000000
82.674703,15.215000000
82.683249,15.216000000
82.702250,15.217000000
82.702300,15.220000000
82.707242,15.221000000
82.717246,15.222000000
82.732140,15.223000000
82.746379,15.224000000
82.746940,15.227000000
82.758517,15.228000000
82.758565,15.229000000
82.761871,15.230000000
82.763775,15.231000000
82.765983,15.232000000
82.768174,15.233000000
82.781749,15.234000000
82.784057,15.235000000
82.790718,15.236000000
82.804326,15.237000000
82.806189,15.238000000
82.808553,15.239000000
82.810719,15.240000000
82.813975,15.241000000
82.816124,15.242000000
82.818891,15.243000000
82.821054,15.244000000
82.823067,15.245000000
82.825086,15.246000000
82.828552,15.247000000
82.830676,15.248000000
82.832627,15.249000000
82.834875,15.250000000
82.842761,15.251000000
82.850132,15.252000000
82.852195,15.253000000
82.854232,15.254000000
82.856138,15.255000000
82.858189,15.256000000
82.861095,15.257000000
82.881254,15.258000000
82.892282,15.259000000
82.901802,15.260000000
82.913043,15.261000000
82.933310,15.262000000
82.935540,15.263000000
82.949088,15.264000000
82.950484,15.265000000
82.959232,15.266000000
82.967173,15.267000000
82.967206,15.268000000
82.973405,15.269000000
82.991501,15.270000000
82.998291,15.271000000
83.006495,15.272000000
83.036329,15.273000000
83.040433,15.274000000
83.046216,15.275000000
83.050326,15.276000000
83.054594,15.277000000
83.058033,15.278000000
83.067930,15.279000000
83.069994,15.280000000
83.072270,15.281000000
83.112163,15.282000000
83.114010,15.283000000
83.118048,15.284000000
83.156783,15.285000000
83.165196,15.286000000
83.172354,15.287000000
83.190177,15.288000000
83.201731,15.289000000
83.210568,15.290000000
83.223812,15.291000000
83.225696,15.292000000
83.248867,15.293000000
83.250792,15.294000000
83.258964,15.295000000
83.268205,15.296000000
83.305016,15.297000000
83.325346,15.298000000
83.327271,15.299000000
83.334034,15.300000000
83.354227,15.301000000
83.356697,15.302000000
83.381263,15.303000000
83.389186,15.304000000
83.399119,15.305000000
83.401233,15.306000000
83.418721,15.307000000
83.426716,15.308000000
83.440318,15.309000000
83.449566,15.310000000
83.459989,15.311000000
83.468513,15.312000000
83.473506,15.313000000
83.491121,15.314000000
83.496756,15.315000000
83.500143,15.316000000
83.504232,15.317000000
83.508305,15.318000000
83.531429,15.319000000
83.541285,15.320000000
83.551917,15.321000000
83.570786,15.322000000
83.581801,15.323000000
83.604903,15.324000000
83.605474,15.325000000
83.609760,15.326000000
83.612238,15.327000000
83.616251,15.328000000
83.621131,15.329000000
83.635113,15.330000000
83.637744,15.331000000
83.641570,15.332000000
83.644653,15.333000000
83.648954,15.334000000
83.651265,15.335000000
83.653809,15.336000000
83.660373,15.337000000
83.682607,15.338000000
83.686932,15.339000000
83.689415,15.340000000
83.691802,15.341000000
83.695886,15.342000000
83.708293,15.343000000
83.711046,15.344000000
83.713831,15.345000000
83.717260,15.346000000
83.723086,15.347000000
83.725818,15.348000000
83.729253,15.349000000
83.731615,15.350000000
83.735235,15.351000000
83.760445,15.352000000
83.762957,15.353000000
83.765182,15.354000000
83.767832,15.355000000
83.775579,15.356000000
83.786803,15.357000000
83.809100,15.358000000
83.809181,15.359000000
83.832900,15.360000000
83.838766,15.361000000
83.840276,15.362000000
83.844497,15.363000000
83.844551,15.364000000
83.847132,15.365000000
83.850977,15.366000000
83.856990,15.367000000
83.865609,15.368000000
83.872916,15.369000000
83.875918,15.370000000
83.886590,15.371000000
83.886633,15.372000000
83.896855,15.373000000
83.904714,15.374000000
83.911817,15.375000000
83.926773,15.376000000
83.939336,15.377000000
83.956171,15.378000000
83.960144,15.379000000
83.966176,15.380000000
83.979423,15.381000000
83.979464,15.382000000
83.987690,15.383000000
83.987734,15.385000000
83.998797,15.386000000
83.998846,15.388000000
84.004134,15.389000000
84.025132,15.390000000
84.035342,15.391000000
84.051370,15.392000000
84.060359,15.393000000
84.071481,15.394000000
84.111598,15.395000000
84.121161,15.396000000
84.130342,15.397000000
84.136806,15.398000000
84.149732,15.399000000
84.156338,15.400000000
84.169783,15.401000000
84.178454,15.402000000
84.190129,15.403000000
84.196727,15.404000000
84.205922,15.405000000
84.212125,15.406000000
84.218166,15.407000000
84.226083,15.408000000
84.233822,15.409000000
84.239205,15.410000000
84.250037,15.411000000
84.273642,15.412000000
84.274666,15.413000000
84.291217,15.414000000
84.297491,15.415000000
84.300950,15.416000000
84.321289,15.417000000
84.325687,15.418000000
84.330880,15.419000000
84.334924,15.420000000
84.360965,15.421000000
84.365744,15.422000000
84.380285,15.423000000
84.385325,15.424000000
84.387915,15.425000000
84.425911,15.426000000
84.437031,15.427000000
84.446570,15.428000000
84.457503,15.429000000
84.463538,15.430000000
84.475200,15.431000000
84.485302,15.432000000
84.493452,15.433000000
84.503250,15.434000000
84.515657,15.435000000
84.525124,15.436000000
84.532289,15.437000000
84.541688,15.438000000
84.550004,15.439000000
84.556640,15.440000000
84.565727,15.441000000
84.587423,15.442000000
84.595855,15.443000000
84.598490,15.444000000
84.623793,15.445000000
84.631015,15.446000000
84.644498,15.447000000
84.644553,15.448000000
84.644629,15.449000000
84.651384,15.450000000
84.651443,15.451000000
84.661398,15.452000000
84.661446,15.453000000
84.661474,15.454000000
84.671256,15.455000000
84.671310,15.456000000
84.682501,15.457000000
84.687999,15.458000000
84.695189,15.459000000
84.695254,15.460000000
84.699469,15.461000000
84.717074,15.462000000
84.726800,15.463000000
84.782044,15.464000000
84.782507,15.465000000
84.783998,15.466000000
84.801317,15.467000000
84.821093,15.468000000
84.834809,15.469000000
84.841569,15.470000000
84.855380,15.471000000
84.861676,15.472000000
84.880998,15.473000000
84.885615,15.474000000
84.913049,15.475000000
84.938240,15.476000000
84.955916,15.477000000
84.962606,15.478000000
84.979598,15.479000000
84.994082,15.480000000
85.005168,15.481000000
85.023022,15.482000000
85.033426,15.483000000
85.033551,15.484000000
85.035784,15.485000000
85.035836,15.486000000
85.039991,15.487000000
85.044307,15.488000000
85.054075,15.489000000
85.054129,15.490000000
85.054416,15.491000000
85.054836,15.492000000
85.078402,15.493000000
85.078479,15.494000000
85.078519,15.495000000
85.084884,15.496000000
85.132382,15.497000000
85.138519,15.498000000
85.151865,15.499000000
85.163870,15.500000000
85.175890,15.501000000
85.182775,15.502000000
85.208985,15.503000000
85.213417,15.504000000
85.218388,15.505000000
85.233883,15.506000000
85.260132,15.507000000
85.268951,15.508000000
85.288231,15.509000000
85.296289,15.510000000
85.313623,15.511000000
85.332977,15.512000000
85.343045,15.513000000
85.344497,15.514000000
85.360643,15.515000000
85.370125,15.516000000
85.406337,15.517000000
85.412391,15.518000000
85.425368,15.519000000
85.433008,15.520000000
85.437627,15.521000000
85.461339,15.522000000
85.469477,15.523000000
85.479114,15.524000000
85.502204,15.525000000
85.510522,15.526000000
85.523621,15.527000000
85.534479,15.528000000
85.548806,15.529000000
85.560708,15.530000000
85.566855,15.531000000
85.604645,15.532000000
85.611920,15.533000000
85.622362,15.534000000
85.638262,15.535000000
85.642141,15.536000000
85.670100,15.537000000
85.672511,15.538000000
85.689290,15.539000000
85.698830,15.540000000
85.702713,15.541000000
85.732848,15.542000000
85.740941,15.543000000
85.758123,15.544000000
85.768815,15.545000000
85.777328,15.546000000
85.785428,15.547000000
85.808126,15.548000000
85.821628,15.549000000
85.833489,15.550000000
85.843991,15.551000000
85.862515,15.552000000
85.870456,15.553000000
85.882026,15.554000000
85.896680,15.555000000
85.905670,15.556000000
85.910974,15.557000000
85.917157,15.558000000
85.923190,15.559000000
85.932532,15.560000000
85.942628,15.561000000
85.950125,15.562000000
85.956014,15.563000000
85.962023,15.564000000
85.980040,15.565000000
85.992811,15.566000000
85.997448,15.567000000
86.008161,15.568000000
86.021321,15.569000000
86.028112,15.570000000
86.036434,15.571000000
86.056054,15.572000000
86.082243,15.573000000
86.084984,15.574000000
86.088289,15.575000000
86.091771,15.576000000
86.094888,15.577000000
86.097053,15.578000000
86.099468,15.579000000
86.119288,15.580000000
86.121565,15.581000000
86.129248,15.582000000
86.138473,15.583000000
86.144425,15.584000000
86.151549,15.585000000
86.159916,15.586000000
86.164863,15.587000000
86.177945,15.588000000
86.191865,15.589000000
86.195721,15.590000000
86.210044,15.591000000
86.216382,15.592000000
86.225428,15.593000000
86.231066,15.594000000
86.239679,15.595000000
86.243430,15.596000000
86.256047,15.597000000
86.258451,15.598000000
86.271825,15.599000000
86.276784,15.600000000
86.285375,15.601000000
86.297561,15.602000000
86.299769,15.603000000
86.307658,15.604000000
86.332376,15.605000000
86.335236,15.606000000
86.345007,15.607000000
86.382812,15.608000000
86.397787,15.609000000
86.404219,15.610000000
86.414486,15.611000000
86.414538,15.612000000
86.414896,15.613000000
86.422235,15.614000000
86.436351,15.615000000
86.443259,15.616000000
86.454947,15.617000000
86.455011,15.618000000
86.482850,15.619000000
86.489159,15.620000000
86.502611,15.621000000
86.506995,15.622000000
86.520187,15.623000000
86.523338,15.624000000
86.543214,15.625000000
86.543405,15.626000000
86.543446,15.627000000
86.543484,15.628000000
86.543548,15.629000000
86.566318,15.630000000
86.566380,15.631000000
86.571145,15.632000000
86.579563,15.633000000
86.579849,15.634000000
86.586520,15.635000000
86.598661,15.636000000
86.619637,15.637000000
86.636895,15.638000000
86.645756,15.639000000
86.646281,15.640000000
86.646641,15.641000000
86.659625,15.642000000
86.659975,15.643000000
86.660021,15.644000000
86.670001,15.645000000
86.679180,15.646000000
86.679272,15.647000000
86.679323,15.648000000
86.679833,15.649000000
86.679878,15.650000000
86.679916,15.651000000
86.680413,15.652000000
86.688294,15.653000000
86.688353,15.654000000
86.693802,15.655000000
86.693856,15.656000000
86.705881,15.657000000
86.731379,15.658000000
86.743659,15.659000000
86.755113,15.660000000
86.787497,15.661000000
86.790391,15.662000000
86.797498,15.663000000
86.800155,15.664000000
86.802473,15.665000000
86.804833,15.666000000
86.808101,15.667000000
86.810598,15.668000000
86.813374,15.669000000
86.815630,15.670000000
86.818122,15.671000000
86.820427,15.672000000
86.822944,15.673000000
86.826597,15.674000000
86.828854,15.675000000
86.831099,15.676000000
86.833367,15.677000000
86.836098,15.678000000
86.838367,15.679000000
86.840872,15.680000000
86.843626,15.681000000
86.845917,15.682000000
86.865056,15.683000000
86.868341,15.684000000
86.878546,15.685000000
86.884786,15.686000000
86.889920,15.687000000
86.903706,15.688000000
86.916837,15.689000000
86.950773,15.690000000
86.960548,15.691000000
86.964924,15.692000000
86.967545,15.693000000
86.970831,15.694000000
86.973410,15.695000000
86.976793,15.696000000
86.992198,15.697000000
86.999156,15.698000000
87.010688,15.699000000
87.025148,15.700000000
87.032782,15.701000000
87.039782,15.702000000
87.044046,15.703000000
87.047091,15.704000000
87.051658,15.705000000
87.054307,15.706000000
87.056662,15.707000000
87.068520,15.708000000
87.073111,15.709000000
87.092846,15.710000000
87.092921,15.711000000
87.101976,15.712000000
87.121270,15.713000000
87.128177,15.714000000
87.148915,15.715000000
87.159177,15.716000000
87.159939,15.717000000
87.166116,15.718000000
87.172785,15.719000000
87.181056,15.720000000
87.186611,15.721000000
87.192311,15.722000000
87.200410,15.723000000
87.202920,15.724000000
87.209647,15.725000000
87.216356,15.726000000
87.223150,15.727000000
87.236702,15.728000000
87.241895,15.729000000
87.247288,15.730000000
87.249753,15.731000000
87.267289,15.732000000
87.280096,15.733000000
87.298212,15.734000000
87.303493,15.735000000
87.318758,15.736000000
87.321833,15.737000000
87.324126,15.738000000
87.332738,15.739000000
87.340311,15.740000000
87.349927,15.741000000
87.359990,15.742000000
87.372248,15.743000000
87.380647,15.744000000
87.392222,15.745000000
87.400596,15.746000000
87.408912,15.747000000
87.415712,15.748000000
87.424587,15.749000000
87.433199,15.750000000
87.441718,15.751000000
87.444538,15.752000000
87.453899,15.753000000
87.456343,15.754000000
87.460601,15.755000000
87.462848,15.756000000
87.470521,15.757000000
87.474004,15.758000000
87.478244,15.759000000
87.489142,15.760000000
87.497046,15.761000000
87.501192,15.762000000
87.505438,15.763000000
87.507958,15.764000000
87.515139,15.765000000
87.534835,15.766000000
87.541626,15.767000000
87.543911,15.768000000
87.550616,15.769000000
87.560379,15.770000000
87.565547,15.771000000
87.572209,15.772000000
87.575956,15.773000000
87.580571,15.774000000
87.582974,15.775000000
87.593275,15.776000000
87.624875,15.777000000
87.629755,15.778000000
87.638528,15.779000000
87.647501,15.780000000
87.652771,15.781000000
87.677841,15.782000000
87.685656,15.783000000
87.699931,15.784000000
87.707223,15.785000000
87.722524,15.786000000
87.731138,15.787000000
87.741093,15.788000000
87.752308,15.789000000
87.764524,15.790000000
87.776256,15.791000000
87.783361,15.792000000
87.795825,15.793000000
87.802197,15.794000000
87.809048,15.795000000
87.830521,15.796000000
87.864501,15.797000000
87.871443,15.798000000
87.876772,15.799000000
87.879113,15.800000000
87.883481,15.801000000
87.899740,15.802000000
87.912650,15.803000000
87.922959,15.804000000
87.926134,15.805000000
87.928694,15.806000000
87.930913,15.807000000
87.933141,15.808000000
87.937725,15.809000000
87.940146,15.810000000
87.943498,15.811000000
87.957694,15.812000000
87.971885,15.813000000
87.982678,15.814000000
88.003074,15.815000000
88.007803,15.816000000
88.022441,15.817000000
88.033469,15.818000000
88.039307,15.819000000
88.043900,15.820000000
88.048292,15.821000000
88.057191,15.822000000
88.063710,15.823000000
88.069923,15.824000000
88.075061,15.825000000
88.078653,15.826000000
88.087598,15.827000000
88.098502,15.828000000
88.105352,15.829000000
88.107599,15.830000000
88.109786,15.831000000
88.112141,15.832000000
88.114243,15.833000000
88.117997,15.834000000
88.120206,15.835000000
88.142513,15.836000000
88.163590,15.837000000
88.170783,15.838000000
88.182536,15.839000000
88.194515,15.840000000
88.210160,15.841000000
88.224568,15.842000000
88.232726,15.843000000
88.243949,15.844000000
88.249703,15.845000000
88.258686,15.846000000
88.272570,15.847000000
88.274855,15.848000000
88.279634,15.849000000
88.296204,15.850000000
88.308071,15.851000000
88.325453,15.852000000
88.334758,15.853000000
88.343888,15.854000000
88.350195,15.855000000
88.356562,15.856000000
88.363842,15.857000000
88.367367,15.858000000
88.371763,15.859000000
88.376118,15.860000000
88.382607,15.861000000
88.386324,15.862000000
88.393064,15.863000000
88.396686,15.864000000
88.412483,15.865000000
88.427650,15.866000000
88.430024,15.867000000
88.445552,15.868000000
88.451030,15.869000000
88.459392,15.870000000
88.489115,15.871000000
88.494406,15.872000000
88.496865,15.873000000
88.516770,15.874000000
88.525362,15.875000000
88.534367,15.876000000
88.548827,15.877000000
88.558114,15.878000000
88.562879,15.879000000
88.566842,15.880000000
88.580581,15.881000000
88.597088,15.882000000
88.612010,15.883000000
88.616908,15.884000000
88.629937,15.885000000
88.630456,15.886000000
88.632677,15.887000000
88.640082,15.888000000
88.680708,15.889000000
88.687889,15.890000000
88.687940,15.891000000
88.695199,15.892000000
88.722250,15.893000000
88.722308,15.894000000
88.761987,15.895000000
88.762421,15.896000000
88.772429,15.897000000
88.774315,15.898000000
88.791066,15.899000000
88.791130,15.900000000
88.808028,15.901000000
88.817804,15.902000000
88.845747,15.903000000
88.859972,15.904000000
88.863669,15.905000000
88.884037,15.906000000
88.885169,15.907000000
88.909924,15.908000000
88.923766,15.909000000
88.930434,15.910000000
88.940838,15.911000000
88.940909,15.912000000
88.940951,15.913000000
88.946927,15.914000000
88.955686,15.915000000
88.974151,15.916000000
88.988523,15.917000000
88.993537,15.918000000
89.002621,15.919000000
89.007669,15.920000000
89.023117,15.921000000
89.032663,15.922000000
89.042941,15.923000000
89.056322,15.924000000
89.056386,15.925000000
89.072000,15.926000000
89.090497,15.927000000
89.090574,15.928000000
89.090650,15.929000000
89.090690,15.930000000
89.090729,15.931000000
89.090766,15.932000000
89.093161,15.933000000
89.095635,15.934000000
89.096805,15.935000000
89.103244,15.936000000
89.103300,15.937000000
89.103341,15.938000000
89.110326,15.939000000
89.110830,15.940000000
89.113016,15.941000000
89.116360,15.942000000
89.128835,15.943000000
89.131524,15.944000000
89.138056,15.945000000
89.147286,15.946000000
89.149470,15.947000000
89.152187,15.948000000
89.154441,15.949000000
89.162546,15.950000000
89.164781,15.951000000
89.185872,15.952000000
89.196041,15.953000000
89.198412,15.954000000
89.204447,15.955000000
89.209362,15.956000000
89.215028,15.957000000
89.219410,15.958000000
89.221572,15.959000000
89.233818,15.960000000
89.237480,15.961000000
89.239738,15.962000000
89.244074,15.963000000
89.246686,15.964000000
89.248957,15.965000000
89.251243,15.966000000
89.253423,15.967000000
89.255885,15.968000000
89.259431,15.969000000
89.261733,15.970000000
89.264150,15.971000000
89.266464,15.972000000
89.269145,15.973000000
89.271594,15.974000000
89.274103,15.975000000
89.298476,15.976000000
89.302086,15.977000000
89.318784,15.978000000
89.323205,15.979000000
89.326490,15.980000000
89.354311,15.981000000
89.362007,15.982000000
89.367822,15.983000000
89.380153,15.984000000
89.387817,15.985000000
89.393609,15.986000000
89.405157,15.987000000
89.418148,15.988000000
89.421620,15.989000000
89.428150,15.990000000
89.439125,15.991000000
89.450412,15.992000000
89.456337,15.993000000
89.467477,15.994000000
89.475814,15.995000000
89.480064,15.996000000
89.490942,15.997000000
89.495450,15.998000000
89.514355,15.999000000
89.522170,16.000000000
89.524897,16.001000000
89.543852,16.002000000
89.570218,16.003000000
89.572767,16.004000000
89.595929,16.005000000
89.600274,16.006000000
89.610023,16.007000000
89.613937,16.008000000
89.625584,16.009000000
89.642918,16.010000000
89.645185,16.011000000
89.648085,16.012000000
89.652585,16.013000000
89.661938,16.014000000
89.664515,16.015000000
89.666745,16.016000000
89.676528,16.017000000
89.687943,16.018000000
89.697021,16.019000000
89.700675,16.020000000
89.705010,16.021000000
89.714192,16.022000000
89.722849,16.023000000
89.726212,16.024000000
89.734604,16.025000000
89.747764,16.026000000
89.752215,16.027000000
89.759887,16.028000000
89.765941,16.029000000
89.771000,16.030000000
89.774755,16.031000000
89.784120,16.032000000
89.788695,16.033000000
89.794497,16.034000000
89.799657,16.035000000
89.803790,16.036000000
89.812897,16.037000000
89.824129,16.038000000
89.826533,16.039000000
89.830207,16.040000000
89.841775,16.041000000
89.845499,16.042000000
89.862841,16.043000000
89.881657,16.044000000
89.896813,16.045000000
89.899374,16.046000000
89.903507,16.047000000
89.917564,16.048000000
89.925209,16.049000000
89.933226,16.050000000
89.949420,16.051000000
89.962960,16.052000000
89.967427,16.053000000
89.976935,16.054000000
89.995334,16.055000000
90.002869,16.056000000
90.007178,16.057000000
90.017269,16.058000000
90.021810,16.059000000
90.029120,16.060000000
90.037957,16.061000000
90.042392,16.062000000
90.051545,16.063000000
90.058109,16.064000000
90.060513,16.065000000
90.069646,16.066000000
90.074865,16.067000000
90.079651,16.068000000
90.085007,16.069000000
90.093296,16.070000000
90.097208,16.071000000
90.101510,16.072000000
90.110098,16.073000000
90.114768,16.074000000
90.121136,16.075000000
90.127346,16.076000000
90.159567,16.077000000
90.163833,16.078000000
90.177797,16.079000000
90.189532,16.080000000
90.192247,16.081000000
90.208847,16.082000000
90.216745,16.083000000
90.225286,16.084000000
90.240984,16.085000000
90.244282,16.086000000
90.247256,16.087000000
90.249477,16.088000000
90.262464,16.089000000
90.277679,16.090000000
90.280138,16.091000000
90.299944,16.092000000
90.302817,16.093000000
90.312160,16.094000000
90.321610,16.095000000
90.325881,16.096000000
90.339792,16.097000000
90.347428,16.098000000
90.357254,16.099000000
90.361599,16.100000000
90.372774,16.101000000
90.377418,16.102000000
90.384978,16.103000000
90.392838,16.104000000
90.404543,16.105000000
90.408493,16.106000000
90.416944,16.107000000
90.424838,16.108000000
90.427185,16.109000000
90.442984,16.110000000
90.454506,16.111000000
90.459466,16.112000000
90.461719,16.113000000
90.478386,16.114000000
90.480912,16.115000000
90.483088,16.116000000
90.485336,16.117000000
90.492455,16.118000000
90.500577,16.119000000
90.504007,16.120000000
90.524941,16.121000000
90.545916,16.122000000
90.549693,16.123000000
90.554979,16.124000000
90.571930,16.125000000
90.575998,16.126000000
90.587912,16.127000000
90.592697,16.128000000
90.597799,16.129000000
90.601144,16.130000000
90.605464,16.131000000
90.613506,16.132000000
90.617283,16.133000000
90.622299,16.134000000
90.625224,16.135000000
90.630148,16.136000000
90.635430,16.137000000
90.644240,16.138000000
90.649533,16.139000000
90.656121,16.140000000
90.667569,16.141000000
90.675488,16.142000000
90.682158,16.143000000
90.693886,16.144000000
90.707345,16.145000000
90.715704,16.146000000
90.732104,16.147000000
90.745084,16.148000000
90.749562,16.149000000
90.771104,16.150000000
90.786436,16.151000000
90.801796,16.152000000
90.809573,16.153000000
90.815655,16.154000000
90.822604,16.155000000
90.847490,16.156000000
90.847548,16.157000000
90.870429,16.158000000
90.882854,16.159000000
90.896516,16.160000000
90.907479,16.161000000
90.917189,16.162000000
90.928439,16.163000000
90.940161,16.164000000
90.943992,16.165000000
90.953623,16.166000000
90.966312,16.167000000
90.969034,16.168000000
90.980702,16.169000000
90.987903,16.170000000
90.996309,16.171000000
90.999582,16.172000000
91.009296,16.173000000
91.013819,16.174000000
91.018363,16.175000000
91.020584,16.176000000
91.022800,16.177000000
91.025092,16.178000000
91.027407,16.179000000
91.030004,16.180000000
91.032478,16.181000000
91.041131,16.182000000
91.044275,16.183000000
91.048946,16.184000000
91.055322,16.185000000
91.077922,16.186000000
91.080867,16.187000000
91.083151,16.188000000
91.085329,16.189000000
91.088959,16.190000000
91.091400,16.191000000
91.093767,16.192000000
91.113072,16.193000000
91.115738,16.194000000
91.122642,16.195000000
91.124874,16.196000000
91.131642,16.197000000
91.133994,16.198000000
91.154277,16.199000000
91.154338,16.200000000
91.164110,16.201000000
91.187223,16.202000000
91.202072,16.203000000
91.211310,16.204000000
91.226851,16.205000000
91.226908,16.206000000
91.237448,16.207000000
91.237795,16.208000000
91.247749,16.209000000
91.251137,16.210000000
91.259720,16.211000000
91.268965,16.212000000
91.284859,16.213000000
91.284914,16.214000000
91.295148,16.215000000
91.304798,16.216000000
91.313127,16.217000000
91.319432,16.218000000
91.333216,16.219000000
91.340623,16.220000000
91.350023,16.221000000
91.357289,16.222000000
91.360831,16.223000000
91.363822,16.224000000
91.366035,16.225000000
91.368963,16.226000000
91.371120,16.227000000
91.373433,16.228000000
91.381299,16.229000000
91.385184,16.230000000
91.398915,16.231000000
91.415300,16.232000000
91.417973,16.233000000
91.425974,16.234000000
91.428308,16.235000000
91.437337,16.236000000
91.439711,16.237000000
91.444649,16.238000000
91.447625,16.239000000
91.471984,16.240000000
91.474705,16.241000000
91.477043,16.242000000
91.479731,16.243000000
91.481943,16.244000000
91.484070,16.245000000
91.486385,16.246000000
91.500991,16.247000000
91.503332,16.248000000
91.505536,16.249000000
91.507842,16.250000000
91.510164,16.251000000
91.512487,16.252000000
91.517274,16.253000000
91.536137,16.254000000
91.545969,16.255000000
91.548191,16.256000000
91.550420,16.257000000
91.560915,16.258000000
91.563658,16.259000000
91.578506,16.260000000
91.581071,16.261000000
91.585698,16.262000000
91.603739,16.263000000
91.637087,16.264000000
91.648182,16.265000000
91.661139,16.266000000
91.675662,16.267000000
91.685737,16.268000000
91.697155,16.269000000
91.706048,16.270000000
91.714690,16.271000000
91.732078,16.272000000
91.742584,16.273000000
91.748055,16.274000000
91.757288,16.275000000
91.769883,16.276000000
91.778845,16.277000000
91.781633,16.278000000
91.786338,16.279000000
91.788855,16.280000000
91.791111,16.281000000
91.797486,16.282000000
91.800461,16.283000000
91.802682,16.284000000
91.804846,16.285000000
91.807230,16.286000000
91.809518,16.287000000
91.812140,16.288000000
91.814891,16.289000000
91.817024,16.290000000
91.819179,16.291000000
91.821506,16.292000000
91.837173,16.293000000
91.840906,16.294000000
91.847337,16.295000000
91.849740,16.296000000
91.858153,16.297000000
91.860413,16.298000000
91.863065,16.299000000
91.872339,16.300000000
91.902240,16.301000000
91.904753,16.302000000
91.914573,16.303000000
91.926594,16.304000000
91.930636,16.305000000
91.935118,16.306000000
91.948102,16.307000000
91.956924,16.308000000
91.963675,16.309000000
91.966155,16.310000000
91.974404,16.311000000
91.976817,16.312000000
91.983471,16.313000000
91.986150,16.314000000
92.010804,16.315000000
92.013062,16.316000000
92.015265,16.317000000
92.017628,16.318000000
92.019964,16.319000000
92.022582,16.320000000
92.025345,16.321000000
92.028507,16.322000000
92.030776,16.323000000
92.035412,16.324000000
92.037855,16.325000000
92.040176,16.326000000
92.042417,16.327000000
92.044726,16.328000000
92.051733,16.329000000
92.054070,16.330000000
92.057054,16.331000000
92.061576,16.332000000
92.063851,16.333000000
92.066196,16.334000000
92.068970,16.335000000
92.071308,16.336000000
92.073524,16.337000000
92.075773,16.338000000
92.078236,16.339000000
92.090203,16.340000000
92.117810,16.341000000
92.135275,16.342000000
92.142872,16.343000000
92.149754,16.344000000
92.166385,16.345000000
92.175113,16.346000000
92.184900,16.347000000
92.189378,16.348000000
92.197493,16.349000000
92.207223,16.350000000
92.216120,16.351000000
92.220827,16.352000000
92.227465,16.353000000
92.237939,16.354000000
92.248268,16.355000000
92.248459,16.356000000
92.263697,16.357000000
92.272123,16.358000000
92.277641,16.359000000
92.321488,16.360000000
92.332710,16.361000000
92.353842,16.362000000
92.354402,16.363000000
92.364412,16.364000000
92.371263,16.365000000
92.379712,16.366000000
92.388150,16.367000000
92.396180,16.368000000
92.403595,16.369000000
92.411851,16.370000000
92.419017,16.371000000
92.425435,16.372000000
92.432891,16.373000000
92.441615,16.374000000
92.448797,16.375000000
92.457239,16.376000000
92.463324,16.377000000
92.471552,16.378000000
92.479278,16.379000000
92.488172,16.380000000
92.503641,16.381000000
92.510049,16.382000000
92.519742,16.383000000
92.526181,16.384000000
92.533695,16.385000000
92.542146,16.386000000
92.550847,16.387000000
92.556457,16.388000000
92.563328,16.389000000
92.571594,16.390000000
92.578932,16.391000000
92.587589,16.392000000
92.596492,16.393000000
92.602679,16.394000000
92.610880,16.395000000
92.618503,16.396000000
92.628134,16.397000000
92.637810,16.398000000
92.645260,16.399000000
92.653005,16.400000000
92.660271,16.401000000
92.666800,16.402000000
92.674945,16.403000000
92.690765,16.404000000
92.700828,16.405000000
92.710773,16.406000000
92.724809,16.407000000
92.731775,16.408000000
92.738798,16.409000000
92.754805,16.410000000
92.766351,16.411000000
92.774635,16.412000000
92.779928,16.413000000
92.786421,16.414000000
92.793022,16.415000000
92.799001,16.416000000
92.808206,16.417000000
92.823186,16.418000000
92.846068,16.419000000
92.849946,16.420000000
92.856074,16.421000000
92.860435,16.422000000
92.869534,16.423000000
92.875504,16.424000000
92.881162,16.425000000
92.888914,16.426000000
92.896605,16.427000000
92.900825,16.428000000
92.907538,16.429000000
92.914549,16.430000000
92.919256,16.431000000
92.925651,16.432000000
92.931920,16.433000000
92.938998,16.434000000
92.944386,16.435000000
92.950625,16.436000000
92.962377,16.437000000
92.969598,16.438000000
92.976891,16.439000000
92.991834,16.440000000
92.995823,16.441000000
93.004026,16.442000000
93.006700,16.443000000
93.013433,16.444000000
93.018106,16.445000000
93.021162,16.446000000
93.026203,16.447000000
93.029402,16.448000000
93.032688,16.449000000
93.041813,16.450000000
93.044471,16.451000000
93.047362,16.452000000
93.051033,16.453000000
93.054983,16.454000000
93.063690,16.455000000
93.066347,16.456000000
93.084442,16.457000000
93.087219,16.458000000
93.093065,16.459000000
93.113756,16.460000000
93.121815,16.461000000
93.126488,16.462000000
93.136919,16.463000000
93.144473,16.464000000
93.150271,16.465000000
93.153938,16.466000000
93.158399,16.467000000
93.161119,16.468000000
93.174540,16.469000000
93.177309,16.470000000
93.195799,16.471000000
93.198417,16.472000000
93.200835,16.473000000
93.203650,16.474000000
93.205894,16.475000000
93.208923,16.476000000
93.213431,16.477000000
93.217150,16.478000000
93.220184,16.479000000
93.224916,16.480000000
93.232920,16.481000000
93.237030,16.482000000
93.250652,16.483000000
93.254833,16.484000000
93.266525,16.485000000
93.274753,16.486000000
93.278447,16.487000000
93.284165,16.488000000
93.288666,16.489000000
93.294967,16.490000000
93.297284,16.491000000
93.300068,16.492000000
93.303355,16.493000000
93.306315,16.494000000
93.314134,16.495000000
93.316501,16.496000000
93.319292,16.497000000
93.321902,16.498000000
93.325876,16.499000000
93.331859,16.500000000
93.336991,16.501000000
93.343991,16.502000000
93.348274,16.503000000
93.351762,16.504000000
93.354061,16.505000000
93.356341,16.506000000
93.358739,16.507000000
93.361685,16.508000000
93.364586,16.509000000
93.368423,16.510000000
93.375533,16.511000000
93.377873,16.512000000
93.380113,16.513000000
93.391283,16.514000000
93.394843,16.515000000
93.405542,16.516000000
93.408820,16.517000000
93.419815,16.518000000
93.426606,16.519000000
93.433778,16.520000000
93.437419,16.521000000
93.440330,16.522000000
93.444911,16.523000000
93.448308,16.524000000
93.454826,16.525000000
93.457429,16.526000000
93.461008,16.527000000
93.468997,16.528000000
93.478568,16.529000000
93.492383,16.530000000
93.496577,16.531000000
93.505958,16.532000000
93.527567,16.533000000
93.528846,16.534000000
93.543403,16.535000000
93.551023,16.536000000
93.555597,16.537000000
93.563351,16.538000000
93.572041,16.539000000
93.581058,16.540000000
93.587860,16.541000000
93.593174,16.542000000
93.604516,16.543000000
93.612876,16.544000000
93.618180,16.545000000
93.621038,16.546000000
93.634570,16.547000000
93.638193,16.548000000
93.642806,16.549000000
93.652977,16.550000000
93.660908,16.551000000
93.670064,16.552000000
93.675509,16.553000000
93.683481,16.554000000
93.695876,16.555000000
93.704134,16.556000000
93.722186,16.557000000
93.726643,16.558000000
93.737597,16.559000000
93.745567,16.560000000
93.748908,16.561000000
93.761616,16.562000000
93.769846,16.563000000
93.786330,16.564000000
93.796019,16.565000000
93.800659,16.566000000
93.825226,16.567000000
93.834930,16.568000000
93.839965,16.569000000
93.846233,16.570000000
93.855016,16.571000000
93.857705,16.572000000
93.863411,16.573000000
93.865786,16.574000000
93.868390,16.575000000
93.878345,16.576000000
93.889450,16.577000000
93.891846,16.578000000
93.894542,16.579000000
93.900787,16.580000000
93.903288,16.581000000
93.918323,16.582000000
93.927145,16.583000000
93.940929,16.584000000
93.949541,16.585000000
93.955607,16.586000000
93.960384,16.587000000
93.967406,16.588000000
93.979331,16.589000000
93.982862,16.590000000
93.985252,16.591000000
93.994325,16.592000000
93.996680,16.593000000
93.999196,16.594000000
94.005589,16.595000000
94.025095,16.596000000
94.027563,16.597000000
94.029768,16.598000000
94.036092,16.599000000
94.038371,16.600000000
94.046171,16.601000000
94.048542,16.602000000
94.050780,16.603000000
94.053010,16.604000000
94.055197,16.605000000
94.062437,16.606000000
94.073751,16.607000000
94.076005,16.608000000
94.078268,16.609000000
94.080461,16.610000000
94.087492,16.611000000
94.089844,16.612000000
94.095855,16.613000000
94.107253,16.614000000
94.129554,16.615000000
94.142824,16.616000000
94.150904,16.617000000
94.158215,16.618000000
94.166401,16.619000000
94.179142,16.620000000
94.185647,16.621000000
94.198115,16.622000000
94.208553,16.623000000
94.213608,16.624000000
94.230955,16.625000000
94.236690,16.626000000
94.248490,16.627000000
94.256298,16.628000000
94.258621,16.629000000
94.261147,16.630000000
94.263386,16.631000000
94.269980,16.632000000
94.272348,16.633000000
94.274682,16.634000000
94.277267,16.635000000
94.291324,16.636000000
94.295002,16.637000000
94.305591,16.638000000
94.310589,16.639000000
94.320257,16.640000000
94.323062,16.641000000
94.325702,16.642000000
94.328182,16.643000000
94.330706,16.644000000
94.334188,16.645000000
94.336667,16.646000000
94.339972,16.647000000
94.342746,16.648000000
94.345623,16.649000000
94.349156,16.650000000
94.351723,16.651000000
94.354156,16.652000000
94.356602,16.653000000
94.360599,16.654000000
94.363511,16.655000000
94.366059,16.656000000
94.368506,16.657000000
94.370861,16.658000000
94.373263,16.659000000
94.375516,16.660000000
94.377901,16.661000000
94.380352,16.662000000
94.383121,16.663000000
94.392393,16.664000000
94.398761,16.665000000
94.403415,16.666000000
94.407972,16.667000000
94.411946,16.668000000
94.414904,16.669000000
94.419580,16.670000000
94.431057,16.671000000
94.434725,16.672000000
94.438860,16.673000000
94.444792,16.674000000
94.466532,16.675000000
94.469855,16.676000000
94.472317,16.677000000
94.475792,16.678000000
94.478486,16.679000000
94.483551,16.680000000
94.492483,16.681000000
94.495892,16.682000000
94.498400,16.683000000
94.512144,16.684000000
94.518206,16.685000000
94.521961,16.686000000
94.541513,16.687000000
94.546295,16.688000000
94.549363,16.689000000
94.552147,16.690000000
94.556739,16.691000000
94.560730,16.692000000
94.568067,16.693000000
94.570391,16.694000000
94.572974,16.695000000
94.576506,16.696000000
94.581522,16.697000000
94.587399,16.698000000
94.590335,16.699000000
94.598649,16.700000000
94.601198,16.701000000
94.605103,16.702000000
94.612914,16.703000000
94.623461,16.704000000
94.625773,16.705000000
94.628895,16.706000000
94.631199,16.707000000
94.634742,16.708000000
94.637777,16.709000000
94.641212,16.710000000
94.646050,16.711000000
94.652128,16.712000000
94.656318,16.713000000
94.674290,16.714000000
94.682320,16.715000000
94.693247,16.716000000
94.699451,16.717000000
94.720636,16.718000000
94.724318,16.719000000
94.747443,16.720000000
94.747508,16.721000000
94.748906,16.722000000
94.752774,16.723000000
94.753895,16.724000000
94.761461,16.725000000
94.765249,16.726000000
94.798987,16.727000000
94.799050,16.728000000
94.799117,16.729000000
94.799156,16.730000000
94.804317,16.731000000
94.809468,16.732000000
94.814188,16.733000000
94.818788,16.734000000
94.831387,16.735000000
94.841417,16.736000000
94.844471,16.737000000
94.846166,16.738000000
94.852653,16.739000000
94.867963,16.740000000
94.869604,16.741000000
94.889127,16.742000000
94.902792,16.743000000
94.920773,16.744000000
94.928198,16.745000000
94.939832,16.746000000
94.946600,16.747000000
94.953906,16.748000000
94.964926,16.749000000
94.975832,16.750000000
94.983806,16.751000000
94.987926,16.752000000
94.992642,16.753000000
94.997312,16.754000000
95.001370,16.755000000
95.007498,16.756000000
95.012091,16.757000000
95.016580,16.758000000
95.022006,16.759000000
95.026410,16.760000000
95.031299,16.761000000
95.036573,16.762000000
95.039173,16.763000000
95.067496,16.764000000
95.076410,16.765000000
95.081261,16.766000000
95.098520,16.767000000
95.101007,16.768000000
95.108492,16.769000000
95.113216,16.770000000
95.115995,16.771000000
95.118430,16.772000000
95.132855,16.773000000
95.142097,16.774000000
95.150779,16.775000000
95.154943,16.776000000
95.167591,16.777000000
95.170079,16.778000000
95.172927,16.779000000
95.175152,16.780000000
95.177437,16.781000000
95.180393,16.782000000
95.183073,16.783000000
95.185456,16.784000000
95.204788,16.785000000
95.208771,16.786000000
95.224008,16.787000000
95.245254,16.788000000
95.247651,16.789000000
95.268513,16.790000000
95.277559,16.791000000
95.294928,16.792000000
95.306892,16.793000000
95.319567,16.794000000
95.325870,16.795000000
95.338477,16.796000000
95.361523,16.797000000
95.364902,16.798000000
95.370851,16.799000000
95.380892,16.800000000
95.380949,16.801000000
95.380989,16.802000000
95.387439,16.803000000
95.395398,16.804000000
95.400553,16.805000000
95.414287,16.806000000
95.417945,16.807000000
95.455642,16.808000000
95.460804,16.809000000
95.474579,16.810000000
95.493191,16.811000000
95.496938,16.812000000
95.499436,16.813000000
95.501798,16.814000000
95.505230,16.815000000
95.523556,16.816000000
95.528626,16.817000000
95.544203,16.818000000
95.546816,16.819000000
95.549239,16.820000000
95.551651,16.821000000
95.573343,16.822000000
95.591943,16.823000000
95.631207,16.824000000
95.658414,16.825000000
95.658976,16.826000000
95.671883,16.827000000
95.672390,16.828000000
95.697533,16.829000000
95.708152,16.830000000
95.725240,16.831000000
95.725418,16.832000000
95.753967,16.833000000
95.758961,16.834000000
95.760656,16.835000000
95.806265,16.836000000
95.809966,16.837000000
95.827761,16.838000000
95.836673,16.839000000
95.848253,16.840000000
95.848310,16.841000000
95.873860,16.842000000
95.883018,16.843000000
95.892751,16.844000000
95.903711,16.845000000
95.916894,16.846000000
95.916964,16.847000000
95.930894,16.848000000
95.941181,16.849000000
95.958670,16.850000000
95.964198,16.851000000
95.968290,16.852000000
95.993499,16.853000000
96.003954,16.854000000
96.026680,16.855000000
96.033582,16.856000000
96.041773,16.857000000
96.047704,16.858000000
96.050215,16.859000000
96.070454,16.860000000
96.076137,16.861000000
96.078505,16.862000000
96.085270,16.863000000
96.103360,16.864000000
96.123409,16.865000000
96.141452,16.866000000
96.148487,16.867000000
96.150757,16.868000000
96.171033,16.869000000
96.176159,16.870000000
96.189266,16.871000000
96.202967,16.872000000
96.214303,16.873000000
96.230203,16.874000000
96.232789,16.875000000
96.255431,16.876000000
96.259323,16.877000000
96.286740,16.878000000
96.300152,16.879000000
96.308673,16.880000000
96.318874,16.881000000
96.327017,16.882000000
96.342674,16.883000000
96.351013,16.884000000
96.364498,16.885000000
96.375813,16.886000000
96.386797,16.887000000
96.398660,16.888000000
96.403666,16.889000000
96.415580,16.890000000
96.437609,16.891000000
96.438175,16.892000000
96.449393,16.893000000
96.480495,16.894000000
96.481058,16.895000000
96.490556,16.896000000
96.490611,16.897000000
96.510346,16.898000000
96.510435,16.899000000
96.526997,16.900000000
96.547861,16.901000000
96.552665,16.902000000
96.554998,16.903000000
96.557353,16.904000000
96.560159,16.905000000
96.576771,16.906000000
96.584862,16.907000000
96.590070,16.908000000
96.599928,16.909000000
96.605004,16.910000000
96.605813,16.911000000
96.618557,16.912000000
96.618612,16.913000000
96.631422,16.914000000
96.639369,16.915000000
96.639421,16.916000000
96.660424,16.917000000
96.664070,16.918000000
96.664153,16.919000000
96.681195,16.920000000
96.684576,16.921000000
96.695938,16.922000000
96.700711,16.923000000
96.708659,16.924000000
96.714585,16.925000000
96.728939,16.926000000
96.734840,16.927000000
96.741066,16.928000000
96.748672,16.929000000
96.759682,16.930000000
96.780992,16.931000000
96.801505,16.932000000
96.809969,16.933000000
96.836121,16.934000000
96.848070,16.935000000
96.851809,16.936000000
96.865238,16.937000000
96.871751,16.938000000
96.879917,16.939000000
96.889404,16.940000000
96.902892,16.941000000
96.917379,16.942000000
96.927841,16.943000000
96.933220,16.944000000
96.948080,16.945000000
96.966957,16.946000000
96.973265,16.947000000
96.979285,16.948000000
96.985301,16.949000000
96.992930,16.950000000
96.997588,16.951000000
97.001956,16.952000000
97.007456,16.953000000
97.009743,16.954000000
97.018185,16.955000000
97.023514,16.956000000
97.027622,16.957000000
97.033087,16.958000000
97.038205,16.959000000
97.041426,16.960000000
97.070729,16.961000000
97.072270,16.962000000
97.074044,16.963000000
97.077581,16.964000000
97.099922,16.965000000
97.121487,16.966000000
97.123590,16.967000000
97.134839,16.968000000
97.138801,16.969000000
97.148583,16.970000000
97.149497,16.971000000
97.151314,16.972000000
97.154936,16.973000000
97.159058,16.974000000
97.161095,16.975000000
97.163457,16.976000000
97.166715,16.977000000
97.180530,16.978000000
97.182134,16.979000000
97.184730,16.980000000
97.186851,16.981000000
97.189275,16.982000000
97.191090,16.983000000
97.198513,16.984000000
97.204628,16.985000000
97.209300,16.986000000
97.213991,16.987000000
97.244424,16.988000000
97.246556,16.989000000
97.253985,16.990000000
97.255898,16.991000000
97.261460,16.992000000
97.263384,16.993000000
97.279824,16.994000000
97.285377,16.995000000
97.287755,16.996000000
97.296257,16.997000000
97.298119,16.998000000
97.336299,16.999000000
97.356077,17.000000000
97.360488,17.001000000
97.376586,17.002000000
97.388132,17.003000000
97.404996,17.004000000
97.405676,17.005000000
97.421652,17.006000000
97.425317,17.007000000
97.441214,17.008000000
97.450862,17.009000000
97.456510,17.010000000
97.464962,17.011000000
97.471558,17.012000000
97.473531,17.013000000
97.482680,17.014000000
97.491110,17.015000000
97.509022,17.016000000
97.516691,17.017000000
97.538074,17.018000000
97.548819,17.019000000
97.573994,17.020000000
97.574042,17.028000000
97.600547,17.029000000
97.620860,17.030000000
97.641572,17.031000000
97.651062,17.032000000
97.664648,17.033000000
97.675063,17.034000000
97.691054,17.035000000
97.698771,17.036000000
97.704239,17.037000000
97.713466,17.038000000
97.715626,17.039000000
97.718792,17.040000000
97.722934,17.041000000
97.724944,17.042000000
97.731285,17.043000000
97.735479,17.044000000
97.740139,17.045000000
97.745181,17.046000000
97.752675,17.047000000
97.758068,17.048000000
97.761101,17.049000000
97.777478,17.050000000
97.787112,17.051000000
97.802700,17.052000000
97.804590,17.053000000
97.823086,17.054000000
97.834046,17.055000000
97.840097,17.056000000
97.853017,17.057000000
97.860175,17.058000000
97.875715,17.059000000
97.882470,17.060000000
97.884322,17.061000000
97.899692,17.062000000
97.911401,17.063000000
97.916334,17.064000000
97.921393,17.065000000
97.929159,17.066000000
97.930564,17.067000000
97.935284,17.068000000
97.943012,17.069000000
97.947133,17.070000000
97.958356,17.071000000
97.960182,17.072000000
97.963928,17.073000000
97.973442,17.074000000
97.975233,17.075000000
97.983489,17.076000000
97.985450,17.077000000
97.988234,17.078000000
98.011544,17.079000000
98.016981,17.080000000
98.026762,17.081000000
98.046370,17.082000000
98.061011,17.083000000
98.066099,17.084000000
98.086254,17.085000000
98.088171,17.086000000
98.090093,17.087000000
98.092082,17.088000000
98.094099,17.089000000
98.096107,17.090000000
98.098426,17.091000000
98.100354,17.092000000
98.102284,17.093000000
98.104133,17.094000000
98.106736,17.095000000
98.109855,17.096000000
98.112093,17.097000000
98.114557,17.098000000
98.116425,17.099000000
98.118597,17.100000000
98.120674,17.101000000
98.131891,17.102000000
98.134877,17.103000000
98.137174,17.104000000
98.139404,17.105000000
98.143217,17.106000000
98.145153,17.107000000
98.147109,17.108000000
98.149900,17.109000000
98.155303,17.110000000
98.157623,17.111000000
98.187198,17.112000000
98.192188,17.113000000
98.196206,17.114000000
98.202846,17.115000000
98.214513,17.116000000
98.216376,17.117000000
98.227783,17.118000000
98.235677,17.119000000
98.242028,17.120000000
98.261108,17.121000000
98.268841,17.122000000
98.277596,17.123000000
98.287716,17.124000000
98.292139,17.125000000
98.297801,17.126000000
98.307282,17.127000000
98.309322,17.128000000
98.321594,17.129000000
98.344639,17.130000000
98.354576,17.131000000
98.366618,17.132000000
98.378773,17.133000000
98.388546,17.134000000
98.401631,17.135000000
98.412361,17.136000000
98.426612,17.137000000
98.445159,17.138000000
98.452826,17.139000000
98.457193,17.140000000
98.463595,17.141000000
98.467476,17.142000000
98.490356,17.143000000
98.492414,17.144000000
98.495865,17.145000000
98.498877,17.146000000
98.514096,17.147000000
98.516071,17.148000000
98.518965,17.149000000
98.538362,17.150000000
98.545651,17.151000000
98.547555,17.152000000
98.554732,17.153000000
98.556745,17.154000000
98.564235,17.155000000
98.566241,17.156000000
98.568211,17.157000000
98.577873,17.158000000
98.579978,17.159000000
98.581928,17.160000000
98.590609,17.161000000
98.595016,17.162000000
98.595063,17.163000000
98.596866,17.164000000
98.611593,17.165000000
98.617909,17.166000000
98.621919,17.167000000
98.624359,17.168000000
98.626424,17.169000000
98.633787,17.170000000
98.635811,17.171000000
98.650051,17.172000000
98.657226,17.173000000
98.663690,17.174000000
98.665743,17.175000000
98.667745,17.176000000
98.677294,17.177000000
98.695681,17.178000000
98.712660,17.179000000
98.716194,17.180000000
98.718157,17.181000000
98.725146,17.182000000
98.731973,17.183000000
98.734117,17.184000000
98.736289,17.185000000
98.772189,17.186000000
98.783226,17.187000000
98.792761,17.188000000
98.803544,17.189000000
98.809333,17.190000000
98.823152,17.191000000
98.826956,17.192000000
98.844392,17.193000000
98.850121,17.194000000
98.863211,17.195000000
98.869285,17.196000000
98.883051,17.197000000
98.896862,17.198000000
98.906321,17.199000000
98.909512,17.200000000
98.910796,17.201000000
98.916672,17.202000000
98.918785,17.203000000
98.920908,17.204000000
98.924872,17.205000000
98.926767,17.206000000
98.928864,17.207000000
98.932053,17.208000000
98.933631,17.209000000
98.947158,17.210000000
98.949391,17.211000000
98.958555,17.212000000
98.962128,17.213000000
98.974282,17.214000000
98.977577,17.215000000
98.984183,17.216000000
98.987381,17.217000000
98.994012,17.218000000
98.995929,17.219000000
99.003840,17.220000000
99.005908,17.221000000
99.007750,17.222000000
99.013461,17.223000000
99.021178,17.224000000
99.023297,17.225000000
99.035529,17.226000000
99.037727,17.227000000
99.044232,17.228000000
99.046240,17.229000000
99.070641,17.230000000
99.078752,17.231000000
99.079732,17.232000000
99.085769,17.233000000
99.090467,17.234000000
99.092477,17.235000000
99.105364,17.236000000
99.107328,17.237000000
99.112856,17.238000000
99.114700,17.239000000
99.122272,17.240000000
99.124475,17.241000000
99.128343,17.242000000
99.137219,17.243000000
99.139309,17.244000000
99.141486,17.245000000
99.171400,17.246000000
99.171453,17.247000000
99.172643,17.248000000
99.176943,17.249000000
99.178899,17.250000000
99.186061,17.251000000
99.188097,17.252000000
99.207109,17.253000000
99.210046,17.254000000
99.217986,17.255000000
99.219998,17.256000000
99.227278,17.257000000
99.229286,17.258000000
99.261073,17.259000000
99.271507,17.260000000
99.281904,17.261000000
99.293532,17.262000000
99.310290,17.263000000
99.318646,17.264000000
99.327928,17.265000000
99.338597,17.266000000
99.356480,17.267000000
99.365536,17.268000000
99.375211,17.269000000
99.390675,17.270000000
99.394602,17.271000000
99.406162,17.272000000
99.413670,17.273000000
99.419620,17.274000000
99.421558,17.275000000
99.423503,17.276000000
99.425425,17.277000000
99.431728,17.278000000
99.433650,17.279000000
99.435770,17.280000000
99.439528,17.281000000
99.445627,17.282000000
99.447494,17.283000000
99.449460,17.284000000
99.453952,17.285000000
99.456842,17.286000000
99.471559,17.287000000
99.473528,17.288000000
99.480870,17.289000000
99.483391,17.290000000
99.485024,17.291000000
99.491739,17.292000000
99.493798,17.293000000
99.499150,17.294000000
99.501000,17.295000000
99.503073,17.296000000
99.505106,17.297000000
99.508509,17.298000000
99.510016,17.299000000
99.512225,17.300000000
99.514202,17.301000000
99.516438,17.302000000
99.518375,17.303000000
99.520360,17.304000000
99.522292,17.305000000
99.535482,17.306000000
99.537513,17.307000000
99.539550,17.308000000
99.541821,17.309000000
99.543822,17.310000000
99.545779,17.311000000
99.564458,17.312000000
99.571495,17.313000000
99.575562,17.314000000
99.583557,17.315000000
99.609000,17.316000000
99.613537,17.317000000
99.620325,17.318000000
99.626810,17.319000000
99.647177,17.320000000
99.659980,17.321000000
99.673388,17.322000000
99.703794,17.323000000
99.703842,17.324000000
99.725228,17.325000000
99.740903,17.326000000
99.752277,17.327000000
99.767143,17.328000000
99.775210,17.329000000
99.787716,17.330000000
99.787766,17.332000000
99.803591,17.333000000
99.804323,17.334000000
99.812419,17.335000000
99.820320,17.336000000
99.842228,17.337000000
99.855700,17.338000000
99.855779,17.339000000
99.872478,17.340000000
99.882877,17.341000000
99.882943,17.342000000
99.891210,17.343000000
99.897855,17.344000000
99.920718,17.345000000
99.932106,17.346000000
99.932187,17.348000000
99.946859,17.349000000
99.946905,17.350000000
99.963701,17.351000000
99.963748,17.352000000
99.995248,17.353000000
100.013401,17.354000000
100.019267,17.355000000
100.027181,17.356000000
100.034879,17.357000000
100.066050,17.358000000
100.092571,17.359000000
100.094712,17.360000000
100.100455,17.361000000
100.108562,17.362000000
100.111181,17.363000000
100.135817,17.364000000
100.153326,17.365000000
100.168068,17.366000000
100.187113,17.367000000
100.195637,17.368000000
100.217911,17.369000000
100.227904,17.370000000
100.239086,17.371000000
100.254895,17.372000000
100.273172,17.373000000
100.278965,17.374000000
100.286804,17.375000000
100.295877,17.376000000
100.295922,17.377000000
100.309518,17.378000000
100.317513,17.379000000
100.323313,17.380000000
100.323353,17.381000000
100.363168,17.382000000
100.371011,17.383000000
100.387898,17.384000000
100.387950,17.385000000
100.401877,17.386000000
100.410839,17.387000000
100.425374,17.388000000
100.447013,17.389000000
100.447069,17.390000000
100.458739,17.391000000
100.458784,17.392000000
100.468391,17.393000000
100.480613,17.394000000
100.488044,17.395000000
100.495317,17.396000000
100.495362,17.397000000
100.510535,17.398000000
100.518906,17.399000000
100.528461,17.400000000
100.530436,17.401000000
100.540755,17.402000000
100.551163,17.403000000
100.551205,17.404000000
100.567310,17.405000000
100.575302,17.406000000
100.587635,17.407000000
100.587710,17.408000000
100.595179,17.409000000
100.605012,17.410000000
100.610955,17.411000000
100.614838,17.412000000
100.626636,17.413000000
100.634969,17.414000000
100.646938,17.415000000
100.646982,17.416000000
100.659846,17.417000000
100.659917,17.418000000
100.675940,17.419000000
100.675986,17.420000000
100.691548,17.421000000
100.692790,17.422000000
100.704515,17.423000000
100.704560,17.424000000
100.722074,17.425000000
100.722127,17.426000000
100.733727,17.427000000
100.742226,17.428000000
100.742270,17.429000000
100.757328,17.430000000
100.769690,17.431000000
100.782543,17.432000000
100.799505,17.433000000
100.808633,17.434000000
100.820960,17.435000000
100.831427,17.436000000
100.831475,17.437000000
100.842776,17.438000000
100.854136,17.439000000
100.854183,17.440000000
100.868357,17.441000000
100.885808,17.442000000
100.893561,17.443000000
100.903433,17.444000000
100.910607,17.445000000
100.917607,17.446000000
100.921173,17.447000000
100.930774,17.448000000
100.944371,17.449000000
100.956002,17.450000000
100.962543,17.451000000
100.962592,17.452000000
100.976804,17.453000000
100.986628,17.454000000
100.996839,17.455000000
101.009036,17.456000000
101.014668,17.457000000
101.014736,17.458000000
101.034317,17.459000000
101.042560,17.460000000
101.042608,17.461000000
101.052083,17.462000000
101.064081,17.463000000
101.080305,17.464000000
101.084769,17.465000000
101.096425,17.466000000
101.097039,17.467000000
101.109505,17.468000000
101.119205,17.469000000
101.129540,17.470000000
101.129583,17.471000000
101.138392,17.472000000
101.151561,17.473000000
101.151606,17.474000000
101.162565,17.475000000
101.191325,17.476000000
101.195807,17.477000000
101.203574,17.478000000
101.215453,17.479000000
101.218838,17.480000000
101.226612,17.481000000
101.234586,17.482000000
101.243721,17.483000000
101.251647,17.484000000
101.251694,17.485000000
101.267640,17.486000000
101.279052,17.487000000
101.280950,17.488000000
101.295037,17.489000000
101.304496,17.490000000
101.312831,17.491000000
101.312874,17.492000000
101.327228,17.493000000
101.331245,17.494000000
101.340379,17.495000000
101.352745,17.496000000
101.372751,17.497000000
101.373468,17.498000000
101.386083,17.499000000
101.406622,17.500000000
101.411065,17.501000000
101.414192,17.502000000
101.447101,17.503000000
101.459106,17.504000000
101.470955,17.505000000
101.477114,17.506000000
101.483870,17.507000000
101.495361,17.508000000
101.509631,17.509000000
101.515691,17.510000000
101.525040,17.511000000
101.538227,17.512000000
101.541634,17.513000000
101.566630,17.514000000
101.578250,17.515000000
101.583005,17.516000000
101.591941,17.517000000
101.610245,17.518000000
101.623382,17.519000000
101.627309,17.520000000
101.652844,17.521000000
101.667852,17.522000000
101.669997,17.523000000
101.678680,17.524000000
101.691639,17.525000000
101.694863,17.526000000
101.698436,17.527000000
101.713345,17.528000000
101.717846,17.529000000
101.727007,17.530000000
101.732076,17.531000000
101.735448,17.532000000
101.755134,17.533000000
101.759211,17.534000000
101.766222,17.535000000
101.776603,17.536000000
101.780468,17.537000000
101.790544,17.538000000
101.802366,17.539000000
101.806726,17.540000000
101.817141,17.541000000
101.827284,17.542000000
101.832878,17.543000000
101.843788,17.544000000
101.854055,17.545000000
101.859667,17.546000000
101.864514,17.547000000
101.883709,17.548000000
101.899695,17.549000000
101.919597,17.550000000
101.923764,17.551000000
101.953216,17.552000000
101.957643,17.553000000
101.968349,17.554000000
101.972439,17.555000000
101.997482,17.556000000
102.005965,17.557000000
102.011942,17.558000000
102.033789,17.559000000
102.042796,17.560000000
102.046175,17.561000000
102.080951,17.562000000
102.086115,17.563000000
102.096293,17.564000000
102.108260,17.565000000
102.114207,17.566000000
102.123929,17.567000000
102.133680,17.568000000
102.144042,17.569000000
102.155684,17.570000000
102.161591,17.571000000
102.167887,17.572000000
102.178770,17.573000000
102.184716,17.574000000
102.191973,17.575000000
102.210296,17.576000000
102.220969,17.577000000
102.227485,17.578000000
102.245123,17.579000000
102.255792,17.580000000
102.267316,17.581000000
102.271545,17.582000000
102.277821,17.583000000
102.287939,17.584000000
102.313985,17.585000000
102.317989,17.586000000
102.320493,17.587000000
102.331494,17.588000000
102.339528,17.589000000
102.378868,17.590000000
102.390712,17.591000000
102.398210,17.592000000
102.407593,17.593000000
102.417364,17.594000000
102.430817,17.595000000
102.439420,17.596000000
102.448803,17.597000000
102.461173,17.598000000
102.465534,17.599000000
102.475737,17.600000000
102.483327,17.601000000
102.491557,17.602000000
102.501534,17.603000000
102.505064,17.604000000
102.524649,17.605000000
102.535374,17.606000000
102.543624,17.607000000
102.564936,17.608000000
102.567702,17.609000000
102.573792,17.610000000
102.600048,17.611000000
102.604208,17.612000000
102.613315,17.613000000
102.632871,17.614000000
102.637257,17.615000000
102.644334,17.616000000
102.661653,17.617000000
102.665874,17.618000000
102.668598,17.619000000
102.699082,17.620000000
102.709673,17.621000000
102.721235,17.622000000
102.726307,17.623000000
102.737271,17.624000000
102.758441,17.625000000
102.763217,17.626000000
102.777053,17.627000000
102.788844,17.628000000
102.793018,17.629000000
102.810272,17.630000000
102.816464,17.631000000
102.827699,17.632000000
102.838393,17.633000000
102.846823,17.634000000
102.851127,17.635000000
102.875904,17.636000000
102.881958,17.637000000
102.903560,17.638000000
102.916492,17.639000000
102.919774,17.640000000
102.930609,17.641000000
102.938957,17.642000000
102.943033,17.643000000
102.964608,17.644000000
102.968578,17.645000000
102.976163,17.646000000
102.992494,17.647000000
102.994486,17.648000000
102.998668,17.649000000
103.027263,17.650000000
103.037123,17.651000000
103.047529,17.652000000
103.063165,17.653000000
103.074991,17.654000000
103.086816,17.655000000
103.092200,17.656000000
103.108984,17.657000000
103.125586,17.658000000
103.142806,17.659000000
103.161048,17.660000000
103.175803,17.661000000
103.187038,17.662000000
103.197029,17.663000000
103.198922,17.664000000
103.236725,17.665000000
103.241339,17.666000000
103.267718,17.667000000
103.284316,17.668000000
103.286890,17.669000000
103.296430,17.670000000
103.303142,17.671000000
103.311345,17.672000000
103.332179,17.673000000
103.336113,17.674000000
103.346343,17.675000000
103.357392,17.676000000
103.360622,17.677000000
103.369636,17.678000000
103.396192,17.679000000
103.406235,17.680000000
103.415659,17.681000000
103.427476,17.682000000
103.436565,17.683000000
103.446213,17.684000000
103.457235,17.685000000
103.469402,17.686000000
103.482755,17.687000000
103.488833,17.688000000
103.505905,17.689000000
103.516472,17.690000000
103.525730,17.691000000
103.538116,17.692000000
103.554932,17.693000000
103.576219,17.694000000
103.592297,17.695000000
103.618754,17.696000000
103.625502,17.697000000
103.643716,17.698000000
103.653349,17.699000000
103.657845,17.700000000
103.663835,17.701000000
103.692902,17.702000000
103.696477,17.703000000
103.699082,17.704000000
103.716659,17.705000000
103.720396,17.706000000
103.722520,17.707000000
103.752475,17.708000000
103.766368,17.709000000
103.776349,17.710000000
103.788468,17.711000000
103.796660,17.712000000
103.802925,17.713000000
103.811918,17.714000000
103.821975,17.715000000
103.829465,17.716000000
103.841733,17.717000000
103.845274,17.718000000
103.855726,17.719000000
103.861173,17.720000000
103.863679,17.721000000
103.886845,17.722000000
103.895825,17.723000000
103.897409,17.724000000
103.921660,17.725000000
103.932127,17.726000000
103.944614,17.727000000
103.948921,17.728000000
103.952860,17.729000000
103.959747,17.730000000
103.976100,17.731000000
104.008830,17.732000000
104.012419,17.733000000
104.023581,17.734000000
104.032342,17.735000000
104.036373,17.736000000
104.069942,17.737000000
104.073921,17.738000000
104.086724,17.739000000
104.098930,17.740000000
104.105033,17.741000000
104.108948,17.742000000
104.121466,17.743000000
104.127484,17.744000000
104.136195,17.745000000
104.155957,17.746000000
104.167687,17.747000000
104.177914,17.748000000
104.181559,17.749000000
104.192439,17.750000000
104.205396,17.751000000
104.212073,17.752000000
104.225715,17.753000000
104.240508,17.754000000
104.258933,17.755000000
104.270423,17.756000000
104.277709,17.757000000
104.291315,17.758000000
104.293318,17.759000000
104.305293,17.760000000
104.337713,17.761000000
104.339652,17.762000000
104.349150,17.763000000
104.362339,17.764000000
104.369870,17.765000000
104.373872,17.766000000
104.406552,17.767000000
104.411887,17.768000000
104.423417,17.769000000
104.432236,17.770000000
104.438350,17.771000000
104.448076,17.772000000
104.457750,17.773000000
104.470892,17.774000000
104.477032,17.775000000
104.487565,17.776000000
104.493566,17.777000000
104.508508,17.778000000
104.512957,17.779000000
104.523772,17.780000000
104.527185,17.781000000
104.555686,17.782000000
104.560717,17.783000000
104.577160,17.784000000
104.588231,17.785000000
104.591293,17.786000000
104.609287,17.787000000
104.613130,17.788000000
104.623374,17.789000000
104.646775,17.790000000
104.651874,17.791000000
104.657604,17.792000000
104.661276,17.793000000
104.691974,17.794000000
104.693437,17.795000000
104.727663,17.796000000
104.734349,17.797000000
104.744848,17.798000000
104.752244,17.799000000
104.759645,17.800000000
104.768286,17.801000000
104.776250,17.802000000
104.779676,17.803000000
104.790331,17.804000000
104.792128,17.805000000
104.800218,17.806000000
104.805777,17.807000000
104.818170,17.808000000
104.821859,17.809000000
104.827030,17.810000000
104.849322,17.811000000
104.858917,17.812000000
104.871195,17.813000000
104.875539,17.814000000
104.884210,17.815000000
104.885583,17.816000000
104.903543,17.817000000
104.912244,17.818000000
104.915368,17.819000000
104.933352,17.820000000
104.945776,17.821000000
104.947857,17.822000000
104.950658,17.823000000
104.952316,17.824000000
104.954360,17.825000000
104.971818,17.826000000
104.977623,17.827000000
104.980615,17.828000000
104.983596,17.829000000
104.994441,17.830000000
104.997714,17.831000000
105.003580,17.832000000
105.013074,17.833000000
105.023703,17.834000000
105.030782,17.835000000
105.037389,17.836000000
105.050156,17.837000000
105.059571,17.838000000
105.067713,17.839000000
105.075301,17.840000000
105.081639,17.841000000
105.085873,17.842000000
105.088894,17.843000000
105.106369,17.844000000
105.116920,17.845000000
105.133907,17.846000000
105.138643,17.847000000
105.147034,17.848000000
105.161674,17.849000000
105.165511,17.850000000
105.170499,17.851000000
105.193664,17.852000000
105.196956,17.853000000
105.200207,17.854000000
105.214198,17.855000000
105.219434,17.856000000
105.227472,17.857000000
105.251076,17.858000000
105.261754,17.859000000
105.268728,17.860000000
105.281979,17.861000000
105.287469,17.862000000
105.300931,17.863000000
105.316106,17.864000000
105.322040,17.865000000
105.333852,17.866000000
105.345607,17.867000000
105.359033,17.868000000
105.365077,17.869000000
105.368530,17.870000000
105.372354,17.871000000
105.389558,17.872000000
105.398957,17.873000000
105.402161,17.874000000
105.423837,17.875000000
105.429488,17.876000000
105.439981,17.877000000
105.451716,17.878000000
105.463753,17.879000000
105.475409,17.880000000
105.507380,17.881000000
105.516586,17.882000000
105.530210,17.883000000
105.538037,17.884000000
105.545456,17.885000000
105.578431,17.886000000
105.588839,17.887000000
105.594877,17.888000000
105.607923,17.889000000
105.613538,17.890000000
105.617436,17.891000000
105.629606,17.892000000
105.639355,17.893000000
105.645446,17.894000000
105.655201,17.895000000
105.660980,17.896000000
105.672965,17.897000000
105.680338,17.898000000
105.684734,17.899000000
105.707235,17.900000000
105.719670,17.901000000
105.740455,17.902000000
105.743852,17.903000000
105.750278,17.904000000
105.765814,17.905000000
105.773886,17.906000000
105.777982,17.907000000
105.788800,17.908000000
105.811599,17.909000000
105.824688,17.910000000
105.826707,17.911000000
105.838010,17.912000000
105.839881,17.913000000
105.855622,17.914000000
105.890847,17.915000000
105.898185,17.916000000
105.912429,17.917000000
105.918236,17.918000000
105.931868,17.919000000
105.937359,17.920000000
105.947510,17.921000000
105.956506,17.922000000
105.967560,17.923000000
105.973671,17.924000000
105.990582,17.925000000
105.993133,17.926000000
106.007393,17.927000000
106.011914,17.928000000
106.041373,17.929000000
106.052426,17.930000000
106.060224,17.931000000
106.076038,17.932000000
106.082426,17.933000000
106.090785,17.934000000
106.105986,17.935000000
106.106036,17.936000000
106.117451,17.937000000
106.134322,17.938000000
106.139017,17.939000000
106.148715,17.940000000
106.158635,17.941000000
106.169006,17.942000000
106.172459,17.943000000
106.202002,17.944000000
106.212969,17.945000000
106.218438,17.946000000
106.237496,17.947000000
106.251119,17.948000000
106.258208,17.949000000
106.265051,17.950000000
106.275142,17.951000000
106.286428,17.952000000
106.292513,17.953000000
106.307076,17.954000000
106.311696,17.955000000
106.323732,17.956000000
106.326628,17.957000000
106.354682,17.958000000
106.373952,17.959000000
106.378464,17.960000000
106.402094,17.961000000
106.411528,17.962000000
106.436947,17.963000000
106.439395,17.964000000
106.459602,17.965000000
106.473928,17.966000000
106.486807,17.967000000
106.489110,17.968000000
106.494830,17.969000000
106.496757,17.970000000
106.503088,17.971000000
106.514338,17.972000000
106.524949,17.973000000
106.529313,17.974000000
106.556619,17.975000000
106.570666,17.976000000
106.577752,17.977000000
106.594517,17.978000000
106.599878,17.979000000
106.613876,17.980000000
106.633861,17.981000000
106.649978,17.982000000
106.653790,17.983000000
106.656091,17.984000000
106.658123,17.985000000
106.679566,17.986000000
106.701725,17.987000000
106.718570,17.988000000
106.720827,17.989000000
106.747379,17.990000000
106.749674,17.991000000
106.765942,17.992000000
106.766124,17.993000000
106.782340,17.994000000
106.795201,17.995000000
106.795262,17.996000000
106.814335,17.997000000
106.815569,17.998000000
106.828952,17.999000000
106.829010,18.000000000
106.829053,18.001000000
106.829092,18.002000000
106.830015,18.003000000
106.833364,18.004000000
106.841826,18.005000000
106.843821,18.006000000
106.855802,18.007000000
106.865824,18.008000000
106.878184,18.009000000
106.887401,18.010000000
106.898545,18.011000000
106.906413,18.012000000
106.913817,18.013000000
106.923163,18.014000000
106.933688,18.015000000
106.944073,18.016000000
106.949856,18.017000000
106.967772,18.018000000
106.979318,18.019000000
106.982714,18.020000000
106.987559,18.021000000
106.997986,18.022000000
107.004494,18.023000000
107.020183,18.024000000
107.026558,18.025000000
107.043728,18.026000000
107.059106,18.027000000
107.064760,18.028000000
107.082858,18.029000000
107.087379,18.030000000
107.100534,18.031000000
107.112675,18.032000000
107.114933,18.033000000
107.130738,18.034000000
107.136078,18.035000000
107.161417,18.036000000
107.169565,18.037000000
107.187992,18.038000000
107.196278,18.039000000
107.202408,18.040000000
107.210901,18.041000000
107.216389,18.042000000
107.224678,18.043000000
107.232186,18.044000000
107.241505,18.045000000
107.252049,18.046000000
107.263687,18.047000000
107.274729,18.048000000
107.278665,18.049000000
107.288000,18.050000000
107.296490,18.051000000
107.318093,18.052000000
107.325366,18.053000000
107.332911,18.054000000
107.341778,18.055000000
107.346514,18.056000000
107.355815,18.057000000
107.364072,18.058000000
107.373296,18.059000000
107.382551,18.060000000
107.388753,18.061000000
107.398402,18.062000000
107.400926,18.063000000
107.403772,18.064000000
107.406252,18.065000000
107.408801,18.066000000
107.411104,18.067000000
107.429794,18.068000000
107.432699,18.069000000
107.439299,18.070000000
107.465077,18.071000000
107.474213,18.072000000
107.479667,18.073000000
107.488710,18.074000000
107.496122,18.075000000
107.503244,18.076000000
107.514288,18.077000000
107.518859,18.078000000
107.525846,18.079000000
107.534664,18.080000000
107.543731,18.081000000
107.548479,18.082000000
107.556624,18.083000000
107.570201,18.084000000
107.577848,18.085000000
107.584122,18.086000000
107.591850,18.087000000
107.610375,18.088000000
107.626116,18.089000000
107.630176,18.090000000
107.651302,18.091000000
107.668575,18.092000000
107.675186,18.093000000
107.685553,18.094000000
107.691205,18.095000000
107.708443,18.096000000
107.715677,18.097000000
107.729455,18.098000000
107.732373,18.099000000
107.744187,18.100000000
107.745741,18.101000000
107.762007,18.102000000
107.763280,18.103000000
107.765106,18.104000000
107.767932,18.105000000
107.769250,18.106000000
107.776787,18.107000000
107.777436,18.108000000
107.780216,18.109000000
107.783906,18.110000000
107.783957,18.111000000
107.786474,18.112000000
107.791449,18.113000000
107.815434,18.114000000
107.831714,18.115000000
107.849879,18.116000000
107.857278,18.117000000
107.871907,18.118000000
107.876484,18.119000000
107.878735,18.120000000
107.885840,18.121000000
107.888647,18.122000000
107.890966,18.123000000
107.896833,18.124000000
107.899943,18.125000000
107.902253,18.126000000
107.912179,18.127000000
107.916151,18.128000000
107.929891,18.129000000
107.935932,18.130000000
107.970573,18.131000000
107.980624,18.132000000
108.012677,18.133000000
108.024779,18.134000000
108.041865,18.135000000
108.045115,18.136000000
108.055982,18.137000000
108.056702,18.138000000
108.090524,18.139000000
108.095490,18.140000000
108.111646,18.141000000
108.121930,18.142000000
108.126373,18.143000000
108.156615,18.144000000
108.170490,18.145000000
108.174806,18.146000000
108.186091,18.147000000
108.199381,18.148000000
108.201620,18.149000000
108.217440,18.150000000
108.220905,18.151000000
108.239655,18.152000000
108.241427,18.153000000
108.245152,18.154000000
108.255564,18.155000000
108.265157,18.156000000
108.276256,18.157000000
108.279882,18.158000000
108.299850,18.159000000
108.306497,18.160000000
108.314034,18.161000000
108.334587,18.162000000
108.340498,18.163000000
108.347777,18.164000000
108.363823,18.165000000
108.366723,18.166000000
108.369606,18.167000000
108.376634,18.168000000
108.403265,18.169000000
108.411814,18.170000000
108.425100,18.171000000
108.430951,18.172000000
108.437755,18.173000000
108.476353,18.174000000
108.487857,18.175000000
108.504497,18.176000000
108.509030,18.177000000
108.524089,18.178000000
108.530767,18.179000000
108.540324,18.180000000
108.552008,18.181000000
108.561144,18.182000000
108.561199,18.183000000
108.587841,18.184000000
108.597440,18.185000000
108.604249,18.186000000
108.611959,18.187000000
108.638483,18.188000000
108.640878,18.189000000
108.661803,18.190000000
108.674101,18.191000000
108.678184,18.192000000
108.691954,18.193000000
108.697237,18.194000000
108.709214,18.195000000
108.729537,18.196000000
108.735435,18.197000000
108.741324,18.198000000
108.755774,18.199000000
108.758798,18.200000000
108.766337,18.201000000
108.791804,18.202000000
108.804425,18.203000000
108.815708,18.204000000
108.829416,18.205000000
108.838564,18.206000000
108.842841,18.207000000
108.852977,18.208000000
108.873230,18.209000000
108.877505,18.210000000
108.886977,18.211000000
108.915893,18.212000000
108.930687,18.213000000
108.933431,18.214000000
108.943773,18.215000000
108.966235,18.216000000
108.970381,18.217000000
108.977481,18.218000000
108.993354,18.219000000
108.998058,18.220000000
108.999785,18.221000000
109.036561,18.222000000
109.044805,18.223000000
109.047788,18.224000000
109.064175,18.225000000
109.066089,18.226000000
109.074107,18.227000000
109.081163,18.228000000
109.118010,18.229000000
109.124750,18.230000000
109.133972,18.231000000
109.139895,18.232000000
109.147948,18.233000000
109.163451,18.234000000
109.166371,18.235000000
109.180224,18.236000000
109.187818,18.237000000
109.200554,18.238000000
109.208832,18.239000000
109.220815,18.240000000
109.226766,18.241000000
109.244618,18.242000000
109.256984,18.243000000
109.262805,18.244000000
109.266495,18.245000000
109.269454,18.246000000
109.277282,18.247000000
109.281291,18.248000000
109.291955,18.249000000
109.298178,18.250000000
109.304185,18.251000000
109.307185,18.252000000
109.312524,18.253000000
109.324556,18.254000000
109.332383,18.255000000
109.336607,18.256000000
109.339531,18.257000000
109.343883,18.258000000
109.354878,18.259000000
109.357606,18.260000000
109.379580,18.261000000
109.384366,18.262000000
109.406919,18.263000000
109.414547,18.264000000
109.422748,18.265000000
109.428632,18.266000000
109.440381,18.267000000
109.459647,18.268000000
109.481391,18.269000000
109.490200,18.270000000
109.496226,18.271000000
109.504231,18.272000000
109.508626,18.273000000
109.515551,18.274000000
109.518168,18.275000000
109.522012,18.276000000
109.527369,18.277000000
109.535221,18.278000000
109.537893,18.279000000
109.540318,18.280000000
109.544261,18.281000000
109.546863,18.282000000
109.557794,18.283000000
109.564266,18.284000000
109.566713,18.285000000
109.572701,18.286000000
109.582590,18.287000000
109.599946,18.288000000
109.612241,18.289000000
109.625748,18.290000000
109.630400,18.291000000
109.641747,18.292000000
109.656101,18.293000000
109.672033,18.294000000
109.679176,18.295000000
109.692373,18.296000000
109.692951,18.297000000
109.693037,18.298000000
109.698060,18.299000000
109.698123,18.300000000
109.698560,18.301000000
109.704720,18.302000000
109.705107,18.303000000
109.718662,18.304000000
109.728364,18.305000000
109.731223,18.306000000
109.731285,18.307000000
109.731391,18.308000000
109.734750,18.309000000
109.738621,18.310000000
109.744912,18.311000000
109.765189,18.312000000
109.770424,18.313000000
109.776381,18.314000000
109.780977,18.315000000
109.804286,18.316000000
109.812422,18.317000000
109.817844,18.318000000
109.824713,18.319000000
109.834864,18.320000000
109.837363,18.321000000
109.848803,18.322000000
109.854414,18.323000000
109.860658,18.324000000
109.887158,18.325000000
109.909400,18.326000000
109.909923,18.327000000
109.935037,18.328000000
109.941640,18.329000000
109.941726,18.330000000
109.942215,18.331000000
109.946262,18.332000000
109.955874,18.333000000
109.963801,18.334000000
109.965856,18.335000000
109.972064,18.336000000
109.994374,18.337000000
110.009289,18.338000000
110.009343,18.339000000
110.031847,18.340000000
110.039246,18.341000000
110.073208,18.342000000
110.091168,18.343000000
110.093218,18.344000000
110.095281,18.345000000
110.101788,18.346000000
110.125432,18.347000000
110.125482,18.348000000
110.130564,18.349000000
110.137880,18.350000000
110.139924,18.351000000
110.150390,18.352000000
110.187211,18.353000000
110.189187,18.354000000
110.211833,18.355000000
110.221562,18.356000000
110.223422,18.357000000
110.233188,18.358000000
110.234845,18.359000000
110.241560,18.360000000
110.254372,18.361000000
110.256335,18.362000000
110.265395,18.363000000
110.275165,18.364000000
110.277102,18.365000000
110.290552,18.366000000
110.292400,18.367000000
110.301810,18.368000000
110.311907,18.369000000
110.318223,18.370000000
110.325625,18.371000000
110.343403,18.372000000
110.356768,18.373000000
110.364371,18.374000000
110.381677,18.375000000
110.398185,18.376000000
110.410518,18.377000000
110.417324,18.378000000
110.423222,18.379000000
110.423267,18.380000000
110.425312,18.381000000
110.427501,18.382000000
110.430259,18.383000000
110.433286,18.384000000
110.435461,18.385000000
110.441180,18.386000000
110.443783,18.387000000
110.447020,18.388000000
110.449768,18.389000000
110.453612,18.390000000
110.455590,18.391000000
110.461126,18.392000000
110.476917,18.393000000
110.492621,18.394000000
110.492670,18.395000000
110.505310,18.396000000
110.505942,18.397000000
110.545799,18.398000000
110.552613,18.399000000
110.555702,18.400000000
110.574649,18.401000000
110.584584,18.402000000
110.585724,18.403000000
110.592421,18.404000000
110.634003,18.405000000
110.648341,18.406000000
110.662681,18.407000000
110.680413,18.408000000
110.694711,18.409000000
110.713336,18.410000000
110.724730,18.411000000
110.741561,18.412000000
110.751433,18.413000000
110.765671,18.414000000
110.767338,18.415000000
110.773042,18.416000000
110.773083,18.417000000
110.792656,18.418000000
110.804264,18.419000000
110.811897,18.420000000
110.823499,18.421000000
110.839332,18.422000000
110.849514,18.423000000
110.851169,18.424000000
110.856394,18.425000000
110.868011,18.426000000
110.870907,18.427000000
110.882553,18.428000000
110.890159,18.429000000
110.892975,18.430000000
110.905617,18.431000000
110.926295,18.432000000
110.941690,18.433000000
110.957700,18.434000000
110.975469,18.435000000
110.978324,18.436000000
111.003770,18.437000000
111.020547,18.438000000
111.025271,18.439000000
111.030689,18.440000000
111.040196,18.441000000
111.047164,18.442000000
111.052821,18.443000000
111.058173,18.444000000
111.061531,18.445000000
111.061570,18.446000000
111.075346,18.447000000
111.075418,18.453000000
111.084421,18.454000000
111.091990,18.455000000
111.092037,18.457000000
111.092644,18.458000000
111.102268,18.459000000
111.102312,18.463000000
111.111410,18.464000000
111.111450,18.466000000
111.115277,18.467000000
111.115344,18.468000000
111.128441,18.469000000
111.155997,18.470000000
111.158452,18.471000000
111.172674,18.472000000
111.180172,18.473000000
111.180220,18.474000000
111.188686,18.475000000
111.191020,18.476000000
111.192982,18.477000000
111.195293,18.478000000
111.199057,18.479000000
111.224555,18.480000000
111.231519,18.481000000
111.251832,18.482000000
111.257662,18.483000000
111.263720,18.484000000
111.271986,18.485000000
111.278656,18.486000000
111.285630,18.487000000
111.295787,18.488000000
111.302310,18.489000000
111.304432,18.490000000
111.314114,18.491000000
111.321805,18.492000000
111.329766,18.493000000
111.335803,18.494000000
111.343939,18.495000000
111.351541,18.496000000
111.359316,18.497000000
111.366934,18.498000000
111.370919,18.499000000
111.395876,18.500000000
111.402042,18.501000000
111.426391,18.502000000
111.439005,18.503000000
111.457837,18.504000000
111.470063,18.505000000
111.487859,18.506000000
111.500683,18.507000000
111.507347,18.508000000
111.513358,18.509000000
111.539807,18.510000000
111.549289,18.511000000
111.557135,18.512000000
111.560772,18.513000000
111.563984,18.514000000
111.573664,18.515000000
111.591428,18.516000000
111.591486,18.517000000
111.602242,18.518000000
111.609144,18.519000000
111.620218,18.520000000
111.630572,18.521000000
111.650130,18.522000000
111.657290,18.523000000
111.665965,18.524000000
111.680350,18.525000000
111.694528,18.526000000
111.703274,18.527000000
111.718938,18.528000000
111.732775,18.529000000
111.740134,18.530000000
111.752232,18.531000000
111.759244,18.532000000
111.778606,18.533000000
111.790056,18.534000000
111.805253,18.535000000
111.813394,18.536000000
111.820160,18.537000000
111.828816,18.538000000
111.854152,18.539000000
111.863648,18.540000000
111.869510,18.541000000
111.883348,18.542000000
111.891567,18.543000000
111.929437,18.544000000
111.948752,18.545000000
111.959654,18.546000000
111.976358,18.547000000
111.983868,18.548000000
112.000262,18.549000000
112.005934,18.550000000
112.016515,18.551000000
112.027070,18.552000000
112.038415,18.553000000
112.050508,18.554000000
112.057627,18.555000000
112.069391,18.556000000
112.078336,18.557000000
112.082140,18.558000000
112.094339,18.559000000
112.103087,18.560000000
112.115029,18.561000000
112.120755,18.562000000
112.130931,18.563000000
112.135700,18.564000000
112.147169,18.565000000
112.151569,18.566000000
112.162290,18.567000000
112.164599,18.568000000
112.181191,18.569000000
112.188421,18.570000000
112.195529,18.571000000
112.211551,18.572000000
112.212026,18.573000000
112.231404,18.574000000
112.243997,18.575000000
112.253374,18.576000000
112.261451,18.577000000
112.269565,18.578000000
112.283417,18.579000000
112.289205,18.580000000
112.299166,18.581000000
112.306006,18.582000000
112.324154,18.583000000
112.326389,18.584000000
112.336055,18.585000000
112.342558,18.586000000
112.349684,18.587000000
112.359934,18.588000000
112.369385,18.589000000
112.371353,18.590000000
112.381174,18.591000000
112.391406,18.592000000
112.401521,18.593000000
112.405856,18.594000000
112.411681,18.595000000
112.419161,18.596000000
112.429950,18.597000000
112.438319,18.598000000
112.447968,18.599000000
112.453166,18.600000000
112.458526,18.601000000
112.483777,18.602000000
112.485914,18.603000000
112.492576,18.604000000
112.502467,18.605000000
112.510355,18.606000000
112.516773,18.607000000
112.530004,18.608000000
112.536620,18.609000000
112.544308,18.610000000
112.563577,18.611000000
112.563644,18.612000000
112.571764,18.613000000
112.578378,18.614000000
112.586404,18.615000000
112.598247,18.616000000
112.607040,18.617000000
112.610080,18.618000000
112.618778,18.619000000
112.632235,18.620000000
112.650973,18.621000000
112.660819,18.622000000
112.668457,18.623000000
112.676029,18.624000000
112.686635,18.625000000
112.690556,18.626000000
112.698596,18.627000000
112.707068,18.628000000
112.715515,18.629000000
112.725788,18.630000000
112.734442,18.631000000
112.739281,18.632000000
112.750048,18.633000000
112.751858,18.634000000
112.761186,18.635000000
112.769443,18.636000000
112.775347,18.637000000
112.791814,18.638000000
112.791889,18.639000000
112.800562,18.640000000
112.806295,18.641000000
112.817374,18.642000000
112.828287,18.643000000
112.828345,18.644000000
112.839044,18.645000000
112.849314,18.646000000
112.851420,18.647000000
112.861452,18.648000000
112.866749,18.649000000
112.875780,18.650000000
112.887101,18.651000000
112.887157,18.652000000
112.896053,18.653000000
112.907625,18.654000000
112.915654,18.655000000
112.922385,18.656000000
112.925097,18.657000000
112.944647,18.658000000
112.958805,18.659000000
112.959272,18.660000000
112.967033,18.661000000
112.972959,18.662000000
112.979528,18.663000000
113.002959,18.664000000
113.013262,18.665000000
113.015559,18.666000000
113.035300,18.667000000
113.036443,18.668000000
113.039656,18.669000000
113.048587,18.670000000
113.072954,18.671000000
113.089018,18.672000000
113.096790,18.673000000
113.096851,18.674000000
113.112324,18.675000000
113.118137,18.676000000
113.125946,18.677000000
113.137518,18.678000000
113.143173,18.679000000
113.149206,18.680000000
113.162966,18.681000000
113.170658,18.682000000
113.175799,18.683000000
113.187945,18.684000000
113.188710,18.685000000
113.198753,18.686000000
113.211578,18.687000000
113.214279,18.688000000
113.223702,18.689000000
113.230965,18.690000000
113.240405,18.691000000
113.242130,18.692000000
113.252545,18.693000000
113.266128,18.694000000
113.273403,18.695000000
113.288808,18.696000000
113.300449,18.697000000
113.300531,18.698000000
113.309951,18.699000000
113.327689,18.700000000
113.335720,18.701000000
113.343833,18.702000000
113.350255,18.703000000
113.361254,18.704000000
113.364361,18.705000000
113.399185,18.706000000
113.410594,18.707000000
113.419920,18.708000000
113.431428,18.709000000
113.437490,18.710000000
113.443954,18.711000000
113.468710,18.712000000
113.478018,18.713000000
113.492736,18.714000000
113.506991,18.715000000
113.513800,18.716000000
113.530837,18.717000000
113.535368,18.718000000
113.537778,18.719000000
113.540052,18.720000000
113.556606,18.721000000
113.559911,18.722000000
113.562647,18.723000000
113.564935,18.724000000
113.567295,18.725000000
113.569501,18.726000000
113.573184,18.727000000
113.575555,18.728000000
113.577928,18.729000000
113.580338,18.730000000
113.585083,18.731000000
113.592264,18.732000000
113.594681,18.733000000
113.596964,18.734000000
113.599728,18.735000000
113.601983,18.736000000
113.604176,18.737000000
113.606410,18.738000000
113.609204,18.739000000
113.611665,18.740000000
113.613895,18.741000000
113.616261,18.742000000
113.627363,18.743000000
113.643295,18.744000000
113.649580,18.745000000
113.671000,18.746000000
113.689328,18.747000000
113.701777,18.748000000
113.710452,18.749000000
113.720926,18.750000000
113.733359,18.751000000
113.742004,18.752000000
113.750178,18.753000000
113.769596,18.754000000
113.781501,18.755000000
113.787556,18.756000000
113.795998,18.757000000
113.801434,18.758000000
113.813788,18.759000000
113.817889,18.760000000
113.822390,18.761000000
113.835853,18.762000000
113.845736,18.763000000
113.855194,18.764000000
113.867690,18.765000000
113.870081,18.766000000
113.879636,18.767000000
113.892835,18.768000000
113.894977,18.769000000
113.908883,18.770000000
113.914248,18.771000000
113.918447,18.772000000
113.924127,18.773000000
113.930238,18.774000000
113.934930,18.775000000
113.939654,18.776000000
113.943974,18.777000000
113.948813,18.778000000
113.952444,18.779000000
113.955028,18.780000000
113.961433,18.781000000
113.965068,18.782000000
113.967418,18.783000000
113.969813,18.784000000
113.975990,18.785000000
113.981506,18.786000000
113.984196,18.787000000
113.989450,18.788000000
113.993837,18.789000000
113.997324,18.790000000
114.003106,18.791000000
114.007147,18.792000000
114.010889,18.793000000
114.014903,18.794000000
114.019056,18.795000000
114.023557,18.796000000
114.030768,18.797000000
114.033284,18.798000000
114.038976,18.799000000
114.041342,18.800000000
114.044791,18.801000000
114.047067,18.802000000
114.058081,18.803000000
114.060692,18.804000000
114.066406,18.805000000
114.074717,18.806000000
114.077467,18.807000000
114.085147,18.808000000
114.088895,18.809000000
114.093394,18.810000000
114.099980,18.811000000
114.105954,18.812000000
114.111843,18.813000000
114.116305,18.814000000
114.123943,18.815000000
114.131275,18.816000000
114.137622,18.817000000
114.150640,18.818000000
114.158941,18.819000000
114.161609,18.820000000
114.170757,18.821000000
114.176391,18.822000000
114.181793,18.823000000
114.188584,18.824000000
114.195478,18.825000000
114.201158,18.826000000
114.207650,18.827000000
114.210515,18.828000000
114.219658,18.829000000
114.225331,18.830000000
114.230192,18.831000000
114.237520,18.832000000
114.244315,18.833000000
114.249828,18.834000000
114.261361,18.835000000
114.263910,18.836000000
114.270734,18.837000000
114.274858,18.838000000
114.285254,18.839000000
114.291092,18.840000000
114.293759,18.841000000
114.302560,18.842000000
114.307452,18.843000000
114.313688,18.844000000
114.316971,18.845000000
114.323187,18.846000000
114.338815,18.847000000
114.342025,18.848000000
114.355752,18.849000000
114.359034,18.850000000
114.366151,18.851000000
114.375234,18.852000000
114.377950,18.853000000
114.387130,18.854000000
114.391463,18.855000000
114.398938,18.856000000
114.401692,18.857000000
114.409785,18.858000000
114.419082,18.859000000
114.421487,18.860000000
114.429553,18.861000000
114.434501,18.862000000
114.439252,18.863000000
114.447428,18.864000000
114.449853,18.865000000
114.457317,18.866000000
114.462368,18.867000000
114.468760,18.868000000
114.477355,18.869000000
114.484012,18.870000000
114.488547,18.871000000
114.497311,18.872000000
114.503996,18.873000000
114.507703,18.874000000
114.515461,18.875000000
114.519396,18.876000000
114.523846,18.877000000
114.532094,18.878000000
114.538100,18.879000000
114.542526,18.880000000
114.550817,18.881000000
114.555082,18.882000000
114.560942,18.883000000
114.574719,18.884000000
114.577250,18.885000000
114.579707,18.886000000
114.594018,18.887000000
114.597093,18.888000000
114.603419,18.889000000
114.610073,18.890000000
114.612876,18.891000000
114.632006,18.892000000
114.639849,18.893000000
114.644548,18.894000000
114.667747,18.895000000
114.670170,18.896000000
114.679180,18.897000000
114.681881,18.898000000
114.689325,18.899000000
114.701278,18.900000000
114.706159,18.901000000
114.716001,18.902000000
114.718624,18.903000000
114.723534,18.904000000
114.732619,18.905000000
114.734988,18.906000000
114.740227,18.907000000
114.744632,18.908000000
114.746955,18.909000000
114.751460,18.910000000
114.760455,18.911000000
114.762893,18.912000000
114.766085,18.913000000
114.768635,18.914000000
114.773124,18.915000000
114.781110,18.916000000
114.787972,18.917000000
114.794181,18.918000000
114.803975,18.919000000
114.806681,18.920000000
114.814387,18.921000000
114.821943,18.922000000
114.832808,18.923000000
114.840035,18.924000000
114.848063,18.925000000
114.850573,18.926000000
114.858772,18.927000000
114.864025,18.928000000
114.869979,18.929000000
114.879406,18.930000000
114.886451,18.931000000
114.890103,18.932000000
114.898240,18.933000000
114.903911,18.934000000
114.908607,18.935000000
114.914080,18.936000000
114.920535,18.937000000
114.934261,18.938000000
114.951551,18.939000000
114.956258,18.940000000
114.977904,18.941000000
114.987467,18.942000000
114.989898,18.943000000
114.998457,18.944000000
115.000897,18.945000000
115.009203,18.946000000
115.027270,18.947000000
115.029737,18.948000000
115.049611,18.949000000
115.059122,18.950000000
115.065972,18.951000000
115.070286,18.952000000
115.072650,18.953000000
115.080397,18.954000000
115.087157,18.955000000
115.106967,18.956000000
115.109452,18.957000000
115.116349,18.958000000
115.124119,18.959000000
115.130485,18.960000000
115.136277,18.961000000
115.143792,18.962000000
115.146316,18.963000000
115.153487,18.964000000
115.160549,18.965000000
115.174498,18.966000000
115.183988,18.967000000
115.189077,18.968000000
115.198233,18.969000000
115.203904,18.970000000
115.208674,18.971000000
115.216886,18.972000000
115.232729,18.973000000
115.240389,18.974000000
115.247659,18.975000000
115.253678,18.976000000
115.260265,18.977000000
115.268661,18.978000000
115.277662,18.979000000
115.280044,18.980000000
115.289801,18.981000000
115.292143,18.982000000
115.300855,18.983000000
115.306538,18.984000000
115.308992,18.985000000
115.319082,18.986000000
115.326152,18.987000000
115.328930,18.988000000
115.339413,18.989000000
115.341966,18.990000000
115.350566,18.991000000
115.352980,18.992000000
115.361210,18.993000000
115.375477,18.994000000
115.383628,18.995000000
115.386322,18.996000000
115.403343,18.997000000
115.414226,18.998000000
115.416641,18.999000000
115.423806,19.000000000
115.429338,19.001000000
115.432012,19.002000000
115.437607,19.003000000
115.443753,19.004000000
115.456352,19.005000000
115.456867,19.006000000
115.464778,19.007000000
115.465383,19.008000000
115.486856,19.009000000
115.496360,19.010000000
115.496955,19.011000000
115.533556,19.012000000
115.539722,19.013000000
115.543985,19.014000000
115.556751,19.015000000
115.575009,19.016000000
115.605051,19.017000000
115.623505,19.018000000
115.636368,19.019000000
115.645590,19.020000000
115.658354,19.021000000
115.673474,19.022000000
115.724697,19.023000000
115.730086,19.024000000
115.742766,19.025000000
115.767814,19.026000000
115.771531,19.027000000
115.785213,19.028000000
115.785266,19.029000000
115.788105,19.030000000
115.822798,19.031000000
115.827990,19.032000000
115.833248,19.033000000
115.837821,19.034000000
115.840099,19.035000000
115.842421,19.036000000
115.848303,19.037000000
115.850368,19.038000000
115.855447,19.039000000
115.885239,19.040000000
115.901373,19.041000000
115.929888,19.042000000
115.951267,19.043000000
115.954251,19.044000000
115.969930,19.045000000
115.980824,19.046000000
115.981554,19.047000000
115.983797,19.048000000
115.986521,19.049000000
115.989040,19.050000000
115.991141,19.051000000
115.993277,19.052000000
116.003292,19.053000000
116.008175,19.054000000
116.020942,19.055000000
116.025799,19.056000000
116.033516,19.057000000
116.042016,19.058000000
116.048700,19.059000000
116.065537,19.060000000
116.069803,19.061000000
116.097626,19.062000000
116.101896,19.063000000
116.143960,19.064000000
116.163224,19.065000000
116.169753,19.066000000
116.177426,19.067000000
116.212075,19.068000000
116.222528,19.069000000
116.236529,19.070000000
116.247608,19.071000000
116.259048,19.072000000
116.272589,19.073000000
116.284576,19.074000000
116.290380,19.075000000
116.296711,19.076000000
116.304758,19.077000000
116.318208,19.078000000
116.324005,19.079000000
116.332611,19.080000000
116.342131,19.081000000
116.354693,19.082000000
116.359469,19.083000000
116.359512,19.084000000
116.365527,19.085000000
116.365569,19.087000000
116.367546,19.088000000
116.377206,19.089000000
116.399232,19.090000000
116.399303,19.091000000
116.399347,19.092000000
116.399386,19.093000000
116.399424,19.094000000
116.406218,19.095000000
116.415834,19.096000000
116.441587,19.097000000
116.450224,19.098000000
116.459656,19.099000000
116.476885,19.100000000
116.486341,19.101000000
116.498571,19.102000000
116.500534,19.103000000
116.510041,19.104000000
116.513147,19.105000000
116.525835,19.106000000
116.526698,19.107000000
116.551551,19.108000000
116.562206,19.109000000
116.570401,19.110000000
116.573536,19.111000000
116.586507,19.112000000
116.586567,19.113000000
116.595554,19.114000000
116.608849,19.115000000
116.608911,19.116000000
116.613784,19.117000000
116.627008,19.118000000
116.632970,19.119000000
116.647378,19.120000000
116.656182,19.121000000
116.671001,19.122000000
116.674787,19.123000000
116.684397,19.124000000
116.694454,19.125000000
116.700583,19.126000000
116.728679,19.127000000
116.738370,19.128000000
116.745198,19.129000000
116.767221,19.130000000
116.769697,19.131000000
116.772858,19.132000000
116.776037,19.133000000
116.779080,19.134000000
116.785553,19.135000000
116.789209,19.136000000
116.793717,19.137000000
116.799579,19.138000000
116.810080,19.139000000
116.812534,19.140000000
116.814787,19.141000000
116.817104,19.142000000
116.819784,19.143000000
116.822056,19.144000000
116.828260,19.145000000
116.836665,19.146000000
116.866102,19.147000000
116.875868,19.148000000
116.898416,19.149000000
116.929731,19.150000000
116.941294,19.151000000
116.953881,19.152000000
116.957866,19.153000000
116.961879,19.154000000
116.967990,19.155000000
116.973662,19.156000000
116.979673,19.157000000
116.984574,19.158000000
116.997516,19.159000000
117.003320,19.160000000
117.012657,19.161000000
117.019127,19.162000000
117.025770,19.163000000
117.032290,19.164000000
117.038650,19.165000000
117.045166,19.166000000
117.049496,19.167000000
117.058536,19.168000000
117.064368,19.169000000
117.070587,19.170000000
117.076141,19.171000000
117.083212,19.172000000
117.089072,19.173000000
117.099952,19.174000000
117.103061,19.175000000
117.106090,19.176000000
117.108306,19.177000000
117.110646,19.178000000
117.114192,19.179000000
117.116613,19.180000000
117.118882,19.181000000
117.121108,19.182000000
117.126222,19.183000000
117.134739,19.184000000
117.137220,19.185000000
117.139636,19.186000000
117.142041,19.187000000
117.144725,19.188000000
117.147341,19.189000000
117.149633,19.190000000
117.158340,19.191000000
117.167079,19.192000000
117.191673,19.193000000
117.206501,19.194000000
117.209135,19.195000000
117.211521,19.196000000
117.214895,19.197000000
117.225034,19.198000000
117.231727,19.199000000
117.251166,19.200000000
117.253901,19.201000000
117.259149,19.202000000
117.264330,19.203000000
117.267411,19.204000000
117.304952,19.205000000
117.317964,19.206000000
117.333124,19.207000000
117.344420,19.208000000
117.353221,19.209000000
117.363457,19.210000000
117.375519,19.211000000
117.393907,19.212000000
117.407487,19.213000000
117.423148,19.214000000
117.444772,19.215000000
117.455333,19.216000000
117.470914,19.217000000
117.480952,19.218000000
117.485770,19.219000000
117.493412,19.220000000
117.495562,19.221000000
117.507809,19.222000000
117.507862,19.223000000
117.514245,19.224000000
117.521996,19.225000000
117.526212,19.226000000
117.556242,19.227000000
117.556284,19.228000000
117.559991,19.229000000
117.580136,19.230000000
117.580183,19.231000000
117.588206,19.232000000
117.592228,19.233000000
117.609850,19.234000000
117.617869,19.235000000
117.621208,19.236000000
117.657626,19.237000000
117.658877,19.238000000
117.668550,19.239000000
117.675503,19.240000000
117.676842,19.241000000
117.696351,19.242000000
117.705080,19.243000000
117.710845,19.244000000
117.721416,19.245000000
117.723350,19.246000000
117.740596,19.247000000
117.747536,19.248000000
117.755505,19.249000000
117.761130,19.250000000
117.771790,19.251000000
117.775845,19.252000000
117.793389,19.253000000
117.793770,19.254000000
117.805122,19.255000000
117.811281,19.256000000
117.819639,19.257000000
117.832531,19.258000000
117.840707,19.259000000
117.846011,19.260000000
117.866867,19.261000000
117.879686,19.262000000
117.904800,19.263000000
117.918892,19.264000000
117.930310,19.265000000
117.930972,19.266000000
117.944160,19.267000000
117.948295,19.268000000
117.951761,19.269000000
117.962972,19.270000000
117.969412,19.271000000
117.976556,19.272000000
117.982569,19.273000000
117.997551,19.274000000
118.003298,19.275000000
118.005514,19.276000000
118.015675,19.277000000
118.025773,19.278000000
118.051242,19.279000000
118.058774,19.280000000
118.075292,19.281000000
118.085219,19.282000000
118.096730,19.283000000
118.099609,19.284000000
118.123234,19.285000000
118.135358,19.286000000
118.136903,19.287000000
118.180960,19.288000000
118.182843,19.289000000
118.184277,19.290000000
118.209743,19.291000000
118.209785,19.292000000
118.212304,19.293000000
118.223525,19.294000000
118.240240,19.295000000
118.241722,19.296000000
118.253458,19.297000000
118.268978,19.298000000
118.270468,19.299000000
118.275032,19.300000000
118.281282,19.301000000
118.289004,19.302000000
118.295047,19.303000000
118.299057,19.304000000
118.332501,19.305000000
118.334287,19.306000000
118.339058,19.307000000
118.355582,19.308000000
118.371799,19.309000000
118.374395,19.310000000
118.388477,19.311000000
118.401449,19.312000000
118.404198,19.313000000
118.429081,19.314000000
118.437159,19.315000000
118.446979,19.316000000
118.460602,19.317000000
118.469372,19.318000000
118.484720,19.319000000
118.500720,19.320000000
118.506661,19.321000000
118.512151,19.322000000
118.518210,19.323000000
118.526746,19.324000000
118.531884,19.325000000
118.541519,19.326000000
118.545474,19.327000000
118.552033,19.328000000
118.561052,19.329000000
118.566202,19.330000000
118.571915,19.331000000
118.579074,19.332000000
118.583668,19.333000000
118.592050,19.334000000
118.597013,19.335000000
118.603551,19.336000000
118.605498,19.337000000
118.611348,19.338000000
118.617592,19.339000000
118.621189,19.340000000
118.642934,19.341000000
118.642984,19.342000000
118.654795,19.343000000
118.657680,19.344000000
118.660042,19.345000000
118.668202,19.346000000
118.688465,19.347000000
118.690407,19.348000000
118.692499,19.349000000
118.701196,19.350000000
118.711882,19.351000000
118.713820,19.352000000
118.719726,19.353000000
118.723155,19.354000000
118.726398,19.355000000
118.730063,19.356000000
118.733966,19.357000000
118.736218,19.358000000
118.738521,19.359000000
118.740638,19.360000000
118.778541,19.361000000
118.780316,19.362000000
118.783414,19.363000000
118.785570,19.364000000
118.787486,19.365000000
118.792997,19.366000000
118.796405,19.367000000
118.811403,19.368000000
118.844198,19.369000000
118.851218,19.370000000
118.862047,19.371000000
118.874477,19.372000000
118.881537,19.373000000
118.891218,19.374000000
118.899440,19.375000000
118.909813,19.376000000
118.915893,19.377000000
118.931349,19.378000000
118.937764,19.379000000
118.948420,19.380000000
118.957153,19.381000000
118.960579,19.382000000
118.963420,19.383000000
118.965371,19.384000000
118.967278,19.385000000
118.976407,19.386000000
118.980857,19.387000000
118.982817,19.388000000
118.987342,19.389000000
118.991519,19.390000000
118.993634,19.391000000
118.997597,19.392000000
119.001268,19.393000000
119.006558,19.394000000
119.009695,19.395000000
119.013632,19.396000000
119.035342,19.397000000
119.035401,19.398000000
119.037503,19.399000000
119.039417,19.400000000
119.041401,19.401000000
119.056373,19.402000000
119.058334,19.403000000
119.067188,19.404000000
119.079710,19.405000000
119.092736,19.406000000
119.094778,19.407000000
119.109201,19.408000000
119.118247,19.409000000
119.142542,19.410000000
119.144395,19.411000000
119.153694,19.412000000
119.169813,19.413000000
119.174601,19.414000000
119.176368,19.415000000
119.181865,19.416000000
119.183914,19.417000000
119.185984,19.418000000
119.189014,19.419000000
119.192361,19.420000000
119.198913,19.421000000
119.209040,19.422000000
119.211540,19.423000000
119.214154,19.424000000
119.226444,19.425000000
119.240432,19.426000000
119.262457,19.427000000
119.282719,19.428000000
119.320414,19.429000000
119.335624,19.430000000
119.356867,19.431000000
119.368705,19.432000000
119.371952,19.433000000
119.379132,19.434000000
119.404783,19.435000000
119.413424,19.436000000
119.431197,19.437000000
119.437044,19.438000000
119.439186,19.439000000
119.442357,19.440000000
119.444343,19.441000000
119.447742,19.442000000
119.450576,19.443000000
119.456905,19.444000000
119.459710,19.445000000
119.462492,19.446000000
119.465196,19.447000000
119.472546,19.448000000
119.474529,19.449000000
119.476668,19.450000000
119.480537,19.451000000
119.482724,19.452000000
119.486247,19.453000000
119.489531,19.454000000
119.499109,19.455000000
119.510035,19.456000000
119.511929,19.457000000
119.525715,19.458000000
119.525781,19.459000000
119.534021,19.460000000
119.547529,19.461000000
119.556745,19.462000000
119.581287,19.463000000
119.587713,19.464000000
119.604286,19.465000000
119.606487,19.466000000
119.611592,19.467000000
119.635407,19.468000000
119.637423,19.469000000
119.645070,19.470000000
119.654733,19.471000000
119.661936,19.472000000
119.663824,19.473000000
119.676086,19.474000000
119.683088,19.475000000
119.706269,19.476000000
119.711365,19.477000000
119.754613,19.478000000
119.761068,19.479000000
119.775877,19.480000000
119.775947,19.481000000
119.779006,19.482000000
119.787492,19.483000000
119.795466,19.484000000
119.795921,19.485000000
119.806666,19.486000000
119.806734,19.487000000
119.818565,19.488000000
119.818654,19.489000000
119.826128,19.490000000
119.828769,19.491000000
119.834530,19.492000000
119.838531,19.493000000
119.850572,19.494000000
119.851255,19.495000000
119.868965,19.496000000
119.879522,19.497000000
119.880937,19.498000000
119.885050,19.499000000
119.899204,19.500000000
119.899271,19.501000000
119.907508,19.502000000
119.907586,19.503000000
119.911252,19.504000000
119.921185,19.505000000
119.946833,19.506000000
119.949358,19.507000000
119.966172,19.508000000
119.966270,19.509000000
119.975399,19.510000000
119.975466,19.511000000
119.982723,19.512000000
119.990153,19.513000000
119.990565,19.514000000
119.997375,19.515000000
120.002988,19.516000000
120.008113,19.517000000
120.017813,19.518000000
120.017905,19.519000000
120.024574,19.520000000
120.030707,19.521000000
120.034535,19.522000000
120.039209,19.523000000
120.046686,19.524000000
120.054050,19.525000000
120.062057,19.526000000
120.066283,19.527000000
120.073247,19.528000000
120.079101,19.529000000
120.081955,19.530000000
120.101852,19.531000000
120.108020,19.532000000
120.114850,19.533000000
120.114907,19.534000000
120.120432,19.535000000
120.134842,19.536000000
120.134923,19.537000000
120.135656,19.538000000
120.159188,19.539000000
120.176049,19.540000000
120.185643,19.541000000
120.191529,19.542000000
120.193275,19.543000000
120.199163,19.544000000
120.211215,19.545000000
120.211278,19.546000000
120.216800,19.547000000
120.225886,19.548000000
120.225978,19.549000000
120.246686,19.550000000
120.246758,19.551000000
120.279154,19.552000000
120.285943,19.553000000
120.289163,19.554000000
120.297852,19.555000000
120.297918,19.556000000
120.305237,19.557000000
120.307383,19.558000000
120.317096,19.559000000
120.317239,19.560000000
120.324921,19.561000000
120.332429,19.562000000
120.334703,19.563000000
120.338699,19.564000000
120.345536,19.565000000
120.346593,19.566000000
120.359315,19.567000000
120.359384,19.568000000
120.368740,19.569000000
120.368808,19.570000000
120.372612,19.571000000
120.379678,19.572000000
120.384739,19.573000000
120.391180,19.574000000
120.391567,19.575000000
120.402142,19.576000000
120.407047,19.577000000
120.411969,19.578000000
120.414701,19.579000000
120.418915,19.580000000
120.426577,19.581000000
120.435110,19.582000000
120.435174,19.583000000
120.446308,19.584000000
120.453598,19.585000000
120.453659,19.586000000
120.463241,19.587000000
120.463301,19.588000000
120.473037,19.589000000
120.474532,19.590000000
120.481073,19.591000000
120.490353,19.592000000
120.490418,19.593000000
120.500807,19.594000000
120.501315,19.595000000
120.508232,19.596000000
120.516363,19.597000000
120.531404,19.598000000
120.539355,19.599000000
120.541178,19.600000000
120.545101,19.601000000
120.554014,19.602000000
120.573164,19.603000000
120.573228,19.604000000
120.581974,19.605000000
120.606985,19.606000000
120.626349,19.607000000
120.640228,19.608000000
120.655153,19.609000000
120.655223,19.610000000
120.660540,19.611000000
120.668303,19.612000000
120.670869,19.613000000
120.684640,19.614000000
120.685082,19.615000000
120.694257,19.616000000
120.700980,19.617000000
120.707033,19.618000000
120.707118,19.619000000
120.714834,19.620000000
120.723378,19.621000000
120.731122,19.622000000
120.731552,19.623000000
120.739438,19.624000000
120.743393,19.625000000
120.750068,19.626000000
120.755626,19.627000000
120.761269,19.628000000
120.767410,19.629000000
120.767465,19.630000000
120.773102,19.631000000
120.782213,19.632000000
120.788324,19.633000000
120.794153,19.634000000
120.794917,19.635000000
120.801205,19.636000000
120.808863,19.637000000
120.818935,19.638000000
120.819039,19.639000000
120.828132,19.640000000
120.828195,19.641000000
120.841679,19.642000000
120.841740,19.643000000
120.844377,19.644000000
120.856117,19.645000000
120.869580,19.646000000
120.884612,19.647000000
120.901928,19.648000000
120.914062,19.649000000
120.926024,19.650000000
120.936328,19.651000000
120.959964,19.652000000
120.967810,19.653000000
120.983420,19.654000000
120.999235,19.655000000
121.027226,19.656000000
121.048172,19.657000000
121.058399,19.658000000
121.076015,19.659000000
121.093965,19.660000000
121.103362,19.661000000
121.120181,19.662000000
121.135403,19.663000000
121.140347,19.664000000
121.155713,19.665000000
121.186937,19.666000000
121.198131,19.667000000
121.222033,19.668000000
121.239879,19.669000000
121.264457,19.670000000
121.282487,19.671000000
121.296104,19.672000000
121.309494,19.673000000
121.323203,19.674000000
121.336170,19.675000000
121.348912,19.676000000
121.359410,19.677000000
121.372476,19.678000000
121.408730,19.679000000
121.416201,19.680000000
121.433887,19.681000000
121.444454,19.682000000
121.474854,19.683000000
121.490248,19.684000000
121.495194,19.685000000
121.501006,19.686000000
121.509469,19.687000000
121.517738,19.688000000
121.543935,19.689000000
121.557421,19.690000000
121.566406,19.691000000
121.571855,19.692000000
121.582794,19.693000000
121.592505,19.694000000
121.604197,19.695000000
121.612158,19.696000000
121.619781,19.697000000
121.624675,19.698000000
121.633141,19.699000000
121.638673,19.700000000
121.646971,19.701000000
121.651970,19.702000000
121.659476,19.703000000
121.667927,19.704000000
121.678542,19.705000000
121.683283,19.706000000
121.691532,19.707000000
121.704642,19.708000000
121.711904,19.709000000
121.729334,19.710000000
121.733463,19.711000000
121.748662,19.712000000
121.760473,19.713000000
121.767585,19.714000000
121.775645,19.715000000
121.789039,19.716000000
121.799487,19.717000000
121.821127,19.718000000
121.837420,19.719000000
121.851063,19.720000000
121.871503,19.721000000
121.877073,19.722000000
121.882111,19.723000000
121.897651,19.724000000
121.912249,19.725000000
121.918492,19.726000000
121.933930,19.727000000
121.939821,19.728000000
121.943917,19.729000000
121.962720,19.730000000
121.974074,19.731000000
121.977800,19.732000000
121.983279,19.733000000
121.995009,19.734000000
122.002008,19.735000000
122.006219,19.736000000
122.008698,19.737000000
122.011441,19.738000000
122.015564,19.739000000
122.019096,19.740000000
122.022505,19.741000000
122.036884,19.742000000
122.043439,19.743000000
122.047578,19.744000000
122.055141,19.745000000
122.057521,19.746000000
122.060026,19.747000000
122.065223,19.748000000
122.068437,19.749000000
122.073114,19.750000000
122.075911,19.751000000
122.085600,19.752000000
122.089481,19.753000000
122.091826,19.754000000
122.094232,19.755000000
122.096454,19.756000000
122.099392,19.757000000
122.104052,19.758000000
122.111489,19.759000000
122.115366,19.760000000
122.118101,19.761000000
122.121538,19.762000000
122.124495,19.763000000
122.127457,19.764000000
122.132183,19.765000000
122.138471,19.766000000
122.148250,19.767000000
122.182901,19.768000000
122.195297,19.769000000
122.215236,19.770000000
122.225398,19.771000000
122.234472,19.772000000
122.261237,19.773000000
122.268362,19.774000000
122.277502,19.775000000
122.289263,19.776000000
122.289319,19.777000000
122.290149,19.778000000
122.304253,19.779000000
122.319296,19.780000000
122.358079,19.781000000
122.374709,19.782000000
122.395324,19.783000000
122.408521,19.784000000
122.423569,19.785000000
122.437107,19.786000000
122.456918,19.787000000
122.462568,19.788000000
122.469752,19.789000000
122.489104,19.790000000
122.494417,19.791000000
122.500963,19.792000000
122.523875,19.793000000
122.530806,19.794000000
122.537283,19.795000000
122.551708,19.796000000
122.557634,19.797000000
122.564043,19.798000000
122.589035,19.799000000
122.594903,19.800000000
122.608161,19.801000000
122.615851,19.802000000
122.647120,19.803000000
122.659657,19.804000000
122.673913,19.805000000
122.690096,19.806000000
122.703000,19.807000000
122.710382,19.808000000
122.731831,19.809000000
122.747875,19.810000000
122.756950,19.811000000
122.765216,19.812000000
122.772684,19.813000000
122.788768,19.814000000
122.795551,19.815000000
122.805877,19.816000000
122.833548,19.817000000
122.839285,19.818000000
122.855813,19.819000000
122.861094,19.820000000
122.878557,19.821000000
122.896905,19.822000000
122.920089,19.823000000
122.926091,19.824000000
122.933469,19.825000000
122.967160,19.826000000
122.979847,19.827000000
122.992906,19.828000000
123.007165,19.829000000
123.024663,19.830000000
123.033691,19.831000000
123.061866,19.832000000
123.074000,19.833000000
123.082192,19.834000000
123.105385,19.835000000
123.124241,19.836000000
123.124831,19.837000000
123.128248,19.838000000
123.156791,19.839000000
123.160506,19.840000000
123.179990,19.841000000
123.184213,19.842000000
123.193636,19.843000000
123.199239,19.844000000
123.222468,19.845000000
123.232720,19.846000000
123.245270,19.847000000
123.255762,19.848000000
123.261236,19.849000000
123.290648,19.850000000
123.303594,19.851000000
123.307067,19.852000000
123.315227,19.853000000
123.326773,19.854000000
123.345864,19.855000000
123.355859,19.856000000
123.362271,19.857000000
123.362329,19.858000000
123.375404,19.859000000
123.380677,19.860000000
123.390209,19.861000000
123.399158,19.862000000
123.437695,19.863000000
123.437784,19.864000000
123.439145,19.865000000
123.459453,19.866000000
123.465906,19.867000000
123.501662,19.868000000
123.505214,19.869000000
123.525030,19.870000000
123.533132,19.871000000
123.543348,19.872000000
123.543802,19.873000000
123.566728,19.874000000
123.570691,19.875000000
123.574724,19.876000000
123.586893,19.877000000
123.586959,19.878000000
123.587032,19.879000000
123.607282,19.880000000
123.607363,19.881000000
123.610189,19.882000000
123.623222,19.883000000
123.644799,19.884000000
123.662488,19.885000000
123.681355,19.886000000
123.685034,19.887000000
123.697015,19.888000000
123.717952,19.889000000
123.728422,19.890000000
123.741409,19.891000000
123.774350,19.892000000
123.774439,19.893000000
123.774485,19.894000000
123.774525,19.895000000
123.775145,19.896000000
123.775196,19.897000000
123.778052,19.898000000
123.780314,19.899000000
123.781343,19.900000000
123.787771,19.901000000
123.788388,19.902000000
123.788987,19.903000000
123.795541,19.904000000
123.795602,19.905000000
123.796532,19.906000000
123.801644,19.907000000
123.807626,19.908000000
123.817665,19.909000000
123.817729,19.910000000
123.817772,19.911000000
123.818327,19.912000000
123.820877,19.913000000
123.821219,19.914000000
123.825663,19.915000000
123.827369,19.916000000
123.828161,19.917000000
123.830345,19.918000000
123.832478,19.919000000
123.842819,19.920000000
123.851388,19.921000000
123.852965,19.922000000
123.854948,19.923000000
123.856918,19.924000000
123.859205,19.925000000
123.861045,19.926000000
123.863083,19.927000000
123.864966,19.928000000
123.866883,19.929000000
123.868907,19.930000000
123.871980,19.931000000
123.874147,19.932000000
123.876616,19.933000000
123.878944,19.934000000
123.880879,19.935000000
123.882814,19.936000000
123.884767,19.937000000
123.890078,19.938000000
123.901686,19.939000000
123.911769,19.940000000
123.951050,19.941000000
123.955187,19.942000000
123.962731,19.943000000
123.983231,19.944000000
123.992626,19.945000000
124.000952,19.946000000
124.011543,19.947000000
124.022121,19.948000000
124.030141,19.949000000
124.034191,19.950000000
124.044497,19.951000000
124.053305,19.952000000
124.062294,19.953000000
124.068594,19.954000000
124.076301,19.955000000
124.084514,19.956000000
124.090808,19.957000000
124.094556,19.958000000
124.101388,19.959000000
124.109041,19.960000000
124.113818,19.961000000
124.132641,19.962000000
124.132695,19.963000000
124.153305,19.964000000
124.174541,19.965000000
124.206217,19.966000000
124.222302,19.967000000
124.240064,19.968000000
124.247152,19.969000000
124.256950,19.970000000
124.259925,19.971000000
124.285598,19.972000000
124.287808,19.973000000
124.295228,19.974000000
124.298738,19.975000000
124.304008,19.976000000
124.306057,19.977000000
124.308278,19.978000000
124.321775,19.979000000
124.326991,19.980000000
124.329174,19.981000000
124.333276,19.982000000
124.337327,19.983000000
124.339490,19.984000000
124.371711,19.985000000
124.384059,19.986000000
124.395387,19.987000000
124.406283,19.988000000
124.416294,19.989000000
124.424852,19.990000000
124.433814,19.991000000
124.442069,19.992000000
124.451172,19.993000000
124.461425,19.994000000
124.467331,19.995000000
124.474510,19.996000000
124.488093,19.997000000
124.492229,19.998000000
124.496820,19.999000000
124.500629,20.000000000
124.504101,20.001000000
124.507975,20.002000000
124.512372,20.003000000
124.514503,20.004000000
124.518736,20.005000000
124.521579,20.006000000
124.527222,20.007000000
124.529480,20.008000000
124.544833,20.009000000
124.547021,20.010000000
124.551246,20.011000000
124.553143,20.012000000
124.555262,20.013000000
124.557463,20.014000000
124.573841,20.015000000
124.586882,20.016000000
124.607046,20.017000000
124.608271,20.018000000
124.614692,20.019000000
124.617456,20.020000000
124.619505,20.021000000
124.621670,20.022000000
124.623919,20.023000000
124.626099,20.024000000
124.628326,20.025000000
124.634864,20.026000000
124.640803,20.027000000
124.653959,20.028000000
124.657636,20.029000000
124.662285,20.030000000
124.664437,20.031000000
124.669450,20.032000000
124.673586,20.033000000
124.678449,20.034000000
124.680634,20.035000000
124.711752,20.036000000
124.716095,20.037000000
124.721787,20.038000000
124.723037,20.039000000
124.726193,20.040000000
124.730309,20.041000000
124.734389,20.042000000
124.738607,20.043000000
124.740759,20.044000000
124.744842,20.045000000
124.749009,20.046000000
124.758977,20.047000000
124.767130,20.048000000
124.769374,20.049000000
124.773136,20.050000000
124.776248,20.051000000
124.782248,20.052000000
124.784428,20.053000000
124.788503,20.054000000
124.797661,20.055000000
124.830188,20.056000000
124.838770,20.057000000
124.853536,20.058000000
124.859413,20.059000000
124.865660,20.060000000
124.876883,20.061000000
124.887013,20.062000000
124.896846,20.063000000
124.908331,20.064000000
124.918383,20.065000000
124.930562,20.066000000
124.938892,20.067000000
124.944555,20.068000000
124.949508,20.069000000
124.950758,20.070000000
124.952964,20.071000000
124.955148,20.072000000
124.970407,20.073000000
124.987118,20.074000000
124.990614,20.075000000
124.995086,20.076000000
124.998057,20.077000000
125.000324,20.078000000
125.006982,20.079000000
125.010798,20.080000000
125.015178,20.081000000
125.018044,20.082000000
125.021453,20.083000000
125.026295,20.084000000
125.028886,20.085000000
125.031623,20.086000000
125.033860,20.087000000
125.036076,20.088000000
125.038298,20.089000000
125.064054,20.090000000
125.067931,20.091000000
125.072863,20.092000000
125.074761,20.093000000
125.079809,20.094000000
125.090558,20.095000000
125.094833,20.096000000
125.099731,20.097000000
125.104040,20.098000000
125.107819,20.099000000
125.109873,20.100000000
125.114042,20.101000000
125.118171,20.102000000
125.140746,20.103000000
125.144395,20.104000000
125.148561,20.105000000
125.151139,20.106000000
125.154447,20.107000000
125.158299,20.108000000
125.162724,20.109000000
125.170513,20.110000000
125.179066,20.111000000
125.180912,20.112000000
125.186503,20.113000000
125.188622,20.114000000
125.193068,20.115000000
125.197146,20.116000000
125.201456,20.117000000
125.234505,20.118000000
125.247323,20.119000000
125.253079,20.120000000
125.265685,20.121000000
125.274911,20.122000000
125.287706,20.123000000
125.288166,20.124000000
125.294429,20.125000000
125.298881,20.126000000
125.301771,20.127000000
125.319897,20.128000000
125.322783,20.129000000
125.326886,20.130000000
125.330992,20.131000000
125.334911,20.132000000
125.337587,20.133000000
125.342010,20.134000000
125.358387,20.135000000
125.363084,20.136000000
125.376110,20.137000000
125.388474,20.138000000
125.390442,20.139000000
125.394059,20.140000000
125.398685,20.141000000
125.407431,20.142000000
125.413935,20.143000000
125.417907,20.144000000
125.421605,20.145000000
125.423917,20.146000000
125.425478,20.147000000
125.427682,20.148000000
125.429871,20.149000000
125.436441,20.150000000
125.438787,20.151000000
125.441482,20.152000000
125.451288,20.153000000
125.454534,20.154000000
125.459727,20.155000000
125.462202,20.156000000
125.466434,20.157000000
125.471261,20.158000000
125.496021,20.159000000
125.501072,20.160000000
125.505285,20.161000000
125.510836,20.162000000
125.515887,20.163000000
125.519924,20.164000000
125.525911,20.165000000
125.533466,20.166000000
125.544502,20.167000000
125.548771,20.168000000
125.552682,20.169000000
125.558085,20.170000000
125.562601,20.171000000
125.569157,20.172000000
125.573342,20.173000000
125.598951,20.174000000
125.608650,20.175000000
125.617109,20.176000000
125.642685,20.177000000
125.650429,20.178000000
125.659556,20.179000000
125.661764,20.180000000
125.664923,20.181000000
125.667360,20.182000000
125.669782,20.183000000
125.673863,20.184000000
125.678742,20.185000000
125.682048,20.186000000
125.688287,20.187000000
125.692275,20.188000000
125.695000,20.189000000
125.698858,20.190000000
125.705220,20.191000000
125.713234,20.192000000
125.726124,20.193000000
125.726171,20.194000000
125.728436,20.195000000
125.730797,20.196000000
125.733942,20.197000000
125.739946,20.198000000
125.742185,20.199000000
125.744336,20.200000000
125.746771,20.201000000
125.749574,20.202000000
125.753902,20.203000000
125.758005,20.204000000
125.760635,20.205000000
125.763420,20.206000000
125.766512,20.207000000
125.770046,20.208000000
125.787234,20.209000000
125.797491,20.210000000
125.802067,20.211000000
125.813240,20.212000000
125.821880,20.213000000
125.825892,20.214000000
125.832151,20.215000000
125.841206,20.216000000
125.849145,20.217000000
125.855392,20.218000000
125.858336,20.219000000
125.860590,20.220000000
125.862647,20.221000000
125.864770,20.222000000
125.866887,20.223000000
125.870611,20.224000000
125.873026,20.225000000
125.875180,20.226000000
125.878694,20.227000000
125.880935,20.228000000
125.883186,20.229000000
125.885365,20.230000000
125.891344,20.231000000
125.895234,20.232000000
125.899708,20.233000000
125.901824,20.234000000
125.906000,20.235000000
125.908037,20.236000000
125.913496,20.237000000
125.915555,20.238000000
125.917702,20.239000000
125.923597,20.240000000
125.925728,20.241000000
125.931264,20.242000000
125.933140,20.243000000
125.937528,20.244000000
125.939663,20.245000000
125.943856,20.246000000
125.948564,20.247000000
125.951900,20.248000000
125.953979,20.249000000
125.956159,20.250000000
125.973076,20.251000000
125.978971,20.252000000
125.981197,20.253000000
125.987360,20.254000000
125.989318,20.255000000
125.994708,20.256000000
125.998212,20.257000000
126.004139,20.258000000
126.019612,20.259000000
126.024098,20.260000000
126.028050,20.261000000
126.050313,20.262000000
126.071224,20.263000000
126.079365,20.264000000
126.087644,20.265000000
126.092361,20.266000000
126.094983,20.267000000
126.127441,20.268000000
126.137016,20.269000000
126.148069,20.270000000
126.151061,20.271000000
126.153445,20.272000000
126.159372,20.273000000
126.174036,20.274000000
126.178338,20.275000000
126.191647,20.276000000
126.208662,20.277000000
126.217844,20.278000000
126.240482,20.279000000
126.255400,20.280000000
126.274297,20.281000000
126.284935,20.282000000
126.293496,20.283000000
126.307385,20.284000000
126.316808,20.285000000
126.317117,20.286000000
126.325628,20.287000000
126.350431,20.288000000
126.359326,20.289000000
126.365143,20.290000000
126.387111,20.291000000
126.387175,20.292000000
126.413929,20.293000000
126.420061,20.294000000
126.435108,20.295000000
126.444227,20.296000000
126.478206,20.297000000
126.487931,20.298000000
126.511921,20.299000000
126.520752,20.300000000
126.538725,20.301000000
126.564824,20.302000000
126.564871,20.303000000
126.589530,20.304000000
126.601697,20.305000000
126.615884,20.306000000
126.615932,20.307000000
126.661340,20.308000000
126.666960,20.309000000
126.685681,20.310000000
126.694390,20.311000000
126.714508,20.312000000
126.722809,20.313000000
126.740180,20.314000000
126.747358,20.315000000
126.785168,20.316000000
126.794423,20.317000000
126.809540,20.318000000
126.823766,20.319000000
126.839455,20.320000000
126.863246,20.321000000
126.869620,20.322000000
126.884909,20.323000000
126.894124,20.324000000
126.910645,20.325000000
126.933730,20.326000000
126.944428,20.327000000
126.958941,20.328000000
126.974397,20.329000000
126.984743,20.330000000
126.994338,20.331000000
127.009083,20.332000000
127.022867,20.333000000
127.033969,20.334000000
127.043004,20.335000000
127.065319,20.336000000
127.087830,20.337000000
127.095730,20.338000000
127.108346,20.339000000
127.128232,20.340000000
127.138951,20.341000000
127.146424,20.342000000
127.172012,20.343000000
127.172718,20.344000000
127.183788,20.345000000
127.196277,20.346000000
127.211558,20.347000000
127.220041,20.348000000
127.231694,20.349000000
127.243786,20.350000000
127.259891,20.351000000
127.272719,20.352000000
127.272766,20.353000000
127.291240,20.354000000
127.293251,20.355000000
127.302754,20.356000000
127.339217,20.357000000
127.349666,20.358000000
127.361706,20.359000000
127.373321,20.360000000
127.386466,20.361000000
127.399987,20.362000000
127.404096,20.363000000
127.412206,20.364000000
127.427856,20.365000000
127.434720,20.366000000
127.450624,20.367000000
127.462419,20.368000000
127.471237,20.369000000
127.476365,20.370000000
127.476409,20.371000000
127.493440,20.372000000
127.510059,20.373000000
127.519860,20.374000000
127.532841,20.375000000
127.542833,20.376000000
127.556135,20.377000000
127.564083,20.378000000
127.584249,20.379000000
127.605760,20.380000000
127.611632,20.381000000
127.617602,20.382000000
127.633099,20.383000000
127.639229,20.384000000
127.647176,20.385000000
127.678480,20.386000000
127.688236,20.387000000
127.694711,20.388000000
127.698614,20.389000000
127.710521,20.390000000
127.714539,20.391000000
127.728449,20.392000000
127.735665,20.393000000
127.744200,20.394000000
127.756146,20.395000000
127.760291,20.396000000
127.782899,20.397000000
127.786809,20.398000000
127.798423,20.399000000
127.818596,20.400000000
127.836270,20.401000000
127.859746,20.402000000
127.873852,20.403000000
127.875321,20.404000000
127.902510,20.405000000
127.902589,20.406000000
127.908979,20.407000000
127.914866,20.408000000
127.924830,20.409000000
127.925430,20.410000000
127.938700,20.411000000
127.953527,20.412000000
127.963943,20.413000000
127.983458,20.414000000
127.991408,20.415000000
128.003173,20.416000000
128.012393,20.417000000
128.022147,20.418000000
128.034388,20.419000000
128.044397,20.420000000
128.053778,20.421000000
128.064249,20.422000000
128.076326,20.423000000
128.093092,20.424000000
128.112585,20.425000000
128.119594,20.426000000
128.144320,20.427000000
128.153817,20.428000000
128.168025,20.429000000
128.193535,20.430000000
128.210744,20.431000000
128.221082,20.432000000
128.235129,20.433000000
128.248332,20.434000000
128.263597,20.435000000
128.275017,20.436000000
128.289205,20.437000000
128.303068,20.438000000
128.313317,20.439000000
128.330033,20.440000000
128.349533,20.441000000
128.361500,20.442000000
128.381436,20.443000000
128.389313,20.444000000
128.403865,20.445000000
128.429102,20.446000000
128.444554,20.447000000
128.450021,20.448000000
128.455007,20.449000000
128.455046,20.450000000
128.458009,20.451000000
128.463942,20.452000000
128.492402,20.453000000
128.496936,20.454000000
128.504362,20.455000000
128.510666,20.456000000
128.535618,20.457000000
128.540237,20.458000000
128.563366,20.459000000
128.568760,20.460000000
128.574768,20.461000000
128.579662,20.462000000
128.585867,20.463000000
128.592262,20.464000000
128.598484,20.465000000
128.617571,20.466000000
128.625458,20.467000000
128.640122,20.468000000
128.647309,20.469000000
128.658935,20.470000000
128.671779,20.471000000
128.678348,20.472000000
128.692911,20.473000000
128.707355,20.474000000
128.718059,20.475000000
128.727607,20.476000000
128.729892,20.477000000
128.744240,20.478000000
128.766862,20.479000000
128.776196,20.480000000
128.811045,20.481000000
128.817067,20.482000000
128.821101,20.483000000
128.826246,20.484000000
128.831292,20.485000000
128.835340,20.486000000
128.846473,20.487000000
128.868012,20.488000000
128.882268,20.489000000
128.897462,20.490000000
128.904144,20.491000000
128.906625,20.492000000
128.908821,20.493000000
128.928971,20.494000000
128.936919,20.495000000
128.967450,20.496000000
128.986390,20.497000000
129.002289,20.498000000
129.015791,20.499000000
129.036640,20.500000000
129.045946,20.501000000
129.054432,20.502000000
129.063413,20.503000000
129.070971,20.504000000
129.078979,20.505000000
129.091794,20.506000000
129.118866,20.507000000
129.125184,20.508000000
129.134493,20.509000000
129.140065,20.510000000
129.156164,20.511000000
129.174741,20.512000000
129.179216,20.513000000
129.185047,20.514000000
129.196899,20.515000000
129.213528,20.516000000
129.213891,20.517000000
129.226563,20.518000000
129.242622,20.519000000
129.246983,20.520000000
129.252941,20.521000000
129.258454,20.522000000
129.277710,20.523000000
129.280507,20.524000000
129.324120,20.525000000
129.332434,20.526000000
129.347197,20.527000000
129.359620,20.528000000
129.380545,20.529000000
129.399488,20.530000000
129.403388,20.531000000
129.405457,20.532000000
129.425905,20.533000000
129.428284,20.534000000
129.442736,20.535000000
129.466419,20.536000000
129.472647,20.537000000
129.492208,20.538000000
129.502352,20.539000000
129.510540,20.540000000
129.516385,20.541000000
129.530853,20.542000000
129.534471,20.543000000
129.540544,20.544000000
129.558807,20.545000000
129.569012,20.546000000
129.574106,20.547000000
129.594827,20.548000000
129.605925,20.549000000
129.610266,20.550000000
129.618593,20.551000000
129.624712,20.552000000
129.632811,20.553000000
129.641903,20.554000000
129.646307,20.555000000
129.660740,20.556000000
129.665970,20.557000000
129.674172,20.558000000
129.685260,20.559000000
129.698240,20.560000000
129.705593,20.561000000
129.709190,20.562000000
129.749717,20.563000000
129.766747,20.564000000
129.773878,20.565000000
129.793678,20.566000000
129.796253,20.567000000
129.816772,20.568000000
129.840372,20.569000000
129.842544,20.570000000
129.848158,20.571000000
129.853660,20.572000000
129.862135,20.573000000
129.864558,20.574000000
129.886192,20.575000000
129.888402,20.576000000
129.890767,20.577000000
129.897870,20.578000000
129.901817,20.579000000
129.907145,20.580000000
129.910886,20.581000000
129.923474,20.582000000
129.927008,20.583000000
129.929628,20.584000000
129.939990,20.585000000
129.950151,20.586000000
129.969194,20.587000000
129.975584,20.588000000
129.977803,20.589000000
129.986053,20.590000000
129.990080,20.591000000
129.995912,20.592000000
130.016391,20.593000000
130.021633,20.594000000
130.027711,20.595000000
130.038301,20.596000000
130.050465,20.597000000
130.058667,20.598000000
130.065584,20.599000000
130.088488,20.600000000
130.102965,20.601000000
130.103000,20.602000000
130.103015,20.603000000
130.136346,20.604000000
130.154896,20.605000000
130.154980,20.606000000
130.189107,20.607000000
130.191029,20.608000000
130.208217,20.609000000
130.210224,20.610000000
130.246062,20.611000000
130.248080,20.612000000
130.259523,20.613000000
130.276834,20.614000000
130.276912,20.615000000
130.276955,20.616000000
130.308904,20.617000000
130.308967,20.618000000
130.330267,20.619000000
130.330558,20.620000000
130.334089,20.621000000
130.359203,20.622000000
130.359280,20.623000000
130.370988,20.624000000
130.386250,20.625000000
130.408751,20.626000000
130.415726,20.627000000
130.417412,20.628000000
130.419657,20.629000000
130.421708,20.630000000
130.424855,20.631000000
130.432147,20.632000000
130.434330,20.633000000
130.446299,20.634000000
130.454937,20.635000000
130.468244,20.636000000
130.472768,20.637000000
130.476882,20.638000000
130.490815,20.639000000
130.505575,20.640000000
130.507869,20.641000000
130.530882,20.642000000
130.544567,20.643000000
130.557821,20.644000000
130.568307,20.645000000
130.584007,20.646000000
130.600192,20.647000000
130.610138,20.648000000
130.614618,20.649000000
130.635302,20.650000000
130.641471,20.651000000
130.654654,20.652000000
130.663370,20.653000000
130.691174,20.654000000
130.693486,20.655000000
130.702624,20.656000000
130.715333,20.657000000
130.727202,20.658000000
130.729529,20.659000000
130.756378,20.660000000
130.764363,20.661000000
130.765182,20.662000000
130.784490,20.663000000
130.789402,20.664000000
130.796879,20.665000000
130.824326,20.666000000
130.837813,20.667000000
130.847636,20.668000000
130.856329,20.669000000
130.868709,20.670000000
130.884363,20.671000000
130.890260,20.672000000
130.913055,20.673000000
130.933076,20.674000000
130.933127,20.675000000
130.954418,20.676000000
130.965053,20.677000000
130.965440,20.678000000
130.975710,20.679000000
130.975760,20.680000000
130.986622,20.681000000
130.986670,20.682000000
130.995871,20.683000000
130.998562,20.684000000
131.032656,20.685000000
131.037575,20.686000000
131.042868,20.687000000
131.047341,20.688000000
131.082703,20.689000000
131.087848,20.690000000
131.095299,20.691000000
131.112870,20.692000000
131.121248,20.693000000
131.160744,20.694000000
131.176994,20.695000000
131.188209,20.696000000
131.206126,20.697000000
131.217988,20.698000000
131.232062,20.699000000
131.245603,20.700000000
131.257578,20.701000000
131.271397,20.702000000
131.280623,20.703000000
131.288610,20.704000000
131.296385,20.705000000
131.303926,20.706000000
131.321883,20.707000000
131.331655,20.708000000
131.337148,20.709000000
131.340767,20.710000000
131.356986,20.711000000
131.375399,20.712000000
131.385153,20.713000000
131.407442,20.714000000
131.425926,20.715000000
131.442345,20.716000000
131.450847,20.717000000
131.462991,20.718000000
131.472445,20.719000000
131.494981,20.720000000
131.495085,20.721000000
131.505398,20.722000000
131.519526,20.723000000
131.546042,20.724000000
131.546351,20.725000000
131.553581,20.726000000
131.556401,20.727000000
131.565687,20.728000000
131.577149,20.729000000
131.577197,20.730000000
131.582758,20.731000000
131.587441,20.732000000
131.594368,20.733000000
131.597080,20.734000000
131.604469,20.735000000
131.609941,20.736000000
131.617738,20.737000000
131.619701,20.738000000
131.636617,20.739000000
131.642334,20.740000000
131.649390,20.741000000
131.656538,20.742000000
131.660352,20.743000000
131.662760,20.744000000
131.665069,20.745000000
131.667465,20.746000000
131.675053,20.747000000
131.677930,20.748000000
131.684604,20.749000000
131.687192,20.750000000
131.689443,20.751000000
131.703418,20.752000000
131.715606,20.753000000
131.724942,20.754000000
131.735976,20.755000000
131.747054,20.756000000
131.762388,20.757000000
131.769999,20.758000000
131.770298,20.759000000
131.774258,20.760000000
131.776791,20.761000000
131.786611,20.762000000
131.789259,20.763000000
131.791815,20.764000000
131.793964,20.765000000
131.808271,20.766000000
131.817301,20.767000000
131.829394,20.768000000
131.837255,20.769000000
131.847751,20.770000000
131.856672,20.771000000
131.859649,20.772000000
131.875674,20.773000000
131.883056,20.774000000
131.891001,20.775000000
131.896809,20.776000000
131.915034,20.777000000
131.919240,20.778000000
131.931066,20.779000000
131.938440,20.780000000
131.946913,20.781000000
131.955632,20.782000000
131.962199,20.783000000
131.971956,20.784000000
131.982198,20.785000000
132.008594,20.786000000
132.014476,20.787000000
132.022966,20.788000000
132.035132,20.789000000
132.036432,20.790000000
132.055504,20.791000000
132.060533,20.792000000
132.062431,20.793000000
132.086802,20.794000000
132.090585,20.795000000
132.093444,20.796000000
132.096332,20.797000000
132.103083,20.798000000
132.105684,20.799000000
132.109314,20.800000000
132.115531,20.801000000
132.116245,20.802000000
132.119794,20.803000000
132.125544,20.804000000
132.129119,20.805000000
132.131532,20.806000000
132.137821,20.807000000
132.153041,20.808000000
132.155442,20.809000000
132.158084,20.810000000
132.166329,20.811000000
132.172671,20.812000000
132.175500,20.813000000
132.181307,20.814000000
132.184704,20.815000000
132.195875,20.816000000
132.208319,20.817000000
132.214428,20.818000000
132.232038,20.819000000
132.256316,20.820000000
132.259147,20.821000000
132.263552,20.822000000
132.272185,20.823000000
132.279367,20.824000000
132.283041,20.825000000
132.287522,20.826000000
132.313905,20.827000000
132.323150,20.828000000
132.343139,20.829000000
132.363792,20.830000000
132.363839,20.831000000
132.385162,20.832000000
132.393479,20.833000000
132.399997,20.834000000
132.425406,20.835000000
132.426566,20.836000000
132.432969,20.837000000
132.446172,20.838000000
132.446246,20.840000000
132.475020,20.841000000
132.481746,20.842000000
132.487837,20.843000000
132.504934,20.844000000
132.518314,20.845000000
132.532502,20.846000000
132.539053,20.847000000
132.549417,20.848000000
132.559794,20.849000000
132.571221,20.850000000
132.586009,20.851000000
132.591465,20.852000000
132.599751,20.853000000
132.605363,20.854000000
132.631196,20.855000000
132.637393,20.856000000
132.651777,20.857000000
132.659511,20.858000000
132.667710,20.859000000
132.671575,20.860000000
132.678906,20.861000000
132.695267,20.862000000
132.699959,20.863000000
132.709082,20.864000000
132.711376,20.865000000
132.717459,20.866000000
132.742014,20.867000000
132.750585,20.868000000
132.754762,20.869000000
132.763495,20.870000000
132.773583,20.871000000
132.780420,20.872000000
132.788479,20.873000000
132.799529,20.874000000
132.807831,20.875000000
132.814162,20.876000000
132.827825,20.877000000
132.834774,20.878000000
132.845879,20.879000000
132.854670,20.880000000
132.880109,20.881000000
132.891348,20.882000000
132.899256,20.883000000
132.928751,20.884000000
132.939070,20.885000000
132.956465,20.886000000
132.962418,20.887000000
132.968680,20.888000000
132.972655,20.889000000
133.002164,20.890000000
133.006772,20.891000000
133.016307,20.892000000
133.019677,20.893000000
133.023685,20.894000000
133.041970,20.895000000
133.048647,20.896000000
133.054717,20.897000000
133.060672,20.898000000
133.070018,20.899000000
133.075358,20.900000000
133.081626,20.901000000
133.086967,20.902000000
133.093056,20.903000000
133.104035,20.904000000
133.110279,20.905000000
133.120962,20.906000000
133.128557,20.907000000
133.146566,20.908000000
133.153484,20.909000000
133.180982,20.910000000
133.185292,20.911000000
133.193254,20.912000000
133.223321,20.913000000
133.227410,20.914000000
133.256073,20.915000000
133.263025,20.916000000
133.267317,20.917000000
133.285707,20.918000000
133.292022,20.919000000
133.331714,20.920000000
133.336029,20.921000000
133.350549,20.922000000
133.356907,20.923000000
133.371387,20.924000000
133.381125,20.925000000
133.390810,20.926000000
133.396720,20.927000000
133.398001,20.928000000
133.413736,20.929000000
133.424443,20.930000000
133.424488,20.931000000
133.436129,20.932000000
133.439368,20.933000000
133.469914,20.934000000
133.469966,20.939000000
133.498666,20.940000000
133.504357,20.941000000
133.530070,20.942000000
133.537359,20.943000000
133.550230,20.944000000
133.557467,20.945000000
133.563281,20.946000000
133.570190,20.947000000
133.596318,20.948000000
133.600923,20.949000000
133.606529,20.950000000
133.622139,20.951000000
133.628136,20.952000000
133.629817,20.953000000
133.666633,20.954000000
133.674600,20.955000000
133.686291,20.956000000
133.696849,20.957000000
133.704981,20.958000000
133.710712,20.959000000
133.728009,20.960000000
133.738677,20.961000000
133.748341,20.962000000
133.758737,20.963000000
133.770997,20.964000000
133.784315,20.965000000
133.793027,20.966000000
133.806489,20.967000000
133.814456,20.968000000
133.831960,20.969000000
133.850304,20.970000000
133.855428,20.971000000
133.857439,20.972000000
133.888003,20.973000000
133.888081,20.974000000
133.895550,20.975000000
133.907764,20.976000000
133.918277,20.977000000
133.924680,20.978000000
133.930403,20.979000000
133.952321,20.980000000
133.959534,20.981000000
133.972581,20.982000000
133.984303,20.983000000
133.988354,20.984000000
134.026404,20.985000000
134.035922,20.986000000
134.045046,20.987000000
134.057950,20.988000000
134.070271,20.989000000
134.076172,20.990000000
134.088411,20.991000000
134.099354,20.992000000
134.102767,20.993000000
134.118936,20.994000000
134.129160,20.995000000
134.146522,20.996000000
134.149892,20.997000000
134.160747,20.998000000
134.170808,20.999000000
134.190629,21.000000000
134.206513,21.001000000
134.213585,21.002000000
134.236979,21.003000000
134.247034,21.004000000
134.265688,21.005000000
134.273401,21.006000000
134.282941,21.007000000
134.306296,21.008000000
134.312745,21.009000000
134.328100,21.010000000
134.335780,21.011000000
134.338832,21.012000000
134.367290,21.013000000
134.379297,21.014000000
134.389022,21.015000000
134.399615,21.016000000
134.407631,21.017000000
134.417081,21.018000000
134.430625,21.019000000
134.444728,21.020000000
134.453099,21.021000000
134.458720,21.022000000
134.471245,21.023000000
134.481357,21.024000000
134.483061,21.025000000
134.499250,21.026000000
134.505697,21.027000000
134.535027,21.028000000
134.535103,21.029000000
134.541618,21.030000000
134.565874,21.031000000
134.580132,21.032000000
134.603288,21.033000000
134.605902,21.034000000
134.624976,21.035000000
134.627299,21.036000000
134.629545,21.037000000
134.651165,21.038000000
134.665070,21.039000000
134.668567,21.040000000
134.685678,21.041000000
134.691423,21.042000000
134.700007,21.043000000
134.704362,21.044000000
134.717173,21.045000000
134.725210,21.046000000
134.735243,21.047000000
134.740466,21.048000000
134.750185,21.049000000
134.759012,21.050000000
134.771689,21.051000000
134.773851,21.052000000
134.782972,21.053000000
134.787420,21.054000000
134.797754,21.055000000
134.803902,21.056000000
134.813788,21.057000000
134.818853,21.058000000
134.831485,21.059000000
134.852746,21.060000000
134.864025,21.061000000
134.881216,21.062000000
134.884815,21.063000000
134.902077,21.064000000
134.912568,21.065000000
134.923942,21.066000000
134.939926,21.067000000
134.939991,21.068000000
134.941173,21.069000000
134.947539,21.070000000
134.947890,21.071000000
134.949008,21.072000000
134.961929,21.073000000
134.962040,21.074000000
134.962262,21.075000000
134.962325,21.076000000
134.962882,21.077000000
134.965250,21.078000000
134.970254,21.079000000
134.970785,21.080000000
134.971352,21.081000000
134.979184,21.082000000
134.979246,21.083000000
134.979313,21.084000000
134.991117,21.085000000
135.017365,21.086000000
135.017441,21.087000000
135.038145,21.088000000
135.049702,21.089000000
135.068513,21.090000000
135.070819,21.091000000
135.095099,21.092000000
135.106826,21.093000000
135.112168,21.094000000
135.123038,21.095000000
135.145403,21.096000000
135.157717,21.097000000
135.165546,21.098000000
135.176034,21.099000000
135.183858,21.100000000
135.197043,21.101000000
135.200236,21.102000000
135.207954,21.103000000
135.213070,21.104000000
135.215645,21.105000000
135.218583,21.106000000
135.221085,21.107000000
135.223536,21.108000000
135.226625,21.109000000
135.255020,21.110000000
135.255072,21.114000000
135.289079,21.115000000
135.292495,21.116000000
135.294804,21.117000000
135.308650,21.118000000
135.308699,21.119000000
135.317227,21.120000000
135.324277,21.121000000
135.324324,21.122000000
135.325047,21.123000000
135.327509,21.124000000
135.332016,21.125000000
135.340472,21.126000000
135.340570,21.127000000
135.359038,21.128000000
135.365568,21.129000000
135.365620,21.130000000
135.369887,21.131000000
135.372464,21.132000000
135.376869,21.133000000
135.393301,21.134000000
135.393693,21.135000000
135.407859,21.136000000
135.417360,21.137000000
135.417407,21.139000000
135.419712,21.140000000
135.428297,21.141000000
135.431545,21.142000000
135.440032,21.143000000
135.453815,21.144000000
135.457115,21.145000000
135.470397,21.146000000
135.474781,21.147000000
135.482882,21.148000000
135.494585,21.149000000
135.507227,21.150000000
135.520095,21.151000000
135.521177,21.152000000
135.521220,21.153000000
135.528616,21.154000000
135.538951,21.155000000
135.542730,21.156000000
135.542769,21.157000000
135.544421,21.158000000
135.548483,21.159000000
135.548521,21.160000000
135.552193,21.161000000
135.556456,21.162000000
135.556509,21.163000000
135.562221,21.164000000
135.565905,21.165000000
135.575473,21.166000000
135.575526,21.169000000
135.579207,21.170000000
135.584851,21.171000000
135.591292,21.172000000
135.591341,21.173000000
135.597144,21.174000000
135.608896,21.175000000
135.622514,21.176000000
135.632710,21.177000000
135.640308,21.178000000
135.644103,21.179000000
135.656395,21.180000000
135.664663,21.181000000
135.674331,21.182000000
135.691270,21.183000000
135.696530,21.184000000
135.704758,21.185000000
135.733829,21.186000000
135.746721,21.187000000
135.755603,21.188000000
135.764344,21.189000000
135.767015,21.190000000
135.776209,21.191000000
135.781741,21.192000000
135.787845,21.193000000
135.796538,21.194000000
135.802926,21.195000000
135.812813,21.196000000
135.816302,21.197000000
135.818539,21.198000000
135.821917,21.199000000
135.828523,21.200000000
135.830709,21.201000000
135.833335,21.202000000
135.835856,21.203000000
135.838682,21.204000000
135.848442,21.205000000
135.871976,21.206000000
135.883967,21.207000000
135.902987,21.208000000
135.922783,21.209000000
135.936777,21.210000000
135.948559,21.211000000
135.948864,21.212000000
135.951410,21.213000000
135.958444,21.214000000
135.964221,21.215000000
135.966668,21.216000000
135.972522,21.217000000
135.989040,21.218000000
135.994131,21.219000000
135.995784,21.220000000
136.000927,21.221000000
136.003657,21.222000000
136.009410,21.223000000
136.014500,21.224000000
136.019536,21.225000000
136.026932,21.226000000
136.029420,21.227000000
136.034463,21.228000000
136.036764,21.229000000
136.042723,21.230000000
136.046984,21.231000000
136.075623,21.232000000
136.078069,21.233000000
136.080189,21.234000000
136.085781,21.235000000
136.087996,21.236000000
136.092118,21.237000000
136.096094,21.238000000
136.098209,21.239000000
136.104390,21.240000000
136.107728,21.241000000
136.109993,21.242000000
136.127791,21.243000000
136.129677,21.244000000
136.134410,21.245000000
136.137948,21.246000000
136.143085,21.247000000
136.145195,21.248000000
136.150619,21.249000000
136.152865,21.250000000
136.154994,21.251000000
136.160686,21.252000000
136.166531,21.253000000
136.168801,21.254000000
136.203103,21.255000000
136.212922,21.256000000
136.228640,21.257000000
136.238938,21.258000000
136.260821,21.259000000
136.271191,21.260000000
136.278257,21.261000000
136.299213,21.262000000
136.309324,21.263000000
136.319427,21.264000000
136.324521,21.265000000
136.329505,21.266000000
136.339475,21.267000000
136.347970,21.268000000
136.351082,21.269000000
136.359258,21.270000000
136.361796,21.271000000
136.364601,21.272000000
136.374380,21.273000000
136.376464,21.274000000
136.383777,21.275000000
136.390218,21.276000000
136.395073,21.277000000
136.405795,21.278000000
136.414723,21.279000000
136.417184,21.280000000
136.421454,21.281000000
136.430290,21.282000000
136.432690,21.283000000
136.439931,21.284000000
136.443565,21.285000000
136.449006,21.286000000
136.455625,21.287000000
136.458071,21.288000000
136.465408,21.289000000
136.477633,21.290000000
136.490916,21.291000000
136.497265,21.292000000
136.519794,21.293000000
136.533216,21.294000000
136.544045,21.295000000
136.546371,21.296000000
136.553776,21.297000000
136.556507,21.298000000
136.564005,21.299000000
136.571361,21.300000000
136.577301,21.301000000
136.579573,21.302000000
136.594095,21.303000000
136.613076,21.304000000
136.615471,21.305000000
136.623127,21.306000000
136.625322,21.307000000
136.633436,21.308000000
136.635635,21.309000000
136.645843,21.310000000
136.652931,21.311000000
136.660630,21.312000000
136.662798,21.313000000
136.670445,21.314000000
136.675618,21.315000000
136.677950,21.316000000
136.687015,21.317000000
136.708953,21.318000000
136.722377,21.319000000
136.728989,21.320000000
136.735054,21.321000000
136.746755,21.322000000
136.755657,21.323000000
136.780280,21.324000000
136.782870,21.325000000
136.795855,21.326000000
136.807551,21.327000000
136.811352,21.328000000
136.816800,21.329000000
136.825580,21.330000000
136.830009,21.331000000
136.837594,21.332000000
136.848584,21.333000000
136.851402,21.334000000
136.859521,21.335000000
136.867250,21.336000000
136.869627,21.337000000
136.877196,21.338000000
136.879472,21.339000000
136.887426,21.340000000
136.889732,21.341000000
136.896195,21.342000000
136.909010,21.343000000
136.911362,21.344000000
136.914436,21.345000000
136.922607,21.346000000
136.928478,21.347000000
136.930847,21.348000000
136.937030,21.349000000
136.939298,21.350000000
136.943127,21.351000000
136.949879,21.352000000
136.952851,21.353000000
136.957405,21.354000000
136.959568,21.355000000
136.964665,21.356000000
136.966829,21.357000000
136.971514,21.358000000
136.987753,21.359000000
136.994935,21.360000000
136.997533,21.361000000
137.002413,21.362000000
137.007108,21.363000000
137.011144,21.364000000
137.016221,21.365000000
137.021322,21.366000000
137.027748,21.367000000
137.030057,21.368000000
137.062518,21.369000000
137.067862,21.370000000
137.076061,21.371000000
137.111592,21.372000000
137.122331,21.373000000
137.124945,21.374000000
137.134538,21.375000000
137.140768,21.376000000
137.179828,21.377000000
137.184446,21.378000000
137.198029,21.379000000
137.201388,21.380000000
137.211709,21.381000000
137.213957,21.382000000
137.225137,21.383000000
137.238504,21.384000000
137.244910,21.385000000
137.255493,21.386000000
137.260507,21.387000000
137.270936,21.388000000
137.278295,21.389000000
137.287753,21.390000000
137.298342,21.391000000
137.300491,21.392000000
137.310358,21.393000000
137.317508,21.394000000
137.327258,21.395000000
137.331477,21.396000000
137.335289,21.397000000
137.339603,21.398000000
137.361125,21.399000000
137.376605,21.400000000
137.380642,21.401000000
137.410699,21.402000000
137.422984,21.403000000
137.438783,21.404000000
137.449559,21.405000000
137.457221,21.406000000
137.465253,21.407000000
137.494140,21.408000000
137.503384,21.409000000
137.519212,21.410000000
137.524145,21.411000000
137.532029,21.412000000
137.570954,21.413000000
137.585258,21.414000000
137.585296,21.415000000
137.618674,21.416000000
137.618723,21.417000000
137.655472,21.418000000
137.655547,21.419000000
137.691531,21.420000000
137.700786,21.421000000
137.728754,21.422000000
137.753597,21.423000000
137.767454,21.424000000
137.799361,21.425000000
137.803525,21.426000000
137.827399,21.427000000
137.827450,21.429000000
137.854625,21.430000000
137.889544,21.431000000
137.894663,21.432000000
137.908494,21.433000000
137.908567,21.434000000
137.926284,21.435000000
137.948535,21.436000000
137.979792,21.437000000
137.980698,21.438000000
137.999544,21.439000000
138.010141,21.440000000
138.028509,21.441000000
138.028555,21.442000000
138.057738,21.443000000
138.073988,21.444000000
138.082420,21.445000000
138.105815,21.446000000
138.135898,21.447000000
138.135966,21.448000000
138.166752,21.449000000
138.173460,21.450000000
138.215327,21.451000000
138.221610,21.452000000
138.247456,21.453000000
138.258309,21.454000000
138.270128,21.455000000
138.272506,21.456000000
138.304890,21.457000000
138.323816,21.458000000
138.337574,21.459000000
138.351978,21.460000000
138.362601,21.461000000
138.374998,21.462000000
138.404486,21.463000000
138.404534,21.464000000
138.414047,21.465000000
138.421177,21.466000000
138.432390,21.467000000
138.432436,21.468000000
138.450581,21.469000000
138.461443,21.470000000
138.474409,21.471000000
138.484428,21.472000000
138.497902,21.473000000
138.511681,21.474000000
138.543162,21.475000000
138.555457,21.476000000
138.557523,21.477000000
138.559950,21.478000000
138.565027,21.479000000
138.569376,21.480000000
138.569838,21.481000000
138.575636,21.482000000
138.579207,21.483000000
138.581373,21.484000000
138.585431,21.485000000
138.588911,21.486000000
138.596624,21.487000000
138.601032,21.488000000
138.629407,21.489000000
138.635206,21.490000000
138.637351,21.491000000
138.643117,21.492000000
138.645234,21.493000000
138.649034,21.494000000
138.653416,21.495000000
138.668635,21.496000000
138.690954,21.497000000
138.693285,21.498000000
138.697719,21.499000000
138.700159,21.500000000
138.702345,21.501000000
138.710115,21.502000000
138.714710,21.503000000
138.717052,21.504000000
138.722551,21.505000000
138.726279,21.506000000
138.733392,21.507000000
138.735168,21.508000000
138.744967,21.509000000
138.747185,21.510000000
138.750325,21.511000000
138.787768,21.512000000
138.795644,21.513000000
138.799942,21.514000000
138.803643,21.515000000
138.808448,21.516000000
138.810750,21.517000000
138.817216,21.518000000
138.828227,21.519000000
138.834214,21.520000000
138.838255,21.521000000
138.848955,21.522000000
138.852363,21.523000000
138.870890,21.524000000
138.906153,21.525000000
138.914018,21.526000000
138.926371,21.527000000
138.936031,21.528000000
138.951650,21.529000000
138.951700,21.530000000
138.973153,21.531000000
138.985446,21.532000000
139.006837,21.533000000
139.006944,21.534000000
139.038744,21.535000000
139.061098,21.536000000
139.094296,21.537000000
139.094345,21.538000000
139.122190,21.539000000
139.133876,21.540000000
139.147718,21.541000000
139.158564,21.542000000
139.165009,21.543000000
139.189305,21.544000000
139.197759,21.545000000
139.200046,21.546000000
139.213229,21.547000000
139.223130,21.548000000
139.230775,21.549000000
139.234586,21.550000000
139.260368,21.551000000
139.275902,21.552000000
139.279818,21.553000000
139.285890,21.554000000
139.292122,21.555000000
139.296340,21.556000000
139.304502,21.557000000
139.309186,21.558000000
139.330918,21.559000000
139.337567,21.560000000
139.347706,21.561000000
139.350091,21.562000000
139.352671,21.563000000
139.359497,21.564000000
139.363831,21.565000000
139.370070,21.566000000
139.373122,21.567000000
139.391888,21.568000000
139.395437,21.569000000
139.408351,21.570000000
139.409189,21.571000000
139.414817,21.572000000
139.422710,21.573000000
139.466180,21.574000000
139.475080,21.575000000
139.481535,21.576000000
139.507171,21.577000000
139.510061,21.578000000
139.515093,21.579000000
139.523060,21.580000000
139.525411,21.581000000
139.528985,21.582000000
139.532140,21.583000000
139.537233,21.584000000
139.562508,21.585000000
139.564803,21.586000000
139.567183,21.587000000
139.579491,21.588000000
139.587398,21.589000000
139.597479,21.590000000
139.597576,21.591000000
139.623091,21.592000000
139.623536,21.593000000
139.625065,21.594000000
139.633423,21.595000000
139.637816,21.596000000
139.647694,21.597000000
139.667953,21.598000000
139.668040,21.599000000
139.668593,21.600000000
139.683161,21.601000000
139.683651,21.602000000
139.692070,21.603000000
139.696518,21.604000000
139.703306,21.605000000
139.719010,21.606000000
139.732866,21.607000000
139.733470,21.608000000
139.744202,21.609000000
139.755608,21.610000000
139.781538,21.611000000
139.781605,21.612000000
139.781646,21.613000000
139.832030,21.614000000
139.832886,21.615000000
139.832954,21.616000000
139.832999,21.617000000
139.833042,21.618000000
139.833081,21.619000000
139.833120,21.620000000
139.833214,21.621000000
139.833935,21.622000000
139.851304,21.623000000
139.851938,21.624000000
139.852397,21.625000000
139.860797,21.626000000
139.861591,21.627000000
139.880893,21.628000000
139.902270,21.629000000
139.917805,21.630000000
139.918319,21.631000000
139.927387,21.632000000
139.932665,21.633000000
139.936368,21.634000000
139.936420,21.635000000
139.944713,21.636000000
139.946473,21.637000000
139.962528,21.638000000
139.967733,21.639000000
139.975192,21.640000000
139.980972,21.641000000
139.997389,21.642000000
139.997436,21.643000000
140.005651,21.644000000
140.023135,21.645000000
140.029938,21.646000000
140.037088,21.647000000
140.044584,21.648000000
140.051706,21.649000000
140.064378,21.650000000
140.064451,21.651000000
140.071757,21.652000000
140.078787,21.653000000
140.093637,21.654000000
140.093683,21.655000000
140.109576,21.656000000
140.124441,21.657000000
140.129167,21.658000000
140.155692,21.659000000
140.162652,21.660000000
140.173443,21.661000000
140.181178,21.662000000
140.189644,21.663000000
140.212150,21.664000000
140.214608,21.665000000
140.223927,21.666000000
140.242819,21.667000000
140.259231,21.668000000
140.287746,21.669000000
140.298788,21.670000000
140.307298,21.671000000
140.320470,21.672000000
140.330023,21.673000000
140.349214,21.674000000
140.355434,21.675000000
140.367870,21.676000000
140.379287,21.677000000
140.393138,21.678000000
140.400580,21.679000000
140.402874,21.680000000
140.410534,21.681000000
140.426709,21.682000000
140.429741,21.683000000
140.438558,21.684000000
140.444723,21.685000000
140.466592,21.686000000
140.474200,21.687000000
140.480613,21.688000000
140.494617,21.689000000
140.505355,21.690000000
140.508327,21.691000000
140.515792,21.692000000
140.535713,21.693000000
140.547375,21.694000000
140.550384,21.695000000
140.562668,21.696000000
140.572195,21.697000000
140.578580,21.698000000
140.609610,21.699000000
140.624058,21.700000000
140.652331,21.701000000
140.667659,21.702000000
140.675235,21.703000000
140.689984,21.704000000
140.700254,21.705000000
140.717077,21.706000000
140.729830,21.707000000
140.737748,21.708000000
140.744338,21.709000000
140.751441,21.710000000
140.753642,21.711000000
140.769374,21.712000000
140.776540,21.713000000
140.781412,21.714000000
140.789877,21.715000000
140.792551,21.716000000
140.815412,21.717000000
140.824762,21.718000000
140.830486,21.719000000
140.846482,21.720000000
140.848556,21.721000000
140.855676,21.722000000
140.871523,21.723000000
140.882799,21.724000000
140.892937,21.725000000
140.896374,21.726000000
140.907305,21.727000000
140.915872,21.728000000
140.938812,21.729000000
140.955930,21.730000000
140.973825,21.731000000
140.979727,21.732000000
140.991592,21.733000000
141.011004,21.734000000
141.027968,21.735000000
141.036945,21.736000000
141.048237,21.737000000
141.060788,21.738000000
141.072320,21.739000000
141.080634,21.740000000
141.085172,21.741000000
141.092735,21.742000000
141.108507,21.743000000
141.108560,21.744000000
141.113625,21.745000000
141.152404,21.746000000
141.156505,21.747000000
141.174461,21.748000000
141.188691,21.749000000
141.196687,21.750000000
141.212358,21.751000000
141.212406,21.752000000
141.242550,21.753000000
141.252936,21.754000000
141.264659,21.755000000
141.264727,21.756000000
141.276662,21.757000000
141.276709,21.758000000
141.290899,21.759000000
141.290976,21.760000000
141.343079,21.761000000
141.343126,21.762000000
141.363422,21.763000000
141.375102,21.764000000
141.399817,21.765000000
141.413871,21.766000000
141.414577,21.767000000
141.434078,21.768000000
141.440163,21.769000000
141.453477,21.770000000
141.463335,21.771000000
141.463377,21.772000000
141.506243,21.773000000
141.527503,21.774000000
141.535357,21.775000000
141.558898,21.776000000
141.570356,21.777000000
141.578869,21.778000000
141.581028,21.779000000
141.589457,21.780000000
141.599469,21.781000000
141.603686,21.782000000
141.611957,21.783000000
141.621327,21.784000000
141.627602,21.785000000
141.641232,21.786000000
141.651435,21.787000000
141.660480,21.788000000
141.667521,21.789000000
141.676000,21.790000000
141.684351,21.791000000
141.689990,21.792000000
141.697860,21.793000000
141.709186,21.794000000
141.712962,21.795000000
141.719830,21.796000000
141.727514,21.797000000
141.734164,21.798000000
141.738194,21.799000000
141.748073,21.800000000
141.751240,21.801000000
141.763340,21.802000000
141.767721,21.803000000
141.775276,21.804000000
141.781265,21.805000000
141.792392,21.806000000
141.794427,21.807000000
141.801925,21.808000000
141.809353,21.809000000
141.824772,21.810000000
141.829700,21.811000000
141.829737,21.812000000
141.831865,21.813000000
141.835202,21.814000000
141.836564,21.815000000
141.838677,21.816000000
141.840864,21.817000000
141.854532,21.818000000
141.855246,21.819000000
141.857085,21.820000000
141.863915,21.821000000
141.868477,21.822000000
141.873459,21.823000000
141.875637,21.824000000
141.883675,21.825000000
141.889643,21.826000000
141.894455,21.827000000
141.901611,21.828000000
141.903932,21.829000000
141.913287,21.830000000
141.919219,21.831000000
141.924495,21.832000000
141.931934,21.833000000
141.938725,21.834000000
141.947076,21.835000000
141.955460,21.836000000
141.959440,21.837000000
141.969563,21.838000000
141.975221,21.839000000
141.981868,21.840000000
141.985525,21.841000000
142.005249,21.842000000
142.009004,21.843000000
142.022478,21.844000000
142.026451,21.845000000
142.036683,21.846000000
142.044351,21.847000000
142.047224,21.848000000
142.057034,21.849000000
142.065278,21.850000000
142.069079,21.851000000
142.075294,21.852000000
142.085636,21.853000000
142.088072,21.854000000
142.097034,21.855000000
142.106600,21.856000000
142.109546,21.857000000
142.119439,21.858000000
142.123504,21.859000000
142.129653,21.860000000
142.139491,21.861000000
142.144562,21.862000000
142.151176,21.863000000
142.156756,21.864000000
142.164448,21.865000000
142.171612,21.866000000
142.177671,21.867000000
142.187547,21.868000000
142.192149,21.869000000
142.198485,21.870000000
142.204307,21.871000000
142.212351,21.872000000
142.218470,21.873000000
142.228373,21.874000000
142.238556,21.875000000
142.240630,21.876000000
142.245391,21.877000000
142.252468,21.878000000
142.264452,21.879000000
142.272442,21.880000000
142.276800,21.881000000
142.282807,21.882000000
142.294019,21.883000000
142.296979,21.884000000
142.317070,21.885000000
142.328438,21.886000000
142.332420,21.887000000
142.364485,21.888000000
142.364534,21.889000000
142.373645,21.890000000
142.380353,21.891000000
142.383462,21.892000000
142.385921,21.893000000
142.388593,21.894000000
142.391335,21.895000000
142.395020,21.896000000
142.397945,21.897000000
142.413525,21.898000000
142.424382,21.899000000
142.429528,21.900000000
142.450879,21.901000000
142.450931,21.905000000
142.483455,21.906000000
142.490677,21.907000000
142.501918,21.908000000
142.509899,21.909000000
142.543408,21.910000000
142.543463,21.912000000
142.561985,21.913000000
142.562033,21.914000000
142.578195,21.915000000
142.589269,21.916000000
142.597724,21.917000000
142.605511,21.918000000
142.619128,21.919000000
142.633347,21.920000000
142.645730,21.921000000
142.646582,21.922000000
142.654402,21.923000000
142.673266,21.924000000
142.680357,21.925000000
142.693751,21.926000000
142.693794,21.927000000
142.699093,21.928000000
142.707268,21.929000000
142.708369,21.930000000
142.716393,21.931000000
142.748361,21.932000000
142.750679,21.933000000
142.760593,21.934000000
142.762811,21.935000000
142.780286,21.936000000
142.780339,21.937000000
142.798300,21.938000000
142.802186,21.939000000
142.811241,21.940000000
142.811295,21.941000000
142.818022,21.942000000
142.829229,21.943000000
142.831457,21.944000000
142.837487,21.945000000
142.844097,21.946000000
142.850212,21.947000000
142.856239,21.948000000
142.883017,21.949000000
142.883716,21.950000000
142.893351,21.951000000
142.913446,21.952000000
142.919805,21.953000000
142.924901,21.954000000
142.935020,21.955000000
142.940481,21.956000000
142.949647,21.957000000
142.953400,21.958000000
142.958859,21.959000000
142.966983,21.960000000
142.977964,21.961000000
142.983103,21.962000000
142.989412,21.963000000
143.001266,21.964000000
143.003381,21.965000000
143.010552,21.966000000
143.022521,21.967000000
143.024666,21.968000000
143.046587,21.969000000
143.054265,21.970000000
143.063532,21.971000000
143.069937,21.972000000
143.075893,21.973000000
143.084689,21.974000000
143.090723,21.975000000
143.097688,21.976000000
143.103271,21.977000000
143.110301,21.978000000
143.127205,21.979000000
143.127252,21.980000000
143.163147,21.981000000
143.174928,21.982000000
143.193334,21.983000000
143.205016,21.984000000
143.212245,21.985000000
143.221956,21.986000000
143.234479,21.987000000
143.236609,21.988000000
143.251584,21.989000000
143.261030,21.990000000
143.274539,21.991000000
143.284486,21.992000000
143.304368,21.993000000
143.304451,21.995000000
143.328776,21.996000000
143.345302,21.997000000
143.352743,21.998000000
143.368286,21.999000000
143.386670,22.000000000
143.391692,22.001000000
143.416439,22.002000000
143.422230,22.003000000
143.431413,22.004000000
143.443791,22.005000000
143.453512,22.006000000
143.504811,22.007000000
143.504864,22.009000000
143.539171,22.010000000
143.550215,22.011000000
143.572906,22.012000000
143.582370,22.013000000
143.590504,22.014000000
143.598973,22.015000000
143.627441,22.016000000
143.636071,22.017000000
143.653879,22.018000000
143.661788,22.019000000
143.670065,22.020000000
143.684839,22.021000000
143.687084,22.022000000
143.694352,22.023000000
143.704313,22.024000000
143.713520,22.025000000
143.721189,22.026000000
143.732033,22.027000000
143.742013,22.028000000
143.750933,22.029000000
143.761693,22.030000000
143.773957,22.031000000
143.784965,22.032000000
143.798974,22.033000000
143.808862,22.034000000
143.825908,22.035000000
143.841577,22.036000000
143.854266,22.037000000
143.876460,22.038000000
143.882482,22.039000000
143.898510,22.040000000
143.906487,22.041000000
143.913227,22.042000000
143.917310,22.043000000
143.921609,22.044000000
143.941705,22.045000000
143.946298,22.046000000
143.962096,22.047000000
143.967921,22.048000000
143.972318,22.049000000
143.998476,22.050000000
144.005973,22.051000000
144.018122,22.052000000
144.026536,22.053000000
144.036258,22.054000000
144.046196,22.055000000
144.052429,22.056000000
144.060939,22.057000000
144.074288,22.058000000
144.079875,22.059000000
144.089637,22.060000000
144.101959,22.061000000
144.110412,22.062000000
144.114870,22.063000000
144.141742,22.064000000
144.150610,22.065000000
144.157262,22.066000000
144.184360,22.067000000
144.191782,22.068000000
144.202099,22.069000000
144.204468,22.070000000
144.208861,22.071000000
144.227233,22.072000000
144.231760,22.073000000
144.235929,22.074000000
144.252034,22.075000000
144.259326,22.076000000
144.261775,22.077000000
144.295412,22.078000000
144.301232,22.079000000
144.306579,22.080000000
144.313398,22.081000000
144.324926,22.082000000
144.331047,22.083000000
144.337368,22.084000000
144.347393,22.085000000
144.356973,22.086000000
144.363997,22.087000000
144.380243,22.088000000
144.382709,22.089000000
144.396141,22.090000000
144.402390,22.091000000
144.404469,22.092000000
144.426336,22.093000000
144.436111,22.094000000
144.440625,22.095000000
144.447939,22.096000000
144.481690,22.097000000
144.483673,22.098000000
144.496656,22.099000000
144.514252,22.100000000
144.523551,22.101000000
144.531195,22.102000000
144.560874,22.103000000
144.562970,22.104000000
144.579717,22.105000000
144.579854,22.106000000
144.585609,22.107000000
144.591951,22.108000000
144.592016,22.109000000
144.598593,22.110000000
144.601259,22.111000000
144.601310,22.112000000
144.639247,22.113000000
144.644166,22.114000000
144.653019,22.115000000
144.655263,22.116000000
144.657457,22.117000000
144.659699,22.118000000
144.665547,22.119000000
144.673418,22.120000000
144.680319,22.121000000
144.690316,22.122000000
144.700770,22.123000000
144.714083,22.124000000
144.721498,22.125000000
144.729991,22.126000000
144.748401,22.127000000
144.755360,22.128000000
144.757879,22.129000000
144.775909,22.130000000
144.786580,22.131000000
144.786628,22.132000000
144.794131,22.133000000
144.794168,22.134000000
144.796496,22.135000000
144.826072,22.136000000
144.833752,22.137000000
144.833795,22.139000000
144.846838,22.140000000
144.850325,22.141000000
144.856261,22.142000000
144.877695,22.143000000
144.905919,22.144000000
144.910148,22.145000000
144.915991,22.146000000
144.926016,22.147000000
144.928535,22.148000000
144.948614,22.149000000
144.951928,22.150000000
144.955778,22.151000000
144.991278,22.152000000
144.991982,22.154000000
144.997323,22.155000000
145.007004,22.156000000
145.014578,22.157000000
145.017383,22.158000000
145.033910,22.159000000
145.033962,22.160000000
145.040660,22.161000000
145.050197,22.162000000
145.050244,22.163000000
145.057902,22.164000000
145.057947,22.166000000
145.058948,22.167000000
145.061779,22.168000000
145.070847,22.169000000
145.072732,22.170000000
145.082986,22.171000000
145.091933,22.172000000
145.100215,22.173000000
145.103086,22.174000000
145.116064,22.175000000
145.126305,22.176000000
145.136637,22.177000000
145.146545,22.178000000
145.150085,22.179000000
145.154186,22.180000000
145.170005,22.181000000
145.176873,22.182000000
145.181892,22.183000000
145.183862,22.184000000
145.191437,22.185000000
145.193463,22.186000000
145.197010,22.187000000
145.203439,22.188000000
145.206447,22.189000000
145.224114,22.190000000
145.225640,22.191000000
145.242576,22.192000000
145.246307,22.193000000
145.252676,22.194000000
145.257128,22.195000000
145.259149,22.196000000
145.263146,22.197000000
145.267087,22.198000000
145.269689,22.199000000
145.276710,22.200000000
145.280700,22.201000000
145.284936,22.202000000
145.298986,22.203000000
145.303033,22.204000000
145.307138,22.205000000
145.320752,22.206000000
145.324468,22.207000000
145.327794,22.208000000
145.330121,22.209000000
145.331993,22.210000000
145.338518,22.211000000
145.344120,22.212000000
145.350469,22.213000000
145.355696,22.214000000
145.358562,22.215000000
145.362718,22.216000000
145.365778,22.217000000
145.372535,22.218000000
145.376554,22.219000000
145.378636,22.220000000
145.384594,22.221000000
145.392166,22.222000000
145.394248,22.223000000
145.396433,22.224000000
145.420326,22.225000000
145.429338,22.226000000
145.448096,22.227000000
145.454535,22.228000000
145.460957,22.229000000
145.471221,22.230000000
145.487817,22.231000000
145.499250,22.232000000
145.499318,22.233000000
145.500249,22.234000000
145.515441,22.235000000
145.515523,22.236000000
145.515704,22.237000000
145.536947,22.238000000
145.544348,22.239000000
145.571323,22.240000000
145.576047,22.241000000
145.582965,22.242000000
145.598733,22.243000000
145.607837,22.244000000
145.613804,22.245000000
145.642781,22.246000000
145.650332,22.247000000
145.669148,22.248000000
145.671378,22.249000000
145.675718,22.250000000
145.708177,22.251000000
145.719305,22.252000000
145.733473,22.253000000
145.741425,22.254000000
145.756075,22.255000000
145.771719,22.256000000
145.787212,22.257000000
145.795462,22.258000000
145.803506,22.259000000
145.812862,22.260000000
145.821130,22.261000000
145.828354,22.262000000
145.848045,22.263000000
145.861885,22.264000000
145.871557,22.265000000
145.878628,22.266000000
145.889517,22.267000000
145.889642,22.268000000
145.911577,22.269000000
145.925782,22.270000000
145.936330,22.271000000
145.945102,22.272000000
145.962578,22.273000000
145.990552,22.274000000
146.004875,22.275000000
146.027025,22.276000000
146.040164,22.277000000
146.050423,22.278000000
146.070707,22.279000000
146.076209,22.280000000
146.095335,22.281000000
146.102466,22.282000000
146.110961,22.283000000
146.126852,22.284000000
146.132727,22.285000000
146.144276,22.286000000
146.146670,22.287000000
146.168693,22.288000000
146.171076,22.289000000
146.173328,22.290000000
146.177271,22.291000000
146.179735,22.292000000
146.213248,22.293000000
146.222161,22.294000000
146.226876,22.295000000
146.247650,22.296000000
146.247716,22.297000000
146.251890,22.298000000
146.254419,22.299000000
146.258431,22.300000000
146.262725,22.301000000
146.266995,22.302000000
146.269286,22.303000000
146.271923,22.304000000
146.274121,22.305000000
146.276734,22.306000000
146.279220,22.307000000
146.292042,22.308000000
146.294814,22.309000000
146.297087,22.310000000
146.299495,22.311000000
146.301782,22.312000000
146.304362,22.313000000
146.306622,22.314000000
146.308888,22.315000000
146.348745,22.316000000
146.350427,22.317000000
146.367415,22.318000000
146.378920,22.319000000
146.389590,22.320000000
146.389670,22.321000000
146.404609,22.322000000
146.422007,22.323000000
146.434147,22.324000000
146.441396,22.325000000
146.445633,22.326000000
146.459990,22.327000000
146.480329,22.328000000
146.499767,22.329000000
146.507933,22.330000000
146.524842,22.331000000
146.529920,22.332000000
146.540096,22.333000000
146.546182,22.334000000
146.562189,22.335000000
146.565677,22.336000000
146.597814,22.337000000
146.598289,22.338000000
146.607796,22.339000000
146.631006,22.340000000
146.635210,22.341000000
146.668878,22.342000000
146.677872,22.343000000
146.691296,22.344000000
146.697984,22.345000000
146.709200,22.346000000
146.717755,22.347000000
146.731229,22.348000000
146.743010,22.349000000
146.745389,22.350000000
146.759096,22.351000000
146.766983,22.352000000
146.775279,22.353000000
146.788112,22.354000000
146.795085,22.355000000
146.806593,22.356000000
146.812030,22.357000000
146.814376,22.358000000
146.820907,22.359000000
146.827185,22.360000000
146.847669,22.361000000
146.850062,22.362000000
146.867909,22.363000000
146.870258,22.364000000
146.872679,22.365000000
146.887092,22.366000000
146.889697,22.367000000
146.896005,22.368000000
146.900676,22.369000000
146.902924,22.370000000
146.907866,22.371000000
146.925963,22.372000000
146.938541,22.373000000
146.946562,22.374000000
146.967767,22.375000000
146.978893,22.376000000
146.988074,22.377000000
146.997723,22.378000000
147.002702,22.379000000
147.019685,22.380000000
147.037297,22.381000000
147.049262,22.382000000
147.057822,22.383000000
147.062328,22.384000000
147.071672,22.385000000
147.076196,22.386000000
147.089382,22.387000000
147.098800,22.388000000
147.107337,22.389000000
147.114927,22.390000000
147.124684,22.391000000
147.128976,22.392000000
147.138305,22.393000000
147.155020,22.394000000
147.160798,22.395000000
147.169238,22.396000000
147.177081,22.397000000
147.184472,22.398000000
147.187364,22.399000000
147.195774,22.400000000
147.211598,22.401000000
147.214428,22.402000000
147.219874,22.403000000
147.224120,22.404000000
147.231178,22.405000000
147.256383,22.406000000
147.259670,22.407000000
147.266127,22.408000000
147.282619,22.409000000
147.285154,22.410000000
147.291282,22.411000000
147.306734,22.412000000
147.316467,22.413000000
147.335917,22.414000000
147.339923,22.415000000
147.346669,22.416000000
147.352634,22.417000000
147.368870,22.418000000
147.374048,22.419000000
147.409708,22.420000000
147.428318,22.421000000
147.445426,22.422000000
147.445506,22.423000000
147.470188,22.424000000
147.488898,22.425000000
147.509910,22.426000000
147.510097,22.427000000
147.523190,22.428000000
147.533005,22.429000000
147.549379,22.430000000
147.562624,22.431000000
147.563112,22.432000000
147.566258,22.433000000
147.598007,22.434000000
147.599564,22.435000000
147.601377,22.436000000
147.625394,22.437000000
147.633665,22.438000000
147.634081,22.439000000
147.664851,22.440000000
147.672142,22.441000000
147.683018,22.442000000
147.683385,22.443000000
147.690177,22.444000000
147.699327,22.445000000
147.745562,22.446000000
147.764777,22.447000000
147.766077,22.448000000
147.796204,22.449000000
147.822091,22.450000000
147.831217,22.451000000
147.839415,22.452000000
147.839938,22.453000000
147.872100,22.454000000
147.874983,22.455000000
147.880042,22.456000000
147.880108,22.457000000
147.905393,22.458000000
147.913050,22.459000000
147.929742,22.460000000
147.930196,22.461000000
147.939524,22.462000000
147.967297,22.463000000
147.969171,22.464000000
147.986884,22.465000000
147.989459,22.466000000
147.991800,22.467000000
148.025108,22.468000000
148.034820,22.469000000
148.045027,22.470000000
148.056204,22.471000000
148.065621,22.472000000
148.070210,22.473000000
148.083329,22.474000000
148.091378,22.475000000
148.094031,22.476000000
148.098473,22.477000000
148.103065,22.478000000
148.108253,22.479000000
148.112113,22.480000000
148.118121,22.481000000
148.124702,22.482000000
148.129705,22.483000000
148.133649,22.484000000
148.136225,22.485000000
148.139757,22.486000000
148.163127,22.487000000
148.166754,22.488000000
148.202267,22.489000000
148.207310,22.490000000
148.209963,22.491000000
148.226865,22.492000000
148.229494,22.493000000
148.234789,22.494000000
148.237231,22.495000000
148.269036,22.496000000
148.272300,22.497000000
148.287487,22.498000000
148.298041,22.499000000
148.300549,22.500000000
148.302813,22.501000000
148.311458,22.502000000
148.313795,22.503000000
148.337258,22.504000000
148.346956,22.505000000
148.355609,22.506000000
148.363419,22.507000000
148.372353,22.508000000
148.390621,22.509000000
148.398374,22.510000000
148.407598,22.511000000
148.440407,22.512000000
148.441949,22.513000000
148.447869,22.514000000
148.449559,22.515000000
148.462522,22.516000000
148.471184,22.517000000
148.483094,22.518000000
148.484993,22.519000000
148.486343,22.520000000
148.521695,22.521000000
148.528875,22.522000000
148.535932,22.523000000
148.541960,22.524000000
148.548502,22.525000000
148.570079,22.526000000
148.570263,22.527000000
148.570906,22.528000000
148.572007,22.529000000
148.572277,22.530000000
148.572603,22.531000000
148.573546,22.532000000
148.574601,22.533000000
148.582864,22.534000000
148.600702,22.535000000
148.607108,22.536000000
148.612569,22.537000000
148.615418,22.538000000
148.627439,22.539000000
148.632413,22.540000000
148.639104,22.541000000
148.647373,22.542000000
148.650040,22.543000000
148.652825,22.544000000
148.667551,22.545000000
148.674184,22.546000000
148.677028,22.547000000
148.684605,22.548000000
148.702898,22.549000000
148.712820,22.550000000
148.716730,22.551000000
148.724172,22.552000000
148.727040,22.553000000
148.729254,22.554000000
148.732913,22.555000000
148.741000,22.556000000
148.752120,22.557000000
148.761589,22.558000000
148.768777,22.559000000
148.784462,22.560000000
148.787296,22.561000000
148.790896,22.562000000
148.793332,22.563000000
148.795747,22.564000000
148.798031,22.565000000
148.800470,22.566000000
148.803091,22.567000000
148.805442,22.568000000
148.807879,22.569000000
148.810105,22.570000000
148.819111,22.571000000
148.821973,22.572000000
148.824387,22.573000000
148.826644,22.574000000
148.830163,22.575000000
148.832427,22.576000000
148.834625,22.577000000
148.836936,22.578000000
148.839615,22.579000000
148.841919,22.580000000
148.844139,22.581000000
148.846362,22.582000000
148.848577,22.583000000
148.850758,22.584000000
148.852994,22.585000000
148.856597,22.586000000
148.858970,22.587000000
148.861223,22.588000000
148.863881,22.589000000
148.867058,22.590000000
148.869345,22.591000000
148.871657,22.592000000
148.874084,22.593000000
148.898569,22.594000000
148.900890,22.595000000
148.906482,22.596000000
148.913141,22.597000000
148.915668,22.598000000
148.918321,22.599000000
148.932155,22.600000000
148.938177,22.601000000
148.940718,22.602000000
148.946932,22.603000000
148.950147,22.604000000
148.956553,22.605000000
148.958938,22.606000000
148.966312,22.607000000
148.969659,22.608000000
148.991531,22.609000000
148.994060,22.610000000
148.996383,22.611000000
148.998881,22.612000000
149.001196,22.613000000
149.003439,22.614000000
149.005719,22.615000000
149.008562,22.616000000
149.013742,22.617000000
149.016138,22.618000000
149.018490,22.619000000
149.020820,22.620000000
149.028183,22.621000000
149.030528,22.622000000
149.041282,22.623000000
149.045156,22.624000000
149.047638,22.625000000
149.049955,22.626000000
149.077605,22.627000000
149.091843,22.628000000
149.099092,22.629000000
149.106382,22.630000000
149.118389,22.631000000
149.124209,22.632000000
149.130733,22.633000000
149.136238,22.634000000
149.147387,22.635000000
149.157940,22.636000000
149.163156,22.637000000
149.175850,22.638000000
149.190226,22.639000000
149.193222,22.640000000
149.200438,22.641000000
149.202808,22.642000000
149.208516,22.643000000
149.210886,22.644000000
149.213197,22.645000000
149.219242,22.646000000
149.223225,22.647000000
149.237530,22.648000000
149.243015,22.649000000
149.245454,22.650000000
149.247850,22.651000000
149.250230,22.652000000
149.257565,22.653000000
149.260652,22.654000000
149.263292,22.655000000
149.269754,22.656000000
149.275447,22.657000000
149.296886,22.658000000
149.299337,22.659000000
149.301953,22.660000000
149.309302,22.661000000
149.311600,22.662000000
149.314069,22.663000000
149.316489,22.664000000
149.322715,22.665000000
149.327337,22.666000000
149.330943,22.667000000
149.333383,22.668000000
149.349341,22.669000000
149.351814,22.670000000
149.354179,22.671000000
149.362250,22.672000000
149.366610,22.673000000
149.369679,22.674000000
149.377797,22.675000000
149.380348,22.676000000
149.383117,22.677000000
149.386065,22.678000000
149.389772,22.679000000
149.402629,22.680000000
149.405522,22.681000000
149.409696,22.682000000
149.412074,22.683000000
149.422124,22.684000000
149.424958,22.685000000
149.427651,22.686000000
149.430047,22.687000000
149.432342,22.688000000
149.434633,22.689000000
149.442418,22.690000000
149.451776,22.691000000
149.459296,22.692000000
149.486754,22.693000000
149.490016,22.694000000
149.492504,22.695000000
149.503487,22.696000000
149.510100,22.697000000
149.516595,22.698000000
149.520716,22.699000000
149.523868,22.700000000
149.529128,22.701000000
149.533279,22.702000000
149.551512,22.703000000
149.554049,22.704000000
149.559206,22.705000000
149.562975,22.706000000
149.569272,22.707000000
149.584874,22.708000000
149.592671,22.709000000
149.595514,22.710000000
149.598075,22.711000000
149.600964,22.712000000
149.604394,22.713000000
149.610997,22.714000000
149.618824,22.715000000
149.628846,22.716000000
149.633754,22.717000000
149.638232,22.718000000
149.640665,22.719000000
149.649732,22.720000000
149.660921,22.721000000
149.676697,22.722000000
149.698002,22.723000000
149.705228,22.724000000
149.724242,22.725000000
149.724483,22.726000000
149.745016,22.727000000
149.751311,22.728000000
149.769096,22.729000000
149.782106,22.730000000
149.796244,22.731000000
149.805433,22.732000000
149.822304,22.733000000
149.839958,22.734000000
149.852325,22.735000000
149.870937,22.736000000
149.883909,22.737000000
149.894922,22.738000000
149.905030,22.739000000
149.918153,22.740000000
149.926033,22.741000000
149.940344,22.742000000
149.969862,22.743000000
149.991695,22.744000000
150.011815,22.745000000
150.027071,22.746000000
150.033138,22.747000000
150.047420,22.748000000
150.057536,22.749000000
150.063630,22.750000000
150.090873,22.751000000
150.101010,22.752000000
150.107879,22.753000000
150.116504,22.754000000
150.124290,22.755000000
150.161329,22.756000000
150.193402,22.757000000
150.199231,22.758000000
150.209779,22.759000000
150.227506,22.760000000
150.247776,22.761000000
150.250236,22.762000000
150.256413,22.763000000
150.262553,22.764000000
150.289130,22.765000000
150.290326,22.766000000
150.303867,22.767000000
150.315322,22.768000000
150.319711,22.769000000
150.334554,22.770000000
150.337518,22.771000000
150.351224,22.772000000
150.371856,22.773000000
150.378288,22.774000000
150.378442,22.775000000
150.386380,22.776000000
150.386440,22.777000000
150.389991,22.778000000
150.390333,22.779000000
150.400969,22.780000000
150.401430,22.781000000
150.402874,22.782000000
150.416713,22.783000000
150.423637,22.784000000
150.442887,22.785000000
150.456008,22.786000000
150.466408,22.787000000
150.472796,22.788000000
150.493424,22.789000000
150.497916,22.790000000
150.508325,22.791000000
150.518424,22.792000000
150.535636,22.793000000
150.545754,22.794000000
150.546282,22.795000000
150.560082,22.796000000
150.562990,22.797000000
150.611240,22.798000000
150.621820,22.799000000
150.628541,22.800000000
150.650089,22.801000000
150.650151,22.802000000
150.662511,22.803000000
150.662566,22.804000000
150.662604,22.805000000
150.662640,22.806000000
150.679185,22.807000000
150.679600,22.808000000
150.696950,22.809000000
150.708602,22.810000000
150.719548,22.811000000
150.739303,22.812000000
150.741929,22.813000000
150.744196,22.814000000
150.746465,22.815000000
150.754023,22.816000000
150.756766,22.817000000
150.759068,22.818000000
150.769990,22.819000000
150.772539,22.820000000
150.774970,22.821000000
150.777338,22.822000000
150.779710,22.823000000
150.781966,22.824000000
150.784254,22.825000000
150.786641,22.826000000
150.836573,22.827000000
150.841235,22.828000000
150.846276,22.829000000
150.856058,22.830000000
150.866263,22.831000000
150.873471,22.832000000
150.882539,22.833000000
150.886646,22.834000000
150.897351,22.835000000
150.901071,22.836000000
150.907213,22.837000000
150.911152,22.838000000
150.913591,22.839000000
150.926065,22.840000000
150.928704,22.841000000
150.932304,22.842000000
150.935404,22.843000000
150.939020,22.844000000
150.944125,22.845000000
150.948011,22.846000000
150.965627,22.847000000
150.972135,22.848000000
150.975278,22.849000000
150.978753,22.850000000
150.987583,22.851000000
150.991156,22.852000000
150.993601,22.853000000
151.003912,22.854000000
151.006349,22.855000000
151.011600,22.856000000
151.015932,22.857000000
151.018697,22.858000000
151.040524,22.859000000
151.050778,22.860000000
151.050839,22.861000000
151.053784,22.862000000
151.064372,22.863000000
151.067180,22.864000000
151.071281,22.865000000
151.076920,22.866000000
151.093615,22.867000000
151.101025,22.868000000
151.106231,22.869000000
151.116706,22.870000000
151.127105,22.871000000
151.135273,22.872000000
151.155425,22.873000000
151.164442,22.874000000
151.175786,22.875000000
151.189737,22.876000000
151.199081,22.877000000
151.211483,22.878000000
151.219514,22.879000000
151.231129,22.880000000
151.245367,22.881000000
151.255181,22.882000000
151.278831,22.883000000
151.289655,22.884000000
151.313889,22.885000000
151.317541,22.886000000
151.336429,22.887000000
151.353012,22.888000000
151.371685,22.889000000
151.381323,22.890000000
151.388260,22.891000000
151.395962,22.892000000
151.404559,22.893000000
151.426473,22.894000000
151.438685,22.895000000
151.448117,22.896000000
151.452376,22.897000000
151.489650,22.898000000
151.500371,22.899000000
151.513600,22.900000000
151.524636,22.901000000
151.537323,22.902000000
151.544623,22.903000000
151.557602,22.904000000
151.569204,22.905000000
151.579157,22.906000000
151.589657,22.907000000
151.600374,22.908000000
151.611412,22.909000000
151.621500,22.910000000
151.638139,22.911000000
151.655315,22.912000000
151.664687,22.913000000
151.676795,22.914000000
151.681378,22.915000000
151.689925,22.916000000
151.698548,22.917000000
151.703625,22.918000000
151.707666,22.919000000
151.712722,22.920000000
151.729080,22.921000000
151.733576,22.922000000
151.743146,22.923000000
151.746526,22.924000000
151.751706,22.925000000
151.771011,22.926000000
151.778037,22.927000000
151.784377,22.928000000
151.791885,22.929000000
151.796803,22.930000000
151.802855,22.931000000
151.809659,22.932000000
151.820857,22.933000000
151.830780,22.934000000
151.840375,22.935000000
151.848814,22.936000000
151.866564,22.937000000
151.876442,22.938000000
151.882803,22.939000000
151.911674,22.940000000
151.930516,22.941000000
151.952666,22.942000000
151.968237,22.943000000
151.971819,22.944000000
151.987866,22.945000000
151.993271,22.946000000
152.000290,22.947000000
152.006881,22.948000000
152.034396,22.949000000
152.040565,22.950000000
152.052341,22.951000000
152.062653,22.952000000
152.067318,22.953000000
152.098317,22.954000000
152.107784,22.955000000
152.118129,22.956000000
152.132650,22.957000000
152.139443,22.958000000
152.151584,22.959000000
152.160419,22.960000000
152.173044,22.961000000
152.177693,22.962000000
152.186784,22.963000000
152.191699,22.964000000
152.199881,22.965000000
152.215815,22.966000000
152.228508,22.967000000
152.243256,22.968000000
152.246852,22.969000000
152.259271,22.970000000
152.266050,22.971000000
152.286716,22.972000000
152.298093,22.973000000
152.307983,22.974000000
152.312929,22.975000000
152.324465,22.976000000
152.327118,22.977000000
152.330104,22.978000000
152.355346,22.979000000
152.363668,22.980000000
152.381943,22.981000000
152.393800,22.982000000
152.400222,22.983000000
152.413431,22.984000000
152.425548,22.985000000
152.438711,22.986000000
152.449154,22.987000000
152.461162,22.988000000
152.470527,22.989000000
152.484037,22.990000000
152.496287,22.991000000
152.500147,22.992000000
152.506817,22.993000000
152.521740,22.994000000
152.527653,22.995000000
152.539670,22.996000000
152.543818,22.997000000
152.555416,22.998000000
152.565620,22.999000000
152.584738,23.000000000
152.588163,23.001000000
152.607981,23.002000000
152.628634,23.003000000
152.631536,23.004000000
152.646224,23.005000000
152.667711,23.006000000
152.674852,23.007000000
152.702951,23.008000000
152.703300,23.009000000
152.704772,23.010000000
152.711611,23.011000000
152.721242,23.012000000
152.721632,23.013000000
152.723314,23.014000000
152.735033,23.015000000
152.744064,23.016000000
152.746935,23.017000000
152.748717,23.018000000
152.777185,23.019000000
152.784676,23.020000000
152.792478,23.021000000
152.795564,23.022000000
152.809127,23.023000000
152.819293,23.024000000
152.827294,23.025000000
152.827731,23.026000000
152.837801,23.027000000
152.838297,23.028000000
152.846822,23.029000000
152.852952,23.030000000
152.853022,23.031000000
152.864121,23.032000000
152.891046,23.033000000
152.891270,23.034000000
152.891328,23.035000000
152.895153,23.036000000
152.902930,23.037000000
152.925572,23.038000000
152.928213,23.039000000
152.939644,23.040000000
152.940081,23.041000000
152.953609,23.042000000
152.965250,23.043000000
152.965318,23.044000000
152.971908,23.045000000
152.976166,23.046000000
152.985985,23.047000000
153.003298,23.048000000
153.017335,23.049000000
153.025247,23.050000000
153.040737,23.051000000
153.055119,23.052000000
153.061564,23.053000000
153.067744,23.054000000
153.077920,23.055000000
153.087316,23.056000000
153.092591,23.057000000
153.098289,23.058000000
153.113878,23.059000000
153.120232,23.060000000
153.125711,23.061000000
153.129579,23.062000000
153.150211,23.063000000
153.156989,23.064000000
153.165046,23.065000000
153.174493,23.066000000
153.183048,23.067000000
153.196725,23.068000000
153.199579,23.069000000
153.203337,23.070000000
153.207850,23.071000000
153.229414,23.072000000
153.232420,23.073000000
153.239679,23.074000000
153.242374,23.075000000
153.247933,23.076000000
153.275047,23.077000000
153.281052,23.078000000
153.296518,23.079000000
153.311160,23.080000000
153.318819,23.081000000
153.326393,23.082000000
153.343543,23.083000000
153.351310,23.084000000
153.363677,23.085000000
153.374724,23.086000000
153.386399,23.087000000
153.390568,23.088000000
153.407564,23.089000000
153.412654,23.090000000
153.416806,23.091000000
153.421260,23.092000000
153.426461,23.093000000
153.430004,23.094000000
153.435147,23.095000000
153.438607,23.096000000
153.442831,23.097000000
153.446836,23.098000000
153.452135,23.099000000
153.458090,23.100000000
153.461106,23.101000000
153.465683,23.102000000
153.470688,23.103000000
153.474481,23.104000000
153.480411,23.105000000
153.483299,23.106000000
153.487772,23.107000000
153.515050,23.108000000
153.520370,23.109000000
153.523139,23.110000000
153.549962,23.111000000
153.569084,23.112000000
153.575773,23.113000000
153.580383,23.114000000
153.598870,23.115000000
153.613726,23.116000000
153.619724,23.117000000
153.638977,23.118000000
153.642336,23.119000000
153.645267,23.120000000
153.652213,23.121000000
153.668651,23.122000000
153.678676,23.123000000
153.689183,23.124000000
153.692792,23.125000000
153.705719,23.126000000
153.716860,23.127000000
153.729746,23.128000000
153.737124,23.129000000
153.739803,23.130000000
153.746644,23.131000000
153.749354,23.132000000
153.752271,23.133000000
153.755077,23.134000000
153.758648,23.135000000
153.764409,23.136000000
153.772365,23.137000000
153.776899,23.138000000
153.781014,23.139000000
153.783423,23.140000000
153.796147,23.141000000
153.819120,23.142000000
153.833818,23.143000000
153.839438,23.144000000
153.852139,23.145000000
153.857844,23.146000000
153.871544,23.147000000
153.877516,23.148000000
153.882101,23.149000000
153.907141,23.150000000
153.920034,23.151000000
153.929189,23.152000000
153.949738,23.153000000
153.954659,23.154000000
153.960488,23.155000000
153.973837,23.156000000
153.993307,23.157000000
154.004738,23.158000000
154.015045,23.159000000
154.027759,23.160000000
154.034426,23.161000000
154.065770,23.162000000
154.079747,23.163000000
154.091842,23.164000000
154.102173,23.165000000
154.111012,23.166000000
154.124672,23.167000000
154.138566,23.168000000
154.153046,23.169000000
154.167950,23.170000000
154.177707,23.171000000
154.189036,23.172000000
154.192858,23.173000000
154.202901,23.174000000
154.222171,23.175000000
154.236703,23.176000000
154.240089,23.177000000
154.260574,23.178000000
154.270344,23.179000000
154.288579,23.180000000
154.291258,23.181000000
154.295390,23.182000000
154.299855,23.183000000
154.318750,23.184000000
154.324240,23.185000000
154.330924,23.186000000
154.340258,23.187000000
154.349182,23.188000000
154.354048,23.189000000
154.382201,23.190000000
154.389814,23.191000000
154.406768,23.192000000
154.413178,23.193000000
154.422941,23.194000000
154.432341,23.195000000
154.435268,23.196000000
154.437590,23.197000000
154.440857,23.198000000
154.443548,23.199000000
154.446022,23.200000000
154.448519,23.201000000
154.450929,23.202000000
154.453272,23.203000000
154.456631,23.204000000
154.464501,23.205000000
154.467159,23.206000000
154.469991,23.207000000
154.479012,23.208000000
154.484179,23.209000000
154.491493,23.210000000
154.504515,23.211000000
154.512660,23.212000000
154.539255,23.213000000
154.558089,23.214000000
154.583083,23.215000000
154.589316,23.216000000
154.617205,23.217000000
154.617247,23.218000000
154.631337,23.219000000
154.643392,23.220000000
154.664938,23.221000000
154.664996,23.222000000
154.676769,23.223000000
154.693544,23.224000000
154.698503,23.225000000
154.716183,23.226000000
154.716224,23.227000000
154.731916,23.228000000
154.731962,23.231000000
154.742856,23.232000000
154.742985,23.233000000
154.752991,23.234000000
154.753029,23.235000000
154.765298,23.236000000
154.776312,23.237000000
154.776353,23.238000000
154.791469,23.239000000
154.791510,23.240000000
154.799201,23.241000000
154.816211,23.242000000
154.816266,23.243000000
154.830943,23.244000000
154.830986,23.246000000
154.840512,23.247000000
154.840554,23.249000000
154.845108,23.250000000
154.861192,23.251000000
154.861236,23.253000000
154.890700,23.254000000
154.890770,23.255000000
154.897349,23.256000000
154.913367,23.257000000
154.913411,23.260000000
154.929325,23.261000000
154.949712,23.262000000
154.949756,23.263000000
154.963918,23.264000000
154.973119,23.265000000
154.985722,23.266000000
155.012511,23.267000000
155.012553,23.268000000
155.026247,23.269000000
155.026286,23.270000000
155.040116,23.271000000
155.049869,23.272000000
155.059716,23.273000000
155.063767,23.274000000
155.078987,23.275000000
155.079029,23.276000000
155.086605,23.277000000
155.098292,23.278000000
155.098335,23.279000000
155.105575,23.280000000
155.122018,23.281000000
155.122067,23.283000000
155.133123,23.284000000
155.133176,23.285000000
155.133213,23.286000000
155.133249,23.287000000
155.165746,23.288000000
155.171101,23.289000000
155.192791,23.290000000
155.195938,23.291000000
155.199292,23.292000000
155.201669,23.293000000
155.205512,23.294000000
155.210309,23.295000000
155.219932,23.296000000
155.222570,23.297000000
155.226005,23.298000000
155.230211,23.299000000
155.233742,23.300000000
155.254421,23.301000000
155.257799,23.302000000
155.260407,23.303000000
155.263296,23.304000000
155.265868,23.305000000
155.268128,23.306000000
155.271992,23.307000000
155.279026,23.308000000
155.281669,23.309000000
155.284189,23.310000000
155.301040,23.311000000
155.303834,23.312000000
155.306767,23.313000000
155.309522,23.314000000
155.312410,23.315000000
155.314976,23.316000000
155.328539,23.317000000
155.331323,23.318000000
155.336953,23.319000000
155.341341,23.320000000
155.348564,23.321000000
155.351662,23.322000000
155.354346,23.323000000
155.356940,23.324000000
155.391677,23.325000000
155.407349,23.326000000
155.414470,23.327000000
155.429330,23.328000000
155.433708,23.329000000
155.447004,23.330000000
155.461944,23.331000000
155.469821,23.332000000
155.480243,23.333000000
155.486120,23.334000000
155.500274,23.335000000
155.505160,23.336000000
155.517208,23.337000000
155.520315,23.338000000
155.523449,23.339000000
155.526142,23.340000000
155.528542,23.341000000
155.531075,23.342000000
155.534057,23.343000000
155.536290,23.344000000
155.538680,23.345000000
155.541161,23.346000000
155.543720,23.347000000
155.553063,23.348000000
155.556117,23.349000000
155.559176,23.350000000
155.561641,23.351000000
155.564338,23.352000000
155.566711,23.353000000
155.571374,23.354000000
155.576400,23.355000000
155.578900,23.356000000
155.581148,23.357000000
155.589328,23.358000000
155.591822,23.359000000
155.594145,23.360000000
155.596657,23.361000000
155.604928,23.362000000
155.607312,23.363000000
155.631111,23.364000000
155.634214,23.365000000
155.639716,23.366000000
155.642367,23.367000000
155.644846,23.368000000
155.647789,23.369000000
155.650293,23.370000000
155.652585,23.371000000
155.655808,23.372000000
155.667933,23.373000000
155.670972,23.374000000
155.673663,23.375000000
155.677000,23.376000000
155.679547,23.377000000
155.681978,23.378000000
155.684728,23.379000000
155.691519,23.380000000
155.695487,23.381000000
155.698191,23.382000000
155.703789,23.383000000
155.707597,23.384000000
155.710337,23.385000000
155.712641,23.386000000
155.717798,23.387000000
155.735604,23.388000000
155.738286,23.389000000
155.741402,23.390000000
155.748759,23.391000000
155.751232,23.392000000
155.754514,23.393000000
155.757433,23.394000000
155.771302,23.395000000
155.775803,23.396000000
155.778328,23.397000000
155.781563,23.398000000
155.788298,23.399000000
155.792747,23.400000000
155.795521,23.401000000
155.807061,23.402000000
155.833967,23.403000000
155.855185,23.404000000
155.866503,23.405000000
155.877688,23.406000000
155.887517,23.407000000
155.897439,23.408000000
155.907662,23.409000000
155.920574,23.410000000
155.930790,23.411000000
155.941777,23.412000000
155.949976,23.413000000
155.955990,23.414000000
155.963832,23.415000000
155.966996,23.416000000
155.978644,23.417000000
155.989755,23.418000000
156.009439,23.419000000
156.016085,23.420000000
156.022963,23.421000000
156.033100,23.422000000
156.063456,23.423000000
156.068830,23.424000000
156.082105,23.425000000
156.098831,23.426000000
156.108397,23.427000000
156.113053,23.428000000
156.145750,23.429000000
156.157257,23.430000000
156.165996,23.431000000
156.182458,23.432000000
156.192654,23.433000000
156.228081,23.434000000
156.231214,23.435000000
156.245061,23.436000000
156.253187,23.437000000
156.264978,23.438000000
156.278296,23.439000000
156.283873,23.440000000
156.297454,23.441000000
156.308994,23.442000000
156.314560,23.443000000
156.326463,23.444000000
156.350230,23.445000000
156.363866,23.446000000
156.370026,23.447000000
156.398426,23.448000000
156.408336,23.449000000
156.413347,23.450000000
156.416879,23.451000000
156.425081,23.452000000
156.431493,23.453000000
156.434047,23.454000000
156.436450,23.455000000
156.445432,23.456000000
156.455057,23.457000000
156.458913,23.458000000
156.461389,23.459000000
156.475705,23.460000000
156.495007,23.461000000
156.497515,23.462000000
156.505122,23.463000000
156.510373,23.464000000
156.517647,23.465000000
156.524733,23.466000000
156.527458,23.467000000
156.542052,23.468000000
156.552068,23.469000000
156.554369,23.470000000
156.561942,23.471000000
156.575993,23.472000000
156.578347,23.473000000
156.580674,23.474000000
156.583150,23.475000000
156.593527,23.476000000
156.596003,23.477000000
156.598488,23.478000000
156.604861,23.479000000
156.612619,23.480000000
156.614855,23.481000000
156.617193,23.482000000
156.619561,23.483000000
156.626599,23.484000000
156.631121,23.485000000
156.633423,23.486000000
156.635887,23.487000000
156.642372,23.488000000
156.649122,23.489000000
156.652690,23.490000000
156.659118,23.491000000
156.661346,23.492000000
156.667096,23.493000000
156.669473,23.494000000
156.671730,23.495000000
156.681990,23.496000000
156.687395,23.497000000
156.689917,23.498000000
156.695105,23.499000000
156.698995,23.500000000
156.703189,23.501000000
156.707778,23.502000000
156.710208,23.503000000
156.717011,23.504000000
156.720965,23.505000000
156.725317,23.506000000
156.727854,23.507000000
156.735531,23.508000000
156.740213,23.509000000
156.746231,23.510000000
156.749405,23.511000000
156.752032,23.512000000
156.761600,23.513000000
156.765919,23.514000000
156.770569,23.515000000
156.773067,23.516000000
156.781849,23.517000000
156.789337,23.518000000
156.791682,23.519000000
156.794209,23.520000000
156.801367,23.521000000
156.807815,23.522000000
156.810377,23.523000000
156.812719,23.524000000
156.819846,23.525000000
156.823572,23.526000000
156.826317,23.527000000
156.841218,23.528000000
156.844242,23.529000000
156.852348,23.530000000
156.860656,23.531000000
156.872828,23.532000000
156.880121,23.533000000
156.882589,23.534000000
156.884890,23.535000000
156.906464,23.536000000
156.909192,23.537000000
156.919387,23.538000000
156.921720,23.539000000
156.930604,23.540000000
156.935416,23.541000000
156.969363,23.542000000
156.987687,23.543000000
156.997614,23.544000000
157.033934,23.545000000
157.041595,23.546000000
157.045939,23.547000000
157.054884,23.548000000
157.054941,23.549000000
157.066504,23.550000000
157.066670,23.551000000
157.106903,23.552000000
157.116142,23.553000000
157.139639,23.554000000
157.149682,23.555000000
157.166541,23.556000000
157.182344,23.557000000
157.190310,23.558000000
157.198770,23.559000000
157.198826,23.560000000
157.217689,23.561000000
157.229462,23.562000000
157.241082,23.563000000
157.250944,23.564000000
157.261738,23.565000000
157.269270,23.566000000
157.272186,23.567000000
157.285610,23.568000000
157.285665,23.569000000
157.295831,23.570000000
157.317222,23.571000000
157.323269,23.572000000
157.340628,23.573000000
157.357429,23.574000000
157.376446,23.575000000
157.387888,23.576000000
157.395817,23.577000000
157.409274,23.578000000
157.417635,23.579000000
157.423693,23.580000000
157.455095,23.581000000
157.466239,23.582000000
157.479885,23.583000000
157.496928,23.584000000
157.519803,23.585000000
157.529673,23.586000000
157.553750,23.587000000
157.556280,23.588000000
157.574810,23.589000000
157.584729,23.590000000
157.592021,23.591000000
157.618501,23.592000000
157.621028,23.593000000
157.642892,23.594000000
157.650895,23.595000000
157.660254,23.596000000
157.670676,23.597000000
157.673473,23.598000000
157.699087,23.599000000
157.711563,23.600000000
157.714064,23.601000000
157.736558,23.602000000
157.739088,23.603000000
157.780079,23.604000000
157.782832,23.605000000
157.794843,23.606000000
157.807268,23.607000000
157.817086,23.608000000
157.838025,23.609000000
157.840468,23.610000000
157.856550,23.611000000
157.865442,23.612000000
157.876293,23.613000000
157.880016,23.614000000
157.900706,23.615000000
157.903184,23.616000000
157.913589,23.617000000
157.919935,23.618000000
157.954635,23.619000000
157.964308,23.620000000
157.976249,23.621000000
157.988479,23.622000000
158.018897,23.623000000
158.021491,23.624000000
158.037808,23.625000000
158.046604,23.626000000
158.095515,23.627000000
158.098064,23.628000000
158.110213,23.629000000
158.119168,23.630000000
158.148661,23.631000000
158.151289,23.632000000
158.159563,23.633000000
158.171063,23.634000000
158.188226,23.635000000
158.191151,23.636000000
158.200111,23.637000000
158.215214,23.638000000
158.225863,23.639000000
158.229480,23.640000000
158.251901,23.641000000
158.258954,23.642000000
158.267866,23.643000000
158.282670,23.644000000
158.292811,23.645000000
158.325181,23.646000000
158.345237,23.647000000
158.348110,23.648000000
158.358663,23.649000000
158.362541,23.650000000
158.365025,23.651000000
158.367211,23.652000000
158.369482,23.653000000
158.371918,23.654000000
158.374157,23.655000000
158.376703,23.656000000
158.379118,23.657000000
158.381340,23.658000000
158.383814,23.659000000
158.386152,23.660000000
158.388427,23.661000000
158.398949,23.662000000
158.404124,23.663000000
158.415521,23.664000000
158.424125,23.665000000
158.427975,23.666000000
158.436362,23.667000000
158.446651,23.668000000
158.449022,23.669000000
158.460140,23.670000000
158.470847,23.671000000
158.473164,23.672000000
158.483357,23.673000000
158.494171,23.674000000
158.496502,23.675000000
158.509009,23.676000000
158.518227,23.677000000
158.520886,23.678000000
158.543767,23.679000000
158.546535,23.680000000
158.563376,23.681000000
158.565810,23.682000000
158.576374,23.683000000
158.584209,23.684000000
158.592955,23.685000000
158.595381,23.686000000
158.597728,23.687000000
158.600079,23.688000000
158.602593,23.689000000
158.604834,23.690000000
158.608733,23.691000000
158.610988,23.692000000
158.613422,23.693000000
158.616629,23.694000000
158.621856,23.695000000
158.630286,23.696000000
158.634102,23.697000000
158.636805,23.698000000
158.640905,23.699000000
158.647722,23.700000000
158.662977,23.701000000
158.674409,23.702000000
158.696174,23.703000000
158.709206,23.704000000
158.715552,23.705000000
158.718777,23.706000000
158.732781,23.707000000
158.738752,23.708000000
158.743564,23.709000000
158.746050,23.710000000
158.748619,23.711000000
158.762650,23.712000000
158.765811,23.713000000
158.768331,23.714000000
158.770567,23.715000000
158.773109,23.716000000
158.775401,23.717000000
158.780166,23.718000000
158.791259,23.719000000
158.791386,23.720000000
158.791805,23.721000000
158.792291,23.722000000
158.795483,23.723000000
158.802118,23.724000000
158.802431,23.725000000
158.803443,23.726000000
158.805737,23.727000000
158.806146,23.728000000
158.807814,23.729000000
158.813960,23.730000000
158.814075,23.731000000
158.817021,23.732000000
158.822523,23.733000000
158.824322,23.734000000
158.825993,23.735000000
158.827878,23.736000000
158.829490,23.737000000
158.837573,23.738000000
158.840083,23.739000000
158.846667,23.740000000
158.850069,23.741000000
158.864169,23.742000000
158.870374,23.743000000
158.875690,23.744000000
158.877951,23.745000000
158.884802,23.746000000
158.887287,23.747000000
158.889695,23.748000000
158.896012,23.749000000
158.900334,23.750000000
158.902694,23.751000000
158.931792,23.752000000
158.933653,23.753000000
158.935380,23.754000000
158.936806,23.755000000
158.938385,23.756000000
158.944122,23.757000000
158.945556,23.758000000
158.952365,23.759000000
158.957305,23.760000000
158.960600,23.761000000
158.962110,23.762000000
158.963551,23.763000000
158.964939,23.764000000
158.966282,23.765000000
158.967719,23.766000000
158.969355,23.767000000
158.970820,23.768000000
158.972306,23.769000000
158.974380,23.770000000
158.976781,23.771000000
158.994591,23.772000000
159.001554,23.773000000
159.003967,23.774000000
159.009170,23.775000000
159.012630,23.776000000
159.014856,23.777000000
159.030651,23.778000000
159.032989,23.779000000
159.037483,23.780000000
159.041662,23.781000000
159.044038,23.782000000
159.046316,23.783000000
159.077659,23.784000000
159.082007,23.785000000
159.087976,23.786000000
159.105806,23.787000000
159.116897,23.788000000
159.132076,23.789000000
159.137507,23.790000000
159.144838,23.791000000
159.150195,23.792000000
159.163160,23.793000000
159.167527,23.794000000
159.169732,23.795000000
159.174742,23.796000000
159.187134,23.797000000
159.190089,23.798000000
159.192660,23.799000000
159.199254,23.800000000
159.202999,23.801000000
159.211649,23.802000000
159.217786,23.803000000
159.222365,23.804000000
159.230517,23.805000000
159.233440,23.806000000
159.240687,23.807000000
159.243081,23.808000000
159.252058,23.809000000
159.265341,23.810000000
159.267801,23.811000000
159.275335,23.812000000
159.279444,23.813000000
159.286150,23.814000000
159.306211,23.815000000
159.317418,23.816000000
159.325873,23.817000000
159.328450,23.818000000
159.339275,23.819000000
159.346782,23.820000000
159.349311,23.821000000
159.356701,23.822000000
159.361748,23.823000000
159.366419,23.824000000
159.373553,23.825000000
159.393700,23.826000000
159.400738,23.827000000
159.406796,23.828000000
159.414666,23.829000000
159.424914,23.830000000
159.429294,23.831000000
159.431567,23.832000000
159.433893,23.833000000
159.436248,23.834000000
159.438575,23.835000000
159.441283,23.836000000
159.443808,23.837000000
159.446398,23.838000000
159.459035,23.839000000
159.463834,23.840000000
159.468151,23.841000000
159.473882,23.842000000
159.479183,23.843000000
159.484022,23.844000000
159.500915,23.845000000
159.503878,23.846000000
159.511198,23.847000000
159.521946,23.848000000
159.529783,23.849000000
159.538688,23.850000000
159.546175,23.851000000
159.551353,23.852000000
159.564311,23.853000000
159.572348,23.854000000
159.576271,23.855000000
159.583865,23.856000000
159.591179,23.857000000
159.593394,23.858000000
159.596735,23.859000000
159.598773,23.860000000
159.601147,23.861000000
159.607589,23.862000000
159.611654,23.863000000
159.613791,23.864000000
159.620360,23.865000000
159.630980,23.866000000
159.632665,23.867000000
159.634709,23.868000000
159.636710,23.869000000
159.638809,23.870000000
159.640618,23.871000000
159.648181,23.872000000
159.650056,23.873000000
159.661331,23.874000000
159.679013,23.875000000
159.692784,23.876000000
159.706264,23.877000000
159.708871,23.878000000
159.720266,23.879000000
159.745431,23.880000000
159.766936,23.881000000
159.768788,23.882000000
159.784049,23.883000000
159.826489,23.884000000
159.846091,23.885000000
159.854656,23.886000000
159.855454,23.887000000
159.871637,23.888000000
159.871679,23.890000000
159.872627,23.891000000
159.878473,23.892000000
159.891891,23.893000000
159.891952,23.896000000
159.899885,23.897000000
159.899936,23.898000000
159.910473,23.899000000
159.924325,23.900000000
159.963288,23.901000000
159.965957,23.902000000
159.982185,23.903000000
159.994141,23.904000000
160.006967,23.905000000
160.019137,23.906000000
160.047642,23.907000000
160.047685,23.910000000
160.075943,23.911000000
160.075987,23.912000000
160.087264,23.913000000
160.124402,23.914000000
160.124448,23.916000000
160.143244,23.917000000
160.143284,23.918000000
160.144032,23.919000000
160.152391,23.920000000
160.168695,23.921000000
160.168734,23.922000000
160.176077,23.923000000
160.205596,23.924000000
160.205638,23.926000000
160.206436,23.927000000
160.231275,23.928000000
160.231317,23.930000000
160.241071,23.931000000
160.241107,23.933000000
160.249997,23.934000000
160.291670,23.935000000
160.291714,23.940000000
160.307262,23.941000000
160.327951,23.942000000
160.339235,23.943000000
160.343725,23.944000000
160.358427,23.945000000
160.369871,23.946000000
160.376488,23.947000000
160.379137,23.948000000
160.393110,23.949000000
160.398348,23.950000000
160.400709,23.951000000
160.403148,23.952000000
160.416798,23.953000000
160.419771,23.954000000
160.419812,23.955000000
160.451360,23.956000000
160.451407,23.957000000
160.460415,23.958000000
160.467725,23.959000000
160.472417,23.960000000
160.485663,23.961000000
160.485707,23.962000000
160.488472,23.963000000
160.491969,23.964000000
160.500915,23.965000000
160.500959,23.966000000
160.508569,23.967000000
160.511322,23.968000000
160.514829,23.969000000
160.520549,23.970000000
160.527096,23.971000000
160.530106,23.972000000
160.536110,23.973000000
160.560246,23.974000000
160.560289,23.981000000
160.561699,23.982000000
160.566151,23.983000000
160.576926,23.984000000
160.576965,23.986000000
160.581756,23.987000000
160.588149,23.988000000
160.598881,23.989000000
160.613692,23.990000000
160.632240,23.991000000
160.643793,23.992000000
160.644802,23.993000000
160.648695,23.994000000
160.649471,23.995000000
160.651749,23.996000000
160.658346,23.997000000
160.665191,23.998000000
160.697407,23.999000000
160.718112,24.000000000
160.720464,24.001000000
160.722636,24.002000000
160.750244,24.003000000
160.754712,24.004000000
160.759645,24.005000000
160.763786,24.006000000
160.780416,24.007000000
160.783446,24.008000000
160.796513,24.009000000
160.809522,24.010000000
160.818325,24.011000000
160.835987,24.012000000
160.849799,24.013000000
160.883915,24.014000000
160.883962,24.018000000
160.900182,24.019000000
160.900229,24.020000000
160.918318,24.021000000
160.922556,24.022000000
160.945014,24.023000000
160.945093,24.025000000
160.962833,24.026000000
160.962870,24.028000000
161.007968,24.029000000
161.008018,24.033000000
161.016574,24.034000000
161.042732,24.035000000
161.042814,24.044000000
161.066754,24.045000000
161.070552,24.046000000
161.074394,24.047000000
161.087901,24.048000000
161.087947,24.049000000
161.092299,24.050000000
161.092334,24.051000000
161.101762,24.052000000
161.104211,24.053000000
161.138980,24.054000000
161.139023,24.055000000
161.160818,24.056000000
161.160865,24.059000000
161.189658,24.060000000
161.193681,24.061000000
161.211084,24.062000000
161.211128,24.063000000
161.230314,24.064000000
161.230365,24.066000000
161.253068,24.067000000
161.253109,24.068000000
161.253868,24.069000000
161.278231,24.070000000
161.278274,24.071000000
161.315331,24.072000000
161.315373,24.073000000
161.330065,24.074000000
161.337228,24.075000000
161.349506,24.076000000
161.358926,24.077000000
161.382024,24.078000000
161.382066,24.079000000
161.401365,24.080000000
161.404095,24.081000000
161.438852,24.082000000
161.446592,24.083000000
161.459681,24.084000000
161.459722,24.085000000
161.475411,24.086000000
161.475478,24.087000000
161.488332,24.088000000
161.492930,24.089000000
161.492968,24.090000000
161.509949,24.091000000
161.510794,24.092000000
161.516899,24.093000000
161.516934,24.094000000
161.529867,24.095000000
161.529914,24.096000000
161.556597,24.097000000
161.557102,24.098000000
161.562092,24.099000000
161.570970,24.100000000
161.591710,24.101000000
161.591754,24.103000000
161.596626,24.104000000
161.618743,24.105000000
161.645069,24.106000000
161.654575,24.107000000
161.676951,24.108000000
161.677000,24.111000000
161.717339,24.112000000
161.717384,24.115000000
161.739901,24.116000000
161.739945,24.118000000
161.775980,24.119000000
161.776030,24.120000000
161.776057,24.121000000
161.795335,24.122000000
161.795403,24.123000000
161.815257,24.124000000
161.815360,24.126000000
161.831746,24.127000000
161.831787,24.129000000
161.849921,24.130000000
161.868201,24.131000000
161.868242,24.132000000
161.883922,24.133000000
161.883961,24.134000000
161.888103,24.135000000
161.914092,24.136000000
161.936268,24.137000000
161.942302,24.138000000
161.967821,24.139000000
161.967863,24.140000000
161.975646,24.141000000
161.975685,24.142000000
162.006844,24.143000000
162.006888,24.144000000
162.024529,24.145000000
162.048637,24.146000000
162.051314,24.147000000
162.062423,24.148000000
162.079687,24.149000000
162.105664,24.150000000
162.113638,24.151000000
162.113676,24.152000000
162.121558,24.153000000
162.132550,24.154000000
162.132618,24.155000000
162.152312,24.156000000
162.152353,24.157000000
162.160474,24.158000000
162.171578,24.159000000
162.173241,24.160000000
162.184843,24.161000000
162.196359,24.162000000
162.202554,24.163000000
162.219279,24.164000000
162.228779,24.165000000
162.244702,24.166000000
162.255312,24.167000000
162.258862,24.168000000
162.287171,24.169000000
162.310440,24.170000000
162.310487,24.171000000
162.317925,24.172000000
162.319507,24.173000000
162.322864,24.174000000
162.325115,24.175000000
162.327852,24.176000000
162.334041,24.177000000
162.335842,24.178000000
162.344895,24.179000000
162.350802,24.180000000
162.368496,24.181000000
162.370503,24.182000000
162.376443,24.183000000
162.382412,24.184000000
162.389089,24.185000000
162.393592,24.186000000
162.421687,24.187000000
162.428158,24.188000000
162.431021,24.189000000
162.438939,24.190000000
162.446793,24.191000000
162.454201,24.192000000
162.486832,24.193000000
162.497501,24.194000000
162.515290,24.195000000
162.522281,24.196000000
162.536097,24.197000000
162.545567,24.198000000
162.562784,24.199000000
162.562849,24.200000000
162.578103,24.201000000
162.589299,24.202000000
162.595258,24.203000000
162.595294,24.204000000
162.610806,24.205000000
162.613312,24.206000000
162.615563,24.207000000
162.634716,24.208000000
162.634773,24.212000000
162.645934,24.213000000
162.657671,24.214000000
162.657716,24.216000000
162.659564,24.217000000
162.667042,24.218000000
162.667116,24.220000000
162.670969,24.221000000
162.681219,24.222000000
162.685727,24.223000000
162.701672,24.224000000
162.714821,24.225000000
162.718829,24.226000000
162.739964,24.227000000
162.740013,24.228000000
162.764544,24.229000000
162.783116,24.230000000
162.801004,24.231000000
162.801693,24.232000000
162.822527,24.233000000
162.835079,24.234000000
162.842987,24.235000000
162.853154,24.236000000
162.853189,24.237000000
162.875962,24.238000000
162.876002,24.239000000
162.903271,24.240000000
162.905336,24.241000000
162.914781,24.242000000
162.917112,24.243000000
162.920858,24.244000000
162.926023,24.245000000
162.928181,24.246000000
162.931981,24.247000000
162.938146,24.248000000
162.957987,24.249000000
162.960443,24.250000000
162.965409,24.251000000
163.001756,24.252000000
163.010075,24.253000000
163.012621,24.254000000
163.015088,24.255000000
163.021071,24.256000000
163.024976,24.257000000
163.029037,24.258000000
163.032152,24.259000000
163.034415,24.260000000
163.036704,24.261000000
163.039453,24.262000000
163.041918,24.263000000
163.044306,24.264000000
163.066084,24.265000000
163.067166,24.266000000
163.077088,24.267000000
163.088886,24.268000000
163.094985,24.269000000
163.110754,24.270000000
163.122178,24.271000000
163.131850,24.272000000
163.136159,24.273000000
163.142579,24.274000000
163.147059,24.275000000
163.156783,24.276000000
163.163308,24.277000000
163.167795,24.278000000
163.171921,24.279000000
163.185577,24.280000000
163.195617,24.281000000
163.198195,24.282000000
163.208869,24.283000000
163.221610,24.284000000
163.228181,24.285000000
163.258724,24.286000000
163.272816,24.287000000
163.276715,24.288000000
163.277062,24.289000000
163.303782,24.290000000
163.304809,24.291000000
163.315517,24.292000000
163.315579,24.293000000
163.315620,24.294000000
163.319366,24.295000000
163.319721,24.296000000
163.320447,24.297000000
163.327406,24.298000000
163.327795,24.299000000
163.327955,24.300000000
163.328300,24.301000000
163.335352,24.302000000
163.345906,24.303000000
163.364918,24.304000000
163.379670,24.305000000
163.383862,24.306000000
163.389027,24.307000000
163.394501,24.308000000
163.431060,24.309000000
163.440868,24.310000000
163.446136,24.311000000
163.455281,24.312000000
163.464301,24.313000000
163.470458,24.314000000
163.480471,24.315000000
163.485314,24.316000000
163.494731,24.317000000
163.501126,24.318000000
163.513858,24.319000000
163.531016,24.320000000
163.539634,24.321000000
163.544031,24.322000000
163.553351,24.323000000
163.563038,24.324000000
163.568557,24.325000000
163.572540,24.326000000
163.588051,24.327000000
163.594911,24.328000000
163.604428,24.329000000
163.619767,24.330000000
163.625010,24.331000000
163.644742,24.332000000
163.664492,24.333000000
163.672896,24.334000000
163.679277,24.335000000
163.713542,24.336000000
163.725041,24.337000000
163.732030,24.338000000
163.743075,24.339000000
163.750477,24.340000000
163.775974,24.341000000
163.784993,24.342000000
163.807682,24.343000000
163.826706,24.344000000
163.839101,24.345000000
163.853324,24.346000000
163.866209,24.347000000
163.879247,24.348000000
163.888750,24.349000000
163.903551,24.350000000
163.921174,24.351000000
163.923670,24.352000000
163.937757,24.353000000
163.957764,24.354000000
163.975192,24.355000000
163.984275,24.356000000
164.007971,24.357000000
164.013393,24.358000000
164.027497,24.359000000
164.062361,24.360000000
164.062404,24.362000000
164.079150,24.363000000
164.079198,24.368000000
164.088542,24.369000000
164.118226,24.370000000
164.118269,24.372000000
164.131237,24.373000000
164.152086,24.374000000
164.152133,24.375000000
164.161836,24.376000000
164.177050,24.377000000
164.177099,24.378000000
164.191806,24.379000000
164.206390,24.380000000
164.216575,24.381000000
164.225230,24.382000000
164.242944,24.383000000
164.242993,24.384000000
164.251281,24.385000000
164.264566,24.386000000
164.278421,24.387000000
164.303481,24.388000000
164.305854,24.389000000
164.329092,24.390000000
164.334099,24.391000000
164.347818,24.392000000
164.355651,24.393000000
164.364433,24.394000000
164.377217,24.395000000
164.402989,24.396000000
164.412392,24.397000000
164.429123,24.398000000
164.437164,24.399000000
164.440977,24.400000000
164.451528,24.401000000
164.455954,24.402000000
164.461759,24.403000000
164.466031,24.404000000
164.469935,24.405000000
164.474979,24.406000000
164.482368,24.407000000
164.488174,24.408000000
164.494305,24.409000000
164.497248,24.410000000
164.505336,24.411000000
164.509653,24.412000000
164.518199,24.413000000
164.521569,24.414000000
164.533630,24.415000000
164.538870,24.416000000
164.544757,24.417000000
164.549025,24.418000000
164.554394,24.419000000
164.559633,24.420000000
164.568271,24.421000000
164.570698,24.422000000
164.575743,24.423000000
164.579662,24.424000000
164.583121,24.425000000
164.589120,24.426000000
164.592118,24.427000000
164.616103,24.428000000
164.618688,24.429000000
164.626255,24.430000000
164.650646,24.431000000
164.659759,24.432000000
164.661403,24.433000000
164.673958,24.434000000
164.677417,24.435000000
164.686410,24.436000000
164.692995,24.437000000
164.719946,24.438000000
164.729637,24.439000000
164.734667,24.440000000
164.747233,24.441000000
164.752461,24.442000000
164.782165,24.443000000
164.789807,24.444000000
164.800346,24.445000000
164.806469,24.446000000
164.813883,24.447000000
164.828490,24.448000000
164.831982,24.449000000
164.842699,24.450000000
164.856025,24.451000000
164.867461,24.452000000
164.879415,24.453000000
164.890048,24.454000000
164.895770,24.455000000
164.912995,24.456000000
164.923548,24.457000000
164.949430,24.458000000
164.959210,24.459000000
164.965533,24.460000000
164.971420,24.461000000
164.999518,24.462000000
165.004231,24.463000000
165.013945,24.464000000
165.026667,24.465000000
165.034305,24.466000000
165.042076,24.467000000
165.064335,24.468000000
165.068676,24.469000000
165.076489,24.470000000
165.082640,24.471000000
165.095664,24.472000000
165.105209,24.473000000
165.134351,24.474000000
165.138027,24.475000000
165.151553,24.476000000
165.163908,24.477000000
165.169302,24.478000000
165.179603,24.479000000
165.187637,24.480000000
165.197397,24.481000000
165.206257,24.482000000
165.208683,24.483000000
165.213361,24.484000000
165.215666,24.485000000
165.221932,24.486000000
165.224570,24.487000000
165.234110,24.488000000
165.236507,24.489000000
165.245398,24.490000000
165.248309,24.491000000
165.250566,24.492000000
165.253872,24.493000000
165.256207,24.494000000
165.258551,24.495000000
165.260984,24.496000000
165.263353,24.497000000
165.265957,24.498000000
165.268301,24.499000000
165.270522,24.500000000
165.273132,24.501000000
165.275451,24.502000000
165.278735,24.503000000
165.281328,24.504000000
165.283593,24.505000000
165.285879,24.506000000
165.288398,24.507000000
165.291980,24.508000000
165.294318,24.509000000
165.299278,24.510000000
165.303098,24.511000000
165.322427,24.512000000
165.325569,24.513000000
165.348327,24.514000000
165.359652,24.515000000
165.369920,24.516000000
165.375705,24.517000000
165.378264,24.518000000
165.383093,24.519000000
165.401631,24.520000000
165.405474,24.521000000
165.408888,24.522000000
165.419857,24.523000000
165.423618,24.524000000
165.442943,24.525000000
165.453094,24.526000000
165.466179,24.527000000
165.469669,24.528000000
165.484411,24.529000000
165.490945,24.530000000
165.503497,24.531000000
165.513520,24.532000000
165.518784,24.533000000
165.530926,24.534000000
165.538628,24.535000000
165.550534,24.536000000
165.557169,24.537000000
165.559783,24.538000000
165.592111,24.539000000
165.595660,24.540000000
165.614644,24.541000000
165.625278,24.542000000
165.631467,24.543000000
165.643191,24.544000000
165.647030,24.545000000
165.651617,24.546000000
165.669506,24.547000000
165.677064,24.548000000
165.691872,24.549000000
165.697012,24.550000000
165.701655,24.551000000
165.733214,24.552000000
165.740129,24.553000000
165.747421,24.554000000
165.756737,24.555000000
165.765123,24.556000000
165.771821,24.557000000
165.782231,24.558000000
165.789629,24.559000000
165.799024,24.560000000
165.812010,24.561000000
165.819140,24.562000000
165.826182,24.563000000
165.839153,24.564000000
165.844673,24.565000000
165.862845,24.566000000
165.876208,24.567000000
165.881917,24.568000000
165.911603,24.569000000
165.917472,24.570000000
165.935482,24.571000000
165.942208,24.572000000
165.949229,24.573000000
165.952786,24.574000000
165.976550,24.575000000
165.981438,24.576000000
165.998198,24.577000000
166.005061,24.578000000
166.009151,24.579000000
166.042018,24.580000000
166.048935,24.581000000
166.054180,24.582000000
166.062392,24.583000000
166.068862,24.584000000
166.076120,24.585000000
166.086942,24.586000000
166.100227,24.587000000
166.112228,24.588000000
166.114644,24.589000000
166.130594,24.590000000
166.142153,24.591000000
166.150002,24.592000000
166.156877,24.593000000
166.169941,24.594000000
166.175546,24.595000000
166.183778,24.596000000
166.192448,24.597000000
166.192588,24.598000000
166.192630,24.599000000
166.213132,24.600000000
166.222438,24.601000000
166.222498,24.602000000
166.233761,24.603000000
166.241252,24.604000000
166.250470,24.605000000
166.255576,24.606000000
166.266367,24.607000000
166.272973,24.608000000
166.301925,24.609000000
166.308532,24.610000000
166.317340,24.611000000
166.331398,24.612000000
166.336271,24.613000000
166.343949,24.614000000
166.374236,24.615000000
166.382084,24.616000000
166.391687,24.617000000
166.410414,24.618000000
166.419538,24.619000000
166.427108,24.620000000
166.432281,24.621000000
166.445807,24.622000000
166.452147,24.623000000
166.463524,24.624000000
166.468105,24.625000000
166.479479,24.626000000
166.489334,24.627000000
166.493531,24.628000000
166.506814,24.629000000
166.517981,24.630000000
166.532848,24.631000000
166.540848,24.632000000
166.550481,24.633000000
166.564064,24.634000000
166.569251,24.635000000
166.573609,24.636000000
166.578022,24.637000000
166.605422,24.638000000
166.614747,24.639000000
166.624163,24.640000000
166.627456,24.641000000
166.632895,24.642000000
166.640948,24.643000000
166.665484,24.644000000
166.670993,24.645000000
166.679121,24.646000000
166.689600,24.647000000
166.699288,24.648000000
166.707827,24.649000000
166.713323,24.650000000
166.724017,24.651000000
166.731131,24.652000000
166.741981,24.653000000
166.749447,24.654000000
166.758461,24.655000000
166.767837,24.656000000
166.775926,24.657000000
166.792493,24.658000000
166.803642,24.659000000
166.826027,24.660000000
166.830428,24.661000000
166.841737,24.662000000
166.857491,24.663000000
166.862586,24.664000000
166.865364,24.665000000
166.873841,24.666000000
166.896461,24.667000000
166.901836,24.668000000
166.913877,24.669000000
166.919174,24.670000000
166.922438,24.671000000
166.961563,24.672000000
166.971364,24.673000000
166.986367,24.674000000
166.996422,24.675000000
167.011207,24.676000000
167.017146,24.677000000
167.027630,24.678000000
167.039416,24.679000000
167.046951,24.680000000
167.052291,24.681000000
167.064633,24.682000000
167.071475,24.683000000
167.079074,24.684000000
167.087313,24.685000000
167.091455,24.686000000
167.118479,24.687000000
167.121008,24.688000000
167.125409,24.689000000
167.153626,24.690000000
167.157280,24.691000000
167.175805,24.692000000
167.182253,24.693000000
167.190998,24.694000000
167.217703,24.695000000
167.221224,24.696000000
167.235344,24.697000000
167.244263,24.698000000
167.247651,24.699000000
167.275329,24.700000000
167.284548,24.701000000
167.292235,24.702000000
167.298917,24.703000000
167.305999,24.704000000
167.315284,24.705000000
167.320301,24.706000000
167.333864,24.707000000
167.341710,24.708000000
167.351818,24.709000000
167.357705,24.710000000
167.368002,24.711000000
167.374770,24.712000000
167.378976,24.713000000
167.403680,24.714000000
167.411008,24.715000000
167.428503,24.716000000
167.435658,24.717000000
167.444951,24.718000000
167.458107,24.719000000
167.463089,24.720000000
167.467534,24.721000000
167.490969,24.722000000
167.493631,24.723000000
167.501066,24.724000000
167.516657,24.725000000
167.519161,24.726000000
167.523328,24.727000000
167.555412,24.728000000
167.559340,24.729000000
167.574474,24.730000000
167.578085,24.731000000
167.588728,24.732000000
167.606076,24.733000000
167.613127,24.734000000
167.626885,24.735000000
167.632212,24.736000000
167.644435,24.737000000
167.654731,24.738000000
167.661837,24.739000000
167.668440,24.740000000
167.676972,24.741000000
167.692045,24.742000000
167.696397,24.743000000
167.708143,24.744000000
167.712205,24.745000000
167.728299,24.746000000
167.737596,24.747000000
167.741911,24.748000000
167.753589,24.749000000
167.761079,24.750000000
167.766896,24.751000000
167.770121,24.752000000
167.796826,24.753000000
167.802411,24.754000000
167.817006,24.755000000
167.821882,24.756000000
167.825886,24.757000000
167.858023,24.758000000
167.860237,24.759000000
167.864708,24.760000000
167.867829,24.761000000
167.874018,24.762000000
167.876311,24.763000000
167.888026,24.764000000
167.894823,24.765000000
167.905626,24.766000000
167.909523,24.767000000
167.917085,24.768000000
167.928088,24.769000000
167.932470,24.770000000
167.942052,24.771000000
167.947877,24.772000000
167.954298,24.773000000
167.958469,24.774000000
167.961400,24.775000000
167.961471,24.776000000
167.975213,24.777000000
167.975269,24.778000000
167.980481,24.779000000
167.997295,24.780000000
167.998492,24.781000000
168.003980,24.782000000
168.012846,24.783000000
168.013231,24.784000000
168.015248,24.785000000
168.026895,24.786000000
168.045109,24.787000000
168.048145,24.788000000
168.056068,24.789000000
168.059944,24.790000000
168.072341,24.791000000
168.074900,24.792000000
168.077201,24.793000000
168.080476,24.794000000
168.083058,24.795000000
168.091739,24.796000000
168.094262,24.797000000
168.100317,24.798000000
168.104931,24.799000000
168.133522,24.800000000
168.136168,24.801000000
168.148567,24.802000000
168.159461,24.803000000
168.161949,24.804000000
168.164446,24.805000000
168.166691,24.806000000
168.174072,24.807000000
168.176955,24.808000000
168.179337,24.809000000
168.182012,24.810000000
168.184232,24.811000000
168.188103,24.812000000
168.204906,24.813000000
168.242201,24.814000000
168.251405,24.815000000
168.259474,24.816000000
168.266216,24.817000000
168.280824,24.818000000
168.294977,24.819000000
168.303321,24.820000000
168.319977,24.821000000
168.331619,24.822000000
168.346008,24.823000000
168.360063,24.824000000
168.364657,24.825000000
168.367474,24.826000000
168.373968,24.827000000
168.378086,24.828000000
168.382445,24.829000000
168.396253,24.830000000
168.397164,24.831000000
168.423748,24.832000000
168.425400,24.833000000
168.447958,24.834000000
168.448078,24.835000000
168.448226,24.836000000
168.459639,24.837000000
168.459697,24.838000000
168.467076,24.839000000
168.490404,24.840000000
168.507387,24.841000000
168.516060,24.842000000
168.521912,24.843000000
168.527800,24.844000000
168.539597,24.845000000
168.549187,24.846000000
168.552454,24.847000000
168.573961,24.848000000
168.585579,24.849000000
168.604775,24.850000000
168.613821,24.851000000
168.625733,24.852000000
168.628067,24.853000000
168.642589,24.854000000
168.647714,24.855000000
168.655497,24.856000000
168.659416,24.857000000
168.663890,24.858000000
168.676671,24.859000000
168.688128,24.860000000
168.693726,24.861000000
168.698153,24.862000000
168.703589,24.863000000
168.708976,24.864000000
168.718541,24.865000000
168.742381,24.866000000
168.761729,24.867000000
168.764485,24.868000000
168.775697,24.869000000
168.783751,24.870000000
168.796213,24.871000000
168.801723,24.872000000
168.825282,24.873000000
168.838359,24.874000000
168.851454,24.875000000
168.854146,24.876000000
168.873711,24.877000000
168.876367,24.878000000
168.878998,24.879000000
168.885349,24.880000000
168.889569,24.881000000
168.892020,24.882000000
168.896369,24.883000000
168.900756,24.884000000
168.913379,24.885000000
168.916016,24.886000000
168.923455,24.887000000
168.928921,24.888000000
168.933355,24.889000000
168.956833,24.890000000
168.960450,24.891000000
168.971884,24.892000000
168.982983,24.893000000
168.992023,24.894000000
169.006683,24.895000000
169.013763,24.896000000
169.024454,24.897000000
169.034019,24.898000000
169.042395,24.899000000
169.053676,24.900000000
169.066370,24.901000000
169.071470,24.902000000
169.078580,24.903000000
169.083898,24.904000000
169.086359,24.905000000
169.109642,24.906000000
169.115744,24.907000000
169.137899,24.908000000
169.140477,24.909000000
169.180205,24.910000000
169.181570,24.911000000
169.191724,24.912000000
169.192245,24.913000000
169.208641,24.914000000
169.218993,24.915000000
169.219085,24.916000000
169.246291,24.917000000
169.246345,24.918000000
169.247531,24.919000000
169.258218,24.920000000
169.270754,24.921000000
169.280716,24.922000000
169.281563,24.923000000
169.313426,24.924000000
169.324975,24.925000000
169.346841,24.926000000
169.359369,24.927000000
169.364062,24.928000000
169.380722,24.929000000
169.388280,24.930000000
169.399037,24.931000000
169.407671,24.932000000
169.408440,24.933000000
169.419079,24.934000000
169.419165,24.935000000
169.442864,24.936000000
169.442918,24.937000000
169.450036,24.938000000
169.450715,24.939000000
169.472987,24.940000000
169.480021,24.941000000
169.488844,24.942000000
169.508079,24.943000000
169.513502,24.944000000
169.522862,24.945000000
169.542013,24.946000000
169.544442,24.947000000
169.546878,24.948000000
169.555190,24.949000000
169.557561,24.950000000
169.560176,24.951000000
169.570234,24.952000000
169.572662,24.953000000
169.575334,24.954000000
169.578030,24.955000000
169.580422,24.956000000
169.583129,24.957000000
169.595491,24.958000000
169.624138,24.959000000
169.633652,24.960000000
169.643565,24.961000000
169.656590,24.962000000
169.670081,24.963000000
169.682676,24.964000000
169.696434,24.965000000
169.708524,24.966000000
169.714569,24.967000000
169.734700,24.968000000
169.745584,24.969000000
169.755211,24.970000000
169.757688,24.971000000
169.759971,24.972000000
169.766382,24.973000000
169.771289,24.974000000
169.773578,24.975000000
169.777741,24.976000000
169.792523,24.977000000
169.795459,24.978000000
169.797987,24.979000000
169.802698,24.980000000
169.805039,24.981000000
169.807421,24.982000000
169.809927,24.983000000
169.812165,24.984000000
169.814385,24.985000000
169.816717,24.986000000
169.818952,24.987000000
169.821405,24.988000000
169.843327,24.989000000
169.845874,24.990000000
169.848562,24.991000000
169.855127,24.992000000
169.858863,24.993000000
169.861254,24.994000000
169.863539,24.995000000
169.879562,24.996000000
169.883072,24.997000000
169.885411,24.998000000
169.888375,24.999000000
169.891513,25.000000000
169.902059,25.001000000
169.907211,25.002000000
169.930981,25.003000000
169.935938,25.004000000
169.940542,25.005000000
169.956788,25.006000000
169.960098,25.007000000
169.983902,25.008000000
169.989757,25.009000000
170.005040,25.010000000
170.010911,25.011000000
170.019078,25.012000000
170.047076,25.013000000
170.057865,25.014000000
170.066324,25.015000000
170.076456,25.016000000
170.085898,25.017000000
170.096320,25.018000000
170.103435,25.019000000
170.109681,25.020000000
170.126868,25.021000000
170.130243,25.022000000
170.136266,25.023000000
170.138872,25.024000000
170.156696,25.025000000
170.174439,25.026000000
170.180465,25.027000000
170.183021,25.028000000
170.185306,25.029000000
170.194494,25.030000000
170.199753,25.031000000
170.211343,25.032000000
170.214270,25.033000000
170.223756,25.034000000
170.226194,25.035000000
170.239451,25.036000000
170.246881,25.037000000
170.249213,25.038000000
170.251550,25.039000000
170.253869,25.040000000
170.264651,25.041000000
170.266160,25.042000000
170.293175,25.043000000
170.306934,25.044000000
170.314769,25.045000000
170.352753,25.046000000
170.354329,25.047000000
170.391985,25.048000000
170.392068,25.049000000
170.395952,25.050000000
170.405668,25.051000000
170.405727,25.052000000
170.405767,25.053000000
170.413509,25.054000000
170.431410,25.055000000
170.431513,25.056000000
170.431555,25.057000000
170.432059,25.058000000
170.433175,25.059000000
170.456588,25.060000000
170.456673,25.061000000
170.456745,25.062000000
170.456790,25.063000000
170.456850,25.064000000
170.456893,25.065000000
170.483886,25.066000000
170.483949,25.067000000
170.483990,25.068000000
170.490880,25.069000000
170.494199,25.070000000
170.499102,25.071000000
170.513622,25.072000000
170.514060,25.073000000
170.523148,25.074000000
170.527966,25.075000000
170.534587,25.076000000
170.534701,25.077000000
170.555094,25.078000000
170.566820,25.079000000
170.566942,25.080000000
170.566985,25.081000000
170.584683,25.082000000
170.585221,25.083000000
170.585315,25.084000000
170.618758,25.085000000
170.635689,25.086000000
170.635811,25.087000000
170.645857,25.088000000
170.669754,25.089000000
170.698687,25.090000000
170.704578,25.091000000
170.717479,25.092000000
170.728175,25.093000000
170.728268,25.094000000
170.738236,25.095000000
170.738337,25.096000000
170.739369,25.097000000
170.771852,25.098000000
170.771952,25.099000000
170.772011,25.100000000
170.772743,25.101000000
170.772799,25.102000000
170.782166,25.103000000
170.782737,25.104000000
170.821760,25.105000000
170.821871,25.106000000
170.823520,25.107000000
170.838407,25.108000000
170.838470,25.109000000
170.838942,25.110000000
170.855218,25.111000000
170.867752,25.112000000
170.867845,25.113000000
170.868458,25.114000000
170.868536,25.115000000
170.880990,25.116000000
170.881580,25.117000000
170.935054,25.118000000
170.935118,25.119000000
170.935796,25.120000000
170.935864,25.121000000
170.951797,25.122000000
170.951869,25.123000000
170.952318,25.124000000
170.995922,25.125000000
170.996039,25.126000000
170.996082,25.127000000
171.010617,25.128000000
171.010704,25.129000000
171.039623,25.130000000
171.039944,25.131000000
171.041971,25.132000000
171.042063,25.133000000
171.061971,25.134000000
171.079155,25.135000000
171.079268,25.136000000
171.079309,25.137000000
171.090577,25.138000000
171.091575,25.139000000
171.099726,25.140000000
171.107532,25.141000000
171.110114,25.142000000
171.116554,25.143000000
171.129487,25.144000000
171.139503,25.145000000
171.145564,25.146000000
171.167871,25.147000000
171.170343,25.148000000
171.177360,25.149000000
171.193583,25.150000000
171.200155,25.151000000
171.207784,25.152000000
171.231204,25.153000000
171.240621,25.154000000
171.253161,25.155000000
171.261627,25.156000000
171.293885,25.157000000
171.307812,25.158000000
171.324294,25.159000000
171.340291,25.160000000
171.355406,25.161000000
171.371222,25.162000000
171.378815,25.163000000
171.385540,25.164000000
171.415033,25.165000000
171.424535,25.166000000
171.430712,25.167000000
171.437197,25.168000000
171.465671,25.169000000
171.470846,25.170000000
171.485602,25.171000000
171.491769,25.172000000
171.497526,25.173000000
171.527790,25.174000000
171.541632,25.175000000
171.550096,25.176000000
171.604578,25.177000000
171.613545,25.178000000
171.632517,25.179000000
171.657852,25.180000000
171.665166,25.181000000
171.671333,25.182000000
171.682819,25.183000000
171.699812,25.184000000
171.704959,25.185000000
171.707608,25.186000000
171.723005,25.187000000
171.730872,25.188000000
171.732920,25.189000000
171.752441,25.190000000
171.755279,25.191000000
171.761234,25.192000000
171.771192,25.193000000
171.795716,25.194000000
171.811906,25.195000000
171.815613,25.196000000
171.828767,25.197000000
171.836093,25.198000000
171.858942,25.199000000
171.867530,25.200000000
171.877337,25.201000000
171.889030,25.202000000
171.897299,25.203000000
171.902958,25.204000000
171.906771,25.205000000
171.920534,25.206000000
171.934349,25.207000000
171.945884,25.208000000
171.952389,25.209000000
171.965632,25.210000000
171.971559,25.211000000
171.982891,25.212000000
171.982968,25.213000000
172.016438,25.214000000
172.023550,25.215000000
172.063026,25.216000000
172.063104,25.217000000
172.093605,25.218000000
172.113983,25.219000000
172.120064,25.220000000
172.146223,25.221000000
172.149077,25.222000000
172.153898,25.223000000
172.156931,25.224000000
172.161536,25.225000000
172.163857,25.226000000
172.166165,25.227000000
172.168350,25.228000000
172.170926,25.229000000
172.191012,25.230000000
172.193581,25.231000000
172.209280,25.232000000
172.229288,25.233000000
172.246541,25.234000000
172.260005,25.235000000
172.270812,25.236000000
172.281554,25.237000000
172.292531,25.238000000
172.301863,25.239000000
172.315149,25.240000000
172.323985,25.241000000
172.336079,25.242000000
172.341751,25.243000000
172.368547,25.244000000
172.375366,25.245000000
172.396152,25.246000000
172.407796,25.247000000
172.414027,25.248000000
172.430996,25.249000000
172.434930,25.250000000
172.442580,25.251000000
172.468568,25.252000000
172.470841,25.253000000
172.480559,25.254000000
172.495808,25.255000000
172.501558,25.256000000
172.509253,25.257000000
172.544214,25.258000000
172.556218,25.259000000
172.568852,25.260000000
172.577800,25.261000000
172.588054,25.262000000
172.597994,25.263000000
172.607196,25.264000000
172.613830,25.265000000
172.624715,25.266000000
172.630511,25.267000000
172.640898,25.268000000
172.641942,25.269000000
172.644749,25.270000000
172.658636,25.271000000
172.663952,25.272000000
172.677778,25.273000000
172.686121,25.274000000
172.689604,25.275000000
172.691857,25.276000000
172.696982,25.277000000
172.705598,25.278000000
172.709055,25.279000000
172.724351,25.280000000
172.730365,25.281000000
172.765856,25.282000000
172.775989,25.283000000
172.782499,25.284000000
172.806624,25.285000000
172.812513,25.286000000
172.815995,25.287000000
172.819259,25.288000000
172.821605,25.289000000
172.846116,25.290000000
172.847801,25.291000000
172.850013,25.292000000
172.852729,25.293000000
172.855727,25.294000000
172.857953,25.295000000
172.860545,25.296000000
172.863142,25.297000000
172.869164,25.298000000
172.873210,25.299000000
172.890336,25.300000000
172.898901,25.301000000
172.914926,25.302000000
172.927878,25.303000000
172.927925,25.304000000
172.944128,25.305000000
172.944235,25.306000000
172.944280,25.307000000
172.947802,25.308000000
172.957348,25.309000000
172.963594,25.310000000
172.969664,25.311000000
172.975692,25.312000000
172.981912,25.313000000
172.989108,25.314000000
172.993473,25.315000000
173.001398,25.316000000
173.005389,25.317000000
173.038773,25.318000000
173.039613,25.319000000
173.053196,25.320000000
173.053755,25.321000000
173.072405,25.322000000
173.097022,25.323000000
173.111753,25.324000000
173.116578,25.325000000
173.123292,25.326000000
173.128296,25.327000000
173.132612,25.328000000
173.150509,25.329000000
173.158317,25.330000000
173.174473,25.331000000
173.194913,25.332000000
173.204180,25.333000000
173.220326,25.334000000
173.223693,25.335000000
173.232709,25.336000000
173.240403,25.337000000
173.261377,25.338000000
173.266794,25.339000000
173.272647,25.340000000
173.284452,25.341000000
173.297889,25.342000000
173.308183,25.343000000
173.315424,25.344000000
173.323479,25.345000000
173.328147,25.346000000
173.336342,25.347000000
173.340702,25.348000000
173.348461,25.349000000
173.351010,25.350000000
173.383639,25.351000000
173.405132,25.352000000
173.412067,25.353000000
173.440312,25.354000000
173.450601,25.355000000
173.457363,25.356000000
173.471563,25.357000000
173.481301,25.358000000
173.486823,25.359000000
173.497007,25.360000000
173.511323,25.361000000
173.518761,25.362000000
173.525363,25.363000000
173.540214,25.364000000
173.552208,25.365000000
173.557988,25.366000000
173.566234,25.367000000
173.570715,25.368000000
173.584628,25.369000000
173.589940,25.370000000
173.594973,25.371000000
173.599476,25.372000000
173.605158,25.373000000
173.609539,25.374000000
173.614115,25.375000000
173.621253,25.376000000
173.628575,25.377000000
173.632142,25.378000000
173.641296,25.379000000
173.645765,25.380000000
173.654558,25.381000000
173.657778,25.382000000
173.660310,25.383000000
173.681716,25.384000000
173.694665,25.385000000
173.709904,25.386000000
173.718611,25.387000000
173.746073,25.388000000
173.753889,25.389000000
173.764408,25.390000000
173.787088,25.391000000
173.790764,25.392000000
173.809853,25.393000000
173.816155,25.394000000
173.818485,25.395000000
173.842772,25.396000000
173.851985,25.397000000
173.857325,25.398000000
173.872195,25.399000000
173.880207,25.400000000
173.886158,25.401000000
173.894470,25.402000000
173.898625,25.403000000
173.904173,25.404000000
173.908983,25.405000000
173.914423,25.406000000
173.922673,25.407000000
173.947831,25.408000000
173.953846,25.409000000
173.959803,25.410000000
173.972178,25.411000000
173.986311,25.412000000
173.989596,25.413000000
174.007578,25.414000000
174.028632,25.415000000
174.035238,25.416000000
174.039855,25.417000000
174.042264,25.418000000
174.044500,25.419000000
174.046874,25.420000000
174.049103,25.421000000
174.052560,25.422000000
174.074669,25.423000000
174.082091,25.424000000
174.087581,25.425000000
174.101028,25.426000000
174.106956,25.427000000
174.116343,25.428000000
174.137054,25.429000000
174.142939,25.430000000
174.153470,25.431000000
174.160597,25.432000000
174.170548,25.433000000
174.175505,25.434000000
174.187855,25.435000000
174.190221,25.436000000
174.207685,25.437000000
174.221286,25.438000000
174.233304,25.439000000
174.238534,25.440000000
174.250497,25.441000000
174.262949,25.442000000
174.269660,25.443000000
174.275312,25.444000000
174.279161,25.445000000
174.283360,25.446000000
174.285963,25.447000000
174.295217,25.448000000
174.299214,25.449000000
174.301845,25.450000000
174.304083,25.451000000
174.306305,25.452000000
174.309985,25.453000000
174.312187,25.454000000
174.314890,25.455000000
174.318510,25.456000000
174.331549,25.457000000
174.338066,25.458000000
174.358361,25.459000000
174.365236,25.460000000
174.393001,25.461000000
174.407661,25.462000000
174.413106,25.463000000
174.435923,25.464000000
174.449238,25.465000000
174.470121,25.466000000
174.475308,25.467000000
174.479453,25.468000000
174.485465,25.469000000
174.505315,25.470000000
174.511233,25.471000000
174.514836,25.472000000
174.528376,25.473000000
174.533853,25.474000000
174.537736,25.475000000
174.568709,25.476000000
174.578289,25.477000000
174.591699,25.478000000
174.599249,25.479000000
174.604664,25.480000000
174.608047,25.481000000
174.614499,25.482000000
174.620526,25.483000000
174.627336,25.484000000
174.634846,25.485000000
174.638462,25.486000000
174.644336,25.487000000
174.649847,25.488000000
174.661591,25.489000000
174.665028,25.490000000
174.673276,25.491000000
174.680557,25.492000000
174.684897,25.493000000
174.689219,25.494000000
174.696863,25.495000000
174.708553,25.496000000
174.730508,25.497000000
174.767149,25.498000000
174.787096,25.499000000
174.790004,25.500000000
174.810325,25.501000000
174.821932,25.502000000
174.829244,25.503000000
174.834449,25.504000000
174.846063,25.505000000
174.859308,25.506000000
174.874962,25.507000000
174.881699,25.508000000
174.892126,25.509000000
174.908590,25.510000000
174.912423,25.511000000
174.922478,25.512000000
174.925708,25.513000000
174.954906,25.514000000
174.962333,25.515000000
174.967098,25.516000000
174.995156,25.517000000
175.024155,25.518000000
175.031112,25.519000000
175.033378,25.520000000
175.038280,25.521000000
175.038321,25.522000000
175.045474,25.523000000
175.050204,25.524000000
175.083856,25.525000000
175.089781,25.526000000
175.106686,25.527000000
175.106728,25.528000000
175.121711,25.529000000
175.121757,25.530000000
175.159963,25.531000000
175.174726,25.532000000
175.186153,25.533000000
175.197673,25.534000000
175.215941,25.535000000
175.226395,25.536000000
175.228656,25.537000000
175.240906,25.538000000
175.240947,25.539000000
175.265926,25.540000000
175.276081,25.541000000
175.276122,25.542000000
175.283622,25.543000000
175.287178,25.544000000
175.316019,25.545000000
175.330176,25.546000000
175.334563,25.547000000
175.340565,25.548000000
175.344407,25.549000000
175.356884,25.550000000
175.370858,25.551000000
175.370908,25.552000000
175.377681,25.553000000
175.403239,25.554000000
175.413564,25.555000000
175.430808,25.556000000
175.430852,25.557000000
175.462157,25.558000000
175.491872,25.559000000
175.491914,25.560000000
175.514042,25.561000000
175.521964,25.562000000
175.530200,25.563000000
175.560450,25.564000000
175.570250,25.565000000
175.571601,25.566000000
175.581127,25.567000000
175.582092,25.568000000
175.592175,25.569000000
175.604161,25.570000000
175.609488,25.571000000
175.612998,25.572000000
175.620466,25.573000000
175.646793,25.574000000
175.648424,25.575000000
175.653849,25.576000000
175.664605,25.577000000
175.676892,25.578000000
175.681281,25.579000000
175.690569,25.580000000
175.714669,25.581000000
175.726940,25.582000000
175.738520,25.583000000
175.744479,25.584000000
175.786303,25.585000000
175.800220,25.586000000
175.800264,25.587000000
175.821381,25.588000000
175.830379,25.589000000
175.841993,25.590000000
175.854723,25.591000000
175.861863,25.592000000
175.861907,25.593000000
175.872707,25.594000000
175.872765,25.596000000
175.876706,25.597000000
175.889093,25.598000000
175.889140,25.604000000
175.892319,25.605000000
175.905690,25.606000000
175.905734,25.610000000
175.940987,25.611000000
175.943264,25.612000000
175.952933,25.613000000
175.978546,25.614000000
175.992902,25.615000000
176.001078,25.616000000
176.015120,25.617000000
176.020917,25.618000000
176.031647,25.619000000
176.069056,25.620000000
176.069099,25.621000000
176.071221,25.622000000
176.096813,25.623000000
176.098474,25.624000000
176.130833,25.625000000
176.139048,25.626000000
176.150259,25.627000000
176.172608,25.628000000
176.172654,25.629000000
176.183162,25.630000000
176.195674,25.631000000
176.207568,25.632000000
176.215763,25.633000000
176.221093,25.634000000
176.221169,25.635000000
176.234063,25.636000000
176.249648,25.637000000
176.253677,25.638000000
176.259613,25.639000000
176.263728,25.640000000
176.269373,25.641000000
176.302426,25.642000000
176.305124,25.643000000
176.330779,25.644000000
176.335022,25.645000000
176.350077,25.646000000
176.359710,25.647000000
176.400272,25.648000000
176.405030,25.649000000
176.421571,25.650000000
176.433049,25.651000000
176.437754,25.652000000
176.471191,25.653000000
176.484268,25.654000000
176.494886,25.655000000
176.507559,25.656000000
176.513305,25.657000000
176.533399,25.658000000
176.550362,25.659000000
176.557089,25.660000000
176.564601,25.661000000
176.577777,25.662000000
176.585368,25.663000000
176.596938,25.664000000
176.603597,25.665000000
176.611693,25.666000000
176.626434,25.667000000
176.635405,25.668000000
176.640548,25.669000000
176.656892,25.670000000
176.661713,25.671000000
176.684723,25.672000000
176.686480,25.673000000
176.688411,25.674000000
176.696117,25.675000000
176.702142,25.676000000
176.727484,25.677000000
176.735832,25.678000000
176.741838,25.679000000
176.746172,25.680000000
176.770178,25.681000000
176.783581,25.682000000
176.793034,25.683000000
176.798274,25.684000000
176.806303,25.685000000
176.810210,25.686000000
176.821109,25.687000000
176.831198,25.688000000
176.840590,25.689000000
176.853484,25.690000000
176.862802,25.691000000
176.874594,25.692000000
176.882576,25.693000000
176.884885,25.694000000
176.917547,25.695000000
176.922073,25.696000000
176.951129,25.697000000
176.955751,25.698000000
176.973650,25.699000000
176.981331,25.700000000
176.988819,25.701000000
177.016192,25.702000000
177.019772,25.703000000
177.031445,25.704000000
177.040765,25.705000000
177.044969,25.706000000
177.064217,25.707000000
177.071928,25.708000000
177.081860,25.709000000
177.092801,25.710000000
177.101679,25.711000000
177.115688,25.712000000
177.120209,25.713000000
177.130563,25.714000000
177.133724,25.715000000
177.140963,25.716000000
177.149912,25.717000000
177.159433,25.718000000
177.166721,25.719000000
177.178319,25.720000000
177.198334,25.721000000
177.204633,25.722000000
177.224337,25.723000000
177.234756,25.724000000
177.240095,25.725000000
177.252891,25.726000000
177.260900,25.727000000
177.266055,25.728000000
177.270782,25.729000000
177.299204,25.730000000
177.304559,25.731000000
177.321051,25.732000000
177.327460,25.733000000
177.353606,25.734000000
177.357628,25.735000000
177.364693,25.736000000
177.370475,25.737000000
177.379678,25.738000000
177.387208,25.739000000
177.397897,25.740000000
177.402946,25.741000000
177.409718,25.742000000
177.417555,25.743000000
177.421699,25.744000000
177.428303,25.745000000
177.435395,25.746000000
177.439385,25.747000000
177.445432,25.748000000
177.455542,25.749000000
177.465712,25.750000000
177.481486,25.751000000
177.489639,25.752000000
177.503492,25.753000000
177.509567,25.754000000
177.509636,25.755000000
177.515660,25.756000000
177.518829,25.757000000
177.524589,25.758000000
177.531307,25.759000000
177.535324,25.760000000
177.542549,25.761000000
177.565439,25.762000000
177.575951,25.763000000
177.584532,25.764000000
177.588629,25.765000000
177.612522,25.766000000
177.615344,25.767000000
177.645337,25.768000000
177.656237,25.769000000
177.668081,25.770000000
177.691186,25.771000000
177.712247,25.772000000
177.721805,25.773000000
177.731484,25.774000000
177.742351,25.775000000
177.747669,25.776000000
177.761984,25.777000000
177.768816,25.778000000
177.772506,25.779000000
177.782389,25.780000000
177.816399,25.781000000
177.820799,25.782000000
177.827816,25.783000000
177.831728,25.784000000
177.834974,25.785000000
177.838950,25.786000000
177.855594,25.787000000
177.873304,25.788000000
177.874268,25.789000000
177.894419,25.790000000
177.901024,25.791000000
177.903554,25.792000000
177.914672,25.793000000
177.934981,25.794000000
177.940279,25.795000000
177.940321,25.796000000
177.957408,25.797000000
177.965513,25.798000000
177.999247,25.799000000
178.016679,25.800000000
178.034318,25.801000000
178.042967,25.802000000
178.057758,25.803000000
178.070309,25.804000000
178.087973,25.805000000
178.130105,25.806000000
178.144243,25.807000000
178.171626,25.808000000
178.190735,25.809000000
178.198645,25.810000000
178.209989,25.811000000
178.210031,25.812000000
178.215946,25.813000000
178.237154,25.814000000
178.249099,25.815000000
178.249139,25.816000000
178.255731,25.817000000
178.294940,25.818000000
178.301257,25.819000000
178.317345,25.820000000
178.330517,25.821000000
178.337977,25.822000000
178.356990,25.823000000
178.357037,25.825000000
178.366235,25.826000000
178.376880,25.827000000
178.389847,25.828000000
178.392372,25.829000000
178.407080,25.830000000
178.414083,25.831000000
178.424113,25.832000000
178.431313,25.833000000
178.443847,25.834000000
178.453887,25.835000000
178.457607,25.836000000
178.464674,25.837000000
178.476645,25.838000000
178.486436,25.839000000
178.491563,25.840000000
178.504730,25.841000000
178.505611,25.842000000
178.514581,25.843000000
178.526386,25.844000000
178.532088,25.845000000
178.545036,25.846000000
178.555470,25.847000000
178.572967,25.848000000
178.573012,25.850000000
178.586879,25.851000000
178.594654,25.852000000
178.606722,25.853000000
178.616994,25.854000000
178.631766,25.855000000
178.640546,25.856000000
178.668752,25.857000000
178.668794,25.858000000
178.676382,25.859000000
178.682291,25.860000000
178.693823,25.861000000
178.693863,25.862000000
178.703979,25.863000000
178.737563,25.864000000
178.741905,25.865000000
178.744946,25.866000000
178.745689,25.867000000
178.749995,25.868000000
178.753959,25.869000000
178.756155,25.870000000
178.758342,25.871000000
178.788262,25.872000000
178.798804,25.873000000
178.802927,25.874000000
178.807089,25.875000000
178.811068,25.876000000
178.814406,25.877000000
178.820215,25.878000000
178.822768,25.879000000
178.827578,25.880000000
178.830496,25.881000000
178.834528,25.882000000
178.838983,25.883000000
178.844567,25.884000000
178.846627,25.885000000
178.851595,25.886000000
178.853666,25.887000000
178.855818,25.888000000
178.857858,25.889000000
178.859883,25.890000000
178.870978,25.891000000
178.902720,25.892000000
178.909363,25.893000000
178.949558,25.894000000
178.954469,25.895000000
178.985058,25.896000000
178.987540,25.897000000
178.996525,25.898000000
179.004760,25.899000000
179.027685,25.900000000
179.033831,25.901000000
179.039660,25.902000000
179.051299,25.903000000
179.057270,25.904000000
179.061565,25.905000000
179.088768,25.906000000
179.102181,25.907000000
179.114038,25.908000000
179.121670,25.909000000
179.133120,25.910000000
179.145283,25.911000000
179.157725,25.912000000
179.169358,25.913000000
179.181126,25.914000000
179.193953,25.915000000
179.203279,25.916000000
179.211344,25.917000000
179.217790,25.918000000
179.223553,25.919000000
179.230720,25.920000000
179.237567,25.921000000
179.245346,25.922000000
179.252609,25.923000000
179.257364,25.924000000
179.272330,25.925000000
179.283981,25.926000000
179.292533,25.927000000
179.299610,25.928000000
179.307287,25.929000000
179.315085,25.930000000
179.321588,25.931000000
179.329209,25.932000000
179.337660,25.933000000
179.344997,25.934000000
179.352451,25.935000000
179.359378,25.936000000
179.365541,25.937000000
179.374978,25.938000000
179.381295,25.939000000
179.388877,25.940000000
179.407869,25.941000000
179.415118,25.942000000
179.421693,25.943000000
179.428619,25.944000000
179.435777,25.945000000
179.442031,25.946000000
179.448516,25.947000000
179.455853,25.948000000
179.461766,25.949000000
179.467952,25.950000000
179.476346,25.951000000
179.482044,25.952000000
179.488510,25.953000000
179.496659,25.954000000
179.503420,25.955000000
179.511132,25.956000000
179.519074,25.957000000
179.527056,25.958000000
179.533752,25.959000000
179.540867,25.960000000
179.547759,25.961000000
179.553843,25.962000000
179.562098,25.963000000
179.567576,25.964000000
179.573812,25.965000000
179.579731,25.966000000
179.585894,25.967000000
179.593447,25.968000000
179.601559,25.969000000
179.608016,25.970000000
179.615040,25.971000000
179.626013,25.972000000
179.632993,25.973000000
179.640651,25.974000000
179.649656,25.975000000
179.655929,25.976000000
179.662442,25.977000000
179.670502,25.978000000
179.680569,25.979000000
179.699975,25.980000000
179.706166,25.981000000
179.715045,25.982000000
179.723929,25.983000000
179.729789,25.984000000
179.738779,25.985000000
179.747581,25.986000000
179.753875,25.987000000
179.760310,25.988000000
179.769305,25.989000000
179.796297,25.990000000
179.811084,25.991000000
179.820579,25.992000000
179.826225,25.993000000
179.831000,25.994000000
179.837263,25.995000000
179.855356,25.996000000
179.862384,25.997000000
179.868291,25.998000000
179.876418,25.999000000
179.880112,26.000000000
179.886574,26.001000000
179.894152,26.002000000
179.900170,26.003000000
179.906916,26.004000000
179.913776,26.005000000
179.921654,26.006000000
179.928503,26.007000000
179.935665,26.008000000
179.943647,26.009000000
179.950222,26.010000000
179.956382,26.011000000
179.968176,26.012000000
179.977997,26.013000000
179.980178,26.014000000
179.982326,26.015000000
179.984398,26.016000000
179.986676,26.017000000
179.988746,26.018000000
179.990812,26.019000000
179.994914,26.020000000
179.996297,26.021000000
179.998792,26.022000000
180.000558,26.023000000
180.002592,26.024000000
180.004632,26.025000000
180.006877,26.026000000
180.009117,26.027000000
180.011145,26.028000000
180.013241,26.029000000
180.015531,26.030000000
180.017676,26.031000000
180.020166,26.032000000
180.022282,26.033000000
180.027210,26.034000000
180.031197,26.035000000
180.037383,26.036000000
180.040931,26.037000000
180.047263,26.038000000
180.049583,26.039000000
180.052051,26.040000000
180.054347,26.041000000
180.064348,26.042000000
180.066912,26.043000000
180.069706,26.044000000
180.072729,26.045000000
180.075128,26.046000000
180.077495,26.047000000
180.084993,26.048000000
180.087992,26.049000000
180.090468,26.050000000
180.093123,26.051000000
180.098485,26.052000000
180.108287,26.053000000
180.110764,26.054000000
180.113166,26.055000000
180.115457,26.056000000
180.117786,26.057000000
180.120097,26.058000000
180.151799,26.059000000
180.159253,26.060000000
180.163033,26.061000000
180.165602,26.062000000
180.183880,26.063000000
180.187290,26.064000000
180.195124,26.065000000
180.197713,26.066000000
180.203850,26.067000000
180.239151,26.068000000
180.241145,26.069000000
180.253762,26.070000000
180.265737,26.071000000
180.282481,26.072000000
180.311283,26.073000000
180.318915,26.074000000
180.332799,26.075000000
180.342021,26.076000000
180.342099,26.077000000
180.365993,26.078000000
180.366514,26.079000000
180.384940,26.080000000
180.394357,26.081000000
180.411081,26.082000000
180.421973,26.083000000
180.433156,26.084000000
180.442584,26.085000000
180.459524,26.086000000
180.466255,26.087000000
180.477106,26.088000000
180.479749,26.089000000
180.486516,26.090000000
180.510407,26.091000000
180.515801,26.092000000
180.521313,26.093000000
180.534448,26.094000000
180.542104,26.095000000
180.547212,26.096000000
180.552490,26.097000000
180.558753,26.098000000
180.583287,26.099000000
180.585669,26.100000000
180.594024,26.101000000
180.596694,26.102000000
180.601332,26.103000000
180.607513,26.104000000
180.615308,26.105000000
180.621153,26.106000000
180.631599,26.107000000
180.637637,26.108000000
180.643275,26.109000000
180.650943,26.110000000
180.674650,26.111000000
180.687297,26.112000000
180.696699,26.113000000
180.702098,26.114000000
180.713031,26.115000000
180.723297,26.116000000
180.734319,26.117000000
180.745252,26.118000000
180.756077,26.119000000
180.777770,26.120000000
180.788211,26.121000000
180.811891,26.122000000
180.829110,26.123000000
180.852698,26.124000000
180.861599,26.125000000
180.862100,26.126000000
180.862469,26.127000000
180.863695,26.128000000
180.867739,26.129000000
180.878717,26.130000000
180.878824,26.131000000
180.878871,26.132000000
180.880161,26.133000000
180.885612,26.134000000
180.885728,26.135000000
180.886566,26.136000000
180.888125,26.137000000
180.895967,26.138000000
180.896398,26.139000000
180.898569,26.140000000
180.906669,26.141000000
180.907161,26.142000000
180.909105,26.143000000
180.917833,26.144000000
180.922179,26.145000000
180.922294,26.146000000
180.922365,26.147000000
180.924204,26.148000000
180.927031,26.149000000
180.952993,26.150000000
180.958098,26.151000000
180.960684,26.152000000
180.979095,26.153000000
180.990421,26.154000000
181.008844,26.155000000
181.013514,26.156000000
181.023206,26.157000000
181.029236,26.158000000
181.041012,26.159000000
181.052328,26.160000000
181.065527,26.161000000
181.076521,26.162000000
181.091118,26.163000000
181.094437,26.164000000
181.103647,26.165000000
181.106096,26.166000000
181.108365,26.167000000
181.111378,26.168000000
181.114632,26.169000000
181.119391,26.170000000
181.121876,26.171000000
181.128599,26.172000000
181.136478,26.173000000
181.138909,26.174000000
181.141607,26.175000000
181.144371,26.176000000
181.147807,26.177000000
181.157200,26.178000000
181.160051,26.179000000
181.172835,26.180000000
181.179919,26.181000000
181.184302,26.182000000
181.201590,26.183000000
181.204582,26.184000000
181.207677,26.185000000
181.214731,26.186000000
181.222195,26.187000000
181.238873,26.188000000
181.259002,26.189000000
181.262563,26.190000000
181.281166,26.191000000
181.295625,26.192000000
181.304601,26.193000000
181.319677,26.194000000
181.325178,26.195000000
181.339648,26.196000000
181.355492,26.197000000
181.367124,26.198000000
181.381631,26.199000000
181.397016,26.200000000
181.405084,26.201000000
181.413283,26.202000000
181.423373,26.203000000
181.437729,26.204000000
181.451554,26.205000000
181.457015,26.206000000
181.464988,26.207000000
181.470175,26.208000000
181.475725,26.209000000
181.481422,26.210000000
181.486490,26.211000000
181.498754,26.212000000
181.500905,26.213000000
181.510303,26.214000000
181.518729,26.215000000
181.526429,26.216000000
181.529498,26.217000000
181.551170,26.218000000
181.568769,26.219000000
181.568818,26.221000000
181.601224,26.222000000
181.613650,26.223000000
181.615623,26.224000000
181.617563,26.225000000
181.619837,26.226000000
181.622155,26.227000000
181.624141,26.228000000
181.626205,26.229000000
181.628220,26.230000000
181.630340,26.231000000
181.632380,26.232000000
181.634691,26.233000000
181.636681,26.234000000
181.638850,26.235000000
181.641723,26.236000000
181.644403,26.237000000
181.646202,26.238000000
181.653625,26.239000000
181.668191,26.240000000
181.675738,26.241000000
181.681175,26.242000000
181.683551,26.243000000
181.686587,26.244000000
181.698255,26.245000000
181.701739,26.246000000
181.710644,26.247000000
181.712647,26.248000000
181.714658,26.249000000
181.716743,26.250000000
181.718848,26.251000000
181.720811,26.252000000
181.724884,26.253000000
181.727073,26.254000000
181.729148,26.255000000
181.731746,26.256000000
181.733372,26.257000000
181.740606,26.258000000
181.747465,26.259000000
181.755005,26.260000000
181.759229,26.261000000
181.762891,26.262000000
181.765858,26.263000000
181.770448,26.264000000
181.777860,26.265000000
181.787711,26.266000000
181.792768,26.267000000
181.796799,26.268000000
181.800986,26.269000000
181.810957,26.270000000
181.821124,26.271000000
181.832059,26.272000000
181.840050,26.273000000
181.851115,26.274000000
181.859304,26.275000000
181.863504,26.276000000
181.868640,26.277000000
181.869503,26.278000000
181.873153,26.279000000
181.875162,26.280000000
181.880437,26.281000000
181.882270,26.282000000
181.887116,26.283000000
181.889094,26.284000000
181.894756,26.285000000
181.896643,26.286000000
181.901681,26.287000000
181.915750,26.288000000
181.918036,26.289000000
181.934420,26.290000000
181.938675,26.291000000
181.940645,26.292000000
181.959114,26.293000000
181.969544,26.294000000
181.972090,26.295000000
181.976341,26.296000000
181.982002,26.297000000
181.984013,26.298000000
181.986034,26.299000000
181.999036,26.300000000
182.004406,26.301000000
182.006359,26.302000000
182.010892,26.303000000
182.012833,26.304000000
182.018193,26.305000000
182.020319,26.306000000
182.022475,26.307000000
182.025047,26.308000000
182.027213,26.309000000
182.029360,26.310000000
182.031389,26.311000000
182.033510,26.312000000
182.035465,26.313000000
182.037394,26.314000000
182.042985,26.315000000
182.060941,26.316000000
182.077786,26.317000000
182.127062,26.318000000
182.127120,26.319000000
182.148150,26.320000000
182.148203,26.322000000
182.161938,26.323000000
182.161986,26.324000000
182.177205,26.325000000
182.186583,26.326000000
182.200921,26.327000000
182.200968,26.328000000
182.215619,26.329000000
182.226156,26.330000000
182.244312,26.331000000
182.244358,26.332000000
182.253585,26.333000000
182.261595,26.334000000
182.278196,26.335000000
182.288735,26.336000000
182.294349,26.337000000
182.323077,26.338000000
182.336706,26.339000000
182.338914,26.340000000
182.341465,26.341000000
182.345444,26.342000000
182.348803,26.343000000
182.355077,26.344000000
182.357252,26.345000000
182.359764,26.346000000
182.361894,26.347000000
182.364436,26.348000000
182.369794,26.349000000
182.371785,26.350000000
182.374986,26.351000000
182.389961,26.352000000
182.403471,26.353000000
182.416962,26.354000000
182.423801,26.355000000
182.433558,26.356000000
182.443539,26.357000000
182.446433,26.358000000
182.448923,26.359000000
182.458678,26.360000000
182.468810,26.361000000
182.487649,26.362000000
182.492587,26.363000000
182.508332,26.364000000
182.511760,26.365000000
182.521858,26.366000000
182.553045,26.367000000
182.558443,26.368000000
182.577862,26.369000000
182.582647,26.370000000
182.590579,26.371000000
182.590627,26.372000000
182.590654,26.373000000
182.598915,26.374000000
182.611288,26.375000000
182.614805,26.376000000
182.625852,26.377000000
182.625898,26.378000000
182.632344,26.379000000
182.632394,26.380000000
182.664910,26.381000000
182.664961,26.383000000
182.675507,26.384000000
182.689549,26.385000000
182.689598,26.386000000
182.705574,26.387000000
182.726862,26.388000000
182.731750,26.389000000
182.767498,26.390000000
182.782751,26.391000000
182.788565,26.392000000
182.801564,26.393000000
182.810231,26.394000000
182.814744,26.395000000
182.821890,26.396000000
182.824165,26.397000000
182.827840,26.398000000
182.834614,26.399000000
182.838815,26.400000000
182.850472,26.401000000
182.854454,26.402000000
182.860457,26.403000000
182.862652,26.404000000
182.867741,26.405000000
182.889323,26.406000000
182.892811,26.407000000
182.898859,26.408000000
182.898903,26.409000000
182.902925,26.410000000
182.906590,26.411000000
182.908698,26.412000000
182.912144,26.413000000
182.914363,26.414000000
182.916343,26.415000000
182.918375,26.416000000
182.943168,26.417000000
182.949931,26.418000000
182.972419,26.419000000
182.975664,26.420000000
182.991389,26.421000000
182.993439,26.422000000
182.997443,26.423000000
183.006659,26.424000000
183.021481,26.425000000
183.039238,26.426000000
183.070913,26.427000000
183.082719,26.428000000
183.093093,26.429000000
183.100455,26.430000000
183.127412,26.431000000
183.139387,26.432000000
183.158105,26.433000000
183.177692,26.434000000
183.183242,26.435000000
183.203952,26.436000000
183.204001,26.437000000
183.211175,26.438000000
183.221686,26.439000000
183.226570,26.440000000
183.233187,26.441000000
183.233229,26.442000000
183.270819,26.443000000
183.286302,26.444000000
183.286906,26.445000000
183.316762,26.446000000
183.354685,26.447000000
183.365040,26.448000000
183.384187,26.449000000
183.396069,26.450000000
183.416861,26.451000000
183.428549,26.452000000
183.428595,26.453000000
183.455678,26.454000000
183.458021,26.455000000
183.474138,26.456000000
183.484364,26.457000000
183.484937,26.458000000
183.515450,26.459000000
183.518773,26.460000000
183.538901,26.461000000
183.540842,26.462000000
183.564487,26.463000000
183.598505,26.464000000
183.615689,26.465000000
183.636228,26.466000000
183.648674,26.467000000
183.654669,26.468000000
183.672295,26.469000000
183.690194,26.470000000
183.704853,26.471000000
183.719610,26.472000000
183.743079,26.473000000
183.743120,26.474000000
183.760576,26.475000000
183.782721,26.476000000
183.796593,26.477000000
183.807465,26.478000000
183.817903,26.479000000
183.838515,26.480000000
183.849833,26.481000000
183.863411,26.482000000
183.901893,26.483000000
183.915969,26.484000000
183.935590,26.485000000
183.943192,26.486000000
183.954593,26.487000000
183.974310,26.488000000
183.979978,26.489000000
183.989733,26.490000000
184.013863,26.491000000
184.013916,26.492000000
184.041914,26.493000000
184.048342,26.494000000
184.066074,26.495000000
184.066138,26.496000000
184.091507,26.497000000
184.099063,26.498000000
184.136164,26.499000000
184.143945,26.500000000
184.151714,26.501000000
184.155661,26.502000000
184.157664,26.503000000
184.163623,26.504000000
184.165600,26.505000000
184.175063,26.506000000
184.177171,26.507000000
184.186862,26.508000000
184.189170,26.509000000
184.195434,26.510000000
184.201138,26.511000000
184.207896,26.512000000
184.209861,26.513000000
184.215994,26.514000000
184.221779,26.515000000
184.228177,26.516000000
184.230042,26.517000000
184.239700,26.518000000
184.241664,26.519000000
184.248812,26.520000000
184.256305,26.521000000
184.258380,26.522000000
184.268336,26.523000000
184.270375,26.524000000
184.272329,26.525000000
184.278684,26.526000000
184.288192,26.527000000
184.289647,26.528000000
184.296018,26.529000000
184.304087,26.530000000
184.306153,26.531000000
184.313981,26.532000000
184.321419,26.533000000
184.327558,26.534000000
184.332205,26.535000000
184.339330,26.536000000
184.359286,26.537000000
184.361430,26.538000000
184.366819,26.539000000
184.374998,26.540000000
184.376371,26.541000000
184.381763,26.542000000
184.383188,26.543000000
184.396029,26.544000000
184.406720,26.545000000
184.425130,26.546000000
184.429596,26.547000000
184.434855,26.548000000
184.457014,26.549000000
184.463444,26.550000000
184.483418,26.551000000
184.491033,26.552000000
184.521499,26.553000000
184.530837,26.554000000
184.555670,26.555000000
184.571389,26.556000000
184.583792,26.557000000
184.595506,26.558000000
184.605989,26.559000000
184.620021,26.560000000
184.635770,26.561000000
184.652142,26.562000000
184.660339,26.563000000
184.679011,26.564000000
184.686121,26.565000000
184.709516,26.566000000
184.720767,26.567000000
184.737481,26.568000000
184.751259,26.569000000
184.759898,26.570000000
184.795381,26.571000000
184.810048,26.572000000
184.824052,26.573000000
184.856922,26.574000000
184.878809,26.575000000
184.884275,26.576000000
184.904750,26.577000000
184.914227,26.578000000
184.926626,26.579000000
184.940812,26.580000000
184.952541,26.581000000
184.972623,26.582000000
184.999721,26.583000000
185.011199,26.584000000
185.018818,26.585000000
185.028463,26.586000000
185.063302,26.587000000
185.071476,26.588000000
185.075787,26.589000000
185.098923,26.590000000
185.119813,26.591000000
185.130522,26.592000000
185.160933,26.593000000
185.161244,26.594000000
185.161292,26.595000000
185.178657,26.596000000
185.178720,26.597000000
185.198515,26.598000000
185.198600,26.599000000
185.209332,26.600000000
185.216400,26.601000000
185.225883,26.602000000
185.232819,26.603000000
185.253759,26.604000000
185.254454,26.605000000
185.271555,26.606000000
185.271613,26.607000000
185.295329,26.608000000
185.295752,26.609000000
185.295867,26.610000000
185.326819,26.611000000
185.337713,26.612000000
185.342409,26.613000000
185.356588,26.614000000
185.361619,26.615000000
185.380529,26.616000000
185.380673,26.617000000
185.381506,26.618000000
185.417205,26.619000000
185.417358,26.620000000
185.436111,26.621000000
185.436260,26.622000000
185.436308,26.623000000
185.445651,26.624000000
185.446473,26.625000000
185.479427,26.626000000
185.481762,26.627000000
185.500683,26.628000000
185.500933,26.629000000
185.516582,26.630000000
185.516783,26.631000000
185.516884,26.632000000
185.532194,26.633000000
185.538514,26.634000000
185.546370,26.635000000
185.564315,26.636000000
185.564371,26.637000000
185.600098,26.638000000
185.602522,26.639000000
185.621790,26.640000000
185.636170,26.641000000
185.639032,26.642000000
185.643638,26.643000000
185.658892,26.644000000
185.668395,26.645000000
185.675230,26.646000000
185.686907,26.647000000
185.687006,26.648000000
185.720095,26.649000000
185.727878,26.650000000
185.739387,26.651000000
185.750594,26.652000000
185.762365,26.653000000
185.781540,26.654000000
185.781671,26.655000000
185.783014,26.656000000
185.792848,26.657000000
185.792938,26.658000000
185.794415,26.659000000
185.805017,26.660000000
185.805107,26.661000000
185.815207,26.662000000
185.825324,26.663000000
185.830452,26.664000000
185.839838,26.665000000
185.839997,26.666000000
185.840044,26.667000000
185.840411,26.668000000
185.859208,26.669000000
185.882388,26.670000000
185.897436,26.671000000
185.906469,26.672000000
185.909060,26.673000000
185.911401,26.674000000
185.919785,26.675000000
185.935193,26.676000000
185.938293,26.677000000
185.941667,26.678000000
185.943892,26.679000000
185.946335,26.680000000
185.948592,26.681000000
185.951089,26.682000000
185.963668,26.683000000
186.010375,26.684000000
186.019378,26.685000000
186.032353,26.686000000
186.041022,26.687000000
186.052743,26.688000000
186.068052,26.689000000
186.075258,26.690000000
186.085941,26.691000000
186.106743,26.692000000
186.133422,26.693000000
186.146367,26.694000000
186.149319,26.695000000
186.151971,26.696000000
186.154291,26.697000000
186.157136,26.698000000
186.159495,26.699000000
186.163423,26.700000000
186.167738,26.701000000
186.170856,26.702000000
186.174195,26.703000000
186.181205,26.704000000
186.185974,26.705000000
186.189580,26.706000000
186.193726,26.707000000
186.198215,26.708000000
186.203027,26.709000000
186.206324,26.710000000
186.224917,26.711000000
186.239499,26.712000000
186.250664,26.713000000
186.265692,26.714000000
186.276244,26.715000000
186.281365,26.716000000
186.286046,26.717000000
186.304088,26.718000000
186.308336,26.719000000
186.310848,26.720000000
186.313171,26.721000000
186.315531,26.722000000
186.318022,26.723000000
186.320806,26.724000000
186.323890,26.725000000
186.334205,26.726000000
186.343965,26.727000000
186.346352,26.728000000
186.358685,26.729000000
186.370144,26.730000000
186.376483,26.731000000
186.379256,26.732000000
186.382695,26.733000000
186.385425,26.734000000
186.390424,26.735000000
186.415169,26.736000000
186.419255,26.737000000
186.438557,26.738000000
186.451715,26.739000000
186.478950,26.740000000
186.484679,26.741000000
186.491997,26.742000000
186.515466,26.743000000
186.523370,26.744000000
186.531645,26.745000000
186.557229,26.746000000
186.566092,26.747000000
186.572340,26.748000000
186.601623,26.749000000
186.616103,26.750000000
186.622580,26.751000000
186.634389,26.752000000
186.649373,26.753000000
186.657902,26.754000000
186.680264,26.755000000
186.683204,26.756000000
186.700583,26.757000000
186.714770,26.758000000
186.717700,26.759000000
186.719977,26.760000000
186.723651,26.761000000
186.728633,26.762000000
186.731176,26.763000000
186.733605,26.764000000
186.753681,26.765000000
186.756364,26.766000000
186.759074,26.767000000
186.761387,26.768000000
186.763791,26.769000000
186.766215,26.770000000
186.768435,26.771000000
186.773453,26.772000000
186.783346,26.773000000
186.794667,26.774000000
186.806760,26.775000000
186.815355,26.776000000
186.830689,26.777000000
186.846684,26.778000000
186.850090,26.779000000
186.866444,26.780000000
186.873964,26.781000000
186.888448,26.782000000
186.892967,26.783000000
186.896530,26.784000000
186.906625,26.785000000
186.915315,26.786000000
186.919907,26.787000000
186.929213,26.788000000
186.938599,26.789000000
186.943475,26.790000000
186.948373,26.791000000
186.958863,26.792000000
186.963164,26.793000000
186.968561,26.794000000
186.979768,26.795000000
186.987304,26.796000000
186.992077,26.797000000
186.999904,26.798000000
187.004407,26.799000000
187.011543,26.800000000
187.023341,26.801000000
187.025714,26.802000000
187.027937,26.803000000
187.030214,26.804000000
187.040812,26.805000000
187.062097,26.806000000
187.079282,26.807000000
187.086628,26.808000000
187.089067,26.809000000
187.091606,26.810000000
187.116338,26.811000000
187.118912,26.812000000
187.152303,26.813000000
187.159776,26.814000000
187.174264,26.815000000
187.176674,26.816000000
187.186169,26.817000000
187.194614,26.818000000
187.207300,26.819000000
187.227247,26.820000000
187.231413,26.821000000
187.235458,26.822000000
187.248731,26.823000000
187.259453,26.824000000
187.265404,26.825000000
187.267831,26.826000000
187.278842,26.827000000
187.285281,26.828000000
187.287633,26.829000000
187.291847,26.830000000
187.299146,26.831000000
187.308323,26.832000000
187.316270,26.833000000
187.328937,26.834000000
187.333352,26.835000000
187.351045,26.836000000
187.357747,26.837000000
187.370890,26.838000000
187.370947,26.839000000
187.378078,26.840000000
187.400979,26.841000000
187.401197,26.842000000
187.401240,26.843000000
187.412664,26.844000000
187.435078,26.845000000
187.439076,26.846000000
187.448605,26.847000000
187.453553,26.848000000
187.458023,26.849000000
187.462162,26.850000000
187.492923,26.851000000
187.504726,26.852000000
187.520463,26.853000000
187.529474,26.854000000
187.533537,26.855000000
187.543046,26.856000000
187.548930,26.857000000
187.569694,26.858000000
187.573801,26.859000000
187.579643,26.860000000
187.585810,26.861000000
187.601567,26.862000000
187.611494,26.863000000
187.625963,26.864000000
187.635945,26.865000000
187.647531,26.866000000
187.658440,26.867000000
187.670383,26.868000000
187.680149,26.869000000
187.708984,26.870000000
187.725360,26.871000000
187.734245,26.872000000
187.757340,26.873000000
187.760223,26.874000000
187.760479,26.875000000
187.767689,26.876000000
187.767736,26.877000000
187.802076,26.878000000
187.812370,26.879000000
187.818622,26.880000000
187.832167,26.881000000
187.835713,26.882000000
187.838422,26.883000000
187.841350,26.884000000
187.843668,26.885000000
187.846020,26.886000000
187.848663,26.887000000
187.853157,26.888000000
187.870749,26.889000000
187.883285,26.890000000
187.892457,26.891000000
187.909194,26.892000000
187.914615,26.893000000
187.923195,26.894000000
187.931779,26.895000000
187.931824,26.897000000
187.934953,26.898000000
187.942464,26.899000000
187.942507,26.901000000
187.947237,26.902000000
187.951963,26.903000000
187.964401,26.904000000
187.977644,26.905000000
187.993231,26.906000000
188.007672,26.907000000
188.017766,26.908000000
188.030204,26.909000000
188.038510,26.910000000
188.047837,26.911000000
188.061137,26.912000000
188.071394,26.913000000
188.083297,26.914000000
188.096070,26.915000000
188.105392,26.916000000
188.112372,26.917000000
188.121063,26.918000000
188.150073,26.919000000
188.157560,26.920000000
188.161974,26.921000000
188.190596,26.922000000
188.199212,26.923000000
188.212574,26.924000000
188.226030,26.925000000
188.228699,26.926000000
188.232434,26.927000000
188.258668,26.928000000
188.269694,26.929000000
188.276557,26.930000000
188.292669,26.931000000
188.312403,26.932000000
188.314270,26.933000000
188.323141,26.934000000
188.328946,26.935000000
188.339464,26.936000000
188.343147,26.937000000
188.356456,26.938000000
188.368728,26.939000000
188.380667,26.940000000
188.384034,26.941000000
188.388533,26.942000000
188.400590,26.943000000
188.410634,26.944000000
188.411060,26.945000000
188.420768,26.946000000
188.428516,26.947000000
188.428935,26.948000000
188.438935,26.949000000
188.439488,26.950000000
188.449545,26.951000000
188.463272,26.952000000
188.466023,26.953000000
188.474071,26.954000000
188.479625,26.955000000
188.489709,26.956000000
188.489765,26.957000000
188.497698,26.958000000
188.502288,26.959000000
188.509619,26.960000000
188.519269,26.961000000
188.524271,26.962000000
188.529586,26.963000000
188.534005,26.964000000
188.551362,26.965000000
188.551419,26.966000000
188.552140,26.967000000
188.561018,26.968000000
188.570140,26.969000000
188.574891,26.970000000
188.575554,26.971000000
188.594068,26.972000000
188.594125,26.973000000
188.594164,26.974000000
188.604790,26.975000000
188.604869,26.976000000
188.611888,26.977000000
188.614525,26.978000000
188.621688,26.979000000
188.638373,26.980000000
188.644141,26.981000000
188.648529,26.982000000
188.666918,26.983000000
188.672603,26.984000000
188.679213,26.985000000
188.679598,26.986000000
188.697510,26.987000000
188.699372,26.988000000
188.713974,26.989000000
188.731164,26.990000000
188.744853,26.991000000
188.756600,26.992000000
188.764406,26.993000000
188.781415,26.994000000
188.795155,26.995000000
188.807476,26.996000000
188.814355,26.997000000
188.823298,26.998000000
188.835476,26.999000000
188.844373,27.000000000
188.860004,27.001000000
188.865322,27.002000000
188.868733,27.003000000
188.873154,27.004000000
188.878776,27.005000000
188.884159,27.006000000
188.886533,27.007000000
188.891751,27.008000000
188.893955,27.009000000
188.906039,27.010000000
188.915659,27.011000000
188.920848,27.012000000
188.923208,27.013000000
188.925409,27.014000000
188.954878,27.015000000
188.957240,27.016000000
188.959836,27.017000000
188.972726,27.018000000
188.979348,27.019000000
188.985014,27.020000000
188.991315,27.021000000
188.993851,27.022000000
189.028346,27.023000000
189.041623,27.024000000
189.041680,27.025000000
189.051764,27.026000000
189.054676,27.027000000
189.056827,27.028000000
189.059103,27.029000000
189.061163,27.030000000
189.063251,27.031000000
189.067733,27.032000000
189.078567,27.033000000
189.083346,27.034000000
189.087600,27.035000000
189.092155,27.036000000
189.096595,27.037000000
189.100599,27.038000000
189.104901,27.039000000
189.108540,27.040000000
189.112257,27.041000000
189.116587,27.042000000
189.122341,27.043000000
189.126541,27.044000000
189.132310,27.045000000
189.135550,27.046000000
189.141535,27.047000000
189.146271,27.048000000
189.150937,27.049000000
189.155150,27.050000000
189.157992,27.051000000
189.165287,27.052000000
189.165533,27.053000000
189.200077,27.054000000
189.212936,27.055000000
189.217371,27.056000000
189.243379,27.057000000
189.243435,27.058000000
189.269626,27.059000000
189.280073,27.060000000
189.288770,27.061000000
189.297888,27.062000000
189.308907,27.063000000
189.327033,27.064000000
189.330985,27.065000000
189.341079,27.066000000
189.353586,27.067000000
189.366225,27.068000000
189.371276,27.069000000
189.377681,27.070000000
189.383221,27.071000000
189.386948,27.072000000
189.405478,27.073000000
189.418668,27.074000000
189.426923,27.075000000
189.434946,27.076000000
189.447376,27.077000000
189.466468,27.078000000
189.481737,27.079000000
189.481822,27.080000000
189.505938,27.081000000
189.529512,27.082000000
189.548109,27.083000000
189.557450,27.084000000
189.568152,27.085000000
189.581260,27.086000000
189.587204,27.087000000
189.615810,27.088000000
189.625091,27.089000000
189.634897,27.090000000
189.647524,27.091000000
189.673309,27.092000000
189.683646,27.093000000
189.692918,27.094000000
189.706289,27.095000000
189.717669,27.096000000
189.725519,27.097000000
189.745188,27.098000000
189.751530,27.099000000
189.766819,27.100000000
189.779967,27.101000000
189.791250,27.102000000
189.804295,27.103000000
189.831722,27.104000000
189.831793,27.105000000
189.831825,27.106000000
189.836637,27.107000000
189.866031,27.108000000
189.866088,27.109000000
189.867725,27.110000000
189.871437,27.111000000
189.871661,27.112000000
189.876559,27.113000000
189.876605,27.114000000
189.896266,27.115000000
189.900389,27.116000000
189.910386,27.117000000
189.921283,27.118000000
189.929292,27.119000000
189.933358,27.120000000
189.937220,27.121000000
189.948737,27.122000000
189.964308,27.123000000
189.964356,27.124000000
189.978417,27.125000000
189.990999,27.126000000
189.991052,27.127000000
190.000306,27.128000000
190.011436,27.129000000
190.019450,27.130000000
190.019494,27.131000000
190.037244,27.132000000
190.038907,27.133000000
190.049309,27.134000000
190.052734,27.135000000
190.071661,27.136000000
190.071712,27.137000000
190.085659,27.138000000
190.101941,27.139000000
190.114105,27.140000000
190.126722,27.141000000
190.139152,27.142000000
190.148713,27.143000000
190.179510,27.144000000
190.199111,27.145000000
190.209182,27.146000000
190.216264,27.147000000
190.236306,27.148000000
190.252945,27.149000000
190.254430,27.150000000
190.270542,27.151000000
190.279113,27.152000000
190.288280,27.153000000
190.297173,27.154000000
190.317536,27.155000000
190.347846,27.156000000
190.360401,27.157000000
190.369212,27.158000000
190.375554,27.159000000
190.405783,27.160000000
190.414310,27.161000000
190.428516,27.162000000
190.440388,27.163000000
190.455154,27.164000000
190.465492,27.165000000
190.478098,27.166000000
190.491649,27.167000000
190.505332,27.168000000
190.515977,27.169000000
190.523169,27.170000000
190.529754,27.171000000
190.543231,27.172000000
190.553199,27.173000000
190.560150,27.174000000
190.566006,27.175000000
190.572718,27.176000000
190.596353,27.177000000
190.601702,27.178000000
190.607957,27.179000000
190.621730,27.180000000
190.627439,27.181000000
190.633495,27.182000000
190.637527,27.183000000
190.661707,27.184000000
190.668022,27.185000000
190.674160,27.186000000
190.689358,27.187000000
190.695693,27.188000000
190.725629,27.189000000
190.735199,27.190000000
190.747500,27.191000000
190.755117,27.192000000
190.766619,27.193000000
190.777800,27.194000000
190.790365,27.195000000
190.804203,27.196000000
190.814054,27.197000000
190.819513,27.198000000
190.826826,27.199000000
190.836119,27.200000000
190.841642,27.201000000
190.847627,27.202000000
190.854041,27.203000000
190.875051,27.204000000
190.881458,27.205000000
190.887043,27.206000000
190.912441,27.207000000
190.919061,27.208000000
190.931098,27.209000000
190.940964,27.210000000
190.952324,27.211000000
190.957938,27.212000000
190.978278,27.213000000
190.984068,27.214000000
190.992618,27.215000000
191.019286,27.216000000
191.019329,27.217000000
191.030499,27.218000000
191.041804,27.219000000
191.075405,27.220000000
191.075675,27.221000000
191.098042,27.222000000
191.104377,27.223000000
191.120264,27.224000000
191.142997,27.225000000
191.145254,27.226000000
191.163560,27.227000000
191.173469,27.228000000
191.177004,27.229000000
191.183732,27.230000000
191.186871,27.231000000
191.199272,27.232000000
191.219489,27.233000000
191.220301,27.234000000
191.235398,27.235000000
191.235446,27.236000000
191.261120,27.237000000
191.266440,27.238000000
191.272177,27.239000000
191.286683,27.240000000
191.295709,27.241000000
191.315631,27.242000000
191.319321,27.243000000
191.331512,27.244000000
191.331559,27.245000000
191.348449,27.246000000
191.348724,27.247000000
191.357730,27.248000000
191.382515,27.249000000
191.411373,27.250000000
191.416621,27.251000000
191.436239,27.252000000
191.437552,27.253000000
191.448173,27.254000000
191.458202,27.255000000
191.475241,27.256000000
191.484892,27.257000000
191.503298,27.258000000
191.511318,27.259000000
191.514475,27.260000000
191.533724,27.261000000
191.537929,27.262000000
191.547325,27.263000000
191.566594,27.264000000
191.571686,27.265000000
191.580387,27.266000000
191.591808,27.267000000
191.595194,27.268000000
191.604002,27.269000000
191.610593,27.270000000
191.655663,27.271000000
191.665899,27.272000000
191.676908,27.273000000
191.689526,27.274000000
191.703485,27.275000000
191.713629,27.276000000
191.732949,27.277000000
191.743206,27.278000000
191.751426,27.279000000
191.763373,27.280000000
191.773648,27.281000000
191.784736,27.282000000
191.797664,27.283000000
191.807764,27.284000000
191.819643,27.285000000
191.830040,27.286000000
191.840349,27.287000000
191.848430,27.288000000
191.875985,27.289000000
191.882818,27.290000000
191.906515,27.291000000
191.918239,27.292000000
191.924968,27.293000000
191.929617,27.294000000
191.937003,27.295000000
191.942817,27.296000000
191.947115,27.297000000
191.968518,27.298000000
191.973887,27.299000000
191.982385,27.300000000
192.002859,27.301000000
192.006166,27.302000000
192.012660,27.303000000
192.016327,27.304000000
192.023230,27.305000000
192.029044,27.306000000
192.050472,27.307000000
192.055218,27.308000000
192.075660,27.309000000
192.083470,27.310000000
192.090271,27.311000000
192.096727,27.312000000
192.102876,27.313000000
192.112497,27.314000000
192.120659,27.315000000
192.138913,27.316000000
192.151797,27.317000000
192.159150,27.318000000
192.168693,27.319000000
192.188773,27.320000000
192.188820,27.321000000
192.204384,27.322000000
192.215328,27.323000000
192.219715,27.324000000
192.237791,27.325000000
192.237830,27.326000000
192.252350,27.327000000
192.256322,27.328000000
192.269768,27.329000000
192.287751,27.330000000
192.289285,27.331000000
192.306560,27.332000000
192.306607,27.333000000
192.328575,27.334000000
192.333664,27.335000000
192.355973,27.336000000
192.371333,27.337000000
192.380174,27.338000000
192.388203,27.339000000
192.408935,27.340000000
192.422291,27.341000000
192.432165,27.342000000
192.436426,27.343000000
192.456356,27.344000000
192.478106,27.345000000
192.489336,27.346000000
192.499527,27.347000000
192.511646,27.348000000
192.525035,27.349000000
192.535687,27.350000000
192.547659,27.351000000
192.560279,27.352000000
192.572014,27.353000000
192.584118,27.354000000
192.596357,27.355000000
192.600900,27.356000000
192.612691,27.357000000
192.640351,27.358000000
192.644162,27.359000000
192.670793,27.360000000
192.691747,27.361000000
192.704251,27.362000000
192.717386,27.363000000
192.727183,27.364000000
192.737301,27.365000000
192.737683,27.366000000
192.748441,27.367000000
192.751551,27.368000000
192.776675,27.369000000
192.781516,27.370000000
192.790771,27.371000000
192.800428,27.372000000
192.804409,27.373000000
192.835098,27.374000000
192.842465,27.375000000
192.855650,27.376000000
192.860995,27.377000000
192.875667,27.378000000
192.879174,27.379000000
192.893152,27.380000000
192.910778,27.381000000
192.918629,27.382000000
192.928780,27.383000000
192.936701,27.384000000
192.936737,27.385000000
192.947496,27.386000000
192.973160,27.387000000
192.985636,27.388000000
192.985679,27.389000000
192.991460,27.390000000
193.014456,27.391000000
193.024464,27.392000000
193.024505,27.393000000
193.041668,27.394000000
193.048287,27.395000000
193.056190,27.396000000
193.056231,27.397000000
193.082461,27.398000000
193.082504,27.399000000
193.087778,27.400000000
193.099689,27.401000000
193.099756,27.402000000
193.109795,27.403000000
193.115168,27.404000000
193.127223,27.405000000
193.127262,27.406000000
193.150197,27.407000000
193.169428,27.408000000
193.175239,27.409000000
193.183045,27.410000000
193.198655,27.411000000
193.212794,27.412000000
193.236797,27.413000000
193.236838,27.415000000
193.240685,27.416000000
193.240724,27.417000000
193.251540,27.418000000
193.251583,27.421000000
193.253264,27.422000000
193.259711,27.423000000
193.260060,27.424000000
193.260132,27.425000000
193.269967,27.426000000
193.270007,27.429000000
193.270654,27.430000000
193.277594,27.431000000
193.277640,27.432000000
193.277668,27.433000000
193.287538,27.434000000
193.287580,27.436000000
193.290177,27.437000000
193.299550,27.438000000
193.299611,27.439000000
193.299651,27.440000000
193.299689,27.441000000
193.305286,27.442000000
193.311187,27.443000000
193.313684,27.444000000
193.323094,27.445000000
193.333476,27.446000000
193.341635,27.447000000
193.344268,27.448000000
193.352549,27.449000000
193.357908,27.450000000
193.361772,27.451000000
193.383553,27.452000000
193.418477,27.453000000
193.424867,27.454000000
193.432477,27.455000000
193.442662,27.456000000
193.445388,27.457000000
193.463679,27.458000000
193.483862,27.459000000
193.491299,27.460000000
193.499470,27.461000000
193.511224,27.462000000
193.514285,27.463000000
193.523312,27.464000000
193.532821,27.465000000
193.538836,27.466000000
193.549206,27.467000000
193.558776,27.468000000
193.567041,27.469000000
193.572423,27.470000000
193.580555,27.471000000
193.589670,27.472000000
193.594058,27.473000000
193.611166,27.474000000
193.624422,27.475000000
193.654628,27.476000000
193.669166,27.477000000
193.673519,27.478000000
193.697039,27.479000000
193.699407,27.480000000
193.701850,27.481000000
193.705748,27.482000000
193.715101,27.483000000
193.717967,27.484000000
193.730578,27.485000000
193.737427,27.486000000
193.739865,27.487000000
193.742207,27.488000000
193.749303,27.489000000
193.754990,27.490000000
193.757254,27.491000000
193.759919,27.492000000
193.765339,27.493000000
193.794069,27.494000000
193.800888,27.495000000
193.807401,27.496000000
193.809917,27.497000000
193.812741,27.498000000
193.821376,27.499000000
193.823937,27.500000000
193.829648,27.501000000
193.832946,27.502000000
193.844138,27.503000000
193.858427,27.504000000
193.866003,27.505000000
193.870492,27.506000000
193.877468,27.507000000
193.880176,27.508000000
193.883358,27.509000000
193.890947,27.510000000
193.898474,27.511000000
193.919574,27.512000000
193.927676,27.513000000
193.935899,27.514000000
193.940624,27.515000000
193.949463,27.516000000
193.960278,27.517000000
193.966320,27.518000000
193.979177,27.519000000
193.981864,27.520000000
193.993575,27.521000000
194.003293,27.522000000
194.009090,27.523000000
194.017779,27.524000000
194.022175,27.525000000
194.032028,27.526000000
194.039585,27.527000000
194.044232,27.528000000
194.050771,27.529000000
194.056740,27.530000000
194.059549,27.531000000
194.062508,27.532000000
194.067267,27.533000000
194.069727,27.534000000
194.078183,27.535000000
194.093842,27.536000000
194.096514,27.537000000
194.104534,27.538000000
194.107143,27.539000000
194.112760,27.540000000
194.115350,27.541000000
194.121861,27.542000000
194.124288,27.543000000
194.131190,27.544000000
194.145389,27.545000000
194.148727,27.546000000
194.167750,27.547000000
194.171433,27.548000000
194.180415,27.549000000
194.185040,27.550000000
194.187752,27.551000000
194.194345,27.552000000
194.201772,27.553000000
194.213182,27.554000000
194.227449,27.555000000
194.231487,27.556000000
194.239724,27.557000000
194.255020,27.558000000
194.258431,27.559000000
194.275274,27.560000000
194.291968,27.561000000
194.308351,27.562000000
194.318449,27.563000000
194.328155,27.564000000
194.333766,27.565000000
194.342077,27.566000000
194.349446,27.567000000
194.359744,27.568000000
194.364249,27.569000000
194.372904,27.570000000
194.380390,27.571000000
194.390476,27.572000000
194.395220,27.573000000
194.403658,27.574000000
194.413009,27.575000000
194.417910,27.576000000
194.430139,27.577000000
194.434143,27.578000000
194.443394,27.579000000
194.459576,27.580000000
194.475634,27.581000000
194.491995,27.582000000
194.502935,27.583000000
194.513048,27.584000000
194.532046,27.585000000
194.534663,27.586000000
194.562204,27.587000000
194.575276,27.588000000
194.586686,27.589000000
194.592558,27.590000000
194.603636,27.591000000
194.623526,27.592000000
194.639158,27.593000000
194.641803,27.594000000
194.649408,27.595000000
194.651799,27.596000000
194.666824,27.597000000
194.685719,27.598000000
194.696403,27.599000000
194.701647,27.600000000
194.707886,27.601000000
194.716718,27.602000000
194.724972,27.603000000
194.734479,27.604000000
194.740073,27.605000000
194.749702,27.606000000
194.756802,27.607000000
194.765864,27.608000000
194.773172,27.609000000
194.779496,27.610000000
194.789820,27.611000000
194.796376,27.612000000
194.805337,27.613000000
194.815390,27.614000000
194.817982,27.615000000
194.820827,27.616000000
194.846288,27.617000000
194.857922,27.618000000
194.869864,27.619000000
194.875874,27.620000000
194.895932,27.621000000
194.898599,27.622000000
194.914880,27.623000000
194.941879,27.624000000
194.947688,27.625000000
194.950436,27.626000000
194.954108,27.627000000
194.956721,27.628000000
194.967741,27.629000000
194.971226,27.630000000
194.974237,27.631000000
194.976834,27.632000000
194.979569,27.633000000
194.991290,27.634000000
194.994112,27.635000000
194.998242,27.636000000
195.002974,27.637000000
195.007629,27.638000000
195.011352,27.639000000
195.014093,27.640000000
195.016504,27.641000000
195.023196,27.642000000
195.038447,27.643000000
195.046084,27.644000000
195.058815,27.645000000
195.075487,27.646000000
195.080033,27.647000000
195.091611,27.648000000
195.102005,27.649000000
195.105368,27.650000000
195.116620,27.651000000
195.124323,27.652000000
195.135621,27.653000000
195.137845,27.654000000
195.149584,27.655000000
195.152631,27.656000000
195.159584,27.657000000
195.170853,27.658000000
195.175080,27.659000000
195.181631,27.660000000
195.195824,27.661000000
195.200136,27.662000000
195.226761,27.663000000
195.229381,27.664000000
195.251611,27.665000000
195.275405,27.666000000
195.278819,27.667000000
195.285712,27.668000000
195.291085,27.669000000
195.291137,27.670000000
195.311706,27.671000000
195.322128,27.672000000
195.351984,27.673000000
195.354686,27.674000000
195.368305,27.675000000
195.375839,27.676000000
195.382293,27.677000000
195.408332,27.678000000
195.417989,27.679000000
195.436572,27.680000000
195.447713,27.681000000
195.463182,27.682000000
195.468528,27.683000000
195.487173,27.684000000
195.494900,27.685000000
195.518071,27.686000000
195.518235,27.687000000
195.520734,27.688000000
195.531297,27.689000000
195.533414,27.690000000
195.539985,27.691000000
195.551399,27.692000000
195.554059,27.693000000
195.596542,27.694000000
195.610947,27.695000000
195.621284,27.696000000
195.623949,27.697000000
195.630086,27.698000000
195.638740,27.699000000
195.644623,27.700000000
195.656272,27.701000000
195.668550,27.702000000
195.671497,27.703000000
195.688027,27.704000000
195.694690,27.705000000
195.713777,27.706000000
195.718943,27.707000000
195.723213,27.708000000
195.731450,27.709000000
195.739280,27.710000000
195.760563,27.711000000
195.766295,27.712000000
195.779138,27.713000000
195.788834,27.714000000
195.798984,27.715000000
195.806188,27.716000000
195.817641,27.717000000
195.820563,27.718000000
195.837286,27.719000000
195.843556,27.720000000
195.851512,27.721000000
195.858727,27.722000000
195.865499,27.723000000
195.886173,27.724000000
195.895602,27.725000000
195.902981,27.726000000
195.926528,27.727000000
195.929914,27.728000000
195.938463,27.729000000
195.954525,27.730000000
195.960055,27.731000000
195.964765,27.732000000
195.986026,27.733000000
195.990541,27.734000000
195.997570,27.735000000
196.001710,27.736000000
196.007120,27.737000000
196.033022,27.738000000
196.039876,27.739000000
196.051125,27.740000000
196.059156,27.741000000
196.065877,27.742000000
196.086905,27.743000000
196.096287,27.744000000
196.103627,27.745000000
196.110673,27.746000000
196.113780,27.747000000
196.127410,27.748000000
196.137282,27.749000000
196.140676,27.750000000
196.144735,27.751000000
196.166445,27.752000000
196.172345,27.753000000
196.177647,27.754000000
196.217049,27.755000000
196.219739,27.756000000
196.232448,27.757000000
196.238618,27.758000000
196.248266,27.759000000
196.270683,27.760000000
196.275012,27.761000000
196.281255,27.762000000
196.293577,27.763000000
196.303443,27.764000000
196.332592,27.765000000
196.336411,27.766000000
196.345609,27.767000000
196.356448,27.768000000
196.366901,27.769000000
196.372847,27.770000000
196.388005,27.771000000
196.392346,27.772000000
196.399233,27.773000000
196.405080,27.774000000
196.410489,27.775000000
196.422317,27.776000000
196.422365,27.777000000
196.441813,27.778000000
196.449904,27.779000000
196.453385,27.780000000
196.465005,27.781000000
196.466091,27.782000000
196.475422,27.783000000
196.490982,27.784000000
196.500755,27.785000000
196.510900,27.786000000
196.521957,27.787000000
196.531926,27.788000000
196.537543,27.789000000
196.547822,27.790000000
196.557751,27.791000000
196.565254,27.792000000
196.581772,27.793000000
196.590858,27.794000000
196.604323,27.795000000
196.612590,27.796000000
196.632293,27.797000000
196.643803,27.798000000
196.654096,27.799000000
196.660827,27.800000000
196.670524,27.801000000
196.678423,27.802000000
196.686720,27.803000000
196.697792,27.804000000
196.703672,27.805000000
196.713313,27.806000000
196.721236,27.807000000
196.730880,27.808000000
196.740467,27.809000000
196.748466,27.810000000
196.756777,27.811000000
196.777453,27.812000000
196.784120,27.813000000
196.796385,27.814000000
196.807678,27.815000000
196.815692,27.816000000
196.826056,27.817000000
196.834995,27.818000000
196.843549,27.819000000
196.853543,27.820000000
196.861061,27.821000000
196.870803,27.822000000
196.880367,27.823000000
196.890808,27.824000000
196.906658,27.825000000
196.920385,27.826000000
196.931064,27.827000000
196.940563,27.828000000
196.951635,27.829000000
196.958722,27.830000000
196.968033,27.831000000
196.975079,27.832000000
196.981303,27.833000000
196.991644,27.834000000
197.003907,27.835000000
197.011708,27.836000000
197.019791,27.837000000
197.028576,27.838000000
197.035006,27.839000000
197.046703,27.840000000
197.057096,27.841000000
197.059590,27.842000000
197.069863,27.843000000
197.077536,27.844000000
197.086006,27.845000000
197.095828,27.846000000
197.121243,27.847000000
197.128179,27.848000000
197.133871,27.849000000
197.156172,27.850000000
197.161849,27.851000000
197.201690,27.852000000
197.229327,27.853000000
197.236612,27.854000000
197.251079,27.855000000
197.253920,27.856000000
197.287989,27.857000000
197.295005,27.858000000
197.301224,27.859000000
197.311760,27.860000000
197.315686,27.861000000
197.320612,27.862000000
197.323897,27.863000000
197.329702,27.864000000
197.332053,27.865000000
197.337356,27.866000000
197.341374,27.867000000
197.345681,27.868000000
197.349482,27.869000000
197.352136,27.870000000
197.354501,27.871000000
197.386607,27.872000000
197.404758,27.873000000
197.412091,27.874000000
197.420385,27.875000000
197.431655,27.876000000
197.431777,27.877000000
197.439754,27.878000000
197.476700,27.879000000
197.488669,27.880000000
197.499780,27.881000000
197.510611,27.882000000
197.510999,27.883000000
197.511053,27.884000000
197.524902,27.885000000
197.545392,27.886000000
197.575608,27.887000000
197.584401,27.888000000
197.584465,27.889000000
197.592050,27.890000000
197.599701,27.891000000
197.609941,27.892000000
197.610077,27.893000000
197.625678,27.894000000
197.625806,27.895000000
197.640491,27.896000000
197.640629,27.897000000
197.651550,27.898000000
197.671823,27.899000000
197.679343,27.900000000
197.687871,27.901000000
197.696511,27.902000000
197.705359,27.903000000
197.715253,27.904000000
197.727035,27.905000000
197.729364,27.906000000
197.741158,27.907000000
197.770420,27.908000000
197.778640,27.909000000
197.801101,27.910000000
197.808448,27.911000000
197.818455,27.912000000
197.820899,27.913000000
197.831346,27.914000000
197.831454,27.915000000
197.870860,27.916000000
197.885845,27.917000000
197.899431,27.918000000
197.907075,27.919000000
197.907236,27.920000000
197.919589,27.921000000
197.924139,27.922000000
197.927575,27.923000000
197.929991,27.924000000
197.932364,27.925000000
197.942185,27.926000000
197.945544,27.927000000
197.948218,27.928000000
197.950844,27.929000000
197.962061,27.930000000
197.962119,27.931000000
197.962159,27.932000000
197.963871,27.933000000
197.966107,27.934000000
197.968386,27.935000000
197.970583,27.936000000
197.972848,27.937000000
197.975244,27.938000000
197.977625,27.939000000
197.979906,27.940000000
197.982037,27.941000000
198.020532,27.942000000
198.024264,27.943000000
198.028781,27.944000000
198.032012,27.945000000
198.039448,27.946000000
198.042741,27.947000000
198.053290,27.948000000
198.057593,27.949000000
198.067217,27.950000000
198.071469,27.951000000
198.079296,27.952000000
198.082994,27.953000000
198.086833,27.954000000
198.105205,27.955000000
198.105256,27.956000000
198.105551,27.957000000
198.109560,27.958000000
198.111671,27.959000000
198.115190,27.960000000
198.117226,27.961000000
198.121535,27.962000000
198.123771,27.963000000
198.130399,27.964000000
198.132420,27.965000000
198.134446,27.966000000
198.136536,27.967000000
198.138772,27.968000000
198.141458,27.969000000
198.143930,27.970000000
198.151253,27.971000000
198.155224,27.972000000
198.175493,27.973000000
198.177440,27.974000000
198.181622,27.975000000
198.192944,27.976000000
198.205689,27.977000000
198.214070,27.978000000
198.242282,27.979000000
198.249658,27.980000000
198.254912,27.981000000
198.267053,27.982000000
198.275699,27.983000000
198.283035,27.984000000
198.306869,27.985000000
198.318168,27.986000000
198.330376,27.987000000
198.334345,27.988000000
198.345335,27.989000000
198.355647,27.990000000
198.365281,27.991000000
198.375035,27.992000000
198.384312,27.993000000
198.396224,27.994000000
198.406409,27.995000000
198.414100,27.996000000
198.420599,27.997000000
198.426634,27.998000000
198.430769,27.999000000
198.441973,28.000000000
198.448028,28.001000000
198.451648,28.002000000
198.457154,28.003000000
198.464021,28.004000000
198.485205,28.005000000
198.507118,28.006000000
198.509479,28.007000000
198.532813,28.008000000
198.547873,28.009000000
198.555858,28.010000000
198.579097,28.011000000
198.596360,28.012000000
198.604480,28.013000000
198.619902,28.014000000
198.628121,28.015000000
198.653071,28.016000000
198.666917,28.017000000
198.676386,28.018000000
198.692556,28.019000000
198.696311,28.020000000
198.716401,28.021000000
198.735258,28.022000000
198.746584,28.023000000
198.756474,28.024000000
198.765034,28.025000000
198.809824,28.026000000
198.812107,28.027000000
198.825655,28.028000000
198.870266,28.029000000
198.877633,28.030000000
198.888329,28.031000000
198.888380,28.032000000
198.895177,28.033000000
198.920253,28.034000000
198.928369,28.035000000
198.932099,28.036000000
198.947782,28.037000000
198.950076,28.038000000
198.962150,28.039000000
198.993165,28.040000000
199.015898,28.041000000
199.016491,28.042000000
199.038768,28.043000000
199.044294,28.044000000
199.054618,28.045000000
199.064900,28.046000000
199.080882,28.047000000
199.083042,28.048000000
199.092102,28.049000000
199.096799,28.050000000
199.103276,28.051000000
199.116045,28.052000000
199.120081,28.053000000
199.131690,28.054000000
199.133978,28.055000000
199.161566,28.056000000
199.170089,28.057000000
199.170192,28.058000000
199.192984,28.059000000
199.193032,28.060000000
199.197687,28.061000000
199.234102,28.062000000
199.242364,28.063000000
199.254745,28.064000000
199.263612,28.065000000
199.269653,28.066000000
199.295898,28.067000000
199.309488,28.068000000
199.329770,28.069000000
199.337277,28.070000000
199.356003,28.071000000
199.373214,28.072000000
199.391010,28.073000000
199.396893,28.074000000
199.402554,28.075000000
199.411726,28.076000000
199.418676,28.077000000
199.419267,28.078000000
199.427792,28.079000000
199.448185,28.080000000
199.448236,28.081000000
199.479657,28.082000000
199.481758,28.083000000
199.492834,28.084000000
199.503472,28.085000000
199.509641,28.086000000
199.520012,28.087000000
199.547681,28.088000000
199.549959,28.089000000
199.552090,28.090000000
199.559561,28.091000000
199.576641,28.092000000
199.590541,28.093000000
199.630362,28.094000000
199.638939,28.095000000
199.638986,28.096000000
199.658760,28.097000000
199.667873,28.098000000
199.675585,28.099000000
199.708338,28.100000000
199.718589,28.101000000
199.725311,28.102000000
199.730715,28.103000000
199.747747,28.104000000
199.759706,28.105000000
199.761568,28.106000000
199.793201,28.107000000
199.793285,28.108000000
199.817025,28.109000000
199.817520,28.110000000
199.835902,28.111000000
199.844135,28.112000000
199.856362,28.113000000
199.869795,28.114000000
199.878109,28.115000000
199.886436,28.116000000
199.919655,28.117000000
199.924441,28.118000000
199.934537,28.119000000
199.940743,28.120000000
199.959197,28.121000000
199.974899,28.122000000
199.981536,28.123000000
199.991538,28.124000000
200.001442,28.125000000
200.018149,28.126000000
200.028870,28.127000000
200.055459,28.128000000
200.060776,28.129000000
200.074783,28.130000000
200.082885,28.131000000
200.104846,28.132000000
200.119902,28.133000000
200.130071,28.134000000
200.133231,28.135000000
200.145514,28.136000000
200.149696,28.137000000
200.176010,28.138000000
200.180372,28.139000000
200.194745,28.140000000
200.203848,28.141000000
200.235100,28.142000000
200.244470,28.143000000
200.252046,28.144000000
200.262949,28.145000000
200.271796,28.146000000
200.282855,28.147000000
200.293770,28.148000000
200.303260,28.149000000
200.311079,28.150000000
200.332928,28.151000000
200.341456,28.152000000
200.358171,28.153000000
200.362853,28.154000000
200.368439,28.155000000
200.393282,28.156000000
200.401222,28.157000000
200.425788,28.158000000
200.437617,28.159000000
200.443006,28.160000000
200.472675,28.161000000
200.483179,28.162000000
200.508996,28.163000000
200.511942,28.164000000
200.521343,28.165000000
200.534563,28.166000000
200.538691,28.167000000
200.548987,28.168000000
200.579772,28.169000000
200.591753,28.170000000
200.603543,28.171000000
200.604426,28.172000000
200.609680,28.173000000
200.614317,28.174000000
200.619493,28.175000000
200.621513,28.176000000
200.623938,28.177000000
200.632214,28.178000000
200.640047,28.179000000
200.640094,28.180000000
200.647212,28.181000000
200.653014,28.182000000
200.657042,28.183000000
200.663052,28.184000000
200.672808,28.185000000
200.680855,28.186000000
200.684893,28.187000000
200.701138,28.188000000
200.711654,28.189000000
200.717267,28.190000000
200.726100,28.191000000
200.731184,28.192000000
200.756670,28.193000000
200.762194,28.194000000
200.767946,28.195000000
200.774122,28.196000000
200.796178,28.197000000
200.801894,28.198000000
200.806667,28.199000000
200.813241,28.200000000
200.819704,28.201000000
200.825710,28.202000000
200.844646,28.203000000
200.852422,28.204000000
200.870834,28.205000000
200.871172,28.206000000
200.877019,28.207000000
200.880584,28.208000000
200.886402,28.209000000
200.888552,28.210000000
200.895843,28.211000000
200.900167,28.212000000
200.905143,28.213000000
200.908192,28.214000000
200.919471,28.215000000
200.925957,28.216000000
200.928019,28.217000000
200.935317,28.218000000
200.945579,28.219000000
200.954006,28.220000000
200.958234,28.221000000
200.962660,28.222000000
200.977078,28.223000000
200.982322,28.224000000
200.991708,28.225000000
201.001286,28.226000000
201.007931,28.227000000
201.019446,28.228000000
201.027810,28.229000000
201.046607,28.230000000
201.058607,28.231000000
201.070591,28.232000000
201.088208,28.233000000
201.096293,28.234000000
201.118602,28.235000000
201.122612,28.236000000
201.155270,28.237000000
201.162810,28.238000000
201.164893,28.239000000
201.166869,28.240000000
201.185104,28.241000000
201.191692,28.242000000
201.193694,28.243000000
201.201065,28.244000000
201.207825,28.245000000
201.210472,28.246000000
201.236186,28.247000000
201.252231,28.248000000
201.262781,28.249000000
201.288747,28.250000000
201.314207,28.251000000
201.316693,28.252000000
201.328167,28.253000000
201.328209,28.254000000
201.334179,28.255000000
201.336720,28.256000000
201.353250,28.257000000
201.353327,28.258000000
201.360907,28.259000000
201.360946,28.260000000
201.369663,28.261000000
201.380064,28.262000000
201.380101,28.263000000
201.390055,28.264000000
201.390096,28.265000000
201.399327,28.266000000
201.410534,28.267000000
201.413047,28.268000000
201.433439,28.269000000
201.433564,28.270000000
201.434049,28.271000000
201.441643,28.272000000
201.458191,28.273000000
201.465433,28.274000000
201.465863,28.275000000
201.501347,28.276000000
201.502716,28.277000000
201.511153,28.278000000
201.513326,28.279000000
201.522141,28.280000000
201.522241,28.281000000
201.522283,28.282000000
201.523644,28.283000000
201.526052,28.284000000
201.539678,28.285000000
201.548548,28.286000000
201.549371,28.287000000
201.552014,28.288000000
201.560987,28.289000000
201.572119,28.290000000
201.581838,28.291000000
201.595171,28.292000000
201.595275,28.293000000
201.603261,28.294000000
201.607745,28.295000000
201.609512,28.296000000
201.620827,28.297000000
201.625093,28.298000000
201.632838,28.299000000
201.633984,28.300000000
201.646953,28.301000000
201.647151,28.302000000
201.675514,28.303000000
201.685474,28.304000000
201.700460,28.305000000
201.713881,28.306000000
201.715686,28.307000000
201.722451,28.308000000
201.727358,28.309000000
201.731951,28.310000000
201.741759,28.311000000
201.742432,28.312000000
201.748641,28.313000000
201.755562,28.314000000
201.769732,28.315000000
201.774662,28.316000000
201.783025,28.317000000
201.794473,28.318000000
201.802274,28.319000000
201.810011,28.320000000
201.816506,28.321000000
201.834573,28.322000000
201.850110,28.323000000
201.866688,28.324000000
201.876406,28.325000000
201.884546,28.326000000
201.896220,28.327000000
201.906572,28.328000000
201.911953,28.329000000
201.926119,28.330000000
201.932143,28.331000000
201.935830,28.332000000
201.947329,28.333000000
201.953285,28.334000000
201.966280,28.335000000
201.970267,28.336000000
201.978790,28.337000000
201.993065,28.338000000
202.009281,28.339000000
202.026881,28.340000000
202.029691,28.341000000
202.041237,28.342000000
202.055380,28.343000000
202.058849,28.344000000
202.062997,28.345000000
202.085448,28.346000000
202.094193,28.347000000
202.100382,28.348000000
202.114581,28.349000000
202.122903,28.350000000
202.123842,28.351000000
202.145767,28.352000000
202.160913,28.353000000
202.176369,28.354000000
202.196839,28.355000000
202.203333,28.356000000
202.228180,28.357000000
202.233985,28.358000000
202.236321,28.359000000
202.252486,28.360000000
202.262698,28.361000000
202.275918,28.362000000
202.279706,28.363000000
202.299446,28.364000000
202.314758,28.365000000
202.316754,28.366000000
202.335673,28.367000000
202.348049,28.368000000
202.374901,28.369000000
202.375414,28.370000000
202.387484,28.371000000
202.391617,28.372000000
202.410082,28.373000000
202.434566,28.374000000
202.435575,28.375000000
202.445169,28.376000000
202.464222,28.377000000
202.470037,28.378000000
202.484381,28.379000000
202.486191,28.380000000
202.486242,28.381000000
202.486281,28.382000000
202.492449,28.383000000
202.492515,28.384000000
202.498023,28.385000000
202.505965,28.386000000
202.506032,28.387000000
202.506098,28.388000000
202.513826,28.389000000
202.526298,28.390000000
202.526351,28.391000000
202.526390,28.392000000
202.538095,28.393000000
202.556753,28.394000000
202.559908,28.395000000
202.563520,28.396000000
202.566262,28.397000000
202.569211,28.398000000
202.573886,28.399000000
202.576953,28.400000000
202.593395,28.401000000
202.594454,28.402000000
202.605270,28.403000000
202.613840,28.404000000
202.616198,28.405000000
202.631734,28.406000000
202.654398,28.407000000
202.656856,28.408000000
202.664230,28.409000000
202.666615,28.410000000
202.681842,28.411000000
202.688609,28.412000000
202.694111,28.413000000
202.700229,28.414000000
202.710883,28.415000000
202.719617,28.416000000
202.736861,28.417000000
202.757792,28.418000000
202.773759,28.419000000
202.784982,28.420000000
202.790914,28.421000000
202.796592,28.422000000
202.803009,28.423000000
202.811140,28.424000000
202.817698,28.425000000
202.825652,28.426000000
202.834742,28.427000000
202.839833,28.428000000
202.847509,28.429000000
202.854951,28.430000000
202.862607,28.431000000
202.869914,28.432000000
202.878157,28.433000000
202.885972,28.434000000
202.892417,28.435000000
202.900826,28.436000000
202.907208,28.437000000
202.915616,28.438000000
202.924783,28.439000000
202.931060,28.440000000
202.939695,28.441000000
202.948004,28.442000000
202.955024,28.443000000
202.977344,28.444000000
202.977390,28.446000000
202.982591,28.447000000
202.995135,28.448000000
202.995225,28.449000000
202.995260,28.450000000
203.001086,28.451000000
203.025104,28.452000000
203.031152,28.453000000
203.061934,28.454000000
203.072641,28.455000000
203.077208,28.456000000
203.082638,28.457000000
203.084824,28.458000000
203.113938,28.459000000
203.113981,28.462000000
203.143936,28.463000000
203.154528,28.464000000
203.154883,28.465000000
203.173255,28.466000000
203.179095,28.467000000
203.179135,28.468000000
203.220296,28.469000000
203.230601,28.470000000
203.255823,28.471000000
203.256651,28.472000000
203.266187,28.473000000
203.266238,28.474000000
203.269117,28.475000000
203.271087,28.476000000
203.273260,28.477000000
203.275469,28.478000000
203.281505,28.479000000
203.281546,28.480000000
203.283576,28.481000000
203.285593,28.482000000
203.292106,28.483000000
203.296275,28.484000000
203.301736,28.485000000
203.305917,28.486000000
203.308000,28.487000000
203.315743,28.488000000
203.318473,28.489000000
203.320852,28.490000000
203.323209,28.491000000
203.351735,28.492000000
203.351778,28.494000000
203.362923,28.495000000
203.373697,28.496000000
203.378689,28.497000000
203.387976,28.498000000
203.391935,28.499000000
203.405231,28.500000000
203.421259,28.501000000
203.426269,28.502000000
203.436881,28.503000000
203.451508,28.504000000
203.462511,28.505000000
203.467605,28.506000000
203.501683,28.507000000
203.508130,28.508000000
203.521912,28.509000000
203.535496,28.510000000
203.540958,28.511000000
203.554070,28.512000000
203.562214,28.513000000
203.569667,28.514000000
203.583331,28.515000000
203.589384,28.516000000
203.599514,28.517000000
203.607622,28.518000000
203.616262,28.519000000
203.641397,28.520000000
203.655391,28.521000000
203.657455,28.522000000
203.682783,28.523000000
203.695524,28.524000000
203.703621,28.525000000
203.710733,28.526000000
203.714884,28.527000000
203.732303,28.528000000
203.733706,28.529000000
203.741731,28.530000000
203.755358,28.531000000
203.759576,28.532000000
203.781488,28.533000000
203.793647,28.534000000
203.806746,28.535000000
203.816552,28.536000000
203.828016,28.537000000
203.838027,28.538000000
203.851881,28.539000000
203.857825,28.540000000
203.870774,28.541000000
203.880144,28.542000000
203.892963,28.543000000
203.900826,28.544000000
203.912232,28.545000000
203.921166,28.546000000
203.942721,28.547000000
203.955600,28.548000000
203.969722,28.549000000
203.974502,28.550000000
203.980622,28.551000000
203.994568,28.552000000
203.994790,28.553000000
204.009957,28.554000000
204.014349,28.555000000
204.016213,28.556000000
204.033942,28.557000000
204.035270,28.558000000
204.045699,28.559000000
204.056171,28.560000000
204.058763,28.561000000
204.072070,28.562000000
204.072128,28.563000000
204.084476,28.564000000
204.094958,28.565000000
204.097637,28.566000000
204.107855,28.567000000
204.117818,28.568000000
204.119712,28.569000000
204.137943,28.570000000
204.138001,28.571000000
204.164080,28.572000000
204.173835,28.573000000
204.173896,28.574000000
204.173937,28.575000000
204.189254,28.576000000
204.189311,28.577000000
204.200387,28.578000000
204.204108,28.579000000
204.210079,28.580000000
204.220637,28.581000000
204.221263,28.582000000
204.230608,28.583000000
204.236515,28.584000000
204.245966,28.585000000
204.246020,28.586000000
204.257814,28.587000000
204.269102,28.588000000
204.279447,28.589000000
204.282709,28.590000000
204.294541,28.591000000
204.298489,28.592000000
204.308321,28.593000000
204.317808,28.594000000
204.327844,28.595000000
204.327905,28.596000000
204.334033,28.597000000
204.341461,28.598000000
204.351730,28.599000000
204.354040,28.600000000
204.361370,28.601000000
204.361471,28.602000000
204.377531,28.603000000
204.377965,28.604000000
204.386444,28.605000000
204.388374,28.606000000
204.399815,28.607000000
204.399876,28.608000000
204.410254,28.609000000
204.419424,28.610000000
204.439287,28.611000000
204.439375,28.612000000
204.440401,28.613000000
204.449234,28.614000000
204.449286,28.615000000
204.449324,28.616000000
204.460510,28.617000000
204.460969,28.618000000
204.467863,28.619000000
204.480459,28.620000000
204.480536,28.621000000
204.505329,28.622000000
204.512288,28.623000000
204.540586,28.624000000
204.551900,28.625000000
204.566353,28.626000000
204.577757,28.627000000
204.589204,28.628000000
204.602001,28.629000000
204.612888,28.630000000
204.627291,28.631000000
204.640065,28.632000000
204.644929,28.633000000
204.659565,28.634000000
204.665275,28.635000000
204.672585,28.636000000
204.696232,28.637000000
204.707285,28.638000000
204.720567,28.639000000
204.728930,28.640000000
204.746426,28.641000000
204.756231,28.642000000
204.775177,28.643000000
204.782829,28.644000000
204.822392,28.645000000
204.839261,28.646000000
204.851808,28.647000000
204.872864,28.648000000
204.898516,28.649000000
204.911887,28.650000000
204.929402,28.651000000
204.943901,28.652000000
204.956030,28.653000000
204.964824,28.654000000
204.972809,28.655000000
204.996717,28.656000000
205.010248,28.657000000
205.021075,28.658000000
205.052212,28.659000000
205.060457,28.660000000
205.076811,28.661000000
205.110863,28.662000000
205.128218,28.663000000
205.139996,28.664000000
205.157795,28.665000000
205.168794,28.666000000
205.190383,28.667000000
205.200509,28.668000000
205.213084,28.669000000
205.236859,28.670000000
205.272502,28.671000000
205.289934,28.672000000
205.334307,28.673000000
205.356486,28.674000000
205.378183,28.675000000
205.378374,28.676000000
205.378420,28.677000000
205.378459,28.678000000
205.378497,28.679000000
205.378533,28.680000000
205.378570,28.681000000
205.385110,28.682000000
205.387308,28.683000000
205.396992,28.684000000
205.397094,28.685000000
205.397138,28.686000000
205.431479,28.687000000
205.444557,28.688000000
205.457198,28.689000000
205.462017,28.690000000
205.476830,28.691000000
205.494224,28.692000000
205.505744,28.693000000
205.521655,28.694000000
205.529894,28.695000000
205.540772,28.696000000
205.551647,28.697000000
205.571094,28.698000000
205.575812,28.699000000
205.582566,28.700000000
205.589339,28.701000000
205.595129,28.702000000
205.595555,28.703000000
205.610020,28.704000000
205.611100,28.705000000
205.615823,28.706000000
205.622380,28.707000000
205.625666,28.708000000
205.631019,28.709000000
205.631117,28.710000000
205.640079,28.711000000
205.640164,28.712000000
205.646062,28.713000000
205.648693,28.714000000
205.649124,28.715000000
205.654882,28.716000000
205.654959,28.717000000
205.655002,28.718000000
205.672640,28.719000000
205.679263,28.720000000
205.689317,28.721000000
205.692831,28.722000000
205.693178,28.723000000
205.696690,28.724000000
205.706757,28.725000000
205.717129,28.726000000
205.730782,28.727000000
205.751530,28.728000000
205.779894,28.729000000
205.788713,28.730000000
205.798777,28.731000000
205.836242,28.732000000
205.837725,28.733000000
205.848134,28.734000000
205.853817,28.735000000
205.875504,28.736000000
205.885425,28.737000000
205.900895,28.738000000
205.915947,28.739000000
205.925630,28.740000000
205.951762,28.741000000
205.951870,28.742000000
205.952360,28.743000000
205.956408,28.744000000
205.974612,28.745000000
205.975138,28.746000000
205.982402,28.747000000
205.995166,28.748000000
205.998973,28.749000000
205.999107,28.750000000
206.030133,28.751000000
206.043745,28.752000000
206.062397,28.753000000
206.066402,28.754000000
206.066551,28.755000000
206.090359,28.756000000
206.121724,28.757000000
206.121824,28.758000000
206.141417,28.759000000
206.153001,28.760000000
206.160280,28.761000000
206.178784,28.762000000
206.179366,28.763000000
206.195244,28.764000000
206.195334,28.765000000
206.212992,28.766000000
206.221591,28.767000000
206.237587,28.768000000
206.237688,28.769000000
206.255946,28.770000000
206.257245,28.771000000
206.257349,28.772000000
206.276851,28.773000000
206.277874,28.774000000
206.278555,28.775000000
206.290680,28.776000000
206.303205,28.777000000
206.304230,28.778000000
206.311471,28.779000000
206.324099,28.780000000
206.334614,28.781000000
206.334730,28.782000000
206.349514,28.783000000
206.362710,28.784000000
206.362793,28.785000000
206.384159,28.786000000
206.399228,28.787000000
206.399290,28.788000000
206.423678,28.789000000
206.438844,28.790000000
206.457087,28.791000000
206.461264,28.792000000
206.476290,28.793000000
206.477049,28.794000000
206.481484,28.795000000
206.486256,28.796000000
206.492306,28.797000000
206.496224,28.798000000
206.505566,28.799000000
206.523183,28.800000000
206.523251,28.801000000
206.544073,28.802000000
206.551793,28.803000000
206.577425,28.804000000
206.581186,28.805000000
206.593882,28.806000000
206.600644,28.807000000
206.606676,28.808000000
206.614362,28.809000000
206.631130,28.810000000
206.637892,28.811000000
206.656913,28.812000000
206.656969,28.813000000
206.675007,28.814000000
206.704298,28.815000000
206.727820,28.816000000
206.735841,28.817000000
206.779953,28.818000000
206.788559,28.819000000
206.819371,28.820000000
206.826108,28.821000000
206.826178,28.822000000
206.860118,28.823000000
206.878284,28.824000000
206.888577,28.825000000
206.903263,28.826000000
206.918393,28.827000000
206.933959,28.828000000
206.951699,28.829000000
206.951761,28.830000000
206.969619,28.831000000
206.983352,28.832000000
207.014559,28.833000000
207.030937,28.834000000
207.046127,28.835000000
207.059542,28.836000000
207.063262,28.837000000
207.082293,28.838000000
207.091303,28.839000000
207.106873,28.840000000
207.120029,28.841000000
207.122840,28.842000000
207.137496,28.843000000
207.158548,28.844000000
207.175892,28.845000000
207.185778,28.846000000
207.194121,28.847000000
207.214774,28.848000000
207.227195,28.849000000
207.237582,28.850000000
207.245838,28.851000000
207.278657,28.852000000
207.291653,28.853000000
207.306632,28.854000000
207.318523,28.855000000
207.356101,28.856000000
207.368607,28.857000000
207.378727,28.858000000
207.387485,28.859000000
207.403646,28.860000000
207.425829,28.861000000
207.433856,28.862000000
207.449929,28.863000000
207.463778,28.864000000
207.479247,28.865000000
207.482508,28.866000000
207.493232,28.867000000
207.498835,28.868000000
207.510447,28.869000000
207.513990,28.870000000
207.523943,28.871000000
207.529497,28.872000000
207.535062,28.873000000
207.553196,28.874000000
207.564834,28.875000000
207.572901,28.876000000
207.586465,28.877000000
207.589411,28.878000000
207.593588,28.879000000
207.600698,28.880000000
207.608039,28.881000000
207.631970,28.882000000
207.645175,28.883000000
207.653924,28.884000000
207.677153,28.885000000
207.684380,28.886000000
207.701903,28.887000000
207.704177,28.888000000
207.714834,28.889000000
207.742874,28.890000000
207.759375,28.891000000
207.763886,28.892000000
207.774355,28.893000000
207.783674,28.894000000
207.794212,28.895000000
207.805931,28.896000000
207.818128,28.897000000
207.831575,28.898000000
207.838212,28.899000000
207.849008,28.900000000
207.866886,28.901000000
207.882707,28.902000000
207.882754,28.903000000
207.891079,28.904000000
207.905322,28.905000000
207.928986,28.906000000
207.934558,28.907000000
207.945083,28.908000000
207.957890,28.909000000
207.957940,28.910000000
207.973150,28.911000000
207.977491,28.912000000
207.987209,28.913000000
207.995332,28.914000000
208.017400,28.915000000
208.026314,28.916000000
208.039769,28.917000000
208.050224,28.918000000
208.053924,28.919000000
208.089014,28.920000000
208.096636,28.921000000
208.112155,28.922000000
208.119185,28.923000000
208.132040,28.924000000
208.144082,28.925000000
208.155201,28.926000000
208.164586,28.927000000
208.175905,28.928000000
208.191265,28.929000000
208.202612,28.930000000
208.212691,28.931000000
208.225029,28.932000000
208.243206,28.933000000
208.255306,28.934000000
208.255359,28.935000000
208.278540,28.936000000
208.289652,28.937000000
208.313822,28.938000000
208.318284,28.939000000
208.344319,28.940000000
208.356208,28.941000000
208.364546,28.942000000
208.403396,28.943000000
208.409403,28.944000000
208.418954,28.945000000
208.437703,28.946000000
208.438839,28.947000000
208.447674,28.948000000
208.488520,28.949000000
208.517944,28.950000000
208.529961,28.951000000
208.542668,28.952000000
208.557211,28.953000000
208.568738,28.954000000
208.576289,28.955000000
208.584602,28.956000000
208.590012,28.957000000
208.597183,28.958000000
208.602779,28.959000000
208.610518,28.960000000
208.624918,28.961000000
208.631793,28.962000000
208.636145,28.963000000
208.651618,28.964000000
208.657380,28.965000000
208.668649,28.966000000
208.678749,28.967000000
208.686260,28.968000000
208.696994,28.969000000
208.700631,28.970000000
208.721784,28.971000000
208.727620,28.972000000
208.735985,28.973000000
208.740898,28.974000000
208.744549,28.975000000
208.767196,28.976000000
208.772930,28.977000000
208.778702,28.978000000
208.784319,28.979000000
208.802481,28.980000000
208.817407,28.981000000
208.825483,28.982000000
208.832966,28.983000000
208.836339,28.984000000
208.850548,28.985000000
208.858050,28.986000000
208.864881,28.987000000
208.868955,28.988000000
208.872709,28.989000000
208.895901,28.990000000
208.900407,28.991000000
208.914764,28.992000000
208.920437,28.993000000
208.924391,28.994000000
208.934028,28.995000000
208.938378,28.996000000
208.941960,28.997000000
208.958393,28.998000000
208.962463,28.999000000
208.967088,29.000000000
208.975999,29.001000000
208.979042,29.002000000
208.983025,29.003000000
209.010105,29.004000000
209.025105,29.005000000
209.035359,29.006000000
209.045927,29.007000000
209.057794,29.008000000
209.063331,29.009000000
209.074627,29.010000000
209.080909,29.011000000
209.096695,29.012000000
209.106827,29.013000000
209.126958,29.014000000
209.139412,29.015000000
209.158710,29.016000000
209.174086,29.017000000
209.195658,29.018000000
209.210336,29.019000000
209.215251,29.020000000
209.229378,29.021000000
209.235957,29.022000000
209.252177,29.023000000
209.254992,29.024000000
209.262474,29.025000000
209.286983,29.026000000
209.291298,29.027000000
209.314658,29.028000000
209.323086,29.029000000
209.327755,29.030000000
209.364423,29.031000000
209.375058,29.032000000
209.390175,29.033000000
209.400473,29.034000000
209.406332,29.035000000
209.413183,29.036000000
209.426119,29.037000000
209.434499,29.038000000
209.448107,29.039000000
209.453575,29.040000000
209.469461,29.041000000
209.480540,29.042000000
209.502322,29.043000000
209.507174,29.044000000
209.520718,29.045000000
209.539418,29.046000000
209.556686,29.047000000
209.560678,29.048000000
209.576746,29.049000000
209.583162,29.050000000
209.591505,29.051000000
209.614528,29.052000000
209.624588,29.053000000
209.630200,29.054000000
209.645356,29.055000000
209.648665,29.056000000
209.683644,29.057000000
209.683696,29.058000000
209.692016,29.059000000
209.703055,29.060000000
209.711081,29.061000000
209.720239,29.062000000
209.734709,29.063000000
209.737588,29.064000000
209.749925,29.065000000
209.756589,29.066000000
209.770648,29.067000000
209.784498,29.068000000
209.793102,29.069000000
209.796395,29.070000000
209.808460,29.071000000
209.818533,29.072000000
209.818902,29.073000000
209.826169,29.074000000
209.833970,29.075000000
209.843484,29.076000000
209.846755,29.077000000
209.862391,29.078000000
209.862443,29.079000000
209.863281,29.080000000
209.871428,29.081000000
209.881358,29.082000000
209.885973,29.083000000
209.897928,29.084000000
209.897977,29.085000000
209.903739,29.086000000
209.913210,29.087000000
209.913800,29.088000000
209.932930,29.089000000
209.932979,29.090000000
209.946254,29.091000000
209.946340,29.092000000
209.954517,29.093000000
209.956334,29.094000000
209.963127,29.095000000
209.982765,29.096000000
209.983122,29.097000000
209.983159,29.099000000
209.998941,29.100000000
210.006787,29.101000000
210.006834,29.102000000
210.028633,29.103000000
210.028685,29.105000000
210.033096,29.106000000
210.045995,29.107000000
210.046626,29.108000000
210.063283,29.109000000
210.063331,29.110000000
210.071114,29.111000000
210.088651,29.112000000
210.089217,29.113000000
210.106432,29.114000000
210.119601,29.115000000
210.119653,29.116000000
210.127110,29.117000000
210.139437,29.118000000
210.144633,29.119000000
210.154871,29.120000000
210.158843,29.121000000
210.167964,29.122000000
210.177414,29.123000000
210.177493,29.124000000
210.195639,29.125000000
210.196009,29.126000000
210.203656,29.127000000
210.204404,29.128000000
210.219559,29.129000000
210.226323,29.130000000
210.229060,29.131000000
210.241613,29.132000000
210.241659,29.133000000
210.256069,29.134000000
210.256403,29.135000000
210.266382,29.136000000
210.274861,29.137000000
210.287502,29.138000000
210.298953,29.139000000
210.299002,29.140000000
210.309892,29.141000000
210.311948,29.142000000
210.325132,29.143000000
210.325212,29.144000000
210.336468,29.145000000
210.344245,29.146000000
210.347690,29.147000000
210.361162,29.148000000
210.361767,29.149000000
210.367538,29.150000000
210.387504,29.151000000
210.387551,29.152000000
210.388333,29.153000000
210.396090,29.154000000
210.403694,29.155000000
210.417510,29.156000000
210.417558,29.157000000
210.438791,29.158000000
210.438857,29.159000000
210.439315,29.160000000
210.448213,29.161000000
210.460805,29.162000000
210.460858,29.163000000
210.460914,29.164000000
210.482022,29.165000000
210.501685,29.166000000
210.501731,29.167000000
210.503695,29.168000000
210.531346,29.169000000
210.531395,29.170000000
210.540577,29.171000000
210.540633,29.172000000
210.549160,29.173000000
210.559339,29.174000000
210.569442,29.175000000
210.570044,29.176000000
210.580902,29.177000000
210.581726,29.178000000
210.599647,29.179000000
210.599696,29.181000000
210.612998,29.182000000
210.613041,29.183000000
210.617247,29.184000000
210.632311,29.185000000
210.632354,29.186000000
210.643792,29.187000000
210.644101,29.188000000
210.653756,29.189000000
210.654514,29.190000000
210.667138,29.191000000
210.667447,29.192000000
210.673262,29.193000000
210.681598,29.194000000
210.691061,29.195000000
210.693570,29.196000000
210.703130,29.197000000
210.705060,29.198000000
210.710900,29.199000000
210.732703,29.200000000
210.750955,29.201000000
210.751005,29.202000000
210.751437,29.203000000
210.780128,29.204000000
210.796335,29.205000000
210.796385,29.207000000
210.811859,29.208000000
210.811905,29.209000000
210.820002,29.210000000
210.820050,29.211000000
210.849046,29.212000000
210.878310,29.213000000
210.886523,29.214000000
210.903334,29.215000000
210.903415,29.217000000
210.912192,29.218000000
210.922463,29.219000000
210.935636,29.220000000
210.935689,29.222000000
210.944831,29.223000000
210.972324,29.224000000
210.986721,29.225000000
211.015098,29.226000000
211.030654,29.227000000
211.037854,29.228000000
211.052533,29.229000000
211.054710,29.230000000
211.068045,29.231000000
211.078106,29.232000000
211.085600,29.233000000
211.095599,29.234000000
211.116824,29.235000000
211.120136,29.236000000
211.128385,29.237000000
211.140314,29.238000000
211.148762,29.239000000
211.152017,29.240000000
211.176522,29.241000000
211.178756,29.242000000
211.185656,29.243000000
211.210568,29.244000000
211.210971,29.245000000
211.217327,29.246000000
211.231030,29.247000000
211.240987,29.248000000
211.249696,29.249000000
211.259234,29.250000000
211.275556,29.251000000
211.275605,29.252000000
211.286421,29.253000000
211.289430,29.254000000
211.299161,29.255000000
211.306615,29.256000000
211.316537,29.257000000
211.316611,29.258000000
211.331024,29.259000000
211.331344,29.260000000
211.346715,29.261000000
211.346766,29.262000000
211.346797,29.263000000
211.362489,29.264000000
211.362536,29.265000000
211.370802,29.266000000
211.382900,29.267000000
211.382985,29.268000000
211.402699,29.269000000
211.402745,29.270000000
211.407634,29.271000000
211.412378,29.272000000
211.423771,29.273000000
211.423815,29.274000000
211.437772,29.275000000
211.437817,29.276000000
211.450746,29.277000000
211.460791,29.278000000
211.460859,29.279000000
211.476775,29.280000000
211.477022,29.281000000
211.507575,29.282000000
211.520222,29.283000000
211.538036,29.284000000
211.543925,29.285000000
211.555232,29.286000000
211.576515,29.287000000
211.593843,29.288000000
211.612267,29.289000000
211.618201,29.290000000
211.618246,29.291000000
211.636893,29.292000000
211.650318,29.293000000
211.650375,29.294000000
211.661193,29.295000000
211.664330,29.296000000
211.676463,29.297000000
211.688505,29.298000000
211.703990,29.299000000
211.722101,29.300000000
211.729104,29.301000000
211.747180,29.302000000
211.749349,29.303000000
211.766316,29.304000000
211.768464,29.305000000
211.780450,29.306000000
211.794679,29.307000000
211.812200,29.308000000
211.820750,29.309000000
211.828130,29.310000000
211.861533,29.311000000
211.877536,29.312000000
211.887133,29.313000000
211.906973,29.314000000
211.911241,29.315000000
211.912978,29.316000000
211.924120,29.317000000
211.929748,29.318000000
211.934130,29.319000000
211.937627,29.320000000
211.964496,29.321000000
211.974999,29.322000000
211.989008,29.323000000
211.998374,29.324000000
212.020255,29.325000000
212.026347,29.326000000
212.035370,29.327000000
212.055195,29.328000000
212.064395,29.329000000
212.070768,29.330000000
212.078795,29.331000000
212.088130,29.332000000
212.100041,29.333000000
212.106609,29.334000000
212.119805,29.335000000
212.135233,29.336000000
212.145473,29.337000000
212.155905,29.338000000
212.165892,29.339000000
212.173677,29.340000000
212.176747,29.341000000
212.186864,29.342000000
212.196179,29.343000000
212.210279,29.344000000
212.216784,29.345000000
212.224572,29.346000000
212.238423,29.347000000
212.243905,29.348000000
212.269969,29.349000000
212.274391,29.350000000
212.274434,29.351000000
212.274799,29.352000000
212.283751,29.353000000
212.304057,29.354000000
212.323624,29.355000000
212.331957,29.356000000
212.343401,29.357000000
212.343479,29.358000000
212.351261,29.359000000
212.364254,29.360000000
212.379783,29.361000000
212.379829,29.362000000
212.402215,29.363000000
212.402262,29.364000000
212.411522,29.365000000
212.421801,29.366000000
212.444808,29.367000000
212.447149,29.368000000
212.468389,29.369000000
212.491703,29.370000000
212.494460,29.371000000
212.496938,29.372000000
212.516090,29.373000000
212.520234,29.374000000
212.541065,29.375000000
212.557588,29.376000000
212.557903,29.377000000
212.558033,29.378000000
212.561203,29.379000000
212.568635,29.380000000
212.568744,29.381000000
212.568793,29.382000000
212.575432,29.383000000
212.608117,29.384000000
212.608294,29.385000000
212.608365,29.386000000
212.608572,29.387000000
212.612860,29.388000000
212.612918,29.389000000
212.612959,29.390000000
212.612997,29.391000000
212.613894,29.392000000
212.613963,29.393000000
212.614025,29.394000000
212.614807,29.395000000
212.625908,29.396000000
212.626013,29.397000000
212.626083,29.398000000
212.626122,29.399000000
212.626158,29.400000000
212.626839,29.401000000
212.639223,29.402000000
212.639401,29.403000000
212.639448,29.404000000
212.639507,29.405000000
212.639688,29.406000000
212.639745,29.407000000
212.640385,29.408000000
212.646078,29.409000000
212.646165,29.410000000
212.646579,29.411000000
212.659278,29.412000000
212.659410,29.413000000
212.659457,29.414000000
212.659599,29.415000000
212.659655,29.416000000
212.660886,29.417000000
212.671708,29.418000000
212.672365,29.419000000
212.702009,29.420000000
212.708711,29.421000000
212.717909,29.422000000
212.731460,29.423000000
212.731904,29.424000000
212.745789,29.425000000
212.755693,29.426000000
212.771292,29.427000000
212.771721,29.428000000
212.781773,29.429000000
212.792895,29.430000000
212.792974,29.431000000
212.797075,29.432000000
212.806096,29.433000000
212.806475,29.434000000
212.822115,29.435000000
212.826562,29.436000000
212.847120,29.437000000
212.850888,29.438000000
212.850943,29.439000000
212.851495,29.440000000
212.851573,29.441000000
212.852362,29.442000000
212.857929,29.443000000
212.858034,29.444000000
212.858471,29.445000000
212.860531,29.446000000
212.867191,29.447000000
212.871733,29.448000000
212.871808,29.449000000
212.871892,29.450000000
212.873384,29.451000000
212.876379,29.452000000
212.879742,29.453000000
212.880469,29.454000000
212.899271,29.455000000
212.910379,29.456000000
212.910594,29.457000000
212.916189,29.458000000
212.925800,29.459000000
212.935231,29.460000000
212.935336,29.461000000
212.942048,29.462000000
212.947991,29.463000000
212.958656,29.464000000
212.958822,29.465000000
212.958873,29.466000000
212.974839,29.467000000
212.991538,29.468000000
212.992345,29.469000000
212.995925,29.470000000
213.009923,29.471000000
213.012612,29.472000000
213.016455,29.473000000
213.018781,29.474000000
213.024956,29.475000000
213.039079,29.476000000
213.041367,29.477000000
213.043490,29.478000000
213.045575,29.479000000
213.053507,29.480000000
213.055835,29.481000000
213.063542,29.482000000
213.065945,29.483000000
213.073319,29.484000000
213.075566,29.485000000
213.081443,29.486000000
213.091594,29.487000000
213.098638,29.488000000
213.101018,29.489000000
213.111022,29.490000000
213.121796,29.491000000
213.124098,29.492000000
213.131249,29.493000000
213.136729,29.494000000
213.146343,29.495000000
213.148487,29.496000000
213.164017,29.497000000
213.171742,29.498000000
213.181776,29.499000000
213.187607,29.500000000
213.192062,29.501000000
213.200773,29.502000000
213.204528,29.503000000
213.212687,29.504000000
213.215208,29.505000000
213.231209,29.506000000
213.233663,29.507000000
213.235905,29.508000000
213.240138,29.509000000
213.268220,29.510000000
213.277311,29.511000000
213.288844,29.512000000
213.312608,29.513000000
213.315032,29.514000000
213.336468,29.515000000
213.358652,29.516000000
213.373641,29.517000000
213.381607,29.518000000
213.407431,29.519000000
213.419428,29.520000000
213.421325,29.521000000
213.434886,29.522000000
213.444320,29.523000000
213.450414,29.524000000
213.481853,29.525000000
213.496956,29.526000000
213.512196,29.527000000
213.535279,29.528000000
213.543980,29.529000000
213.558190,29.530000000
213.565741,29.531000000
213.580200,29.532000000
213.591663,29.533000000
213.601170,29.534000000
213.606189,29.535000000
213.609834,29.536000000
213.619359,29.537000000
213.619455,29.538000000
213.637738,29.539000000
213.652999,29.540000000
213.653150,29.541000000
213.654587,29.542000000
213.675749,29.543000000
213.684593,29.544000000
213.700510,29.545000000
213.707632,29.546000000
213.717429,29.547000000
213.717587,29.548000000
213.740897,29.549000000
213.753410,29.550000000
213.753533,29.551000000
213.766180,29.552000000
213.789335,29.553000000
213.825368,29.554000000
213.838720,29.555000000
213.847295,29.556000000
213.862737,29.557000000
213.864284,29.558000000
213.895408,29.559000000
213.904764,29.560000000
213.921482,29.561000000
213.929621,29.562000000
213.942118,29.563000000
213.956440,29.564000000
213.962401,29.565000000
214.001542,29.566000000
214.011866,29.567000000
214.027333,29.568000000
214.051627,29.569000000
214.066991,29.570000000
214.072608,29.571000000
214.086093,29.572000000
214.092227,29.573000000
214.098920,29.574000000
214.128735,29.575000000
214.132609,29.576000000
214.145699,29.577000000
214.166556,29.578000000
214.171651,29.579000000
214.210000,29.580000000
214.251011,29.581000000
214.253344,29.582000000
214.276492,29.583000000
214.307500,29.584000000
214.309780,29.585000000
214.339697,29.586000000
214.342063,29.587000000
214.354436,29.588000000
214.366059,29.589000000
214.369007,29.590000000
214.391586,29.591000000
214.396423,29.592000000
214.401729,29.593000000
214.411403,29.594000000
214.439789,29.595000000
214.447609,29.596000000
214.459626,29.597000000
214.467727,29.598000000
214.474837,29.599000000
214.480702,29.600000000
214.507924,29.601000000
214.523603,29.602000000
214.566608,29.603000000
214.568923,29.604000000
214.583152,29.605000000
214.604331,29.606000000
214.606627,29.607000000
214.629532,29.608000000
214.637329,29.609000000
214.657610,29.610000000
214.678552,29.611000000
214.681194,29.612000000
214.695370,29.613000000
214.708608,29.614000000
214.731837,29.615000000
214.734111,29.616000000
214.740902,29.617000000
214.745761,29.618000000
214.753818,29.619000000
214.791646,29.620000000
214.793901,29.621000000
214.796065,29.622000000
214.813273,29.623000000
214.821003,29.624000000
214.823310,29.625000000
214.828877,29.626000000
214.853557,29.627000000
214.868457,29.628000000
214.878328,29.629000000
214.895621,29.630000000
214.895766,29.631000000
214.895814,29.632000000
214.931382,29.633000000
214.950510,29.634000000
214.950648,29.635000000
214.971098,29.636000000
214.971706,29.637000000
214.995308,29.638000000
214.997046,29.639000000
215.007334,29.640000000
215.019906,29.641000000
215.040817,29.642000000
215.051503,29.643000000
215.058623,29.644000000
215.098480,29.645000000
215.113933,29.646000000
215.124065,29.647000000
215.124201,29.648000000
215.128298,29.649000000
215.132287,29.650000000
215.135966,29.651000000
215.148889,29.652000000
215.150576,29.653000000
215.152231,29.654000000
215.177600,29.655000000
215.179457,29.656000000
215.190722,29.657000000
215.215708,29.658000000
215.226205,29.659000000
215.239501,29.660000000
215.252134,29.661000000
215.264130,29.662000000
215.277522,29.663000000
215.283187,29.664000000
215.292175,29.665000000
215.296113,29.666000000
215.313288,29.667000000
215.321895,29.668000000
215.329263,29.669000000
215.333955,29.670000000
215.357875,29.671000000
215.369893,29.672000000
215.375713,29.673000000
215.382622,29.674000000
215.390119,29.675000000
215.411880,29.676000000
215.421060,29.677000000
215.423501,29.678000000
215.440870,29.679000000
215.448686,29.680000000
215.482862,29.681000000
215.489506,29.682000000
215.498674,29.683000000
215.516024,29.684000000
215.521716,29.685000000
215.531514,29.686000000
215.536250,29.687000000
215.541639,29.688000000
215.557942,29.689000000
215.580859,29.690000000
215.582809,29.691000000
215.587421,29.692000000
215.594634,29.693000000
215.594790,29.694000000
215.612314,29.695000000
215.612432,29.696000000
215.612477,29.697000000
215.612566,29.698000000
215.612610,29.699000000
215.612647,29.700000000
215.612683,29.701000000
215.612718,29.702000000
215.614112,29.703000000
215.640937,29.704000000
215.644497,29.705000000
215.663450,29.706000000
215.691638,29.707000000
215.702904,29.708000000
215.713044,29.709000000
215.718467,29.710000000
215.722670,29.711000000
215.728625,29.712000000
215.735187,29.713000000
215.740758,29.714000000
215.750410,29.715000000
215.754733,29.716000000
215.762924,29.717000000
215.770090,29.718000000
215.772237,29.719000000
215.775057,29.720000000
215.799283,29.721000000
215.809317,29.722000000
215.814313,29.723000000
215.818870,29.724000000
215.829793,29.725000000
215.836106,29.726000000
215.849600,29.727000000
215.855567,29.728000000
215.862953,29.729000000
215.868578,29.730000000
215.875020,29.731000000
215.879202,29.732000000
215.897740,29.733000000
215.906495,29.734000000
215.921494,29.735000000
215.927812,29.736000000
215.931810,29.737000000
215.936383,29.738000000
215.942458,29.739000000
215.951616,29.740000000
215.960494,29.741000000
215.965880,29.742000000
215.977168,29.743000000
215.983989,29.744000000
215.987668,29.745000000
215.996751,29.746000000
216.001289,29.747000000
216.012449,29.748000000
216.020983,29.749000000
216.030109,29.750000000
216.051214,29.751000000
216.067101,29.752000000
216.091449,29.753000000
216.118463,29.754000000
216.133061,29.755000000
216.139416,29.756000000
216.142076,29.757000000
216.145617,29.758000000
216.150749,29.759000000
216.157366,29.760000000
216.161633,29.761000000
216.164119,29.762000000
216.166459,29.763000000
216.170551,29.764000000
216.175641,29.765000000
216.178054,29.766000000
216.206883,29.767000000
216.210901,29.768000000
216.213338,29.769000000
216.215613,29.770000000
216.217910,29.771000000
216.220209,29.772000000
216.222419,29.773000000
216.224732,29.774000000
216.227409,29.775000000
216.235540,29.776000000
216.237930,29.777000000
216.240786,29.778000000
216.243137,29.779000000
216.245622,29.780000000
216.250131,29.781000000
216.253162,29.782000000
216.276239,29.783000000
216.285490,29.784000000
216.289191,29.785000000
216.295282,29.786000000
216.301003,29.787000000
216.306523,29.788000000
216.314148,29.789000000
216.321509,29.790000000
216.326869,29.791000000
216.334871,29.792000000
216.340386,29.793000000
216.350401,29.794000000
216.356703,29.795000000
216.368420,29.796000000
216.373912,29.797000000
216.377340,29.798000000
216.384239,29.799000000
216.387211,29.800000000
216.392191,29.801000000
216.395007,29.802000000
216.413882,29.803000000
216.416119,29.804000000
216.421799,29.805000000
216.431906,29.806000000
216.443230,29.807000000
216.481662,29.808000000
216.496856,29.809000000
216.508060,29.810000000
216.544532,29.811000000
216.549922,29.812000000
216.561497,29.813000000
216.564052,29.814000000
216.570271,29.815000000
216.594456,29.816000000
216.598059,29.817000000
216.609242,29.818000000
216.639460,29.819000000
216.643617,29.820000000
216.657276,29.821000000
216.669207,29.822000000
216.678484,29.823000000
216.694960,29.824000000
216.695084,29.825000000
216.715230,29.826000000
216.731390,29.827000000
216.731498,29.828000000
216.764400,29.829000000
216.766629,29.830000000
216.785115,29.831000000
216.804810,29.832000000
216.805477,29.833000000
216.823406,29.834000000
216.834151,29.835000000
216.849781,29.836000000
216.859581,29.837000000
216.880514,29.838000000
216.901283,29.839000000
216.910053,29.840000000
216.923600,29.841000000
216.956146,29.842000000
216.956302,29.843000000
216.981137,29.844000000
216.994914,29.845000000
217.006084,29.846000000
217.022184,29.847000000
217.022308,29.848000000
217.038461,29.849000000
217.057966,29.850000000
217.058639,29.851000000
217.065274,29.852000000
217.068469,29.853000000
217.085498,29.854000000
217.094008,29.855000000
217.099621,29.856000000
217.106241,29.857000000
217.111387,29.858000000
217.115727,29.859000000
217.121073,29.860000000
217.127515,29.861000000
217.134014,29.862000000
217.144301,29.863000000
217.149428,29.864000000
217.156785,29.865000000
217.163600,29.866000000
217.166267,29.867000000
217.172650,29.868000000
217.182485,29.869000000
217.184989,29.870000000
217.189308,29.871000000
217.195674,29.872000000
217.199901,29.873000000
217.203326,29.874000000
217.206784,29.875000000
217.209054,29.876000000
217.211493,29.877000000
217.214295,29.878000000
217.217586,29.879000000
217.220243,29.880000000
217.226699,29.881000000
217.229411,29.882000000
217.232921,29.883000000
217.235250,29.884000000
217.242494,29.885000000
217.245483,29.886000000
217.247882,29.887000000
217.250187,29.888000000
217.253520,29.889000000
217.268331,29.890000000
217.293724,29.891000000
217.300915,29.892000000
217.309535,29.893000000
217.316328,29.894000000
217.324746,29.895000000
217.339275,29.896000000
217.349096,29.897000000
217.352876,29.898000000
217.363008,29.899000000
217.367548,29.900000000
217.372103,29.901000000
217.377023,29.902000000
217.385291,29.903000000
217.396986,29.904000000
217.407330,29.905000000
217.425976,29.906000000
217.436870,29.907000000
217.475255,29.908000000
217.478001,29.909000000
217.486932,29.910000000
217.503942,29.911000000
217.507716,29.912000000
217.518758,29.913000000
217.525779,29.914000000
217.529171,29.915000000
217.547153,29.916000000
217.571573,29.917000000
217.571700,29.918000000
217.586989,29.919000000
217.595808,29.920000000
217.600653,29.921000000
217.607032,29.922000000
217.609539,29.923000000
217.614656,29.924000000
217.620340,29.925000000
217.627346,29.926000000
217.632635,29.927000000
217.639048,29.928000000
217.649157,29.929000000
217.653256,29.930000000
217.655575,29.931000000
217.663607,29.932000000
217.667302,29.933000000
217.670290,29.934000000
217.673887,29.935000000
217.676380,29.936000000
217.679626,29.937000000
217.687645,29.938000000
217.690560,29.939000000
217.694575,29.940000000
217.706931,29.941000000
217.711397,29.942000000
217.730443,29.943000000
217.742133,29.944000000
217.769071,29.945000000
217.777594,29.946000000
217.785941,29.947000000
217.807142,29.948000000
217.811189,29.949000000
217.813765,29.950000000
217.827140,29.951000000
217.841955,29.952000000
217.851343,29.953000000
217.856094,29.954000000
217.874494,29.955000000
217.889949,29.956000000
217.892903,29.957000000
217.906245,29.958000000
217.908834,29.959000000
217.924894,29.960000000
217.936314,29.961000000
217.941431,29.962000000
217.948891,29.963000000
217.954713,29.964000000
217.964959,29.965000000
217.975462,29.966000000
217.984439,29.967000000
217.991923,29.968000000
217.997380,29.969000000
218.005463,29.970000000
218.010777,29.971000000
218.021737,29.972000000
218.025017,29.973000000
218.035682,29.974000000
218.045888,29.975000000
218.053586,29.976000000
218.057593,29.977000000
218.079229,29.978000000
218.082754,29.979000000
218.101792,29.980000000
218.105528,29.981000000
218.120148,29.982000000
218.152619,29.983000000
218.160622,29.984000000
218.165582,29.985000000
218.176918,29.986000000
218.182556,29.987000000
218.197258,29.988000000
218.227928,29.989000000
218.244179,29.990000000
218.255513,29.991000000
218.264892,29.992000000
218.284291,29.993000000
218.292328,29.994000000
218.295958,29.995000000
218.301122,29.996000000
218.309817,29.997000000
218.315617,29.998000000
218.324380,29.999000000
218.335332,30.000000000
218.340710,30.001000000
218.348254,30.002000000
218.351150,30.003000000
218.360528,30.004000000
218.366385,30.005000000
218.376642,30.006000000
218.383907,30.007000000
218.386347,30.008000000
218.392349,30.009000000
218.402645,30.010000000
218.407187,30.011000000
218.409618,30.012000000
218.417397,30.013000000
218.452842,30.014000000
218.462742,30.015000000
218.471014,30.016000000
218.498621,30.017000000
218.507752,30.018000000
218.521134,30.019000000
218.529107,30.020000000
218.537922,30.021000000
218.573901,30.022000000
218.583865,30.023000000
218.587703,30.024000000
218.598622,30.025000000
218.601390,30.026000000
218.603981,30.027000000
218.609445,30.028000000
218.636052,30.029000000
218.640825,30.030000000
218.646778,30.031000000
218.652192,30.032000000
218.656900,30.033000000
218.660125,30.034000000
218.664405,30.035000000
218.669391,30.036000000
218.681435,30.037000000
218.690130,30.038000000
218.700274,30.039000000
218.707703,30.040000000
218.717765,30.041000000
218.738358,30.042000000
218.751707,30.043000000
218.770847,30.044000000
218.784880,30.045000000
218.797241,30.046000000
218.837499,30.047000000
218.869588,30.048000000
218.870337,30.049000000
218.892755,30.050000000
218.895074,30.051000000
218.904341,30.052000000
218.922561,30.053000000
218.941532,30.054000000
218.949978,30.055000000
218.965560,30.056000000
218.990177,30.057000000
218.996451,30.058000000
218.999873,30.059000000
219.005411,30.060000000
219.007862,30.061000000
219.010310,30.062000000
219.043812,30.063000000
219.054530,30.064000000
219.065076,30.065000000
219.078067,30.066000000
219.092901,30.067000000
219.110158,30.068000000
219.112577,30.069000000
219.149299,30.070000000
219.164548,30.071000000
219.174257,30.072000000
219.197763,30.073000000
219.212886,30.074000000
219.212937,30.075000000
219.220666,30.076000000
219.228695,30.077000000
219.228815,30.078000000
219.250678,30.079000000
219.250734,30.080000000
219.277517,30.081000000
219.285532,30.082000000
219.294430,30.083000000
219.305099,30.084000000
219.314477,30.085000000
219.338288,30.086000000
219.350465,30.087000000
219.350560,30.088000000
219.390635,30.089000000
219.408026,30.090000000
219.415663,30.091000000
219.434667,30.092000000
219.434734,30.093000000
219.457732,30.094000000
219.476573,30.095000000
219.495947,30.096000000
219.496007,30.097000000
219.515490,30.098000000
219.529194,30.099000000
219.554727,30.100000000
219.556636,30.101000000
219.558143,30.102000000
219.560428,30.103000000
219.562413,30.104000000
219.569509,30.105000000
219.569597,30.106000000
219.569640,30.107000000
219.573138,30.108000000
219.594013,30.109000000
219.614737,30.110000000
219.632500,30.111000000
219.642243,30.112000000
219.662058,30.113000000
219.662326,30.114000000
219.682729,30.115000000
219.693136,30.116000000
219.712761,30.117000000
219.724822,30.118000000
219.744563,30.119000000
219.748491,30.120000000
219.757200,30.121000000
219.767437,30.122000000
219.777749,30.123000000
219.795152,30.124000000
219.799064,30.125000000
219.819734,30.126000000
219.834812,30.127000000
219.854023,30.128000000
219.867519,30.129000000
219.888930,30.130000000
219.897151,30.131000000
219.920269,30.132000000
219.930598,30.133000000
219.944131,30.134000000
219.952161,30.135000000
219.964350,30.136000000
219.970333,30.137000000
219.981249,30.138000000
219.985801,30.139000000
219.994552,30.140000000
220.002942,30.141000000
220.012326,30.142000000
220.018752,30.143000000
220.033646,30.144000000
220.037849,30.145000000
220.042731,30.146000000
220.061743,30.147000000
220.074406,30.148000000
220.096659,30.149000000
220.102647,30.150000000
220.113575,30.151000000
220.125915,30.152000000
220.133592,30.153000000
220.141079,30.154000000
220.177829,30.155000000
220.185528,30.156000000
220.189414,30.157000000
220.208867,30.158000000
220.213334,30.159000000
220.238389,30.160000000
220.245023,30.161000000
220.250776,30.162000000
220.258105,30.163000000
220.266299,30.164000000
220.278592,30.165000000
220.282992,30.166000000
220.291353,30.167000000
220.300719,30.168000000
220.311215,30.169000000
220.317952,30.170000000
220.328544,30.171000000
220.341584,30.172000000
220.352557,30.173000000
220.364018,30.174000000
220.392024,30.175000000
220.406615,30.176000000
220.412261,30.177000000
220.420979,30.178000000
220.436292,30.179000000
220.438879,30.180000000
220.444362,30.181000000
220.446607,30.182000000
220.468898,30.183000000
220.473191,30.184000000
220.482753,30.185000000
220.491768,30.186000000
220.498307,30.187000000
220.505445,30.188000000
220.532233,30.189000000
220.544234,30.190000000
220.551681,30.191000000
220.557989,30.192000000
220.567322,30.193000000
220.579150,30.194000000
220.582699,30.195000000
220.597147,30.196000000
220.609495,30.197000000
220.621179,30.198000000
220.628201,30.199000000
220.640019,30.200000000
220.650416,30.201000000
220.660540,30.202000000
220.680749,30.203000000
220.683413,30.204000000
220.701521,30.205000000
220.714517,30.206000000
220.718958,30.207000000
220.735023,30.208000000
220.744036,30.209000000
220.754110,30.210000000
220.777233,30.211000000
220.777388,30.212000000
220.801468,30.213000000
220.810445,30.214000000
220.820393,30.215000000
220.835975,30.216000000
220.859500,30.217000000
220.859649,30.218000000
220.881171,30.219000000
220.897024,30.220000000
220.917693,30.221000000
220.931058,30.222000000
220.944978,30.223000000
220.963269,30.224000000
220.979305,30.225000000
220.989991,30.226000000
221.014965,30.227000000
221.018796,30.228000000
221.052113,30.229000000
221.066652,30.230000000
221.076392,30.231000000
221.092466,30.232000000
221.120554,30.233000000
221.132517,30.234000000
221.140223,30.235000000
221.152363,30.236000000
221.152428,30.237000000
221.187694,30.238000000
221.197179,30.239000000
221.205136,30.240000000
221.215478,30.241000000
221.231745,30.242000000
221.252383,30.243000000
221.270251,30.244000000
221.275735,30.245000000
221.290511,30.246000000
221.294858,30.247000000
221.303411,30.248000000
221.308970,30.249000000
221.341978,30.250000000
221.347329,30.251000000
221.374367,30.252000000
221.392635,30.253000000
221.426901,30.254000000
221.426968,30.255000000
221.437819,30.256000000
221.452297,30.257000000
221.452436,30.258000000
221.453085,30.259000000
221.484089,30.260000000
221.484482,30.261000000
221.496855,30.262000000
221.507091,30.263000000
221.507151,30.264000000
221.522205,30.265000000
221.522276,30.266000000
221.542832,30.267000000
221.542934,30.268000000
221.542980,30.269000000
221.543019,30.270000000
221.563868,30.271000000
221.563932,30.272000000
221.575883,30.273000000
221.576241,30.274000000
221.585200,30.275000000
221.587417,30.276000000
221.607836,30.277000000
221.616582,30.278000000
221.622006,30.279000000
221.622064,30.280000000
221.622105,30.281000000
221.642575,30.282000000
221.653934,30.283000000
221.655092,30.284000000
221.666365,30.285000000
221.676997,30.286000000
221.691422,30.287000000
221.719240,30.288000000
221.719316,30.289000000
221.719360,30.290000000
221.719401,30.291000000
221.719440,30.292000000
221.739232,30.293000000
221.739586,30.294000000
221.775979,30.295000000
221.781588,30.296000000
221.784501,30.297000000
221.810329,30.298000000
221.810393,30.299000000
221.810435,30.300000000
221.835652,30.301000000
221.835725,30.302000000
221.835769,30.303000000
221.847272,30.304000000
221.850971,30.305000000
221.859849,30.306000000
221.878242,30.307000000
221.879359,30.308000000
221.895375,30.309000000
221.904880,30.310000000
221.915429,30.311000000
221.923095,30.312000000
221.950937,30.313000000
221.958230,30.314000000
221.965650,30.315000000
221.972175,30.316000000
222.005961,30.317000000
222.015453,30.318000000
222.047663,30.319000000
222.047727,30.320000000
222.070891,30.321000000
222.083397,30.322000000
222.129220,30.323000000
222.137661,30.324000000
222.141541,30.325000000
222.148877,30.326000000
222.153600,30.327000000
222.177795,30.328000000
222.190391,30.329000000
222.219915,30.330000000
222.219998,30.331000000
222.220040,30.332000000
222.220477,30.333000000
222.228394,30.334000000
222.228455,30.335000000
222.235952,30.336000000
222.241430,30.337000000
222.257772,30.338000000
222.257838,30.339000000
222.258291,30.340000000
222.261980,30.341000000
222.272028,30.342000000
222.272102,30.343000000
222.285691,30.344000000
222.303584,30.345000000
222.303650,30.346000000
222.316817,30.347000000
222.317222,30.348000000
222.327759,30.349000000
222.342152,30.350000000
222.348521,30.351000000
222.372497,30.352000000
222.372567,30.353000000
222.372610,30.354000000
222.372648,30.355000000
222.409318,30.356000000
222.409762,30.357000000
222.419549,30.358000000
222.426198,30.359000000
222.465281,30.360000000
222.484871,30.361000000
222.502053,30.362000000
222.513708,30.363000000
222.513780,30.364000000
222.514187,30.365000000
222.538110,30.366000000
222.547898,30.367000000
222.548006,30.368000000
222.548053,30.369000000
222.548095,30.370000000
222.548135,30.371000000
222.566654,30.372000000
222.575050,30.373000000
222.602415,30.374000000
222.608139,30.375000000
222.615182,30.376000000
222.622244,30.377000000
222.629031,30.378000000
222.636395,30.379000000
222.643451,30.380000000
222.654125,30.381000000
222.664253,30.382000000
222.672523,30.383000000
222.681969,30.384000000
222.689878,30.385000000
222.698531,30.386000000
222.711300,30.387000000
222.719244,30.388000000
222.728749,30.389000000
222.738130,30.390000000
222.745772,30.391000000
222.764065,30.392000000
222.797173,30.393000000
222.810553,30.394000000
222.813267,30.395000000
222.815778,30.396000000
222.818181,30.397000000
222.820347,30.398000000
222.822522,30.399000000
222.824653,30.400000000
222.827802,30.401000000
222.829926,30.402000000
222.838469,30.403000000
222.861926,30.404000000
222.874222,30.405000000
222.880666,30.406000000
222.902356,30.407000000
222.915290,30.408000000
222.931432,30.409000000
222.942926,30.410000000
222.948901,30.411000000
222.957434,30.412000000
222.990634,30.413000000
222.997899,30.414000000
223.008419,30.415000000
223.021468,30.416000000
223.029955,30.417000000
223.039020,30.418000000
223.048188,30.419000000
223.058454,30.420000000
223.070352,30.421000000
223.080282,30.422000000
223.093437,30.423000000
223.106079,30.424000000
223.114215,30.425000000
223.138988,30.426000000
223.145179,30.427000000
223.154029,30.428000000
223.173138,30.429000000
223.178242,30.430000000
223.183302,30.431000000
223.197129,30.432000000
223.206434,30.433000000
223.211918,30.434000000
223.217642,30.435000000
223.241702,30.436000000
223.247702,30.437000000
223.263442,30.438000000
223.272500,30.439000000
223.277384,30.440000000
223.320643,30.441000000
223.325072,30.442000000
223.333889,30.443000000
223.340475,30.444000000
223.350095,30.445000000
223.356313,30.446000000
223.367146,30.447000000
223.376628,30.448000000
223.381419,30.449000000
223.388752,30.450000000
223.410105,30.451000000
223.422808,30.452000000
223.453213,30.453000000
223.480550,30.454000000
223.501609,30.455000000
223.508088,30.456000000
223.508147,30.457000000
223.519202,30.458000000
223.536591,30.459000000
223.537093,30.460000000
223.548195,30.461000000
223.548254,30.462000000
223.559362,30.463000000
223.559541,30.464000000
223.580567,30.465000000
223.599064,30.466000000
223.603263,30.467000000
223.623713,30.468000000
223.627682,30.469000000
223.632157,30.470000000
223.651817,30.471000000
223.651933,30.472000000
223.663562,30.473000000
223.678180,30.474000000
223.678332,30.475000000
223.686558,30.476000000
223.694777,30.477000000
223.716103,30.478000000
223.723160,30.479000000
223.736155,30.480000000
223.747584,30.481000000
223.757602,30.482000000
223.762400,30.483000000
223.772781,30.484000000
223.777843,30.485000000
223.778195,30.486000000
223.780456,30.487000000
223.783798,30.488000000
223.787255,30.489000000
223.791298,30.490000000
223.794433,30.491000000
223.797080,30.492000000
223.820330,30.493000000
223.845555,30.494000000
223.852739,30.495000000
223.861808,30.496000000
223.893775,30.497000000
223.899029,30.498000000
223.903943,30.499000000
223.905790,30.500000000
223.927378,30.501000000
223.938181,30.502000000
223.954925,30.503000000
223.972838,30.504000000
223.982581,30.505000000
223.994148,30.506000000
224.002427,30.507000000
224.033199,30.508000000
224.043565,30.509000000
224.057887,30.510000000
224.067074,30.511000000
224.088307,30.512000000
224.090380,30.513000000
224.103201,30.514000000
224.122392,30.515000000
224.133929,30.516000000
224.137126,30.517000000
224.144582,30.518000000
224.153508,30.519000000
224.177722,30.520000000
224.179960,30.521000000
224.185145,30.522000000
224.204987,30.523000000
224.220521,30.524000000
224.225034,30.525000000
224.227407,30.526000000
224.229615,30.527000000
224.231907,30.528000000
224.234000,30.529000000
224.236248,30.530000000
224.238562,30.531000000
224.240668,30.532000000
224.243032,30.533000000
224.245174,30.534000000
224.247904,30.535000000
224.250059,30.536000000
224.252742,30.537000000
224.255933,30.538000000
224.258314,30.539000000
224.260522,30.540000000
224.263218,30.541000000
224.268448,30.542000000
224.281817,30.543000000
224.285975,30.544000000
224.288781,30.545000000
224.296752,30.546000000
224.299364,30.547000000
224.307147,30.548000000
224.310479,30.549000000
224.320777,30.550000000
224.350588,30.551000000
224.357991,30.552000000
224.364604,30.553000000
224.368273,30.554000000
224.371721,30.555000000
224.388267,30.556000000
224.390702,30.557000000
224.396372,30.558000000
224.400689,30.559000000
224.407574,30.560000000
224.409730,30.561000000
224.444513,30.562000000
224.461356,30.563000000
224.467525,30.564000000
224.481329,30.565000000
224.489902,30.566000000
224.500425,30.567000000
224.511138,30.568000000
224.522465,30.569000000
224.533624,30.570000000
224.547043,30.571000000
224.555889,30.572000000
224.565288,30.573000000
224.568870,30.574000000
224.573277,30.575000000
224.575733,30.576000000
224.579891,30.577000000
224.582246,30.578000000
224.586082,30.579000000
224.591835,30.580000000
224.595924,30.581000000
224.599943,30.582000000
224.604131,30.583000000
224.613846,30.584000000
224.616256,30.585000000
224.618479,30.586000000
224.629485,30.587000000
224.633208,30.588000000
224.639470,30.589000000
224.650844,30.590000000
224.653525,30.591000000
224.656580,30.592000000
224.664426,30.593000000
224.667786,30.594000000
224.670159,30.595000000
224.672348,30.596000000
224.679119,30.597000000
224.682579,30.598000000
224.685371,30.599000000
224.690638,30.600000000
224.693935,30.601000000
224.713453,30.602000000
224.719861,30.603000000
224.722112,30.604000000
224.734730,30.605000000
224.744342,30.606000000
224.746523,30.607000000
224.748646,30.608000000
224.751633,30.609000000
224.772480,30.610000000
224.774610,30.611000000
224.776648,30.612000000
224.805326,30.613000000
224.815995,30.614000000
224.824067,30.615000000
224.829906,30.616000000
224.843446,30.617000000
224.852446,30.618000000
224.864197,30.619000000
224.871242,30.620000000
224.878526,30.621000000
224.888321,30.622000000
224.913057,30.623000000
224.925444,30.624000000
224.927851,30.625000000
224.933388,30.626000000
224.939557,30.627000000
224.965482,30.628000000
224.971330,30.629000000
224.977458,30.630000000
224.997762,30.631000000
225.004884,30.632000000
225.011114,30.633000000
225.016889,30.634000000
225.027634,30.635000000
225.035530,30.636000000
225.041315,30.637000000
225.059904,30.638000000
225.066496,30.639000000
225.071343,30.640000000
225.093706,30.641000000
225.106974,30.642000000
225.117625,30.643000000
225.169766,30.644000000
225.181199,30.645000000
225.198966,30.646000000
225.219319,30.647000000
225.237177,30.648000000
225.251966,30.649000000
225.259344,30.650000000
225.259394,30.651000000
225.289028,30.652000000
225.294669,30.653000000
225.313718,30.654000000
225.334364,30.655000000
225.353774,30.656000000
225.353820,30.657000000
225.371295,30.658000000
225.371342,30.659000000
225.402232,30.660000000
225.419413,30.661000000
225.423245,30.662000000
225.480027,30.663000000
225.483950,30.664000000
225.498683,30.665000000
225.525353,30.666000000
225.527541,30.667000000
225.539234,30.668000000
225.550744,30.669000000
225.554013,30.670000000
225.566217,30.671000000
225.568469,30.672000000
225.573111,30.673000000
225.578755,30.674000000
225.600193,30.675000000
225.610627,30.676000000
225.617091,30.677000000
225.625161,30.678000000
225.644739,30.679000000
225.653838,30.680000000
225.663977,30.681000000
225.675844,30.682000000
225.685004,30.683000000
225.692221,30.684000000
225.701965,30.685000000
225.711678,30.686000000
225.719991,30.687000000
225.735049,30.688000000
225.746505,30.689000000
225.755437,30.690000000
225.761057,30.691000000
225.766017,30.692000000
225.769602,30.693000000
225.772366,30.694000000
225.799423,30.695000000
225.814267,30.696000000
225.818936,30.697000000
225.826499,30.698000000
225.844990,30.699000000
225.851437,30.700000000
225.860237,30.701000000
225.862398,30.702000000
225.876839,30.703000000
225.883274,30.704000000
225.895798,30.705000000
225.899626,30.706000000
225.903915,30.707000000
225.908298,30.708000000
225.914704,30.709000000
225.926419,30.710000000
225.951733,30.711000000
225.961133,30.712000000
225.970586,30.713000000
225.978295,30.714000000
225.987463,30.715000000
225.993955,30.716000000
226.003481,30.717000000
226.013044,30.718000000
226.019557,30.719000000
226.023097,30.720000000
226.027152,30.721000000
226.030853,30.722000000
226.035071,30.723000000
226.040853,30.724000000
226.044896,30.725000000
226.050963,30.726000000
226.055151,30.727000000
226.057876,30.728000000
226.062368,30.729000000
226.086819,30.730000000
226.095666,30.731000000
226.100888,30.732000000
226.117161,30.733000000
226.121260,30.734000000
226.123482,30.735000000
226.134427,30.736000000
226.138823,30.737000000
226.148320,30.738000000
226.164516,30.739000000
226.172599,30.740000000
226.175728,30.741000000
226.196339,30.742000000
226.205824,30.743000000
226.210237,30.744000000
226.214498,30.745000000
226.244792,30.746000000
226.244858,30.747000000
226.245282,30.748000000
226.268393,30.749000000
226.284372,30.750000000
226.299465,30.751000000
226.304750,30.752000000
226.307305,30.753000000
226.319614,30.754000000
226.324088,30.755000000
226.328556,30.756000000
226.338425,30.757000000
226.351207,30.758000000
226.358069,30.759000000
226.360234,30.760000000
226.367488,30.761000000
226.378922,30.762000000
226.389822,30.763000000
226.392493,30.764000000
226.406685,30.765000000
226.409202,30.766000000
226.418382,30.767000000
226.432374,30.768000000
226.434881,30.769000000
226.442929,30.770000000
226.447472,30.771000000
226.453802,30.772000000
226.456664,30.773000000
226.459099,30.774000000
226.461320,30.775000000
226.463582,30.776000000
226.465880,30.777000000
226.468350,30.778000000
226.470739,30.779000000
226.473066,30.780000000
226.489651,30.781000000
226.493587,30.782000000
226.497579,30.783000000
226.510033,30.784000000
226.523836,30.785000000
226.526068,30.786000000
226.534384,30.787000000
226.570523,30.788000000
226.585784,30.789000000
226.598634,30.790000000
226.608471,30.791000000
226.622041,30.792000000
226.637341,30.793000000
226.640406,30.794000000
226.655406,30.795000000
226.659596,30.796000000
226.663267,30.797000000
226.685292,30.798000000
226.687757,30.799000000
226.697341,30.800000000
226.720298,30.801000000
226.727432,30.802000000
226.732658,30.803000000
226.744468,30.804000000
226.747137,30.805000000
226.759766,30.806000000
226.766733,30.807000000
226.789092,30.808000000
226.793487,30.809000000
226.806150,30.810000000
226.808409,30.811000000
226.830213,30.812000000
226.856648,30.813000000
226.870958,30.814000000
226.880845,30.815000000
226.892952,30.816000000
226.908772,30.817000000
226.914172,30.818000000
226.935433,30.819000000
226.938880,30.820000000
226.947392,30.821000000
226.952482,30.822000000
226.965050,30.823000000
226.990777,30.824000000
226.991132,30.825000000
226.997169,30.826000000
226.997288,30.827000000
227.014553,30.828000000
227.015068,30.829000000
227.023491,30.830000000
227.037795,30.831000000
227.049083,30.832000000
227.055727,30.833000000
227.055841,30.834000000
227.079880,30.835000000
227.079943,30.836000000
227.095030,30.837000000
227.127951,30.838000000
227.128016,30.839000000
227.128057,30.840000000
227.128095,30.841000000
227.128132,30.842000000
227.128169,30.843000000
227.128204,30.844000000
227.149774,30.845000000
227.150179,30.846000000
227.186874,30.847000000
227.187344,30.848000000
227.198363,30.849000000
227.198794,30.850000000
227.217008,30.851000000
227.217407,30.852000000
227.230535,30.853000000
227.231045,30.854000000
227.266662,30.855000000
227.266726,30.856000000
227.266799,30.857000000
227.276444,30.858000000
227.296091,30.859000000
227.296198,30.860000000
227.296244,30.861000000
227.296283,30.862000000
227.296323,30.863000000
227.316277,30.864000000
227.316362,30.865000000
227.316404,30.866000000
227.336064,30.867000000
227.336166,30.868000000
227.336210,30.869000000
227.344107,30.870000000
227.351639,30.871000000
227.376272,30.872000000
227.376340,30.873000000
227.415727,30.874000000
227.425245,30.875000000
227.433957,30.876000000
227.481084,30.877000000
227.485504,30.878000000
227.499663,30.879000000
227.518622,30.880000000
227.523789,30.881000000
227.559335,30.882000000
227.570669,30.883000000
227.577404,30.884000000
227.653793,30.885000000
227.667488,30.886000000
227.679167,30.887000000
227.689004,30.888000000
227.704364,30.889000000
227.714462,30.890000000
227.723944,30.891000000
227.735102,30.892000000
227.739198,30.893000000
227.769595,30.894000000
227.787459,30.895000000
227.823725,30.896000000
227.830779,30.897000000
227.833051,30.898000000
227.838936,30.899000000
227.845186,30.900000000
227.847212,30.901000000
227.876063,30.902000000
227.893112,30.903000000
227.895729,30.904000000
227.897979,30.905000000
227.900413,30.906000000
227.903492,30.907000000
227.931483,30.908000000
227.940676,30.909000000
227.965002,30.910000000
227.985855,30.911000000
228.006322,30.912000000
228.013471,30.913000000
228.022024,30.914000000
228.033526,30.915000000
228.036198,30.916000000
228.040950,30.917000000
228.068432,30.918000000
228.095985,30.919000000
228.109953,30.920000000
228.119300,30.921000000
228.122910,30.922000000
228.127342,30.923000000
228.131287,30.924000000
228.135351,30.925000000
228.138604,30.926000000
228.141412,30.927000000
228.146997,30.928000000
228.149959,30.929000000
228.151324,30.930000000
228.152687,30.931000000
228.153975,30.932000000
228.155645,30.933000000
228.158968,30.934000000
228.161287,30.935000000
228.166320,30.936000000
228.179704,30.937000000
228.192442,30.938000000
228.197876,30.939000000
228.199886,30.940000000
228.217759,30.941000000
228.230899,30.942000000
228.240949,30.943000000
228.249655,30.944000000
228.262289,30.945000000
228.271184,30.946000000
228.278901,30.947000000
228.293845,30.948000000
228.296068,30.949000000
228.298147,30.950000000
228.304574,30.951000000
228.311852,30.952000000
228.313982,30.953000000
228.320679,30.954000000
228.322747,30.955000000
228.326833,30.956000000
228.333742,30.957000000
228.350129,30.958000000
228.352268,30.959000000
228.357760,30.960000000
228.359972,30.961000000
228.364096,30.962000000
228.372131,30.963000000
228.386298,30.964000000
228.396540,30.965000000
228.404177,30.966000000
228.406561,30.967000000
228.410423,30.968000000
228.418351,30.969000000
228.420614,30.970000000
228.428422,30.971000000
228.440137,30.972000000
228.442391,30.973000000
228.444592,30.974000000
228.448991,30.975000000
228.451566,30.976000000
228.453839,30.977000000
228.487195,30.978000000
228.494150,30.979000000
228.506058,30.980000000
228.508460,30.981000000
228.513851,30.982000000
228.519174,30.983000000
228.521509,30.984000000
228.523687,30.985000000
228.532716,30.986000000
228.553544,30.987000000
228.566545,30.988000000
228.581775,30.989000000
228.590390,30.990000000
228.602159,30.991000000
228.621066,30.992000000
228.629661,30.993000000
228.638659,30.994000000
228.649882,30.995000000
228.660993,30.996000000
228.675637,30.997000000
228.684899,30.998000000
228.694410,30.999000000
228.703835,31.000000000
228.713657,31.001000000
228.721845,31.002000000
228.729892,31.003000000
228.752812,31.004000000
228.760586,31.005000000
228.767738,31.006000000
228.772531,31.007000000
228.804941,31.008000000
228.813692,31.009000000
228.827861,31.010000000
228.834198,31.011000000
228.842549,31.012000000
228.860038,31.013000000
228.868490,31.014000000
228.890650,31.015000000
228.891029,31.016000000
228.913126,31.017000000
228.913535,31.018000000
228.926675,31.019000000
228.937558,31.020000000
228.949592,31.021000000
228.967470,31.022000000
228.973746,31.023000000
228.984678,31.024000000
228.991489,31.025000000
229.006807,31.026000000
229.016809,31.027000000
229.029175,31.028000000
229.041483,31.029000000
229.055224,31.030000000
229.080422,31.031000000
229.102138,31.032000000
229.110197,31.033000000
229.130131,31.034000000
229.141251,31.035000000
229.153267,31.036000000
229.159694,31.037000000
229.165143,31.038000000
229.175783,31.039000000
229.188562,31.040000000
229.195109,31.041000000
229.219557,31.042000000
229.227788,31.043000000
229.246624,31.044000000
229.274017,31.045000000
229.289963,31.046000000
229.324696,31.047000000
229.324797,31.048000000
229.357158,31.049000000
229.365758,31.050000000
229.369930,31.051000000
229.373124,31.052000000
229.376199,31.053000000
229.396882,31.054000000
229.410120,31.055000000
229.416423,31.056000000
229.427220,31.057000000
229.453736,31.058000000
229.460759,31.059000000
229.467013,31.060000000
229.480788,31.061000000
229.506350,31.062000000
229.513731,31.063000000
229.513774,31.064000000
229.537588,31.065000000
229.544315,31.066000000
229.549895,31.067000000
229.575606,31.068000000
229.575659,31.069000000
229.584347,31.070000000
229.588050,31.071000000
229.598014,31.072000000
229.598056,31.073000000
229.611269,31.074000000
229.613833,31.075000000
229.622437,31.076000000
229.634006,31.077000000
229.644788,31.078000000
229.650716,31.079000000
229.661777,31.080000000
229.678827,31.081000000
229.686429,31.082000000
229.687653,31.083000000
229.689938,31.084000000
229.691942,31.085000000
229.693957,31.086000000
229.697361,31.087000000
229.699581,31.088000000
229.701721,31.089000000
229.704030,31.090000000
229.706599,31.091000000
229.727764,31.092000000
229.727814,31.093000000
229.750560,31.094000000
229.788467,31.095000000
229.800991,31.096000000
229.802094,31.097000000
229.810137,31.098000000
229.814775,31.099000000
229.817343,31.100000000
229.824414,31.101000000
229.828016,31.102000000
229.830002,31.103000000
229.832075,31.104000000
229.837106,31.105000000
229.839701,31.106000000
229.841681,31.107000000
229.843729,31.108000000
229.846705,31.109000000
229.848715,31.110000000
229.851986,31.111000000
229.853370,31.112000000
229.855859,31.113000000
229.857902,31.114000000
229.896151,31.115000000
229.908000,31.116000000
229.909932,31.117000000
229.912196,31.118000000
229.915683,31.119000000
229.924989,31.120000000
229.971064,31.121000000
229.986445,31.122000000
230.000829,31.123000000
230.019260,31.124000000
230.042763,31.125000000
230.052639,31.126000000
230.061339,31.127000000
230.065722,31.128000000
230.071357,31.129000000
230.076248,31.130000000
230.084316,31.131000000
230.093137,31.132000000
230.095303,31.133000000
230.098808,31.134000000
230.107268,31.135000000
230.109241,31.136000000
230.111458,31.137000000
230.114575,31.138000000
230.119058,31.139000000
230.121349,31.140000000
230.128010,31.141000000
230.131304,31.142000000
230.133782,31.143000000
230.139602,31.144000000
230.141562,31.145000000
230.143853,31.146000000
230.146110,31.147000000
230.148968,31.148000000
230.174619,31.149000000
230.176409,31.150000000
230.208904,31.151000000
230.208953,31.152000000
230.236628,31.153000000
230.251146,31.154000000
230.266467,31.155000000
230.270084,31.156000000
230.298369,31.157000000
230.298482,31.158000000
230.309966,31.159000000
230.323363,31.160000000
230.334655,31.161000000
230.349240,31.162000000
230.385911,31.163000000
230.385959,31.164000000
230.393322,31.165000000
230.412863,31.166000000
230.432276,31.167000000
230.440093,31.168000000
230.448722,31.169000000
230.456465,31.170000000
230.478976,31.171000000
230.479026,31.172000000
230.506015,31.173000000
230.511105,31.174000000
230.532283,31.175000000
230.541538,31.176000000
230.541584,31.177000000
230.563249,31.178000000
230.617882,31.179000000
230.617929,31.180000000
230.645188,31.181000000
230.658265,31.182000000
230.695638,31.183000000
230.695691,31.184000000
230.695722,31.185000000
230.733984,31.186000000
230.743672,31.187000000
230.752899,31.188000000
230.773380,31.189000000
230.778808,31.190000000
230.814264,31.191000000
230.814319,31.192000000
230.831921,31.193000000
230.831970,31.194000000
230.860950,31.195000000
230.874410,31.196000000
230.874602,31.197000000
230.885082,31.198000000
230.890746,31.199000000
230.890789,31.200000000
230.929567,31.201000000
230.955234,31.202000000
230.971783,31.203000000
230.982726,31.204000000
230.982771,31.205000000
230.982799,31.206000000
231.009584,31.207000000
231.010407,31.208000000
231.019395,31.209000000
231.043151,31.210000000
231.044237,31.211000000
231.051617,31.212000000
231.051664,31.213000000
231.078943,31.214000000
231.103964,31.215000000
231.104017,31.218000000
231.110132,31.219000000
231.122123,31.220000000
231.122172,31.223000000
231.124628,31.224000000
231.125155,31.225000000
231.129601,31.226000000
231.131021,31.227000000
231.142658,31.228000000
231.142730,31.232000000
231.163962,31.233000000
231.164008,31.234000000
231.168274,31.235000000
231.175425,31.236000000
231.188620,31.237000000
231.192738,31.238000000
231.200381,31.239000000
231.229353,31.240000000
231.234549,31.241000000
231.268731,31.242000000
231.279501,31.243000000
231.284816,31.244000000
231.315570,31.245000000
231.327772,31.246000000
231.352486,31.247000000
231.353212,31.248000000
231.378104,31.249000000
231.384011,31.250000000
231.420287,31.251000000
231.424881,31.252000000
231.452671,31.253000000
231.463698,31.254000000
231.481691,31.255000000
231.493410,31.256000000
231.507622,31.257000000
231.520656,31.258000000
231.527371,31.259000000
231.546142,31.260000000
231.546186,31.261000000
231.570289,31.262000000
231.587461,31.263000000
231.603977,31.264000000
231.612893,31.265000000
231.627930,31.266000000
231.646389,31.267000000
231.651183,31.268000000
231.664663,31.269000000
231.675829,31.270000000
231.696185,31.271000000
231.699193,31.272000000
231.720958,31.273000000
231.724832,31.274000000
231.748964,31.275000000
231.754628,31.276000000
231.772085,31.277000000
231.782639,31.278000000
231.796155,31.279000000
231.796202,31.280000000
231.816194,31.281000000
231.833394,31.282000000
231.842613,31.283000000
231.847788,31.284000000
231.866981,31.285000000
231.872499,31.286000000
231.898402,31.287000000
231.901517,31.288000000
231.910093,31.289000000
231.910141,31.290000000
231.934811,31.291000000
231.942378,31.292000000
231.953300,31.293000000
231.963067,31.294000000
231.977111,31.295000000
231.986264,31.296000000
232.002295,31.297000000
232.013886,31.298000000
232.021907,31.299000000
232.041312,31.300000000
232.043535,31.301000000
232.062500,31.302000000
232.071935,31.303000000
232.083186,31.304000000
232.091969,31.305000000
232.092047,31.306000000
232.136237,31.307000000
232.142504,31.308000000
232.159639,31.309000000
232.182219,31.310000000
232.195203,31.311000000
232.204854,31.312000000
232.224185,31.313000000
232.235337,31.314000000
232.235419,31.315000000
232.252674,31.316000000
232.267430,31.317000000
232.274616,31.318000000
232.288106,31.319000000
232.299196,31.320000000
232.328053,31.321000000
232.339210,31.322000000
232.342772,31.323000000
232.368554,31.324000000
232.370690,31.325000000
232.374818,31.326000000
232.374858,31.327000000
232.394626,31.328000000
232.428050,31.329000000
232.431973,31.330000000
232.446109,31.331000000
232.450328,31.332000000
232.457226,31.333000000
232.465867,31.334000000
232.484722,31.335000000
232.489612,31.336000000
232.496445,31.337000000
232.499199,31.338000000
232.503145,31.339000000
232.507916,31.340000000
232.512855,31.341000000
232.517690,31.342000000
232.523742,31.343000000
232.528428,31.344000000
232.532385,31.345000000
232.536373,31.346000000
232.544685,31.347000000
232.551165,31.348000000
232.555619,31.349000000
232.561123,31.350000000
232.566688,31.351000000
232.572886,31.352000000
232.577910,31.353000000
232.584147,31.354000000
232.590758,31.355000000
232.600033,31.356000000
232.604096,31.357000000
232.608344,31.358000000
232.619740,31.359000000
232.637866,31.360000000
232.645228,31.361000000
232.649965,31.362000000
232.662861,31.363000000
232.665911,31.364000000
232.669088,31.365000000
232.671036,31.366000000
232.673122,31.367000000
232.676525,31.368000000
232.678649,31.369000000
232.688348,31.370000000
232.701501,31.371000000
232.706751,31.372000000
232.715931,31.373000000
232.729566,31.374000000
232.742854,31.375000000
232.747596,31.376000000
232.752647,31.377000000
232.762369,31.378000000
232.771354,31.379000000
232.779383,31.380000000
232.787118,31.381000000
232.791934,31.382000000
232.801738,31.383000000
232.809766,31.384000000
232.815465,31.385000000
232.824496,31.386000000
232.832602,31.387000000
232.838965,31.388000000
232.850555,31.389000000
232.857792,31.390000000
232.865576,31.391000000
232.874965,31.392000000
232.897897,31.393000000
232.911981,31.394000000
232.920124,31.395000000
232.927631,31.396000000
232.946246,31.397000000
232.965324,31.398000000
232.974407,31.399000000
232.978775,31.400000000
232.997123,31.401000000
233.001501,31.402000000
233.007917,31.403000000
233.023485,31.404000000
233.041284,31.405000000
233.046202,31.406000000
233.050069,31.407000000
233.060067,31.408000000
233.065909,31.409000000
233.067333,31.410000000
233.071401,31.411000000
233.072624,31.412000000
233.074337,31.413000000
233.075605,31.414000000
233.084854,31.415000000
233.096841,31.416000000
233.096868,31.417000000
233.103551,31.418000000
233.107549,31.419000000
233.109557,31.420000000
233.111384,31.421000000
233.113412,31.422000000
233.115385,31.423000000
233.119424,31.424000000
233.119901,31.425000000
233.153940,31.426000000
233.159728,31.427000000
233.167439,31.428000000
233.170532,31.429000000
233.178218,31.430000000
233.182934,31.431000000
233.197838,31.432000000
233.199891,31.433000000
233.201820,31.434000000
233.203842,31.435000000
233.205715,31.436000000
233.207696,31.437000000
233.211617,31.438000000
233.226231,31.439000000
233.238667,31.440000000
233.248353,31.441000000
233.252708,31.442000000
233.263395,31.443000000
233.270882,31.444000000
233.275569,31.445000000
233.287127,31.446000000
233.293453,31.447000000
233.303504,31.448000000
233.307382,31.449000000
233.315571,31.450000000
233.331867,31.451000000
233.337831,31.452000000
233.345587,31.453000000
233.353737,31.454000000
233.366006,31.455000000
233.370106,31.456000000
233.377214,31.457000000
233.383778,31.458000000
233.393817,31.459000000
233.410908,31.460000000
233.418014,31.461000000
233.439399,31.462000000
233.444120,31.463000000
233.449575,31.464000000
233.453451,31.465000000
233.459591,31.466000000
233.465807,31.467000000
233.469273,31.468000000
233.477129,31.469000000
233.495407,31.470000000
233.497475,31.471000000
233.499894,31.472000000
233.501887,31.473000000
233.504063,31.474000000
233.506001,31.475000000
233.507910,31.476000000
233.520913,31.477000000
233.520961,31.478000000
233.522444,31.479000000
233.524451,31.480000000
233.526446,31.481000000
233.528421,31.482000000
233.532245,31.483000000
233.534375,31.484000000
233.536402,31.485000000
233.538434,31.486000000
233.540295,31.487000000
233.542740,31.488000000
233.547442,31.489000000
233.547480,31.490000000
233.549269,31.491000000
233.558456,31.492000000
233.562661,31.493000000
233.592133,31.494000000
233.598418,31.495000000
233.600293,31.496000000
233.610165,31.497000000
233.621385,31.498000000
233.629170,31.499000000
233.635003,31.500000000
233.649946,31.501000000
233.654074,31.502000000
233.660105,31.503000000
233.671299,31.504000000
233.684371,31.505000000
233.691074,31.506000000
233.697954,31.507000000
233.711861,31.508000000
233.721309,31.509000000
233.735406,31.510000000
233.745216,31.511000000
233.751197,31.512000000
233.762170,31.513000000
233.786542,31.514000000
233.796057,31.515000000
233.824327,31.516000000
233.825755,31.517000000
233.828255,31.518000000
233.844882,31.519000000
233.848101,31.520000000
233.854924,31.521000000
233.857802,31.522000000
233.878753,31.523000000
233.881249,31.524000000
233.886081,31.525000000
233.898315,31.526000000
233.903809,31.527000000
233.908705,31.528000000
233.917039,31.529000000
233.926673,31.530000000
233.928947,31.531000000
233.931468,31.532000000
233.933871,31.533000000
233.936118,31.534000000
233.938291,31.535000000
233.940570,31.536000000
233.942807,31.537000000
233.945103,31.538000000
233.947414,31.539000000
233.963602,31.540000000
233.969700,31.541000000
233.974850,31.542000000
233.981332,31.543000000
233.983520,31.544000000
233.988831,31.545000000
233.994362,31.546000000
234.001142,31.547000000
234.007359,31.548000000
234.011481,31.549000000
234.030185,31.550000000
234.047424,31.551000000
234.064445,31.552000000
234.083008,31.553000000
234.093804,31.554000000
234.109785,31.555000000
234.115518,31.556000000
234.133595,31.557000000
234.142989,31.558000000
234.165324,31.559000000
234.180418,31.560000000
234.191155,31.561000000
234.198061,31.562000000
234.205819,31.563000000
234.234488,31.564000000
234.257030,31.565000000
234.260749,31.566000000
234.267022,31.567000000
234.269319,31.568000000
234.287116,31.569000000
234.294498,31.570000000
234.317653,31.571000000
234.328798,31.572000000
234.339553,31.573000000
234.350928,31.574000000
234.371117,31.575000000
234.386213,31.576000000
234.396495,31.577000000
234.411967,31.578000000
234.425032,31.579000000
234.438301,31.580000000
234.453321,31.581000000
234.457434,31.582000000
234.463510,31.583000000
234.467511,31.584000000
234.480225,31.585000000
234.486849,31.586000000
234.494677,31.587000000
234.501143,31.588000000
234.521234,31.589000000
234.534276,31.590000000
234.534843,31.591000000
234.553019,31.592000000
234.553360,31.593000000
234.579565,31.594000000
234.587736,31.595000000
234.592189,31.596000000
234.603595,31.597000000
234.611092,31.598000000
234.638951,31.599000000
234.651213,31.600000000
234.666359,31.601000000
234.677513,31.602000000
234.698254,31.603000000
234.708713,31.604000000
234.718738,31.605000000
234.742026,31.606000000
234.757411,31.607000000
234.761472,31.608000000
234.770545,31.609000000
234.784044,31.610000000
234.791614,31.611000000
234.796649,31.612000000
234.802841,31.613000000
234.826180,31.614000000
234.830237,31.615000000
234.841553,31.616000000
234.849913,31.617000000
234.857499,31.618000000
234.861795,31.619000000
234.886398,31.620000000
234.890440,31.621000000
234.900013,31.622000000
234.906977,31.623000000
234.913422,31.624000000
234.919590,31.625000000
234.944509,31.626000000
234.957466,31.627000000
234.969665,31.628000000
234.978545,31.629000000
234.989707,31.630000000
234.999706,31.631000000
235.007779,31.632000000
235.020717,31.633000000
235.034585,31.634000000
235.043257,31.635000000
235.054888,31.636000000
235.063034,31.637000000
235.066618,31.638000000
235.079665,31.639000000
235.099427,31.640000000
235.109236,31.641000000
235.111095,31.642000000
235.123050,31.643000000
235.144048,31.644000000
235.152618,31.645000000
235.158786,31.646000000
235.164846,31.647000000
235.175199,31.648000000
235.178248,31.649000000
235.187810,31.650000000
235.193684,31.651000000
235.199747,31.652000000
235.221873,31.653000000
235.227450,31.654000000
235.236929,31.655000000
235.237027,31.656000000
235.254333,31.657000000
235.255671,31.658000000
235.267580,31.659000000
235.290634,31.660000000
235.308441,31.661000000
235.315218,31.662000000
235.335605,31.663000000
235.347432,31.664000000
235.352484,31.665000000
235.366690,31.666000000
235.374329,31.667000000
235.387055,31.668000000
235.393507,31.669000000
235.401560,31.670000000
235.411561,31.671000000
235.411976,31.672000000
235.418482,31.673000000
235.435219,31.674000000
235.451307,31.675000000
235.481245,31.676000000
235.486575,31.677000000
235.500811,31.678000000
235.501560,31.679000000
235.518297,31.680000000
235.530986,31.681000000
235.540321,31.682000000
235.550526,31.683000000
235.572263,31.684000000
235.579134,31.685000000
235.588461,31.686000000
235.598101,31.687000000
235.610981,31.688000000
235.612316,31.689000000
235.643287,31.690000000
235.657486,31.691000000
235.661487,31.692000000
235.683657,31.693000000
235.691661,31.694000000
235.709219,31.695000000
235.717138,31.696000000
235.735308,31.697000000
235.745531,31.698000000
235.785128,31.699000000
235.810172,31.700000000
235.824727,31.701000000
235.838971,31.702000000
235.855160,31.703000000
235.866940,31.704000000
235.881509,31.705000000
235.881586,31.706000000
235.911986,31.707000000
235.917642,31.708000000
235.928662,31.709000000
235.939422,31.710000000
235.948391,31.711000000
235.948437,31.712000000
235.964712,31.713000000
235.977999,31.714000000
235.990554,31.715000000
236.001615,31.716000000
236.001675,31.717000000
236.018237,31.718000000
236.018300,31.719000000
236.018342,31.720000000
236.030431,31.721000000
236.031872,31.722000000
236.045704,31.723000000
236.053517,31.724000000
236.053614,31.725000000
236.063729,31.726000000
236.082328,31.727000000
236.082394,31.728000000
236.082790,31.729000000
236.088122,31.730000000
236.106082,31.731000000
236.116188,31.732000000
236.120398,31.733000000
236.141457,31.734000000
236.143097,31.735000000
236.165647,31.736000000
236.165719,31.737000000
236.165766,31.738000000
236.165806,31.739000000
236.183843,31.740000000
236.204548,31.741000000
236.206026,31.742000000
236.206515,31.743000000
236.206882,31.744000000
236.224874,31.745000000
236.247269,31.746000000
236.276756,31.747000000
236.290392,31.748000000
236.297197,31.749000000
236.304029,31.750000000
236.329013,31.751000000
236.332172,31.752000000
236.347290,31.753000000
236.354389,31.754000000
236.383720,31.755000000
236.383783,31.756000000
236.383824,31.757000000
236.404012,31.758000000
236.430381,31.759000000
236.430453,31.760000000
236.430495,31.761000000
236.430533,31.762000000
236.454881,31.763000000
236.455251,31.764000000
236.481071,31.765000000
236.503011,31.766000000
236.512906,31.767000000
236.519756,31.768000000
236.537537,31.769000000
236.553524,31.770000000
236.571375,31.771000000
236.583435,31.772000000
236.591280,31.773000000
236.601222,31.774000000
236.609579,31.775000000
236.630981,31.776000000
236.631464,31.777000000
236.644333,31.778000000
236.651452,31.779000000
236.654299,31.780000000
236.683547,31.781000000
236.700407,31.782000000
236.710316,31.783000000
236.729334,31.784000000
236.744077,31.785000000
236.761448,31.786000000
236.764699,31.787000000
236.771977,31.788000000
236.798816,31.789000000
236.804158,31.790000000
236.811590,31.791000000
236.824495,31.792000000
236.830091,31.793000000
236.861471,31.794000000
236.867299,31.795000000
236.874049,31.796000000
236.884196,31.797000000
236.895302,31.798000000
236.902371,31.799000000
236.909262,31.800000000
236.918994,31.801000000
236.926667,31.802000000
236.937121,31.803000000
236.944401,31.804000000
236.953273,31.805000000
236.959512,31.806000000
236.979456,31.807000000
236.997339,31.808000000
237.001330,31.809000000
237.027458,31.810000000
237.035426,31.811000000
237.043615,31.812000000
237.063699,31.813000000
237.073056,31.814000000
237.079797,31.815000000
237.103912,31.816000000
237.117424,31.817000000
237.132576,31.818000000
237.136614,31.819000000
237.138812,31.820000000
237.145662,31.821000000
237.153385,31.822000000
237.159132,31.823000000
237.162676,31.824000000
237.170868,31.825000000
237.176049,31.826000000
237.184778,31.827000000
237.187742,31.828000000
237.192191,31.829000000
237.198238,31.830000000
237.207751,31.831000000
237.217697,31.832000000
237.231631,31.833000000
237.242402,31.834000000
237.245393,31.835000000
237.259664,31.836000000
237.264304,31.837000000
237.268750,31.838000000
237.274725,31.839000000
237.279596,31.840000000
237.285805,31.841000000
237.289099,31.842000000
237.299841,31.843000000
237.304673,31.844000000
237.307014,31.845000000
237.313839,31.846000000
237.334768,31.847000000
237.354558,31.848000000
237.354605,31.849000000
237.355798,31.850000000
237.357898,31.851000000
237.368670,31.852000000
237.372836,31.853000000
237.374940,31.854000000
237.376939,31.855000000
237.379016,31.856000000
237.381030,31.857000000
237.386816,31.858000000
237.386857,31.859000000
237.387553,31.860000000
237.389574,31.861000000
237.391604,31.862000000
237.393966,31.863000000
237.397676,31.864000000
237.399558,31.865000000
237.401584,31.866000000
237.403802,31.867000000
237.405967,31.868000000
237.407977,31.869000000
237.410117,31.870000000
237.412291,31.871000000
237.414791,31.872000000
237.416817,31.873000000
237.418954,31.874000000
237.424100,31.875000000
237.431309,31.876000000
237.435871,31.877000000
237.438120,31.878000000
237.440389,31.879000000
237.444838,31.880000000
237.450109,31.881000000
237.454087,31.882000000
237.456726,31.883000000
237.458977,31.884000000
237.469986,31.885000000
237.472503,31.886000000
237.475413,31.887000000
237.477770,31.888000000
237.479867,31.889000000
237.482081,31.890000000
237.484110,31.891000000
237.486122,31.892000000
237.488229,31.893000000
237.490301,31.894000000
237.492460,31.895000000
237.494622,31.896000000
237.496611,31.897000000
237.499009,31.898000000
237.501977,31.899000000
237.503669,31.900000000
237.509845,31.901000000
237.511957,31.902000000
237.514508,31.903000000
237.517417,31.904000000
237.519924,31.905000000
237.522007,31.906000000
237.524108,31.907000000
237.526116,31.908000000
237.528358,31.909000000
237.531133,31.910000000
237.533326,31.911000000
237.535752,31.912000000
237.548164,31.913000000
237.552128,31.914000000
237.570431,31.915000000
237.586012,31.916000000
237.593004,31.917000000
237.598252,31.918000000
237.601344,31.919000000
237.605550,31.920000000
237.607286,31.921000000
237.609739,31.922000000
237.612000,31.923000000
237.614100,31.924000000
237.622285,31.925000000
237.631738,31.926000000
237.642579,31.927000000
237.652393,31.928000000
237.658750,31.929000000
237.664087,31.930000000
237.670518,31.931000000
237.674669,31.932000000
237.680348,31.933000000
237.685323,31.934000000
237.692115,31.935000000
237.699655,31.936000000
237.706408,31.937000000
237.709425,31.938000000
237.719049,31.939000000
237.724012,31.940000000
237.728727,31.941000000
237.734434,31.942000000
237.740704,31.943000000
237.745315,31.944000000
237.752342,31.945000000
237.757285,31.946000000
237.763849,31.947000000
237.766569,31.948000000
237.774991,31.949000000
237.781483,31.950000000
237.785838,31.951000000
237.788080,31.952000000
237.795880,31.953000000
237.804754,31.954000000
237.806992,31.955000000
237.814819,31.956000000
237.819449,31.957000000
237.830542,31.958000000
237.848688,31.959000000
237.871156,31.960000000
237.873228,31.961000000
237.888752,31.962000000
237.891057,31.963000000
237.901364,31.964000000
237.906892,31.965000000
237.913636,31.966000000
237.922792,31.967000000
237.925102,31.968000000
237.943258,31.969000000
237.949894,31.970000000
237.957168,31.971000000
237.965584,31.972000000
237.971942,31.973000000
237.974127,31.974000000
237.983094,31.975000000
237.987473,31.976000000
237.993893,31.977000000
238.000466,31.978000000
238.006577,31.979000000
238.011136,31.980000000
238.018349,31.981000000
238.024048,31.982000000
238.029917,31.983000000
238.034205,31.984000000
238.040174,31.985000000
238.045801,31.986000000
238.052371,31.987000000
238.059258,31.988000000
238.063434,31.989000000
238.069139,31.990000000
238.075487,31.991000000
238.081791,31.992000000
238.086024,31.993000000
238.093147,31.994000000
238.099666,31.995000000
238.105718,31.996000000
238.111873,31.997000000
238.116878,31.998000000
238.122183,31.999000000
238.129207,32.000000000
238.134731,32.001000000
238.141590,32.002000000
238.146663,32.003000000
238.153449,32.004000000
238.157616,32.005000000
238.163327,32.006000000
238.172902,32.007000000
238.177746,32.008000000
238.181826,32.009000000
238.183973,32.010000000
238.193599,32.011000000
238.195659,32.012000000
238.199806,32.013000000
238.201887,32.014000000
238.208434,32.015000000
238.212546,32.016000000
238.216627,32.017000000
238.220821,32.018000000
238.222989,32.019000000
238.225461,32.020000000
238.234254,32.021000000
238.238456,32.022000000
238.243936,32.023000000
238.246543,32.024000000
238.251353,32.025000000
238.255248,32.026000000
238.257461,32.027000000
238.264048,32.028000000
238.268699,32.029000000
238.272373,32.030000000
238.274521,32.031000000
238.280759,32.032000000
238.284691,32.033000000
238.288070,32.034000000
238.291110,32.035000000
238.294709,32.036000000
238.296718,32.037000000
238.305248,32.038000000
238.317693,32.039000000
238.324918,32.040000000
238.330975,32.041000000
238.340643,32.042000000
238.347474,32.043000000
238.350878,32.044000000
238.356958,32.045000000
238.360650,32.046000000
238.367178,32.047000000
238.373302,32.048000000
238.378525,32.049000000
238.380539,32.050000000
238.386422,32.051000000
238.390973,32.052000000
238.395106,32.053000000
238.398716,32.054000000
238.406438,32.055000000
238.408451,32.056000000
238.412530,32.057000000
238.416837,32.058000000
238.419058,32.059000000
238.425925,32.060000000
238.432942,32.061000000
238.439831,32.062000000
238.439903,32.063000000
238.443858,32.064000000
238.448129,32.065000000
238.453477,32.066000000
238.455590,32.067000000
238.457889,32.068000000
238.462801,32.069000000
238.468480,32.070000000
238.473343,32.071000000
238.475421,32.072000000
238.477483,32.073000000
238.484020,32.074000000
238.487136,32.075000000
238.491888,32.076000000
238.494066,32.077000000
238.500772,32.078000000
238.504651,32.079000000
238.508768,32.080000000
238.512951,32.081000000
238.515243,32.082000000
238.521923,32.083000000
238.527748,32.084000000
238.529791,32.085000000
238.532451,32.086000000
238.538964,32.087000000
238.544970,32.088000000
238.548712,32.089000000
238.553899,32.090000000
238.558598,32.091000000
238.562190,32.092000000
238.564305,32.093000000
238.578660,32.094000000
238.584792,32.095000000
238.587765,32.096000000
238.591883,32.097000000
238.597380,32.098000000
238.599579,32.099000000
238.606061,32.100000000
238.611498,32.101000000
238.617467,32.102000000
238.622159,32.103000000
238.624053,32.104000000
238.629840,32.105000000
238.636020,32.106000000
238.642246,32.107000000
238.644334,32.108000000
238.651632,32.109000000
238.657774,32.110000000
238.661830,32.111000000
238.667313,32.112000000
238.674787,32.113000000
238.688213,32.114000000
238.696949,32.115000000
238.706923,32.116000000
238.711313,32.117000000
238.719970,32.118000000
238.726523,32.119000000
238.728950,32.120000000
238.736125,32.121000000
238.743673,32.122000000
238.745855,32.123000000
238.754100,32.124000000
238.758214,32.125000000
238.764172,32.126000000
238.773539,32.127000000
238.775597,32.128000000
238.783625,32.129000000
238.785813,32.130000000
238.792276,32.131000000
238.798543,32.132000000
238.804505,32.133000000
238.806726,32.134000000
238.814161,32.135000000
238.820324,32.136000000
238.825449,32.137000000
238.827479,32.138000000
238.839432,32.139000000
238.851642,32.140000000
238.851696,32.141000000
238.873514,32.142000000
238.882510,32.143000000
238.888515,32.144000000
238.888595,32.145000000
238.922190,32.146000000
238.938327,32.147000000
238.944074,32.148000000
238.948268,32.149000000
238.964564,32.150000000
238.975657,32.151000000
238.979746,32.152000000
238.981989,32.153000000
238.988458,32.154000000
238.992220,32.155000000
238.997751,32.156000000
239.000952,32.157000000
239.009357,32.158000000
239.014913,32.159000000
239.031783,32.160000000
239.059346,32.161000000
239.068810,32.162000000
239.075986,32.163000000
239.080328,32.164000000
239.082516,32.165000000
239.091881,32.166000000
239.094102,32.167000000
239.098991,32.168000000
239.107138,32.169000000
239.110457,32.170000000
239.131336,32.171000000
239.148371,32.172000000
239.161903,32.173000000
239.175609,32.174000000
239.187408,32.175000000
239.197740,32.176000000
239.209255,32.177000000
239.221715,32.178000000
239.236915,32.179000000
239.243095,32.180000000
239.253512,32.181000000
239.270910,32.182000000
239.299424,32.183000000
239.312629,32.184000000
239.326084,32.185000000
239.343081,32.186000000
239.361066,32.187000000
239.371069,32.188000000
239.389124,32.189000000
239.404386,32.190000000
239.420807,32.191000000
239.437515,32.192000000
239.452828,32.193000000
239.464460,32.194000000
239.480070,32.195000000
239.496686,32.196000000
239.513963,32.197000000
239.524419,32.198000000
239.534851,32.199000000
239.539963,32.200000000
239.554211,32.201000000
239.568130,32.202000000
239.576210,32.203000000
239.581070,32.204000000
239.594777,32.205000000
239.601084,32.206000000
239.607705,32.207000000
239.616138,32.208000000
239.631439,32.209000000
239.653727,32.210000000
239.663102,32.211000000
239.675428,32.212000000
239.686758,32.213000000
239.704401,32.214000000
239.710767,32.215000000
239.725085,32.216000000
239.736128,32.217000000
239.740197,32.218000000
239.742341,32.219000000
239.744315,32.220000000
239.746787,32.221000000
239.748979,32.222000000
239.752125,32.223000000
239.754304,32.224000000
239.756631,32.225000000
239.761690,32.226000000
239.764330,32.227000000
239.771407,32.228000000
239.773621,32.229000000
239.776185,32.230000000
239.778486,32.231000000
239.780584,32.232000000
239.793183,32.233000000
239.805552,32.234000000
239.813517,32.235000000
239.823334,32.236000000
239.832652,32.237000000
239.853056,32.238000000
239.864216,32.239000000
239.882021,32.240000000
239.882155,32.241000000
239.882205,32.242000000
239.890534,32.243000000
239.895019,32.244000000
239.903919,32.245000000
239.925071,32.246000000
239.929081,32.247000000
239.933154,32.248000000
239.939094,32.249000000
239.949021,32.250000000
239.949227,32.251000000
239.960612,32.252000000
239.967645,32.253000000
239.973135,32.254000000
240.002434,32.255000000
240.012834,32.256000000
240.016688,32.257000000
240.026798,32.258000000
240.034610,32.259000000
240.045506,32.260000000
240.045569,32.261000000
