wall_time,ros_time
0.020611,7.073000000
0.027856,7.074000000
0.041693,7.075000000
0.049346,7.076000000
0.054720,7.077000000
0.057813,7.078000000
0.064245,7.079000000
0.066878,7.080000000
0.072411,7.081000000
0.074580,7.082000000
0.077870,7.083000000
0.109283,7.084000000
0.135385,7.085000000
0.152986,7.086000000
0.166743,7.087000000
0.178802,7.088000000
0.183554,7.089000000
0.194959,7.090000000
0.198472,7.091000000
0.210177,7.092000000
0.233225,7.093000000
0.235758,7.094000000
0.252177,7.095000000
0.271451,7.096000000
0.284876,7.097000000
0.291072,7.098000000
0.298219,7.099000000
0.299598,7.100000000
0.311181,7.101000000
0.318350,7.102000000
0.320390,7.103000000
0.335668,7.104000000
0.353880,7.105000000
0.358042,7.106000000
0.362304,7.107000000
0.367555,7.108000000
0.374567,7.109000000
0.376648,7.110000000
0.387508,7.111000000
0.388687,7.112000000
0.390703,7.113000000
0.394366,7.114000000
0.408453,7.115000000
0.410615,7.116000000
0.413296,7.117000000
0.423824,7.118000000
0.454675,7.119000000
0.460111,7.120000000
0.461526,7.121000000
0.468660,7.122000000
0.484394,7.123000000
0.494852,7.124000000
0.498589,7.125000000
0.505016,7.126000000
0.507560,7.127000000
0.513044,7.128000000
0.519197,7.129000000
0.526252,7.130000000
0.528313,7.131000000
0.533460,7.132000000
0.554947,7.133000000
0.606232,7.134000000
0.615551,7.135000000
0.630720,7.136000000
0.639904,7.137000000
0.655459,7.138000000
0.670702,7.139000000
0.680814,7.140000000
0.696625,7.141000000
0.706942,7.142000000
0.725983,7.143000000
0.732093,7.144000000
0.748285,7.145000000
0.752877,7.146000000
0.764848,7.147000000
0.775076,7.148000000
0.777344,7.149000000
0.779339,7.150000000
0.784167,7.151000000
0.786250,7.152000000
0.795012,7.153000000
0.800622,7.154000000
0.802756,7.155000000
0.808969,7.156000000
0.814240,7.157000000
0.843448,7.158000000
0.851091,7.159000000
0.853057,7.160000000
0.858454,7.161000000
0.860436,7.162000000
0.866491,7.163000000
0.871675,7.164000000
0.878777,7.165000000
0.880787,7.166000000
0.886579,7.167000000
0.914441,7.168000000
0.931773,7.169000000
0.934773,7.170000000
0.951427,7.171000000
0.959162,7.172000000
0.966579,7.173000000
1.001317,7.174000000
1.014548,7.175000000
1.029653,7.176000000
1.039807,7.177000000
1.055914,7.178000000
1.067324,7.179000000
1.075071,7.180000000
1.104937,7.181000000
1.113933,7.182000000
1.132970,7.183000000
1.141031,7.184000000
1.152473,7.185000000
1.168731,7.186000000
1.176154,7.187000000
1.206055,7.188000000
1.217369,7.189000000
1.229170,7.190000000
1.259847,7.191000000
1.269354,7.192000000
1.288467,7.193000000
1.305925,7.194000000
1.318163,7.195000000
1.322085,7.196000000
1.360118,7.197000000
1.373790,7.198000000
1.379997,7.199000000
1.385764,7.200000000
1.408003,7.201000000
1.408065,7.202000000
1.438210,7.203000000
1.455708,7.204000000
1.455752,7.205000000
1.481953,7.206000000
1.506593,7.207000000
1.523788,7.208000000
1.550688,7.209000000
1.550747,7.211000000
1.575871,7.212000000
1.581161,7.213000000
1.653326,7.214000000
1.682801,7.215000000
1.698534,7.216000000
1.709604,7.217000000
1.789766,7.218000000
1.827617,7.219000000
1.832860,7.220000000
1.840508,7.221000000
1.854961,7.222000000
1.862666,7.223000000
1.876642,7.224000000
1.895051,7.225000000
1.897372,7.226000000
1.910732,7.227000000
1.949521,7.228000000
1.968002,7.229000000
1.978460,7.230000000
1.998042,7.231000000
1.998095,7.233000000
2.010503,7.234000000
2.010587,7.235000000
2.036999,7.236000000
2.064473,7.237000000
2.072284,7.238000000
2.085048,7.239000000
2.085096,7.240000000
2.113195,7.241000000
2.113245,7.242000000
2.167378,7.243000000
2.167441,7.244000000
2.181818,7.245000000
2.181871,7.246000000
2.220384,7.247000000
2.220433,7.248000000
2.279919,7.249000000
2.279978,7.250000000
2.311226,7.251000000
2.311279,7.252000000
2.350140,7.253000000
2.350189,7.255000000
2.375529,7.256000000
2.394863,7.257000000
2.394912,7.258000000
2.438484,7.259000000
2.478950,7.260000000
2.489246,7.261000000
2.503269,7.262000000
2.538266,7.263000000
2.560659,7.264000000
2.569332,7.265000000
2.571231,7.266000000
2.617636,7.267000000
2.633231,7.268000000
2.634493,7.269000000
2.644131,7.270000000
2.644182,7.271000000
2.667801,7.272000000
2.699951,7.273000000
2.700005,7.275000000
2.716297,7.276000000
2.833408,7.277000000
2.833457,7.279000000
2.875708,7.280000000
2.875764,7.281000000
2.916059,7.282000000
2.916109,7.283000000
2.951641,7.284000000
2.951694,7.285000000
3.043131,7.286000000
3.043182,7.289000000
3.077180,7.290000000
3.088763,7.291000000
3.116487,7.292000000
3.149089,7.293000000
3.165275,7.294000000
3.181212,7.295000000
3.212001,7.296000000
3.220916,7.297000000
3.242084,7.298000000
3.252361,7.299000000
3.255731,7.300000000
3.260842,7.301000000
3.307450,7.302000000
3.355156,7.303000000
3.371817,7.304000000
3.392168,7.305000000
3.409840,7.306000000
3.434017,7.307000000
3.443639,7.308000000
3.452209,7.309000000
3.452284,7.312000000
3.456795,7.313000000
3.464750,7.314000000
3.467180,7.315000000
3.467217,7.316000000
3.467760,7.317000000
3.495148,7.318000000
3.495397,7.319000000
3.516560,7.320000000
3.526573,7.321000000
3.570679,7.322000000
3.584562,7.323000000
3.596849,7.324000000
3.617094,7.325000000
3.626705,7.326000000
3.634607,7.327000000
3.645131,7.328000000
3.657937,7.329000000
3.667716,7.330000000
3.701707,7.331000000
3.710158,7.332000000
3.742383,7.333000000
3.752989,7.334000000
3.772893,7.335000000
3.781724,7.336000000
3.814480,7.337000000
3.832950,7.338000000
3.842889,7.339000000
3.852158,7.340000000
3.869546,7.341000000
3.881446,7.342000000
3.884987,7.343000000
3.891101,7.344000000
3.897728,7.345000000
3.905233,7.346000000
3.907495,7.347000000
3.913646,7.348000000
3.920794,7.349000000
3.926713,7.350000000
3.930136,7.351000000
3.936844,7.352000000
3.943745,7.353000000
3.949371,7.354000000
3.951559,7.355000000
3.957492,7.356000000
3.962249,7.357000000
3.967715,7.358000000
3.976205,7.359000000
3.978294,7.360000000
3.988648,7.361000000
3.991779,7.362000000
3.997547,7.363000000
4.003363,7.364000000
4.010778,7.365000000
4.027180,7.366000000
4.032133,7.367000000
4.036501,7.368000000
4.044426,7.369000000
4.051420,7.370000000
4.054003,7.371000000
4.077631,7.372000000
4.079909,7.373000000
4.084994,7.374000000
4.092415,7.375000000
4.095406,7.376000000
4.101761,7.377000000
4.107722,7.378000000
4.110288,7.379000000
4.115671,7.380000000
4.133132,7.381000000
4.133573,7.382000000
4.157785,7.383000000
4.157833,7.384000000
4.200103,7.385000000
4.225665,7.386000000
4.235610,7.387000000
4.271542,7.388000000
4.299943,7.389000000
4.312584,7.390000000
4.325827,7.391000000
4.332507,7.392000000
4.351483,7.393000000
4.365106,7.394000000
4.377086,7.395000000
4.399013,7.396000000
4.406720,7.397000000
4.414602,7.398000000
4.435975,7.399000000
4.445169,7.400000000
4.468051,7.401000000
4.488983,7.402000000
4.502837,7.403000000
4.520391,7.404000000
4.535905,7.405000000
4.545286,7.406000000
4.553862,7.407000000
4.566005,7.408000000
4.575920,7.409000000
4.586610,7.410000000
4.601012,7.411000000
4.613519,7.412000000
4.631133,7.413000000
4.670057,7.414000000
4.687375,7.415000000
4.695583,7.416000000
4.704400,7.417000000
4.704453,7.418000000
4.712134,7.419000000
4.720790,7.420000000
4.720840,7.421000000
4.732179,7.422000000
4.736476,7.423000000
4.746246,7.424000000
4.755603,7.425000000
4.772443,7.426000000
4.780748,7.427000000
4.788516,7.428000000
4.789006,7.429000000
4.797821,7.430000000
4.806912,7.431000000
4.812270,7.432000000
4.823141,7.433000000
4.824013,7.434000000
4.833630,7.435000000
4.843728,7.436000000
4.846159,7.437000000
4.855728,7.438000000
4.866153,7.439000000
4.866204,7.440000000
4.877083,7.441000000
4.877338,7.442000000
4.889269,7.443000000
4.898824,7.444000000
4.917768,7.445000000
4.923403,7.446000000
4.930683,7.447000000
4.938627,7.448000000
4.946238,7.449000000
4.970265,7.450000000
4.982454,7.451000000
4.982662,7.452000000
4.994629,7.453000000
4.994679,7.454000000
5.009412,7.455000000
5.032690,7.456000000
5.052824,7.457000000
5.067799,7.458000000
5.075863,7.459000000
5.089780,7.460000000
5.096484,7.461000000
5.102830,7.462000000
5.116008,7.463000000
5.125861,7.464000000
5.134593,7.465000000
5.145226,7.466000000
5.154121,7.467000000
5.161828,7.468000000
5.171918,7.469000000
5.182196,7.470000000
5.191333,7.471000000
5.198328,7.472000000
5.204959,7.473000000
5.228785,7.474000000
5.239212,7.475000000
5.263982,7.476000000
5.273876,7.477000000
5.278289,7.478000000
5.303792,7.479000000
5.309470,7.480000000
5.315820,7.481000000
5.322815,7.482000000
5.327823,7.483000000
5.350490,7.484000000
5.352293,7.485000000
5.375277,7.486000000
5.387100,7.487000000
5.390896,7.488000000
5.396370,7.489000000
5.399465,7.490000000
5.401955,7.491000000
5.404823,7.492000000
5.407334,7.493000000
5.425687,7.494000000
5.433609,7.495000000
5.446595,7.496000000
5.454345,7.497000000
5.491322,7.498000000
5.494287,7.499000000
5.506553,7.500000000
5.513777,7.501000000
5.521764,7.502000000
5.524461,7.503000000
5.531166,7.504000000
5.546322,7.505000000
5.556831,7.506000000
5.557236,7.507000000
5.557303,7.508000000
5.557343,7.509000000
5.558823,7.510000000
5.566000,7.511000000
5.572969,7.512000000
5.578557,7.513000000
5.587686,7.514000000
5.588751,7.515000000
5.589877,7.516000000
5.589926,7.517000000
5.591388,7.518000000
5.637294,7.519000000
5.651902,7.520000000
5.655601,7.521000000
5.657311,7.522000000
5.678427,7.523000000
5.690277,7.524000000
5.695989,7.525000000
5.702963,7.526000000
5.716071,7.527000000
5.724588,7.528000000
5.747893,7.529000000
5.750398,7.530000000
5.752836,7.531000000
5.763240,7.532000000
5.779612,7.533000000
5.779689,7.534000000
5.780011,7.535000000
5.811254,7.536000000
5.811319,7.537000000
5.811360,7.538000000
5.811401,7.539000000
5.811439,7.540000000
5.811500,7.541000000
5.814889,7.542000000
5.814957,7.543000000
5.815478,7.544000000
5.815528,7.545000000
5.827539,7.546000000
5.827601,7.547000000
5.827641,7.548000000
5.827680,7.549000000
5.827717,7.550000000
5.828119,7.551000000
5.835060,7.552000000
5.836893,7.553000000
5.836967,7.554000000
5.837008,7.555000000
5.859926,7.556000000
5.879075,7.557000000
5.881483,7.558000000
5.891943,7.559000000
5.897587,7.560000000
5.935000,7.561000000
5.949080,7.562000000
5.987830,7.563000000
5.994738,7.564000000
6.006632,7.565000000
6.027062,7.566000000
6.047707,7.567000000
6.056611,7.568000000
6.070321,7.569000000
6.080738,7.570000000
6.088086,7.571000000
6.098152,7.572000000
6.098429,7.573000000
6.103785,7.574000000
6.104632,7.575000000
6.112521,7.576000000
6.112784,7.577000000
6.117644,7.578000000
6.134324,7.579000000
6.136086,7.580000000
6.145548,7.581000000
6.157276,7.582000000
6.157339,7.583000000
6.157652,7.584000000
6.178114,7.585000000
6.178513,7.586000000
6.185925,7.587000000
6.196474,7.588000000
6.210587,7.589000000
6.210655,7.590000000
6.210697,7.591000000
6.210787,7.592000000
6.211452,7.593000000
6.223052,7.594000000
6.227279,7.595000000
6.238934,7.596000000
6.244803,7.597000000
6.244910,7.598000000
6.247584,7.599000000
6.250368,7.600000000
6.257200,7.601000000
6.259819,7.602000000
6.270869,7.603000000
6.275321,7.604000000
6.287299,7.605000000
6.297461,7.606000000
6.312881,7.607000000
6.321941,7.608000000
6.342264,7.609000000
6.350035,7.610000000
6.355571,7.611000000
6.357995,7.612000000
6.366699,7.613000000
6.371455,7.614000000
6.375135,7.615000000
6.393865,7.616000000
6.407811,7.617000000
6.414000,7.618000000
6.429996,7.619000000
6.461797,7.620000000
6.468080,7.621000000
6.488868,7.622000000
6.506769,7.623000000
6.512764,7.624000000
6.519072,7.625000000
6.529631,7.626000000
6.532586,7.627000000
6.554126,7.628000000
6.564769,7.629000000
6.584902,7.630000000
6.587081,7.631000000
6.601221,7.632000000
6.603434,7.633000000
6.605855,7.634000000
6.620565,7.635000000
6.623122,7.636000000
6.625627,7.637000000
6.629060,7.638000000
6.631553,7.639000000
6.633748,7.640000000
6.636202,7.641000000
6.638727,7.642000000
6.640915,7.643000000
6.650247,7.644000000
6.669920,7.645000000
6.679121,7.646000000
6.684869,7.647000000
6.693883,7.648000000
6.700060,7.649000000
6.705495,7.650000000
6.711920,7.651000000
6.721959,7.652000000
6.763126,7.653000000
6.769297,7.654000000
6.790123,7.655000000
6.799672,7.656000000
6.800480,7.657000000
6.812298,7.658000000
6.832480,7.659000000
6.843667,7.660000000
6.848798,7.661000000
6.861168,7.662000000
6.874526,7.663000000
6.886596,7.664000000
6.891941,7.665000000
6.898409,7.666000000
6.903960,7.667000000
6.918797,7.668000000
6.925748,7.669000000
6.930765,7.670000000
6.936006,7.671000000
6.942383,7.672000000
6.942429,7.673000000
6.952514,7.674000000
6.958245,7.675000000
6.975209,7.676000000
6.981950,7.677000000
6.988535,7.678000000
6.993371,7.679000000
7.002296,7.680000000
7.009771,7.681000000
7.032905,7.682000000
7.040441,7.683000000
7.046505,7.684000000
7.055570,7.685000000
7.064922,7.686000000
7.070542,7.687000000
7.077893,7.688000000
7.099612,7.689000000
7.108372,7.690000000
7.121821,7.691000000
7.128023,7.692000000
7.137100,7.693000000
7.146733,7.694000000
7.154880,7.695000000
7.163121,7.696000000
7.170276,7.697000000
7.178676,7.698000000
7.188771,7.699000000
7.195297,7.700000000
7.202971,7.701000000
7.217861,7.702000000
7.220107,7.703000000
7.224449,7.704000000
7.230957,7.705000000
7.236037,7.706000000
7.241315,7.707000000
7.246831,7.708000000
7.251063,7.709000000
7.271386,7.710000000
7.272698,7.711000000
7.275447,7.712000000
7.278199,7.713000000
7.282621,7.714000000
7.286280,7.715000000
7.309735,7.716000000
7.319754,7.717000000
7.323196,7.718000000
7.338167,7.719000000
7.348422,7.720000000
7.352665,7.721000000
7.382032,7.722000000
7.391191,7.723000000
7.397367,7.724000000
7.416405,7.725000000
7.420747,7.726000000
7.433069,7.727000000
7.489720,7.728000000
7.489768,7.729000000
7.522524,7.730000000
7.527381,7.731000000
7.536289,7.732000000
7.544337,7.733000000
7.556666,7.734000000
7.556875,7.735000000
7.570383,7.736000000
7.582911,7.737000000
7.582962,7.738000000
7.608732,7.739000000
7.623677,7.740000000
7.630018,7.741000000
7.634329,7.742000000
7.646138,7.743000000
7.647889,7.744000000
7.668615,7.745000000
7.698818,7.746000000
7.715006,7.747000000
7.733205,7.748000000
7.746998,7.749000000
7.776723,7.750000000
7.786927,7.751000000
7.800597,7.752000000
7.810480,7.753000000
7.836265,7.754000000
7.858598,7.755000000
7.874407,7.756000000
7.884573,7.757000000
7.891460,7.758000000
7.931623,7.759000000
7.948745,7.760000000
7.951604,7.761000000
7.953553,7.762000000
7.956296,7.763000000
7.958187,7.764000000
7.960364,7.765000000
7.962627,7.766000000
7.971511,7.767000000
7.974106,7.768000000
7.976945,7.769000000
7.978999,7.770000000
7.982560,7.771000000
7.985594,7.772000000
7.994125,7.773000000
7.998331,7.774000000
8.001072,7.775000000
8.022056,7.776000000
8.030873,7.777000000
8.030919,7.779000000
8.034268,7.780000000
8.039330,7.781000000
8.049767,7.782000000
8.049851,7.785000000
8.054282,7.786000000
8.078147,7.787000000
8.087976,7.788000000
8.101952,7.789000000
8.105729,7.790000000
8.108214,7.791000000
8.149833,7.792000000
8.166086,7.793000000
8.166742,7.794000000
8.185569,7.795000000
8.185624,7.796000000
8.195363,7.797000000
8.215691,7.798000000
8.215955,7.799000000
8.233827,7.800000000
8.253501,7.801000000
8.260520,7.802000000
8.264506,7.803000000
8.271856,7.804000000
8.277394,7.805000000
8.305871,7.806000000
8.315576,7.807000000
8.323694,7.808000000
8.360603,7.809000000
8.371452,7.810000000
8.377646,7.811000000
8.384249,7.812000000
8.390506,7.813000000
8.399828,7.814000000
8.402707,7.815000000
8.444059,7.816000000
8.450530,7.817000000
8.456610,7.818000000
8.460555,7.819000000
8.473231,7.820000000
8.479311,7.821000000
8.489344,7.822000000
8.496522,7.823000000
8.503576,7.824000000
8.521295,7.825000000
8.544358,7.826000000
8.544398,7.827000000
8.544553,7.828000000
8.560435,7.829000000
8.571313,7.830000000
8.571355,7.831000000
8.579782,7.832000000
8.586045,7.833000000
8.599529,7.834000000
8.599609,7.835000000
8.601691,7.836000000
8.607552,7.837000000
8.607586,7.839000000
8.620270,7.840000000
8.620311,7.841000000
8.629923,7.842000000
8.630150,7.843000000
8.630181,7.844000000
8.645265,7.845000000
8.645608,7.846000000
8.645639,7.847000000
8.655498,7.848000000
8.655750,7.849000000
8.662726,7.850000000
8.662772,7.851000000
8.668936,7.852000000
8.692252,7.853000000
8.692298,7.854000000
8.717874,7.855000000
8.717947,7.859000000
8.718548,7.860000000
8.725194,7.861000000
8.725416,7.862000000
8.739774,7.863000000
8.756253,7.864000000
8.756296,7.865000000
8.790309,7.866000000
8.797780,7.867000000
8.806542,7.868000000
8.812474,7.869000000
8.814929,7.870000000
8.822028,7.871000000
8.824338,7.872000000
8.845332,7.873000000
8.851009,7.874000000
8.859099,7.875000000
8.880750,7.876000000
8.894015,7.877000000
8.906023,7.878000000
8.915765,7.879000000
8.918975,7.880000000
8.925002,7.881000000
8.930003,7.882000000
8.939826,7.883000000
8.947536,7.884000000
8.951535,7.885000000
8.957719,7.886000000
8.967694,7.887000000
8.976161,7.888000000
8.980960,7.889000000
8.992044,7.890000000
8.996234,7.891000000
9.008079,7.892000000
9.031362,7.893000000
9.031415,7.894000000
9.052741,7.895000000
9.061165,7.896000000
9.063857,7.897000000
9.095409,7.898000000
9.100341,7.899000000
9.103238,7.900000000
9.139694,7.901000000
9.148313,7.902000000
9.171149,7.903000000
9.181526,7.904000000
9.193285,7.905000000
9.202286,7.906000000
9.213170,7.907000000
9.217272,7.908000000
9.232161,7.909000000
9.250077,7.910000000
9.259505,7.911000000
9.264077,7.912000000
9.267757,7.913000000
9.272177,7.914000000
9.276356,7.915000000
9.279844,7.916000000
9.284042,7.917000000
9.287731,7.918000000
9.291960,7.919000000
9.296973,7.920000000
9.303108,7.921000000
9.307014,7.922000000
9.309894,7.923000000
9.315175,7.924000000
9.319382,7.925000000
9.326863,7.926000000
9.336462,7.927000000
9.347599,7.928000000
9.357806,7.929000000
9.369882,7.930000000
9.382740,7.931000000
9.397640,7.932000000
9.409299,7.933000000
9.423158,7.934000000
9.434589,7.935000000
9.440805,7.936000000
9.452703,7.937000000
9.480630,7.938000000
9.487408,7.939000000
9.500576,7.940000000
9.500623,7.941000000
9.507506,7.942000000
9.529892,7.943000000
9.537373,7.944000000
9.537420,7.945000000
9.556189,7.946000000
9.564376,7.947000000
9.573509,7.948000000
9.573586,7.949000000
9.596408,7.950000000
9.604357,7.951000000
9.618594,7.952000000
9.618640,7.953000000
9.637300,7.954000000
9.637346,7.955000000
9.653357,7.956000000
9.655289,7.957000000
9.670368,7.958000000
9.682178,7.959000000
9.694811,7.960000000
9.694858,7.961000000
9.699944,7.962000000
9.716206,7.963000000
9.721240,7.964000000
9.721426,7.965000000
9.737134,7.966000000
9.740811,7.967000000
9.748874,7.968000000
9.760612,7.969000000
9.760657,7.970000000
9.775533,7.971000000
9.783384,7.972000000
9.796558,7.973000000
9.796596,7.975000000
9.810075,7.976000000
9.810969,7.977000000
9.816303,7.978000000
9.816348,7.979000000
9.830422,7.980000000
9.830471,7.981000000
9.834852,7.982000000
9.843151,7.983000000
9.843192,7.986000000
9.847100,7.987000000
9.848784,7.988000000
9.848981,7.989000000
9.860550,7.990000000
9.860591,7.993000000
9.862193,7.994000000
9.862231,7.995000000
9.866478,7.996000000
9.866510,7.997000000
9.876713,7.998000000
9.876759,8.002000000
9.884359,8.003000000
9.884398,8.004000000
9.887634,8.005000000
9.914598,8.006000000
9.914667,8.008000000
9.921044,8.009000000
9.923959,8.010000000
9.924338,8.011000000
9.924369,8.012000000
9.936139,8.013000000
9.943815,8.014000000
9.943862,8.017000000
9.951830,8.018000000
9.951876,8.021000000
9.962999,8.022000000
9.963320,8.023000000
9.963354,8.026000000
9.967154,8.027000000
9.970142,8.028000000
9.970824,8.029000000
9.984751,8.030000000
9.984801,8.034000000
9.987256,8.035000000
9.997712,8.036000000
10.019163,8.037000000
10.019768,8.038000000
10.025841,8.039000000
10.028052,8.040000000
10.036887,8.041000000
10.050050,8.042000000
10.055832,8.043000000
10.059820,8.044000000
10.064022,8.045000000
10.068800,8.046000000
10.085137,8.047000000
10.094891,8.048000000
10.105433,8.049000000
10.110080,8.050000000
10.119250,8.051000000
10.125229,8.052000000
10.134809,8.053000000
10.138572,8.054000000
10.147520,8.055000000
10.152638,8.056000000
10.159419,8.057000000
10.171910,8.058000000
10.182062,8.059000000
10.192522,8.060000000
10.203730,8.061000000
10.215365,8.062000000
10.220227,8.063000000
10.225458,8.064000000
10.236238,8.065000000
10.243163,8.066000000
10.247686,8.067000000
10.254016,8.068000000
10.265892,8.069000000
10.310100,8.070000000
10.317330,8.071000000
10.320085,8.072000000
10.322248,8.073000000
10.331247,8.074000000
10.333516,8.075000000
10.337627,8.076000000
10.340379,8.077000000
10.342742,8.078000000
10.345078,8.079000000
10.347236,8.080000000
10.356086,8.081000000
10.388410,8.082000000
10.388478,8.083000000
10.388523,8.084000000
10.394531,8.085000000
10.401982,8.086000000
10.402094,8.087000000
10.412341,8.088000000
10.423645,8.089000000
10.423724,8.090000000
10.425131,8.091000000
10.451874,8.092000000
10.466773,8.093000000
10.490476,8.094000000
10.500536,8.095000000
10.516681,8.096000000
10.531207,8.097000000
10.538017,8.098000000
10.546194,8.099000000
10.559086,8.100000000
10.568512,8.101000000
10.580554,8.102000000
10.592068,8.103000000
10.603336,8.104000000
10.611858,8.105000000
10.620610,8.106000000
10.629419,8.107000000
10.653713,8.108000000
10.661885,8.109000000
10.670579,8.110000000
10.694701,8.111000000
10.707496,8.112000000
10.710566,8.113000000
10.718355,8.114000000
10.733570,8.115000000
10.736117,8.116000000
10.761977,8.117000000
10.763416,8.118000000
10.789821,8.119000000
10.789936,8.120000000
10.804479,8.121000000
10.816461,8.122000000
10.831048,8.123000000
10.847160,8.124000000
10.852703,8.125000000
10.868857,8.126000000
10.869056,8.127000000
10.871946,8.128000000
10.893345,8.129000000
10.893872,8.130000000
10.893926,8.131000000
10.906089,8.132000000
10.919960,8.133000000
10.933136,8.134000000
10.952907,8.135000000
10.958430,8.136000000
10.973739,8.137000000
10.984327,8.138000000
10.994460,8.139000000
11.022806,8.140000000
11.031645,8.141000000
11.054093,8.142000000
11.069367,8.143000000
11.074158,8.144000000
11.080377,8.145000000
11.085774,8.146000000
11.106234,8.147000000
11.110631,8.148000000
11.120506,8.149000000
11.130229,8.150000000
11.136287,8.151000000
11.142128,8.152000000
11.156178,8.153000000
11.164187,8.154000000
11.171991,8.155000000
11.190931,8.156000000
11.191037,8.157000000
11.198419,8.158000000
11.206578,8.159000000
11.216964,8.160000000
11.230453,8.161000000
11.245648,8.162000000
11.254446,8.163000000
11.264159,8.164000000
11.275984,8.165000000
11.281034,8.166000000
11.303527,8.167000000
11.311001,8.168000000
11.315759,8.169000000
11.323724,8.170000000
11.330755,8.171000000
11.331169,8.172000000
11.341740,8.173000000
11.348902,8.174000000
11.353445,8.175000000
11.363149,8.176000000
11.365985,8.177000000
11.390374,8.178000000
11.402040,8.179000000
11.413854,8.180000000
11.417552,8.181000000
11.428252,8.182000000
11.436914,8.183000000
11.445195,8.184000000
11.466179,8.185000000
11.476233,8.186000000
11.493936,8.187000000
11.503128,8.188000000
11.510439,8.189000000
11.528654,8.190000000
11.542869,8.191000000
11.547907,8.192000000
11.561592,8.193000000
11.581673,8.194000000
11.597078,8.195000000
11.601344,8.196000000
11.604062,8.197000000
11.622037,8.198000000
11.631196,8.199000000
11.645658,8.200000000
11.649728,8.201000000
11.652440,8.202000000
11.657720,8.203000000
11.661633,8.204000000
11.664968,8.205000000
11.676704,8.206000000
11.683800,8.207000000
11.689226,8.208000000
11.692467,8.209000000
11.710341,8.210000000
11.718144,8.211000000
11.721074,8.212000000
11.725171,8.213000000
11.732211,8.214000000
11.735928,8.215000000
11.738659,8.216000000
11.741287,8.217000000
11.747602,8.218000000
11.750544,8.219000000
11.753418,8.220000000
11.769376,8.221000000
11.771949,8.222000000
11.774965,8.223000000
11.793083,8.224000000
11.797653,8.225000000
11.801262,8.226000000
11.806708,8.227000000
11.811446,8.228000000
11.816267,8.229000000
11.818597,8.230000000
11.821093,8.231000000
11.827627,8.232000000
11.831623,8.233000000
11.835489,8.234000000
11.838184,8.235000000
11.853765,8.236000000
11.857393,8.237000000
11.861849,8.238000000
11.887205,8.239000000
11.898649,8.240000000
11.905746,8.241000000
11.914050,8.242000000
11.922552,8.243000000
11.932315,8.244000000
11.949780,8.245000000
11.961099,8.246000000
11.969804,8.247000000
11.977358,8.248000000
11.981141,8.249000000
11.983330,8.250000000
11.991113,8.251000000
11.994446,8.252000000
12.000978,8.253000000
12.011942,8.254000000
12.026334,8.255000000
12.030716,8.256000000
12.033145,8.257000000
12.036857,8.258000000
12.039110,8.259000000
12.044139,8.260000000
12.046625,8.261000000
12.049182,8.262000000
12.054609,8.263000000
12.061070,8.264000000
12.065523,8.265000000
12.069294,8.266000000
12.071599,8.267000000
12.073837,8.268000000
12.076209,8.269000000
12.078803,8.270000000
12.083882,8.271000000
12.091798,8.272000000
12.117314,8.273000000
12.123222,8.274000000
12.127467,8.275000000
12.147898,8.276000000
12.152137,8.277000000
12.154663,8.278000000
12.158027,8.279000000
12.167320,8.280000000
12.169780,8.281000000
12.172276,8.282000000
12.174669,8.283000000
12.177138,8.284000000
12.179905,8.285000000
12.183161,8.286000000
12.188099,8.287000000
12.191521,8.288000000
12.203580,8.289000000
12.205943,8.290000000
12.210412,8.291000000
12.213365,8.292000000
12.219661,8.293000000
12.234329,8.294000000
12.237648,8.295000000
12.244901,8.296000000
12.249707,8.297000000
12.253260,8.298000000
12.256819,8.299000000
12.260541,8.300000000
12.264392,8.301000000
12.266951,8.302000000
12.279830,8.303000000
12.282136,8.304000000
12.285797,8.305000000
12.294941,8.306000000
12.305268,8.307000000
12.307696,8.308000000
12.310557,8.309000000
12.314713,8.310000000
12.317690,8.311000000
12.324106,8.312000000
12.329853,8.313000000
12.334716,8.314000000
12.338914,8.315000000
12.343388,8.316000000
12.346144,8.317000000
12.348413,8.318000000
12.351023,8.319000000
12.353729,8.320000000
12.356499,8.321000000
12.360001,8.322000000
12.363002,8.323000000
12.365524,8.324000000
12.371279,8.325000000
12.373681,8.326000000
12.376645,8.327000000
12.379273,8.328000000
12.382778,8.329000000
12.387063,8.330000000
12.397618,8.331000000
12.416227,8.332000000
12.416327,8.333000000
12.432990,8.334000000
12.447599,8.335000000
12.464300,8.336000000
12.474939,8.337000000
12.489134,8.338000000
12.501452,8.339000000
12.529726,8.340000000
12.536789,8.341000000
12.542949,8.342000000
12.577812,8.343000000
12.577871,8.345000000
12.597098,8.346000000
12.603220,8.347000000
12.606245,8.348000000
12.612783,8.349000000
12.643093,8.350000000
12.651994,8.351000000
12.671778,8.352000000
12.671830,8.353000000
12.676151,8.354000000
12.678912,8.355000000
12.691531,8.356000000
12.697585,8.357000000
12.707434,8.358000000
12.716035,8.359000000
12.726222,8.360000000
12.737941,8.361000000
12.749164,8.362000000
12.765883,8.363000000
12.777977,8.364000000
12.785495,8.365000000
12.795894,8.366000000
12.805769,8.367000000
12.813621,8.368000000
12.824537,8.369000000
12.833070,8.370000000
12.842910,8.371000000
12.850446,8.372000000
12.854910,8.373000000
12.860332,8.374000000
12.869998,8.375000000
12.877877,8.376000000
12.889276,8.377000000
12.894409,8.378000000
12.902544,8.379000000
12.915553,8.380000000
12.927146,8.381000000
12.932684,8.382000000
12.941430,8.383000000
12.952805,8.384000000
12.959730,8.385000000
12.972209,8.386000000
12.979185,8.387000000
12.989018,8.388000000
12.991263,8.389000000
13.018624,8.390000000
13.028053,8.391000000
13.041194,8.392000000
13.044459,8.393000000
13.055322,8.394000000
13.065894,8.395000000
13.070172,8.396000000
13.072820,8.397000000
13.086294,8.398000000
13.094384,8.399000000
13.104166,8.400000000
13.124544,8.401000000
13.142968,8.402000000
13.159535,8.403000000
13.167081,8.404000000
13.193073,8.405000000
13.202111,8.406000000
13.207424,8.407000000
13.227320,8.408000000
13.234724,8.409000000
13.239750,8.410000000
13.264100,8.411000000
13.267159,8.412000000
13.276270,8.413000000
13.285546,8.414000000
13.298566,8.415000000
13.306975,8.416000000
13.315428,8.417000000
13.322371,8.418000000
13.331298,8.419000000
13.340965,8.420000000
13.352313,8.421000000
13.360629,8.422000000
13.380776,8.423000000
13.395726,8.424000000
13.408825,8.425000000
13.419534,8.426000000
13.432834,8.427000000
13.448789,8.428000000
13.461126,8.429000000
13.468060,8.430000000
13.476329,8.431000000
13.494843,8.432000000
13.498615,8.433000000
13.515079,8.434000000
13.515127,8.435000000
13.519004,8.436000000
13.527021,8.437000000
13.527088,8.438000000
13.558110,8.439000000
13.559610,8.440000000
13.568116,8.441000000
13.583396,8.442000000
13.598207,8.443000000
13.611083,8.444000000
13.630503,8.445000000
13.636695,8.446000000
13.655571,8.447000000
13.657306,8.448000000
13.685462,8.449000000
13.691364,8.450000000
13.702778,8.451000000
13.708185,8.452000000
13.725598,8.453000000
13.729895,8.454000000
13.735316,8.455000000
13.752715,8.456000000
13.757482,8.457000000
13.764354,8.458000000
13.776694,8.459000000
13.781818,8.460000000
13.790277,8.461000000
13.797178,8.462000000
13.799866,8.463000000
13.802397,8.464000000
13.804468,8.465000000
13.806646,8.466000000
13.816764,8.467000000
13.820255,8.468000000
13.822666,8.469000000
13.824828,8.470000000
13.830396,8.471000000
13.837149,8.472000000
13.856943,8.473000000
13.861837,8.474000000
13.869325,8.475000000
13.876453,8.476000000
13.892596,8.477000000
13.903086,8.478000000
13.914970,8.479000000
13.925258,8.480000000
13.940019,8.481000000
13.954581,8.482000000
13.960223,8.483000000
13.984391,8.484000000
13.993923,8.485000000
14.006689,8.486000000
14.008436,8.487000000
14.019846,8.488000000
14.032364,8.489000000
14.038288,8.490000000
14.050704,8.491000000
14.059171,8.492000000
14.070844,8.493000000
14.070912,8.494000000
14.087292,8.495000000
14.090946,8.496000000
14.104860,8.497000000
14.108088,8.498000000
14.126340,8.499000000
14.126409,8.500000000
14.136214,8.501000000
14.146463,8.502000000
14.161325,8.503000000
14.172350,8.504000000
14.180749,8.505000000
14.187164,8.506000000
14.212376,8.507000000
14.212473,8.508000000
14.216724,8.509000000
14.228589,8.510000000
14.228650,8.511000000
14.243502,8.512000000
14.256774,8.513000000
14.263008,8.514000000
14.280787,8.515000000
14.297801,8.516000000
14.297863,8.517000000
14.313751,8.518000000
14.329485,8.519000000
14.347627,8.520000000
14.358830,8.521000000
14.358886,8.522000000
14.370284,8.523000000
14.372541,8.524000000
14.375959,8.525000000
14.405114,8.526000000
14.408815,8.527000000
14.408890,8.528000000
14.417847,8.529000000
14.421114,8.530000000
14.480199,8.531000000
14.490022,8.532000000
14.506681,8.533000000
14.523298,8.534000000
14.525289,8.535000000
14.535679,8.536000000
14.548730,8.537000000
14.560348,8.538000000
14.580114,8.539000000
14.585623,8.540000000
14.585875,8.541000000
14.595594,8.542000000
14.603085,8.543000000
14.614401,8.544000000
14.633288,8.545000000
14.650290,8.546000000
14.654141,8.547000000
14.675235,8.548000000
14.675284,8.549000000
14.678521,8.550000000
14.699394,8.551000000
14.699461,8.552000000
14.713678,8.553000000
14.721562,8.554000000
14.742303,8.555000000
14.752432,8.556000000
14.767185,8.557000000
14.771142,8.558000000
14.779266,8.559000000
14.800078,8.560000000
14.800125,8.561000000
14.814384,8.562000000
14.814415,8.564000000
14.824288,8.565000000
14.826734,8.566000000
14.835925,8.567000000
14.845734,8.568000000
14.847440,8.569000000
14.862289,8.570000000
14.862337,8.571000000
14.871743,8.572000000
14.888810,8.573000000
14.896430,8.574000000
14.900905,8.575000000
14.905113,8.576000000
14.907341,8.577000000
14.909769,8.578000000
14.929001,8.579000000
14.941171,8.580000000
14.950660,8.581000000
14.966702,8.582000000
14.969914,8.583000000
14.972233,8.584000000
14.976000,8.585000000
14.985555,8.586000000
15.016346,8.587000000
15.024498,8.588000000
15.028713,8.589000000
15.043721,8.590000000
15.050235,8.591000000
15.065305,8.592000000
15.072084,8.593000000
15.075881,8.594000000
15.104417,8.595000000
15.115271,8.596000000
15.119640,8.597000000
15.129308,8.598000000
15.140709,8.599000000
15.150661,8.600000000
15.158274,8.601000000
15.168071,8.602000000
15.176582,8.603000000
15.185709,8.604000000
15.195200,8.605000000
15.202840,8.606000000
15.210723,8.607000000
15.223113,8.608000000
15.232244,8.609000000
15.240099,8.610000000
15.245239,8.611000000
15.269312,8.612000000
15.276686,8.613000000
15.280138,8.614000000
15.303344,8.615000000
15.312006,8.616000000
15.322672,8.617000000
15.333052,8.618000000
15.340295,8.619000000
15.349984,8.620000000
15.355510,8.621000000
15.381153,8.622000000
15.385663,8.623000000
15.405909,8.624000000
15.424897,8.625000000
15.431643,8.626000000
15.442089,8.627000000
15.469351,8.628000000
15.478020,8.629000000
15.491315,8.630000000
15.503666,8.631000000
15.525291,8.632000000
15.531053,8.633000000
15.542796,8.634000000
15.549134,8.635000000
15.562473,8.636000000
15.570214,8.637000000
15.581596,8.638000000
15.589874,8.639000000
15.598912,8.640000000
15.605685,8.641000000
15.615330,8.642000000
15.617975,8.643000000
15.620467,8.644000000
15.622921,8.645000000
15.629487,8.646000000
15.631936,8.647000000
15.636889,8.648000000
15.639710,8.649000000
15.644736,8.650000000
15.646954,8.651000000
15.656176,8.652000000
15.664550,8.653000000
15.666836,8.654000000
15.670089,8.655000000
15.672380,8.656000000
15.680910,8.657000000
15.683379,8.658000000
15.686810,8.659000000
15.694831,8.660000000
15.699892,8.661000000
15.702722,8.662000000
15.705379,8.663000000
15.728969,8.664000000
15.735712,8.665000000
15.742244,8.666000000
15.745591,8.667000000
15.748162,8.668000000
15.762292,8.669000000
15.770183,8.670000000
15.777841,8.671000000
15.780180,8.672000000
15.784454,8.673000000
15.790715,8.674000000
15.795022,8.675000000
15.799241,8.676000000
15.835476,8.677000000
15.838418,8.678000000
15.841011,8.679000000
15.848827,8.680000000
15.851825,8.681000000
15.854455,8.682000000
15.864828,8.683000000
15.867232,8.684000000
15.870121,8.685000000
15.881837,8.686000000
15.885956,8.687000000
15.893886,8.688000000
15.901433,8.689000000
15.905856,8.690000000
15.911778,8.691000000
15.916130,8.692000000
15.918405,8.693000000
15.924418,8.694000000
15.959379,8.695000000
15.965266,8.696000000
15.979095,8.697000000
15.984181,8.698000000
15.993671,8.699000000
16.003929,8.700000000
16.015671,8.701000000
16.021569,8.702000000
16.030923,8.703000000
16.041957,8.704000000
16.047507,8.705000000
16.057601,8.706000000
16.068400,8.707000000
16.075756,8.708000000
16.082900,8.709000000
16.087448,8.710000000
16.089741,8.711000000
16.091994,8.712000000
16.094345,8.713000000
16.101619,8.714000000
16.103892,8.715000000
16.106189,8.716000000
16.109820,8.717000000
16.116188,8.718000000
16.119550,8.719000000
16.150783,8.720000000
16.165405,8.721000000
16.167505,8.722000000
16.173999,8.723000000
16.176305,8.724000000
16.178456,8.725000000
16.183009,8.726000000
16.204242,8.727000000
16.210585,8.728000000
16.213093,8.729000000
16.215772,8.730000000
16.253255,8.731000000
16.253301,8.732000000
16.261044,8.733000000
16.278108,8.734000000
16.287767,8.735000000
16.304100,8.736000000
16.310578,8.737000000
16.315293,8.738000000
16.317419,8.739000000
16.343849,8.740000000
16.367042,8.741000000
16.377485,8.742000000
16.381628,8.743000000
16.398164,8.744000000
16.408038,8.745000000
16.419440,8.746000000
16.425884,8.747000000
16.433611,8.748000000
16.437133,8.749000000
16.458452,8.750000000
16.464897,8.751000000
16.491300,8.752000000
16.499834,8.753000000
16.514918,8.754000000
16.521300,8.755000000
16.528391,8.756000000
16.551608,8.757000000
16.562727,8.758000000
16.567213,8.759000000
16.583567,8.760000000
16.588935,8.761000000
16.635728,8.762000000
16.643604,8.763000000
16.666642,8.764000000
16.672604,8.765000000
16.690661,8.766000000
16.694801,8.767000000
16.712609,8.768000000
16.733165,8.769000000
16.752950,8.770000000
16.760259,8.771000000
16.771201,8.772000000
16.777155,8.773000000
16.781991,8.774000000
16.796364,8.775000000
16.801512,8.776000000
16.811794,8.777000000
16.833200,8.778000000
16.843330,8.779000000
16.845792,8.780000000
16.862679,8.781000000
16.868876,8.782000000
16.875306,8.783000000
16.897593,8.784000000
16.907403,8.785000000
16.913664,8.786000000
16.925652,8.787000000
16.934743,8.788000000
16.939502,8.789000000
16.971910,8.790000000
16.995997,8.791000000
17.008369,8.792000000
17.016007,8.793000000
17.034369,8.794000000
17.044049,8.795000000
17.059662,8.796000000
17.074914,8.797000000
17.093476,8.798000000
17.098941,8.799000000
17.107128,8.800000000
17.113926,8.801000000
17.130655,8.802000000
17.135052,8.803000000
17.140478,8.804000000
17.149354,8.805000000
17.172215,8.806000000
17.180240,8.807000000
17.196339,8.808000000
17.204197,8.809000000
17.208197,8.810000000
17.234694,8.811000000
17.241653,8.812000000
17.253764,8.813000000
17.260608,8.814000000
17.312630,8.815000000
17.322928,8.816000000
17.327106,8.817000000
17.340982,8.818000000
17.355683,8.819000000
17.373766,8.820000000
17.390455,8.821000000
17.403440,8.822000000
17.425206,8.823000000
17.428317,8.824000000
17.459902,8.825000000
17.472516,8.826000000
17.490353,8.827000000
17.494630,8.828000000
17.503760,8.829000000
17.516414,8.830000000
17.525728,8.831000000
17.535131,8.832000000
17.547221,8.833000000
17.554498,8.834000000
17.559956,8.835000000
17.567947,8.836000000
17.576441,8.837000000
17.586987,8.838000000
17.594565,8.839000000
17.596794,8.840000000
17.598820,8.841000000
17.601112,8.842000000
17.604585,8.843000000
17.607980,8.844000000
17.610514,8.845000000
17.615792,8.846000000
17.618253,8.847000000
17.621574,8.848000000
17.626081,8.849000000
17.628144,8.850000000
17.633202,8.851000000
17.635304,8.852000000
17.639290,8.853000000
17.641433,8.854000000
17.643821,8.855000000
17.645883,8.856000000
17.651577,8.857000000
17.653562,8.858000000
17.656382,8.859000000
17.670371,8.860000000
17.681975,8.861000000
17.689922,8.862000000
17.703334,8.863000000
17.711141,8.864000000
17.720922,8.865000000
17.736048,8.866000000
17.742260,8.867000000
17.764411,8.868000000
17.777753,8.869000000
17.785488,8.870000000
17.796452,8.871000000
17.807058,8.872000000
17.819905,8.873000000
17.830403,8.874000000
17.848066,8.875000000
17.852539,8.876000000
17.872704,8.877000000
17.887645,8.878000000
17.896655,8.879000000
17.911424,8.880000000
17.925784,8.881000000
17.934360,8.882000000
17.943957,8.883000000
17.951774,8.884000000
17.965836,8.885000000
17.978096,8.886000000
17.983678,8.887000000
17.990543,8.888000000
17.998079,8.889000000
18.007712,8.890000000
18.016118,8.891000000
18.023752,8.892000000
18.033442,8.893000000
18.042004,8.894000000
18.049318,8.895000000
18.057934,8.896000000
18.067055,8.897000000
18.075530,8.898000000
18.083045,8.899000000
18.093098,8.900000000
18.100644,8.901000000
18.110890,8.902000000
18.118545,8.903000000
18.127507,8.904000000
18.136497,8.905000000
18.144510,8.906000000
18.155465,8.907000000
18.163815,8.908000000
18.172777,8.909000000
18.180432,8.910000000
18.189473,8.911000000
18.195955,8.912000000
18.203653,8.913000000
18.211877,8.914000000
18.221229,8.915000000
18.234429,8.916000000
18.244060,8.917000000
18.256333,8.918000000
18.266727,8.919000000
18.276677,8.920000000
18.285776,8.921000000
18.292134,8.922000000
18.299783,8.923000000
18.309528,8.924000000
18.319022,8.925000000
18.326941,8.926000000
18.335595,8.927000000
18.359787,8.928000000
18.374321,8.929000000
18.381907,8.930000000
18.388517,8.931000000
18.410545,8.932000000
18.413598,8.933000000
18.423407,8.934000000
18.439019,8.935000000
18.446944,8.936000000
18.454591,8.937000000
18.461674,8.938000000
18.471380,8.939000000
18.490430,8.940000000
18.494648,8.941000000
18.505173,8.942000000
18.513949,8.943000000
18.525583,8.944000000
18.532414,8.945000000
18.542264,8.946000000
18.550662,8.947000000
18.559278,8.948000000
18.569732,8.949000000
18.576260,8.950000000
18.583790,8.951000000
18.591923,8.952000000
18.617819,8.953000000
18.618905,8.954000000
18.624477,8.955000000
18.630564,8.956000000
18.640473,8.957000000
18.640998,8.958000000
18.664211,8.959000000
18.669929,8.960000000
18.684237,8.961000000
18.684284,8.963000000
18.692459,8.964000000
18.700279,8.965000000
18.700568,8.966000000
18.700604,8.968000000
18.710358,8.969000000
18.710406,8.972000000
18.715944,8.973000000
18.715980,8.975000000
18.721606,8.976000000
18.724994,8.977000000
18.725037,8.978000000
18.725065,8.979000000
18.726123,8.980000000
18.739371,8.981000000
18.739426,8.987000000
18.765189,8.988000000
18.775438,8.989000000
18.775480,8.990000000
18.804805,8.991000000
18.807547,8.992000000
18.818011,8.993000000
18.818051,8.994000000
18.829897,8.995000000
18.829943,8.996000000
18.838702,8.997000000
18.838744,8.998000000
18.843471,8.999000000
18.851189,9.000000000
18.851241,9.001000000
18.869842,9.002000000
18.884665,9.003000000
18.890391,9.004000000
18.895099,9.005000000
18.906805,9.006000000
18.906841,9.007000000
18.909942,9.008000000
18.910028,9.009000000
18.925735,9.010000000
18.925773,9.011000000
18.932263,9.012000000
18.932319,9.013000000
18.938215,9.014000000
18.946188,9.015000000
18.951241,9.016000000
18.951297,9.017000000
18.962767,9.018000000
18.962829,9.019000000
18.972351,9.020000000
18.972392,9.021000000
18.991320,9.022000000
18.991361,9.024000000
19.000104,9.025000000
19.000154,9.026000000
19.005574,9.027000000
19.012193,9.028000000
19.020265,9.029000000
19.031113,9.030000000
19.036891,9.031000000
19.044833,9.032000000
19.058560,9.033000000
19.064188,9.034000000
19.074803,9.035000000
19.086434,9.036000000
19.099050,9.037000000
19.106600,9.038000000
19.118659,9.039000000
19.128921,9.040000000
19.139782,9.041000000
19.155378,9.042000000
19.172129,9.043000000
19.179888,9.044000000
19.188234,9.045000000
19.200904,9.046000000
19.213992,9.047000000
19.222113,9.048000000
19.232052,9.049000000
19.242424,9.050000000
19.254318,9.051000000
19.264974,9.052000000
19.276159,9.053000000
19.288091,9.054000000
19.298297,9.055000000
19.311914,9.056000000
19.321660,9.057000000
19.335669,9.058000000
19.344599,9.059000000
19.364245,9.060000000
19.374573,9.061000000
19.382532,9.062000000
19.394328,9.063000000
19.402460,9.064000000
19.417655,9.065000000
19.426761,9.066000000
19.454333,9.067000000
19.472072,9.068000000
19.503528,9.069000000
19.507661,9.070000000
19.534475,9.071000000
19.544969,9.072000000
19.560600,9.073000000
19.560645,9.074000000
19.575385,9.075000000
19.600388,9.076000000
19.634247,9.077000000
19.634312,9.081000000
19.679490,9.082000000
19.679558,9.083000000
19.684162,9.084000000
19.706582,9.085000000
19.721754,9.086000000
19.724703,9.087000000
19.736652,9.088000000
19.745529,9.089000000
19.757339,9.090000000
19.764423,9.091000000
19.779214,9.092000000
19.786010,9.093000000
19.804457,9.094000000
19.804507,9.095000000
19.810579,9.096000000
19.814564,9.097000000
19.818814,9.098000000
19.831112,9.099000000
19.845596,9.100000000
19.855456,9.101000000
19.864310,9.102000000
19.878057,9.103000000
19.906604,9.104000000
19.920547,9.105000000
19.923700,9.106000000
19.936791,9.107000000
19.953165,9.108000000
19.986685,9.109000000
19.986727,9.112000000
20.014260,9.113000000
20.014565,9.114000000
20.014648,9.120000000
20.034568,9.121000000
20.044493,9.122000000
20.044534,9.124000000
20.058452,9.125000000
20.058492,9.127000000
20.073956,9.128000000
20.077335,9.129000000
20.087792,9.130000000
20.097553,9.131000000
20.107867,9.132000000
20.119303,9.133000000
20.135223,9.134000000
20.144998,9.135000000
20.152300,9.136000000
20.162155,9.137000000
20.184404,9.138000000
20.192476,9.139000000
20.206650,9.140000000
20.223265,9.141000000
20.238037,9.142000000
20.248716,9.143000000
20.268897,9.144000000
20.290614,9.145000000
20.290655,9.146000000
20.316677,9.147000000
20.331669,9.148000000
20.331710,9.149000000
20.343505,9.150000000
20.353961,9.151000000
20.359453,9.152000000
20.359492,9.153000000
20.365112,9.154000000
20.365148,9.155000000
20.386794,9.156000000
20.386849,9.163000000
20.399117,9.164000000
20.404161,9.165000000
20.408799,9.166000000
20.421900,9.167000000
20.424018,9.168000000
20.428728,9.169000000
20.433933,9.170000000
20.439304,9.171000000
20.446360,9.172000000
20.460082,9.173000000
20.474315,9.174000000
20.499668,9.175000000
20.510325,9.176000000
20.529799,9.177000000
20.529877,9.179000000
20.543893,9.180000000
20.544214,9.181000000
20.558270,9.182000000
20.560463,9.183000000
20.576262,9.184000000
20.576310,9.185000000
20.576338,9.186000000
20.584279,9.187000000
20.592843,9.188000000
20.598941,9.189000000
20.600198,9.190000000
20.603098,9.191000000
20.646734,9.192000000
20.653170,9.193000000
20.657795,9.194000000
20.672015,9.195000000
20.675173,9.196000000
20.681032,9.197000000
20.683139,9.198000000
20.685136,9.199000000
20.689946,9.200000000
20.689987,9.201000000
20.691834,9.202000000
20.693890,9.203000000
20.696166,9.204000000
20.698412,9.205000000
20.701313,9.206000000
20.703300,9.207000000
20.710446,9.208000000
20.712908,9.209000000
20.714731,9.210000000
20.717113,9.211000000
20.719260,9.212000000
20.721182,9.213000000
20.723233,9.214000000
20.725455,9.215000000
20.728157,9.216000000
20.730149,9.217000000
20.732712,9.218000000
20.734721,9.219000000
20.736912,9.220000000
20.739010,9.221000000
20.741736,9.222000000
20.743900,9.223000000
20.746171,9.224000000
20.748199,9.225000000
20.757846,9.226000000
20.781142,9.227000000
20.792520,9.228000000
20.792603,9.229000000
20.835105,9.230000000
20.847127,9.231000000
20.864977,9.232000000
20.875321,9.233000000
20.887490,9.234000000
20.901807,9.235000000
20.932300,9.236000000
20.941676,9.237000000
20.953632,9.238000000
20.976173,9.239000000
21.001507,9.240000000
21.012321,9.241000000
21.037704,9.242000000
21.048347,9.243000000
21.076929,9.244000000
21.089677,9.245000000
21.099532,9.246000000
21.111109,9.247000000
21.126091,9.248000000
21.142071,9.249000000
21.144352,9.250000000
21.154927,9.251000000
21.159178,9.252000000
21.164301,9.253000000
21.166328,9.254000000
21.174231,9.255000000
21.176421,9.256000000
21.180357,9.257000000
21.183156,9.258000000
21.191196,9.259000000
21.193258,9.260000000
21.214247,9.261000000
21.217990,9.262000000
21.228628,9.263000000
21.236182,9.264000000
21.243661,9.265000000
21.253756,9.266000000
21.257878,9.267000000
21.269279,9.268000000
21.273649,9.269000000
21.281351,9.270000000
21.292177,9.271000000
21.296357,9.272000000
21.301694,9.273000000
21.309575,9.274000000
21.318054,9.275000000
21.327214,9.276000000
21.335665,9.277000000
21.344459,9.278000000
21.351421,9.279000000
21.355539,9.280000000
21.362715,9.281000000
21.364955,9.282000000
21.367692,9.283000000
21.378820,9.284000000
21.379176,9.285000000
21.387124,9.286000000
21.402026,9.287000000
21.418735,9.288000000
21.422578,9.289000000
21.431137,9.290000000
21.438056,9.291000000
21.444788,9.292000000
21.446893,9.293000000
21.454569,9.294000000
21.496597,9.295000000
21.505706,9.296000000
21.505774,9.297000000
21.515164,9.298000000
21.515928,9.299000000
21.521891,9.300000000
21.530637,9.301000000
21.530725,9.302000000
21.530769,9.303000000
21.537059,9.304000000
21.554057,9.305000000
21.558079,9.306000000
21.567428,9.307000000
21.567498,9.308000000
21.569094,9.309000000
21.580483,9.310000000
21.580568,9.311000000
21.580611,9.312000000
21.611818,9.313000000
21.629571,9.314000000
21.629733,9.315000000
21.629782,9.316000000
21.630320,9.317000000
21.631843,9.318000000
21.637129,9.319000000
21.655123,9.320000000
21.661334,9.321000000
21.661925,9.322000000
21.667241,9.323000000
21.677917,9.324000000
21.677999,9.325000000
21.729551,9.326000000
21.740239,9.327000000
21.747982,9.328000000
21.757210,9.329000000
21.762354,9.330000000
21.769255,9.331000000
21.774527,9.332000000
21.782011,9.333000000
21.790794,9.334000000
21.793424,9.335000000
21.800704,9.336000000
21.812355,9.337000000
21.820968,9.338000000
21.824373,9.339000000
21.827476,9.340000000
21.829486,9.341000000
21.840057,9.342000000
21.840507,9.343000000
21.840558,9.344000000
21.849519,9.345000000
21.849613,9.346000000
21.866086,9.347000000
21.874156,9.348000000
21.885505,9.349000000
21.885568,9.350000000
21.887482,9.351000000
21.903334,9.352000000
21.903399,9.353000000
21.903442,9.354000000
21.903481,9.355000000
21.903520,9.356000000
21.905522,9.357000000
21.905584,9.358000000
21.912494,9.359000000
21.912650,9.360000000
21.920485,9.361000000
21.943598,9.362000000
21.947114,9.363000000
21.963211,9.364000000
21.965550,9.365000000
21.970125,9.366000000
21.972460,9.367000000
21.999593,9.368000000
22.004436,9.369000000
22.012006,9.370000000
22.050679,9.371000000
22.059890,9.372000000
22.069630,9.373000000
22.075975,9.374000000
22.081705,9.375000000
22.087119,9.376000000
22.095057,9.377000000
22.102785,9.378000000
22.111086,9.379000000
22.119773,9.380000000
22.127573,9.381000000
22.137861,9.382000000
22.147877,9.383000000
22.159416,9.384000000
22.175588,9.385000000
22.185415,9.386000000
22.196716,9.387000000
22.211366,9.388000000
22.239141,9.389000000
22.258039,9.390000000
22.277778,9.391000000
22.321375,9.392000000
22.323246,9.393000000
22.328029,9.394000000
22.347098,9.395000000
22.361936,9.396000000
22.373793,9.397000000
22.387326,9.398000000
22.399148,9.399000000
22.412043,9.400000000
22.425271,9.401000000
22.438109,9.402000000
22.451476,9.403000000
22.463661,9.404000000
22.476958,9.405000000
22.488271,9.406000000
22.504488,9.407000000
22.528153,9.408000000
22.540209,9.409000000
22.551977,9.410000000
22.564764,9.411000000
22.577110,9.412000000
22.590831,9.413000000
22.601205,9.414000000
22.615529,9.415000000
22.628926,9.416000000
22.640559,9.417000000
22.653724,9.418000000
22.666843,9.419000000
22.678165,9.420000000
22.707618,9.421000000
22.723240,9.422000000
22.736439,9.423000000
22.753378,9.424000000
22.765094,9.425000000
22.778950,9.426000000
22.793568,9.427000000
22.806264,9.428000000
22.815814,9.429000000
22.835349,9.430000000
22.838462,9.431000000
22.863248,9.432000000
22.881152,9.433000000
22.887883,9.434000000
22.907908,9.435000000
22.919981,9.436000000
22.934700,9.437000000
22.940491,9.438000000
22.944224,9.439000000
22.954576,9.440000000
22.978936,9.441000000
22.979937,9.442000000
22.986697,9.443000000
23.005491,9.444000000
23.006755,9.445000000
23.014885,9.446000000
23.043582,9.447000000
23.044948,9.448000000
23.061834,9.449000000
23.070901,9.450000000
23.082911,9.451000000
23.087124,9.452000000
23.098337,9.453000000
23.107555,9.454000000
23.115736,9.455000000
23.126390,9.456000000
23.148031,9.457000000
23.163823,9.458000000
23.170723,9.459000000
23.177092,9.460000000
23.192459,9.461000000
23.209703,9.462000000
23.220030,9.463000000
23.220081,9.464000000
23.233393,9.465000000
23.241839,9.466000000
23.247433,9.467000000
23.262285,9.468000000
23.263317,9.469000000
23.282407,9.470000000
23.282455,9.471000000
23.299197,9.472000000
23.299248,9.473000000
23.308258,9.474000000
23.317368,9.475000000
23.318689,9.476000000
23.333549,9.477000000
23.348649,9.478000000
23.357329,9.479000000
23.365903,9.480000000
23.377204,9.481000000
23.396111,9.482000000
23.421118,9.483000000
23.428123,9.484000000
23.443848,9.485000000
23.448460,9.486000000
23.457948,9.487000000
23.463451,9.488000000
23.471234,9.489000000
23.477323,9.490000000
23.496909,9.491000000
23.499957,9.492000000
23.503159,9.493000000
23.505881,9.494000000
23.509522,9.495000000
23.511665,9.496000000
23.531577,9.497000000
23.541891,9.498000000
23.552170,9.499000000
23.552225,9.500000000
23.561018,9.501000000
23.571057,9.502000000
23.577072,9.503000000
23.577120,9.504000000
23.602678,9.505000000
23.606056,9.506000000
23.615077,9.507000000
23.615130,9.508000000
23.624732,9.509000000
23.624773,9.510000000
23.630812,9.511000000
23.644653,9.512000000
23.655886,9.513000000
23.655935,9.514000000
23.655963,9.515000000
23.661171,9.516000000
23.667952,9.517000000
23.668006,9.518000000
23.668061,9.519000000
23.678419,9.520000000
23.678459,9.521000000
23.717799,9.522000000
23.717842,9.524000000
23.731470,9.525000000
23.734534,9.526000000
23.742865,9.527000000
23.746067,9.528000000
23.748503,9.529000000
23.754302,9.530000000
23.791141,9.531000000
23.792957,9.532000000
23.807576,9.533000000
23.816980,9.534000000
23.826224,9.535000000
23.832731,9.536000000
23.847942,9.537000000
23.851603,9.538000000
23.859580,9.539000000
23.874889,9.540000000
23.885886,9.541000000
23.894188,9.542000000
23.899330,9.543000000
23.915239,9.544000000
23.918122,9.545000000
23.927031,9.546000000
23.927067,9.547000000
23.932801,9.548000000
23.944394,9.549000000
23.944485,9.550000000
23.958709,9.551000000
23.958751,9.552000000
23.970242,9.553000000
23.972882,9.554000000
23.984231,9.555000000
23.984274,9.558000000
23.989226,9.559000000
23.989266,9.560000000
23.992698,9.561000000
24.003508,9.562000000
24.012588,9.563000000
24.019530,9.564000000
24.022250,9.565000000
24.032744,9.566000000
24.039496,9.567000000
24.055535,9.568000000
24.055585,9.569000000
24.055973,9.570000000
24.056010,9.571000000
24.061071,9.572000000
24.070126,9.573000000
24.076979,9.574000000
24.099282,9.575000000
24.113239,9.576000000
24.129707,9.577000000
24.149035,9.578000000
24.162594,9.579000000
24.192549,9.580000000
24.210759,9.581000000
24.216046,9.582000000
24.229073,9.583000000
24.246107,9.584000000
24.257600,9.585000000
24.282165,9.586000000
24.300678,9.587000000
24.307003,9.588000000
24.319228,9.589000000
24.331581,9.590000000
24.337640,9.591000000
24.342931,9.592000000
24.367956,9.593000000
24.382200,9.594000000
24.388316,9.595000000
24.392981,9.596000000
24.437010,9.597000000
24.437068,9.601000000
24.444792,9.602000000
24.475949,9.603000000
24.484455,9.604000000
24.510792,9.605000000
24.530914,9.606000000
24.540293,9.607000000
24.553371,9.608000000
24.563305,9.609000000
24.568869,9.610000000
24.588169,9.611000000
24.594132,9.612000000
24.604544,9.613000000
24.630018,9.614000000
24.643296,9.615000000
24.651550,9.616000000
24.658052,9.617000000
24.681867,9.618000000
24.688213,9.619000000
24.704100,9.620000000
24.715351,9.621000000
24.720662,9.622000000
24.760651,9.623000000
24.777199,9.624000000
24.794964,9.625000000
24.807836,9.626000000
24.818137,9.627000000
24.831692,9.628000000
24.843822,9.629000000
24.849576,9.630000000
24.861951,9.631000000
24.873929,9.632000000
24.880778,9.633000000
24.886559,9.634000000
24.892980,9.635000000
24.916579,9.636000000
24.924139,9.637000000
24.931348,9.638000000
24.939135,9.639000000
24.964936,9.640000000
24.970398,9.641000000
24.976491,9.642000000
24.994277,9.643000000
25.000410,9.644000000
25.005876,9.645000000
25.028823,9.646000000
25.035994,9.647000000
25.041370,9.648000000
25.057192,9.649000000
25.065136,9.650000000
25.070956,9.651000000
25.103929,9.652000000
25.128756,9.653000000
25.142733,9.654000000
25.152030,9.655000000
25.166387,9.656000000
25.177695,9.657000000
25.191531,9.658000000
25.202686,9.659000000
25.214054,9.660000000
25.225965,9.661000000
25.237778,9.662000000
25.244526,9.663000000
25.250530,9.664000000
25.264512,9.665000000
25.270260,9.666000000
25.274358,9.667000000
25.280526,9.668000000
25.292880,9.669000000
25.311130,9.670000000
25.317871,9.671000000
25.335985,9.672000000
25.339031,9.673000000
25.345041,9.674000000
25.372713,9.675000000
25.379321,9.676000000
25.385077,9.677000000
25.398714,9.678000000
25.404155,9.679000000
25.410498,9.680000000
25.442419,9.681000000
25.449536,9.682000000
25.474637,9.683000000
25.488797,9.684000000
25.505168,9.685000000
25.531898,9.686000000
25.551707,9.687000000
25.557990,9.688000000
25.568669,9.689000000
25.578706,9.690000000
25.585884,9.691000000
25.590536,9.692000000
25.596500,9.693000000
25.610724,9.694000000
25.616802,9.695000000
25.622950,9.696000000
25.630332,9.697000000
25.641697,9.698000000
25.660675,9.699000000
25.667347,9.700000000
25.680988,9.701000000
25.687956,9.702000000
25.694278,9.703000000
25.699936,9.704000000
25.728728,9.705000000
25.737457,9.706000000
25.741912,9.707000000
25.756988,9.708000000
25.762717,9.709000000
25.769123,9.710000000
25.806659,9.711000000
25.823548,9.712000000
25.833168,9.713000000
25.837597,9.714000000
25.857417,9.715000000
25.863538,9.716000000
25.877354,9.717000000
25.889840,9.718000000
25.895440,9.719000000
25.904150,9.720000000
25.918866,9.721000000
25.934280,9.722000000
25.938984,9.723000000
25.957943,9.724000000
25.966623,9.725000000
25.984060,9.726000000
25.997933,9.727000000
26.006562,9.728000000
26.010080,9.729000000
26.012604,9.730000000
26.038240,9.731000000
26.047746,9.732000000
26.055956,9.733000000
26.059572,9.734000000
26.085366,9.735000000
26.090057,9.736000000
26.103766,9.737000000
26.120820,9.738000000
26.125714,9.739000000
26.135531,9.740000000
26.144939,9.741000000
26.148466,9.742000000
26.156057,9.743000000
26.160441,9.744000000
26.164669,9.745000000
26.171250,9.746000000
26.176083,9.747000000
26.179673,9.748000000
26.184317,9.749000000
26.192804,9.750000000
26.200179,9.751000000
26.207722,9.752000000
26.219425,9.753000000
26.222008,9.754000000
26.230544,9.755000000
26.245884,9.756000000
26.254800,9.757000000
26.262059,9.758000000
26.267364,9.759000000
26.283784,9.760000000
26.293520,9.761000000
26.300201,9.762000000
26.307201,9.763000000
26.321154,9.764000000
26.323657,9.765000000
26.326474,9.766000000
26.336840,9.767000000
26.339466,9.768000000
26.359255,9.769000000
26.374029,9.770000000
26.386429,9.771000000
26.390310,9.772000000
26.399458,9.773000000
26.409640,9.774000000
26.420092,9.775000000
26.424987,9.776000000
26.444511,9.777000000
26.455241,9.778000000
26.460369,9.779000000
26.471339,9.780000000
26.480991,9.781000000
26.485450,9.782000000
26.497774,9.783000000
26.502214,9.784000000
26.512401,9.785000000
26.521636,9.786000000
26.531434,9.787000000
26.539922,9.788000000
26.547894,9.789000000
26.552717,9.790000000
26.555945,9.791000000
26.560771,9.792000000
26.564448,9.793000000
26.567059,9.794000000
26.576689,9.795000000
26.590893,9.796000000
26.598265,9.797000000
26.603009,9.798000000
26.607190,9.799000000
26.609795,9.800000000
26.612076,9.801000000
26.614426,9.802000000
26.616739,9.803000000
26.619151,9.804000000
26.621650,9.805000000
26.624579,9.806000000
26.627104,9.807000000
26.629405,9.808000000
26.631736,9.809000000
26.634060,9.810000000
26.636301,9.811000000
26.641607,9.812000000
26.644286,9.813000000
26.646622,9.814000000
26.651377,9.815000000
26.653789,9.816000000
26.656067,9.817000000
26.658564,9.818000000
26.660893,9.819000000
26.663310,9.820000000
26.665623,9.821000000
26.667873,9.822000000
26.670573,9.823000000
26.689088,9.824000000
26.702947,9.825000000
26.711315,9.826000000
26.724896,9.827000000
26.727284,9.828000000
26.735335,9.829000000
26.744239,9.830000000
26.759880,9.831000000
26.763221,9.832000000
26.787611,9.833000000
26.807638,9.834000000
26.807918,9.835000000
26.808424,9.836000000
26.817151,9.837000000
26.828075,9.838000000
26.843079,9.839000000
26.851136,9.840000000
26.872471,9.841000000
26.904408,9.842000000
26.926154,9.843000000
26.932607,9.844000000
26.957426,9.845000000
26.958192,9.846000000
26.985680,9.847000000
26.991515,9.848000000
27.007473,9.849000000
27.025136,9.850000000
27.033940,9.851000000
27.037141,9.852000000
27.044352,9.853000000
27.049681,9.854000000
27.057217,9.855000000
27.064892,9.856000000
27.068750,9.857000000
27.073273,9.858000000
27.076219,9.859000000
27.087924,9.860000000
27.094800,9.861000000
27.102852,9.862000000
27.109203,9.863000000
27.115617,9.864000000
27.122200,9.865000000
27.149818,9.866000000
27.160222,9.867000000
27.169065,9.868000000
27.189409,9.869000000
27.194496,9.870000000
27.201697,9.871000000
27.213080,9.872000000
27.229083,9.873000000
27.232540,9.874000000
27.235656,9.875000000
27.240731,9.876000000
27.261249,9.877000000
27.261338,9.878000000
27.261457,9.879000000
27.261513,9.880000000
27.261553,9.881000000
27.281347,9.882000000
27.288441,9.883000000
27.291041,9.884000000
27.294273,9.885000000
27.296975,9.886000000
27.302339,9.887000000
27.308856,9.888000000
27.312245,9.889000000
27.315013,9.890000000
27.332205,9.891000000
27.335483,9.892000000
27.340463,9.893000000
27.343385,9.894000000
27.348432,9.895000000
27.383979,9.896000000
27.389213,9.897000000
27.392799,9.898000000
27.396907,9.899000000
27.402790,9.900000000
27.407309,9.901000000
27.411650,9.902000000
27.434030,9.903000000
27.444475,9.904000000
27.444561,9.905000000
27.451153,9.906000000
27.455528,9.907000000
27.495244,9.908000000
27.502000,9.909000000
27.512376,9.910000000
27.515845,9.911000000
27.535072,9.912000000
27.539454,9.913000000
27.550356,9.914000000
27.562361,9.915000000
27.572527,9.916000000
27.580627,9.917000000
27.585441,9.918000000
27.613482,9.919000000
27.616382,9.920000000
27.632945,9.921000000
27.632987,9.925000000
27.641842,9.926000000
27.641885,9.929000000
27.652288,9.930000000
27.656159,9.931000000
27.673103,9.932000000
27.681256,9.933000000
27.691620,9.934000000
27.701001,9.935000000
27.706814,9.936000000
27.715055,9.937000000
27.740186,9.938000000
27.748090,9.939000000
27.760092,9.940000000
27.766048,9.941000000
27.776111,9.942000000
27.806198,9.943000000
27.812347,9.944000000
27.827066,9.945000000
27.840051,9.946000000
27.852430,9.947000000
27.856916,9.948000000
27.866786,9.949000000
27.884614,9.950000000
27.894094,9.951000000
27.911854,9.952000000
27.924799,9.953000000
27.928818,9.954000000
27.934303,9.955000000
27.934340,9.956000000
27.935172,9.957000000
27.937208,9.958000000
27.939273,9.959000000
27.952427,9.960000000
27.969763,9.961000000
27.977956,9.962000000
27.984029,9.963000000
28.022278,9.964000000
28.043104,9.965000000
28.048456,9.966000000
28.050947,9.967000000
28.056397,9.968000000
28.081468,9.969000000
28.089560,9.970000000
28.095718,9.971000000
28.098579,9.972000000
28.108367,9.973000000
28.118442,9.974000000
28.156497,9.975000000
28.168380,9.976000000
28.184442,9.977000000
28.194490,9.978000000
28.218467,9.979000000
28.226712,9.980000000
28.234159,9.981000000
28.249273,9.982000000
28.267175,9.983000000
28.270529,9.984000000
28.279639,9.985000000
28.286764,9.986000000
28.300426,9.987000000
28.312297,9.988000000
28.323478,9.989000000
28.323786,9.990000000
28.348721,9.991000000
28.358018,9.992000000
28.366768,9.993000000
28.367690,9.994000000
28.377745,9.995000000
28.399929,9.996000000
28.404047,9.997000000
28.440348,9.998000000
28.451195,9.999000000
28.455380,10.000000000
28.465418,10.001000000
28.480974,10.002000000
28.489163,10.003000000
28.517772,10.004000000
28.523824,10.005000000
28.530702,10.006000000
28.537432,10.007000000
28.550956,10.008000000
28.563432,10.009000000
28.569314,10.010000000
28.576986,10.011000000
28.584602,10.012000000
28.600994,10.013000000
28.606494,10.014000000
28.622154,10.015000000
28.634477,10.016000000
28.639902,10.017000000
28.652411,10.018000000
28.682003,10.019000000
28.692107,10.020000000
28.698637,10.021000000
28.713471,10.022000000
28.713530,10.023000000
28.724744,10.024000000
28.725217,10.025000000
28.751853,10.026000000
28.770088,10.027000000
28.783540,10.028000000
28.789022,10.029000000
28.799045,10.030000000
28.799641,10.031000000
28.806412,10.032000000
28.812058,10.033000000
28.816289,10.034000000
28.818738,10.035000000
28.821052,10.036000000
28.825374,10.037000000
28.827796,10.038000000
28.830338,10.039000000
28.832728,10.040000000
28.835092,10.041000000
28.837514,10.042000000
28.839837,10.043000000
28.842601,10.044000000
28.846493,10.045000000
28.850055,10.046000000
28.852590,10.047000000
28.855016,10.048000000
28.862513,10.049000000
28.870423,10.050000000
28.879564,10.051000000
28.882205,10.052000000
28.884606,10.053000000
28.918506,10.054000000
28.923228,10.055000000
28.935377,10.056000000
28.943824,10.057000000
28.948250,10.058000000
28.954839,10.059000000
28.972478,10.060000000
28.978328,10.061000000
28.982972,10.062000000
28.993242,10.063000000
28.999232,10.064000000
29.006866,10.065000000
29.013584,10.066000000
29.030574,10.067000000
29.038736,10.068000000
29.063473,10.069000000
29.076831,10.070000000
29.079559,10.071000000
29.097523,10.072000000
29.101007,10.073000000
29.105213,10.074000000
29.132269,10.075000000
29.137211,10.076000000
29.143909,10.077000000
29.160340,10.078000000
29.172153,10.079000000
29.203014,10.080000000
29.214507,10.081000000
29.228631,10.082000000
29.234909,10.083000000
29.241106,10.084000000
29.247046,10.085000000
29.250785,10.086000000
29.258952,10.087000000
29.266496,10.088000000
29.274894,10.089000000
29.285108,10.090000000
29.290898,10.091000000
29.299845,10.092000000
29.306221,10.093000000
29.312975,10.094000000
29.345728,10.095000000
29.365366,10.096000000
29.375256,10.097000000
29.379998,10.098000000
29.386921,10.099000000
29.400535,10.100000000
29.411130,10.101000000
29.415402,10.102000000
29.422706,10.103000000
29.448833,10.104000000
29.448884,10.105000000
29.469109,10.106000000
29.483225,10.107000000
29.502340,10.108000000
29.511291,10.109000000
29.527860,10.110000000
29.527908,10.111000000
29.552217,10.112000000
29.572987,10.113000000
29.582100,10.114000000
29.600063,10.115000000
29.617604,10.116000000
29.627281,10.117000000
29.637641,10.118000000
29.650584,10.119000000
29.673798,10.120000000
29.689796,10.121000000
29.691957,10.122000000
29.709847,10.123000000
29.709897,10.124000000
29.716296,10.125000000
29.716337,10.126000000
29.725268,10.127000000
29.730333,10.128000000
29.730374,10.129000000
29.732063,10.130000000
29.750166,10.131000000
29.755841,10.132000000
29.760294,10.133000000
29.761771,10.134000000
29.777817,10.135000000
29.791202,10.136000000
29.808465,10.137000000
29.809243,10.138000000
29.823263,10.139000000
29.826106,10.140000000
29.839779,10.141000000
29.841969,10.142000000
29.844842,10.143000000
29.848396,10.144000000
29.857952,10.145000000
29.860569,10.146000000
29.905580,10.147000000
29.924991,10.148000000
29.934901,10.149000000
29.936660,10.150000000
29.944173,10.151000000
29.944214,10.153000000
29.954217,10.154000000
29.954255,10.155000000
29.959852,10.156000000
29.979586,10.157000000
29.983616,10.158000000
30.003304,10.159000000
30.007122,10.160000000
30.016920,10.161000000
30.029765,10.162000000
30.054512,10.163000000
30.056585,10.164000000
30.059221,10.165000000
30.061393,10.166000000
30.063423,10.167000000
30.066717,10.168000000
30.086327,10.169000000
30.096341,10.170000000
30.096420,10.172000000
30.100775,10.173000000
30.100818,10.174000000
30.111132,10.175000000
30.111198,10.177000000
30.111230,10.178000000
30.115664,10.179000000
30.117168,10.180000000
30.124683,10.181000000
30.124730,10.182000000
30.127618,10.183000000
30.127655,10.184000000
30.131603,10.185000000
30.131639,10.186000000
30.137547,10.187000000
30.138938,10.188000000
30.139205,10.189000000
30.153875,10.190000000
30.176564,10.191000000
30.195518,10.192000000
30.204102,10.193000000
30.216266,10.194000000
30.216314,10.195000000
30.242445,10.196000000
30.242509,10.199000000
30.248163,10.200000000
30.250906,10.201000000
30.259600,10.202000000
30.271574,10.203000000
30.278554,10.204000000
30.278904,10.205000000
30.284876,10.206000000
30.285212,10.207000000
30.290803,10.208000000
30.291102,10.209000000
30.297754,10.210000000
30.312899,10.211000000
30.317288,10.212000000
30.331887,10.213000000
30.350583,10.214000000
30.350672,10.215000000
30.368456,10.216000000
30.381732,10.217000000
30.392355,10.218000000
30.408287,10.219000000
30.414125,10.220000000
30.421535,10.221000000
30.431330,10.222000000
30.431382,10.224000000
30.431872,10.225000000
30.444670,10.226000000
30.444717,10.230000000
30.456208,10.231000000
30.469241,10.232000000
30.469289,10.233000000
30.470203,10.234000000
30.481294,10.235000000
30.481346,10.239000000
30.498804,10.240000000
30.501613,10.241000000
30.508612,10.242000000
30.514243,10.243000000
30.527084,10.244000000
30.533076,10.245000000
30.536280,10.246000000
30.552401,10.247000000
30.557289,10.248000000
30.561956,10.249000000
30.575718,10.250000000
30.593251,10.251000000
30.603847,10.252000000
30.614695,10.253000000
30.621567,10.254000000
30.626446,10.255000000
30.632296,10.256000000
30.679783,10.257000000
30.698566,10.258000000
30.698616,10.259000000
30.711577,10.260000000
30.730617,10.261000000
30.730714,10.262000000
30.735954,10.263000000
30.744703,10.264000000
30.746031,10.265000000
30.764548,10.266000000
30.767958,10.267000000
30.778960,10.268000000
30.784389,10.269000000
30.787833,10.270000000
30.801116,10.271000000
30.823914,10.272000000
30.830272,10.273000000
30.841496,10.274000000
30.850811,10.275000000
30.860102,10.276000000
30.876893,10.277000000
30.881546,10.278000000
30.888476,10.279000000
30.890679,10.280000000
30.897711,10.281000000
30.906404,10.282000000
30.915817,10.283000000
30.927397,10.284000000
30.932294,10.285000000
30.935226,10.286000000
30.939590,10.287000000
30.943977,10.288000000
30.949685,10.289000000
30.955412,10.290000000
30.959703,10.291000000
30.962791,10.292000000
30.967770,10.293000000
30.975131,10.294000000
30.981672,10.295000000
30.988456,10.296000000
30.994580,10.297000000
30.999516,10.298000000
31.008251,10.299000000
31.014694,10.300000000
31.019009,10.301000000
31.037905,10.302000000
31.050285,10.303000000
31.057266,10.304000000
31.064924,10.305000000
31.076114,10.306000000
31.076746,10.307000000
31.095786,10.308000000
31.097295,10.309000000
31.108752,10.310000000
31.138720,10.311000000
31.153994,10.312000000
31.164278,10.313000000
31.179525,10.314000000
31.186411,10.315000000
31.199016,10.316000000
31.200714,10.317000000
31.222702,10.318000000
31.223268,10.319000000
31.239898,10.320000000
31.256930,10.321000000
31.269908,10.322000000
31.278935,10.323000000
31.289808,10.324000000
31.290081,10.325000000
31.290147,10.326000000
31.306755,10.327000000
31.318288,10.328000000
31.327705,10.329000000
31.328558,10.330000000
31.342869,10.331000000
31.342963,10.332000000
31.352028,10.333000000
31.367361,10.334000000
31.389500,10.335000000
31.396419,10.336000000
31.396475,10.337000000
31.409603,10.338000000
31.421222,10.339000000
31.423559,10.340000000
31.438615,10.341000000
31.438708,10.342000000
31.451360,10.343000000
31.455143,10.344000000
31.463077,10.345000000
31.473027,10.346000000
31.487394,10.347000000
31.487876,10.348000000
31.498779,10.349000000
31.506012,10.350000000
31.513947,10.351000000
31.521342,10.352000000
31.531725,10.353000000
31.535400,10.354000000
31.549111,10.355000000
31.558244,10.356000000
31.567311,10.357000000
31.567364,10.358000000
31.579451,10.359000000
31.612470,10.360000000
31.612526,10.361000000
31.619135,10.362000000
31.630830,10.363000000
31.641559,10.364000000
31.650475,10.365000000
31.658218,10.366000000
31.666474,10.367000000
31.678098,10.368000000
31.678153,10.369000000
31.713357,10.370000000
31.717881,10.371000000
31.747863,10.372000000
31.755090,10.373000000
31.759339,10.374000000
31.759392,10.375000000
31.769967,10.376000000
31.778859,10.377000000
31.778914,10.378000000
31.809691,10.379000000
31.810518,10.380000000
31.819725,10.381000000
31.820220,10.382000000
31.844308,10.383000000
31.857218,10.384000000
31.857275,10.385000000
31.862159,10.386000000
31.862668,10.387000000
31.874352,10.388000000
31.895618,10.389000000
31.896613,10.390000000
31.918602,10.391000000
31.919150,10.392000000
31.926798,10.393000000
31.926852,10.394000000
31.927373,10.395000000
31.929363,10.396000000
31.932515,10.397000000
31.932978,10.398000000
31.934569,10.399000000
31.936555,10.400000000
31.954705,10.401000000
31.955279,10.402000000
31.962806,10.403000000
31.969452,10.404000000
31.969548,10.405000000
31.970078,10.406000000
31.973210,10.407000000
31.974029,10.408000000
31.975975,10.409000000
31.983050,10.410000000
31.983148,10.411000000
31.983219,10.412000000
31.983851,10.413000000
31.986222,10.414000000
31.994452,10.415000000
31.996658,10.416000000
32.001091,10.417000000
32.002966,10.418000000
32.011444,10.419000000
32.011499,10.420000000
32.020346,10.421000000
32.032184,10.422000000
32.032238,10.423000000
32.032276,10.424000000
32.036479,10.425000000
32.040511,10.426000000
32.041644,10.427000000
32.063055,10.428000000
32.090710,10.429000000
32.094435,10.430000000
32.105024,10.431000000
32.124584,10.432000000
32.143253,10.433000000
32.154469,10.434000000
32.168465,10.435000000
32.178851,10.436000000
32.181376,10.437000000
32.201990,10.438000000
32.202721,10.439000000
32.213440,10.440000000
32.221443,10.441000000
32.223859,10.442000000
32.226175,10.443000000
32.228477,10.444000000
32.230660,10.445000000
32.233421,10.446000000
32.237259,10.447000000
32.241849,10.448000000
32.259369,10.449000000
32.260947,10.450000000
32.261134,10.451000000
32.272504,10.452000000
32.274310,10.453000000
32.283770,10.454000000
32.288113,10.455000000
32.294727,10.456000000
32.298097,10.457000000
32.311016,10.458000000
32.323391,10.459000000
32.329264,10.460000000
32.340769,10.461000000
32.347027,10.462000000
32.358606,10.463000000
32.373119,10.464000000
32.383625,10.465000000
32.387730,10.466000000
32.391646,10.467000000
32.397635,10.468000000
32.401202,10.469000000
32.404614,10.470000000
32.407229,10.471000000
32.412806,10.472000000
32.415505,10.473000000
32.418928,10.474000000
32.426086,10.475000000
32.429584,10.476000000
32.433367,10.477000000
32.435964,10.478000000
32.438491,10.479000000
32.444734,10.480000000
32.447354,10.481000000
32.449646,10.482000000
32.455194,10.483000000
32.460114,10.484000000
32.462759,10.485000000
32.472982,10.486000000
32.475875,10.487000000
32.481198,10.488000000
32.484227,10.489000000
32.488901,10.490000000
32.492833,10.491000000
32.496003,10.492000000
32.501866,10.493000000
32.505629,10.494000000
32.508621,10.495000000
32.520526,10.496000000
32.525892,10.497000000
32.529321,10.498000000
32.534254,10.499000000
32.541123,10.500000000
32.546193,10.501000000
32.548608,10.502000000
32.555792,10.503000000
32.573598,10.504000000
32.577959,10.505000000
32.580567,10.506000000
32.586970,10.507000000
32.589461,10.508000000
32.592565,10.509000000
32.600081,10.510000000
32.607235,10.511000000
32.609980,10.512000000
32.616274,10.513000000
32.619306,10.514000000
32.624306,10.515000000
32.634287,10.516000000
32.636992,10.517000000
32.675247,10.518000000
32.677888,10.519000000
32.683954,10.520000000
32.691129,10.521000000
32.706084,10.522000000
32.714568,10.523000000
32.720743,10.524000000
32.761627,10.525000000
32.767680,10.526000000
32.784766,10.527000000
32.804717,10.528000000
32.819099,10.529000000
32.824070,10.530000000
32.829467,10.531000000
32.833797,10.532000000
32.837528,10.533000000
32.843704,10.534000000
32.848464,10.535000000
32.857249,10.536000000
32.865158,10.537000000
32.876070,10.538000000
32.880434,10.539000000
32.885962,10.540000000
32.908403,10.541000000
32.920188,10.542000000
32.928864,10.543000000
32.954500,10.544000000
32.965879,10.545000000
32.969258,10.546000000
32.980518,10.547000000
32.985083,10.548000000
32.990336,10.549000000
33.006548,10.550000000
33.010248,10.551000000
33.015035,10.552000000
33.025378,10.553000000
33.028415,10.554000000
33.037455,10.555000000
33.069313,10.556000000
33.081341,10.557000000
33.087241,10.558000000
33.100934,10.559000000
33.104236,10.560000000
33.106568,10.561000000
33.108905,10.562000000
33.111161,10.563000000
33.113530,10.564000000
33.115806,10.565000000
33.119382,10.566000000
33.121931,10.567000000
33.124187,10.568000000
33.126457,10.569000000
33.128881,10.570000000
33.131603,10.571000000
33.135913,10.572000000
33.138604,10.573000000
33.141308,10.574000000
33.144165,10.575000000
33.146481,10.576000000
33.148711,10.577000000
33.150959,10.578000000
33.157480,10.579000000
33.159805,10.580000000
33.166223,10.581000000
33.170679,10.582000000
33.175365,10.583000000
33.178165,10.584000000
33.183429,10.585000000
33.187648,10.586000000
33.192918,10.587000000
33.199055,10.588000000
33.221794,10.589000000
33.224925,10.590000000
33.235251,10.591000000
33.242866,10.592000000
33.248563,10.593000000
33.256914,10.594000000
33.266144,10.595000000
33.277037,10.596000000
33.285096,10.597000000
33.291655,10.598000000
33.296195,10.599000000
33.316932,10.600000000
33.327685,10.601000000
33.332104,10.602000000
33.343463,10.603000000
33.352253,10.604000000
33.354811,10.605000000
33.363426,10.606000000
33.368113,10.607000000
33.373080,10.608000000
33.392635,10.609000000
33.400940,10.610000000
33.405371,10.611000000
33.417046,10.612000000
33.422949,10.613000000
33.428642,10.614000000
33.434167,10.615000000
33.446567,10.616000000
33.470251,10.617000000
33.483563,10.618000000
33.490434,10.619000000
33.501965,10.620000000
33.510481,10.621000000
33.522223,10.622000000
33.535804,10.623000000
33.545881,10.624000000
33.561517,10.625000000
33.568848,10.626000000
33.577035,10.627000000
33.582301,10.628000000
33.584863,10.629000000
33.592259,10.630000000
33.594841,10.631000000
33.602430,10.632000000
33.604890,10.633000000
33.611486,10.634000000
33.622155,10.635000000
33.629545,10.636000000
33.631990,10.637000000
33.634723,10.638000000
33.651894,10.639000000
33.656770,10.640000000
33.675038,10.641000000
33.678873,10.642000000
33.686672,10.643000000
33.689850,10.644000000
33.696501,10.645000000
33.702959,10.646000000
33.706994,10.647000000
33.715499,10.648000000
33.718413,10.649000000
33.725145,10.650000000
33.729546,10.651000000
33.734118,10.652000000
33.737012,10.653000000
33.744155,10.654000000
33.748932,10.655000000
33.765772,10.656000000
33.773019,10.657000000
33.777423,10.658000000
33.782060,10.659000000
33.786430,10.660000000
33.789415,10.661000000
33.803419,10.662000000
33.809966,10.663000000
33.813412,10.664000000
33.817085,10.665000000
33.821706,10.666000000
33.841669,10.667000000
33.858762,10.668000000
33.867428,10.669000000
33.871100,10.670000000
33.885506,10.671000000
33.892178,10.672000000
33.899424,10.673000000
33.909177,10.674000000
33.917045,10.675000000
33.925453,10.676000000
33.930341,10.677000000
33.939480,10.678000000
33.946680,10.679000000
33.958423,10.680000000
33.964629,10.681000000
33.970252,10.682000000
33.974400,10.683000000
33.979084,10.684000000
33.985471,10.685000000
33.989920,10.686000000
33.995209,10.687000000
34.004896,10.688000000
34.020000,10.689000000
34.028935,10.690000000
34.037927,10.691000000
34.040550,10.692000000
34.045734,10.693000000
34.052557,10.694000000
34.057102,10.695000000
34.071008,10.696000000
34.075765,10.697000000
34.082820,10.698000000
34.085359,10.699000000
34.088094,10.700000000
34.090467,10.701000000
34.092896,10.702000000
34.105843,10.703000000
34.108755,10.704000000
34.114244,10.705000000
34.122317,10.706000000
34.129089,10.707000000
34.131551,10.708000000
34.134036,10.709000000
34.153547,10.710000000
34.160302,10.711000000
34.163288,10.712000000
34.165622,10.713000000
34.174543,10.714000000
34.177153,10.715000000
34.190630,10.716000000
34.194320,10.717000000
34.201158,10.718000000
34.205606,10.719000000
34.228681,10.720000000
34.237180,10.721000000
34.251726,10.722000000
34.268846,10.723000000
34.281389,10.724000000
34.292801,10.725000000
34.297619,10.726000000
34.300295,10.727000000
34.305937,10.728000000
34.310512,10.729000000
34.314765,10.730000000
34.320243,10.731000000
34.322652,10.732000000
34.326875,10.733000000
34.333203,10.734000000
34.335490,10.735000000
34.338480,10.736000000
34.341143,10.737000000
34.357063,10.738000000
34.359882,10.739000000
34.362169,10.740000000
34.364432,10.741000000
34.366935,10.742000000
34.371266,10.743000000
34.373816,10.744000000
34.376548,10.745000000
34.378875,10.746000000
34.381137,10.747000000
34.383399,10.748000000
34.385828,10.749000000
34.388676,10.750000000
34.391105,10.751000000
34.393421,10.752000000
34.397363,10.753000000
34.400132,10.754000000
34.402432,10.755000000
34.404702,10.756000000
34.407246,10.757000000
34.409580,10.758000000
34.422453,10.759000000
34.427595,10.760000000
34.442938,10.761000000
34.471198,10.762000000
34.476322,10.763000000
34.495246,10.764000000
34.502380,10.765000000
34.506047,10.766000000
34.511929,10.767000000
34.511992,10.768000000
34.512584,10.769000000
34.517630,10.770000000
34.519620,10.771000000
34.519710,10.772000000
34.520222,10.773000000
34.532102,10.774000000
34.532235,10.775000000
34.549380,10.776000000
34.559575,10.777000000
34.559644,10.778000000
34.559687,10.779000000
34.560383,10.780000000
34.560435,10.781000000
34.561701,10.782000000
34.566354,10.783000000
34.566408,10.784000000
34.568922,10.785000000
34.577469,10.786000000
34.593981,10.787000000
34.594539,10.788000000
34.602159,10.789000000
34.605168,10.790000000
34.610849,10.791000000
34.644614,10.792000000
34.647606,10.793000000
34.654595,10.794000000
34.660483,10.795000000
34.668727,10.796000000
34.676308,10.797000000
34.685437,10.798000000
34.691926,10.799000000
34.698984,10.800000000
34.706356,10.801000000
34.713170,10.802000000
34.720211,10.803000000
34.732046,10.804000000
34.740089,10.805000000
34.748780,10.806000000
34.754732,10.807000000
34.761351,10.808000000
34.768941,10.809000000
34.775073,10.810000000
34.783687,10.811000000
34.792548,10.812000000
34.792600,10.813000000
34.794779,10.814000000
34.796947,10.815000000
34.799902,10.816000000
34.801840,10.817000000
34.803761,10.818000000
34.807306,10.819000000
34.808014,10.820000000
34.810022,10.821000000
34.812015,10.822000000
34.813993,10.823000000
34.816029,10.824000000
34.818015,10.825000000
34.820251,10.826000000
34.822172,10.827000000
34.839195,10.828000000
34.843242,10.829000000
34.847416,10.830000000
34.852502,10.831000000
34.857285,10.832000000
34.899431,10.833000000
34.904013,10.834000000
34.915875,10.835000000
34.925209,10.836000000
34.928906,10.837000000
34.944951,10.838000000
34.953100,10.839000000
34.957423,10.840000000
34.963171,10.841000000
34.969444,10.842000000
34.973511,10.843000000
35.006931,10.844000000
35.007684,10.845000000
35.016125,10.846000000
35.018402,10.847000000
35.024814,10.848000000
35.027003,10.849000000
35.070076,10.850000000
35.070220,10.851000000
35.070312,10.852000000
35.070356,10.853000000
35.071549,10.854000000
35.108505,10.855000000
35.113193,10.856000000
35.123597,10.857000000
35.133782,10.858000000
35.145563,10.859000000
35.150125,10.860000000
35.163022,10.861000000
35.175249,10.862000000
35.184871,10.863000000
35.200244,10.864000000
35.202608,10.865000000
35.214789,10.866000000
35.224178,10.867000000
35.235446,10.868000000
35.261424,10.869000000
35.268768,10.870000000
35.312593,10.871000000
35.321343,10.872000000
35.347570,10.873000000
35.357238,10.874000000
35.368920,10.875000000
35.387152,10.876000000
35.398241,10.877000000
35.400561,10.878000000
35.424845,10.879000000
35.446074,10.880000000
35.452487,10.881000000
35.456382,10.882000000
35.468543,10.883000000
35.474472,10.884000000
35.480108,10.885000000
35.487995,10.886000000
35.490314,10.887000000
35.500857,10.888000000
35.510291,10.889000000
35.512568,10.890000000
35.518759,10.891000000
35.527231,10.892000000
35.534710,10.893000000
35.544744,10.894000000
35.554467,10.895000000
35.568119,10.896000000
35.588936,10.897000000
35.595705,10.898000000
35.609459,10.899000000
35.650299,10.900000000
35.660853,10.901000000
35.660942,10.903000000
35.672268,10.904000000
35.672395,10.905000000
35.673464,10.906000000
35.690654,10.907000000
35.690782,10.908000000
35.702355,10.909000000
35.713784,10.910000000
35.713912,10.911000000
35.713955,10.912000000
35.739915,10.913000000
35.743406,10.914000000
35.756223,10.915000000
35.756349,10.916000000
35.767075,10.917000000
35.767968,10.918000000
35.774811,10.919000000
35.782150,10.920000000
35.787725,10.921000000
35.790033,10.922000000
35.799450,10.923000000
35.800010,10.924000000
35.820306,10.925000000
35.830431,10.926000000
35.842160,10.927000000
35.842280,10.928000000
35.842324,10.929000000
35.846662,10.930000000
35.867019,10.931000000
35.877856,10.932000000
35.889043,10.933000000
35.892566,10.934000000
35.920457,10.935000000
35.925894,10.936000000
35.940475,10.937000000
35.956778,10.938000000
35.980983,10.939000000
35.996855,10.940000000
36.011622,10.941000000
36.020751,10.942000000
36.032490,10.943000000
36.044026,10.944000000
36.054136,10.945000000
36.058785,10.946000000
36.070741,10.947000000
36.080633,10.948000000
36.091711,10.949000000
36.110074,10.950000000
36.118353,10.951000000
36.144019,10.952000000
36.154093,10.953000000
36.156534,10.954000000
36.163612,10.955000000
36.170605,10.956000000
36.185813,10.957000000
36.223591,10.958000000
36.230104,10.959000000
36.238709,10.960000000
36.250428,10.961000000
36.256660,10.962000000
36.261994,10.963000000
36.267919,10.964000000
36.279732,10.965000000
36.282659,10.966000000
36.313996,10.967000000
36.318651,10.968000000
36.349397,10.969000000
36.356961,10.970000000
36.362395,10.971000000
36.369584,10.972000000
36.372421,10.973000000
36.382449,10.974000000
36.391678,10.975000000
36.394463,10.976000000
36.400287,10.977000000
36.409527,10.978000000
36.413911,10.979000000
36.422052,10.980000000
36.430346,10.981000000
36.438304,10.982000000
36.447803,10.983000000
36.450101,10.984000000
36.467076,10.985000000
36.469549,10.986000000
36.477632,10.987000000
36.485914,10.988000000
36.491687,10.989000000
36.502256,10.990000000
36.514722,10.991000000
36.520452,10.992000000
36.526858,10.993000000
36.534302,10.994000000
36.561242,10.995000000
36.565922,10.996000000
36.599555,10.997000000
36.602026,10.998000000
36.609579,10.999000000
36.613296,11.000000000
36.621662,11.001000000
36.634744,11.002000000
36.661727,11.003000000
36.669148,11.004000000
36.693726,11.005000000
36.701509,11.006000000
36.710646,11.007000000
36.713065,11.008000000
36.721699,11.009000000
36.734317,11.010000000
36.751292,11.011000000
36.772228,11.012000000
36.780212,11.013000000
36.780713,11.014000000
36.821706,11.015000000
36.835740,11.016000000
36.849658,11.017000000
36.865436,11.018000000
36.876508,11.019000000
36.890119,11.020000000
36.893942,11.021000000
36.909661,11.022000000
36.909902,11.023000000
36.917860,11.024000000
36.921220,11.025000000
36.934451,11.026000000
36.943188,11.027000000
36.950575,11.028000000
36.958476,11.029000000
36.966253,11.030000000
36.966344,11.031000000
36.999723,11.032000000
36.999829,11.033000000
36.999887,11.034000000
37.018499,11.035000000
37.018588,11.036000000
37.027159,11.037000000
37.033783,11.038000000
37.059367,11.039000000
37.064255,11.040000000
37.074846,11.041000000
37.074917,11.042000000
37.091511,11.043000000
37.091596,11.044000000
37.105665,11.045000000
37.106128,11.046000000
37.107863,11.047000000
37.138798,11.048000000
37.139354,11.049000000
37.157129,11.050000000
37.172557,11.051000000
37.185149,11.052000000
37.195184,11.053000000
37.227363,11.054000000
37.238069,11.055000000
37.257998,11.056000000
37.263233,11.057000000
37.279269,11.058000000
37.294321,11.059000000
37.305336,11.060000000
37.337868,11.061000000
37.349317,11.062000000
37.365442,11.063000000
37.375846,11.064000000
37.398009,11.065000000
37.421134,11.066000000
37.426261,11.067000000
37.435083,11.068000000
37.447885,11.069000000
37.452119,11.070000000
37.467696,11.071000000
37.477801,11.072000000
37.492106,11.073000000
37.507649,11.074000000
37.512215,11.075000000
37.514688,11.076000000
37.548175,11.077000000
37.555446,11.078000000
37.574375,11.079000000
37.582229,11.080000000
37.590685,11.081000000
37.599997,11.082000000
37.608499,11.083000000
37.618201,11.084000000
37.626837,11.085000000
37.636312,11.086000000
37.639543,11.087000000
37.643468,11.088000000
37.667171,11.089000000
37.677504,11.090000000
37.693002,11.091000000
37.700641,11.092000000
37.710844,11.093000000
37.713639,11.094000000
37.722285,11.095000000
37.730838,11.096000000
37.754247,11.097000000
37.754296,11.098000000
37.776241,11.099000000
37.778624,11.100000000
37.798161,11.101000000
37.807557,11.102000000
37.816910,11.103000000
37.836475,11.104000000
37.844706,11.105000000
37.858047,11.106000000
37.864599,11.107000000
37.868855,11.108000000
37.881328,11.109000000
37.910478,11.110000000
37.922587,11.111000000
37.928320,11.112000000
37.938658,11.113000000
37.953535,11.114000000
37.968632,11.115000000
37.978662,11.116000000
37.991184,11.117000000
38.002929,11.118000000
38.021242,11.119000000
38.035727,11.120000000
38.039630,11.121000000
38.048806,11.122000000
38.068572,11.123000000
38.079155,11.124000000
38.087851,11.125000000
38.093504,11.126000000
38.116059,11.127000000
38.126168,11.128000000
38.142310,11.129000000
38.147672,11.130000000
38.170102,11.131000000
38.179782,11.132000000
38.199124,11.133000000
38.206511,11.134000000
38.208801,11.135000000
38.235873,11.136000000
38.247368,11.137000000
38.256434,11.138000000
38.269782,11.139000000
38.289080,11.140000000
38.300913,11.141000000
38.315478,11.142000000
38.329035,11.143000000
38.330190,11.144000000
38.332544,11.145000000
38.335260,11.146000000
38.342394,11.147000000
38.344579,11.148000000
38.346851,11.149000000
38.372277,11.150000000
38.380774,11.151000000
38.399317,11.152000000
38.431792,11.153000000
38.431860,11.154000000
38.431902,11.155000000
38.431941,11.156000000
38.431979,11.157000000
38.432018,11.158000000
38.456463,11.159000000
38.460787,11.160000000
38.468681,11.161000000
38.468753,11.162000000
38.485764,11.163000000
38.485880,11.164000000
38.486387,11.165000000
38.522000,11.166000000
38.522075,11.167000000
38.522118,11.168000000
38.522156,11.169000000
38.524486,11.170000000
38.531728,11.171000000
38.542940,11.172000000
38.551318,11.173000000
38.551382,11.174000000
38.560006,11.175000000
38.560067,11.176000000
38.571026,11.177000000
38.571087,11.178000000
38.598103,11.179000000
38.611081,11.180000000
38.611146,11.181000000
38.624202,11.182000000
38.624513,11.183000000
38.652463,11.184000000
38.652531,11.185000000
38.652574,11.186000000
38.653106,11.187000000
38.667716,11.188000000
38.686338,11.189000000
38.686816,11.190000000
38.692305,11.191000000
38.695275,11.192000000
38.711580,11.193000000
38.711656,11.194000000
38.711701,11.195000000
38.711740,11.196000000
38.711779,11.197000000
38.724292,11.198000000
38.756515,11.199000000
38.756580,11.200000000
38.756620,11.201000000
38.757224,11.202000000
38.757300,11.203000000
38.784948,11.204000000
38.785012,11.205000000
38.785053,11.206000000
38.788390,11.207000000
38.804694,11.208000000
38.829519,11.209000000
38.829891,11.210000000
38.844936,11.211000000
38.844995,11.212000000
38.845034,11.213000000
38.845048,11.214000000
38.845434,11.215000000
38.876712,11.216000000
38.894550,11.217000000
38.894640,11.218000000
38.895127,11.219000000
38.906160,11.220000000
38.920341,11.221000000
38.920407,11.222000000
38.935796,11.223000000
38.935854,11.224000000
38.936992,11.225000000
38.959645,11.226000000
38.959704,11.227000000
38.959745,11.228000000
38.977897,11.229000000
38.977965,11.230000000
38.996757,11.231000000
38.996823,11.232000000
38.996891,11.233000000
39.008444,11.234000000
39.008499,11.235000000
39.014048,11.236000000
39.036037,11.237000000
39.052315,11.238000000
39.058897,11.239000000
39.085511,11.240000000
39.085581,11.241000000
39.085626,11.242000000
39.114926,11.243000000
39.114996,11.244000000
39.130495,11.245000000
39.156986,11.246000000
39.157060,11.247000000
39.157106,11.248000000
39.157146,11.249000000
39.186131,11.250000000
39.186202,11.251000000
39.186246,11.252000000
39.186331,11.253000000
39.186497,11.254000000
39.202248,11.255000000
39.223442,11.256000000
39.223635,11.257000000
39.223694,11.258000000
39.236763,11.259000000
39.237260,11.260000000
39.237313,11.261000000
39.250034,11.262000000
39.253646,11.263000000
39.253702,11.264000000
39.266621,11.265000000
39.277112,11.266000000
39.288553,11.267000000
39.306238,11.268000000
39.315938,11.269000000
39.324017,11.270000000
39.334260,11.271000000
39.341558,11.272000000
39.347773,11.273000000
39.371343,11.274000000
39.376331,11.275000000
39.381825,11.276000000
39.389964,11.277000000
39.416519,11.278000000
39.420272,11.279000000
39.427036,11.280000000
39.446098,11.281000000
39.450006,11.282000000
39.453319,11.283000000
39.481060,11.284000000
39.496303,11.285000000
39.496373,11.286000000
39.496432,11.287000000
39.496666,11.288000000
39.497295,11.289000000
39.502871,11.290000000
39.518565,11.291000000
39.519019,11.292000000
39.519492,11.293000000
39.545651,11.294000000
39.545722,11.295000000
39.545763,11.296000000
39.545801,11.297000000
39.545839,11.298000000
39.555579,11.299000000
39.556061,11.300000000
39.573015,11.301000000
39.573143,11.302000000
39.573523,11.303000000
39.573580,11.304000000
39.585256,11.305000000
39.590438,11.306000000
39.590505,11.307000000
39.590546,11.308000000
39.621716,11.309000000
39.642848,11.310000000
39.642974,11.311000000
39.643023,11.312000000
39.643586,11.313000000
39.648367,11.314000000
39.651943,11.315000000
39.662907,11.316000000
39.662961,11.317000000
39.663001,11.318000000
39.678483,11.319000000
39.678541,11.320000000
39.678580,11.321000000
39.679306,11.322000000
39.690761,11.323000000
39.690819,11.324000000
39.690862,11.325000000
39.706850,11.326000000
39.706914,11.327000000
39.706959,11.328000000
39.707000,11.329000000
39.718086,11.330000000
39.730477,11.331000000
39.736480,11.332000000
39.746557,11.333000000
39.760452,11.334000000
39.760519,11.335000000
39.769469,11.336000000
39.774413,11.337000000
39.783540,11.338000000
39.783962,11.339000000
39.789064,11.340000000
39.800382,11.341000000
39.800450,11.342000000
39.814761,11.343000000
39.825457,11.344000000
39.825645,11.345000000
39.830820,11.346000000
39.837311,11.347000000
39.837769,11.348000000
39.850881,11.349000000
39.851336,11.350000000
39.851960,11.351000000
39.874771,11.352000000
39.883146,11.353000000
39.883657,11.354000000
39.891164,11.355000000
39.891229,11.356000000
39.916119,11.357000000
39.916176,11.358000000
39.932906,11.359000000
39.932976,11.360000000
39.943133,11.361000000
39.943911,11.362000000
39.944010,11.363000000
39.944052,11.364000000
39.944091,11.365000000
39.944649,11.366000000
39.965547,11.367000000
39.965616,11.368000000
39.965677,11.369000000
39.965814,11.370000000
39.967125,11.371000000
39.969033,11.372000000
40.005737,11.373000000
40.014445,11.374000000
40.014516,11.375000000
40.024066,11.376000000
40.031972,11.377000000
40.032032,11.378000000
40.032091,11.379000000
40.043874,11.380000000
40.056252,11.381000000
40.056693,11.382000000
40.061448,11.383000000
40.086144,11.384000000
40.096943,11.385000000
40.102704,11.386000000
40.111840,11.387000000
40.124047,11.388000000
40.133016,11.389000000
40.136733,11.390000000
40.166178,11.391000000
40.188144,11.392000000
40.213778,11.393000000
40.216351,11.394000000
40.226269,11.395000000
40.238143,11.396000000
40.260709,11.397000000
40.270429,11.398000000
40.271084,11.399000000
40.286102,11.400000000
40.286673,11.401000000
40.311586,11.402000000
40.311681,11.403000000
40.327089,11.404000000
40.327157,11.405000000
40.327199,11.406000000
40.346202,11.407000000
40.346266,11.408000000
40.355017,11.409000000
40.376265,11.410000000
40.391247,11.411000000
40.406567,11.412000000
40.407117,11.413000000
40.424398,11.414000000
40.436084,11.415000000
40.436538,11.416000000
40.464130,11.417000000
40.464199,11.418000000
40.477959,11.419000000
40.490771,11.420000000
40.496357,11.421000000
40.501466,11.422000000
40.506680,11.423000000
40.508549,11.424000000
40.519459,11.425000000
40.525802,11.426000000
40.526489,11.427000000
40.556756,11.428000000
40.556822,11.429000000
40.556866,11.430000000
40.562539,11.431000000
40.574585,11.432000000
40.575210,11.433000000
40.610683,11.434000000
40.610755,11.435000000
40.623425,11.436000000
40.635287,11.437000000
40.635356,11.438000000
40.637902,11.439000000
40.654267,11.440000000
40.657655,11.441000000
40.665238,11.442000000
40.665875,11.443000000
40.676132,11.444000000
40.702676,11.445000000
40.702746,11.446000000
40.702790,11.447000000
40.708751,11.448000000
40.712140,11.449000000
40.728858,11.450000000
40.729612,11.451000000
40.738852,11.452000000
40.740120,11.453000000
40.751808,11.454000000
40.751869,11.455000000
40.786919,11.456000000
40.796321,11.457000000
40.807553,11.458000000
40.834474,11.459000000
40.839621,11.460000000
40.852225,11.461000000
40.865087,11.462000000
40.875570,11.463000000
40.905246,11.464000000
40.922981,11.465000000
40.934559,11.466000000
40.947872,11.467000000
40.962049,11.468000000
40.962124,11.469000000
40.966854,11.470000000
40.976723,11.471000000
40.982555,11.472000000
40.992822,11.473000000
40.992869,11.474000000
40.996361,11.475000000
41.007470,11.476000000
41.014021,11.477000000
41.019871,11.478000000
41.026041,11.479000000
41.042763,11.480000000
41.045122,11.481000000
41.053814,11.482000000
41.057802,11.483000000
41.061188,11.484000000
41.068873,11.485000000
41.074795,11.486000000
41.081672,11.487000000
41.096754,11.488000000
41.102590,11.489000000
41.122263,11.490000000
41.124703,11.491000000
41.131229,11.492000000
41.136413,11.493000000
41.139992,11.494000000
41.148019,11.495000000
41.150206,11.496000000
41.155924,11.497000000
41.161494,11.498000000
41.167464,11.499000000
41.174363,11.500000000
41.179685,11.501000000
41.184318,11.502000000
41.201377,11.503000000
41.203884,11.504000000
41.206039,11.505000000
41.208156,11.506000000
41.210329,11.507000000
41.214962,11.508000000
41.225080,11.509000000
41.227592,11.510000000
41.234248,11.511000000
41.239756,11.512000000
41.243764,11.513000000
41.249860,11.514000000
41.256061,11.515000000
41.259239,11.516000000
41.265705,11.517000000
41.284964,11.518000000
41.292448,11.519000000
41.295070,11.520000000
41.309180,11.521000000
41.320463,11.522000000
41.331576,11.523000000
41.346596,11.524000000
41.349909,11.525000000
41.358103,11.526000000
41.364243,11.527000000
41.395848,11.528000000
41.413458,11.529000000
41.419999,11.530000000
41.429494,11.531000000
41.466161,11.532000000
41.474174,11.533000000
41.484702,11.534000000
41.493755,11.535000000
41.503513,11.536000000
41.513768,11.537000000
41.527543,11.538000000
41.536700,11.539000000
41.542902,11.540000000
41.552963,11.541000000
41.563090,11.542000000
41.574728,11.543000000
41.584657,11.544000000
41.590422,11.545000000
41.610525,11.546000000
41.628716,11.547000000
41.655643,11.548000000
41.661783,11.549000000
41.682492,11.550000000
41.689989,11.551000000
41.696819,11.552000000
41.702466,11.553000000
41.723496,11.554000000
41.729473,11.555000000
41.737558,11.556000000
41.750833,11.557000000
41.761639,11.558000000
41.765062,11.559000000
41.795620,11.560000000
41.804609,11.561000000
41.816288,11.562000000
41.824975,11.563000000
41.833009,11.564000000
41.837877,11.565000000
41.853005,11.566000000
41.856805,11.567000000
41.871746,11.568000000
41.878067,11.569000000
41.889789,11.570000000
41.904065,11.571000000
41.907398,11.572000000
41.916352,11.573000000
41.931802,11.574000000
41.944586,11.575000000
41.962451,11.576000000
41.972500,11.577000000
41.978774,11.578000000
41.991326,11.579000000
42.001744,11.580000000
42.004680,11.581000000
42.033680,11.582000000
42.043165,11.583000000
42.043669,11.584000000
42.051718,11.585000000
42.054368,11.586000000
42.061007,11.587000000
42.071022,11.588000000
42.082706,11.589000000
42.088433,11.590000000
42.092636,11.591000000
42.097986,11.592000000
42.111067,11.593000000
42.119184,11.594000000
42.135159,11.595000000
42.137463,11.596000000
42.139559,11.597000000
42.144963,11.598000000
42.166149,11.599000000
42.173750,11.600000000
42.185873,11.601000000
42.196687,11.602000000
42.205862,11.603000000
42.215773,11.604000000
42.225951,11.605000000
42.229666,11.606000000
42.261740,11.607000000
42.266865,11.608000000
42.287450,11.609000000
42.302829,11.610000000
42.304416,11.611000000
42.325039,11.612000000
42.337261,11.613000000
42.340820,11.614000000
42.381011,11.615000000
42.389688,11.616000000
42.405643,11.617000000
42.416458,11.618000000
42.431310,11.619000000
42.463228,11.620000000
42.475363,11.621000000
42.487397,11.622000000
42.498467,11.623000000
42.510800,11.624000000
42.521293,11.625000000
42.532463,11.626000000
42.541289,11.627000000
42.553105,11.628000000
42.563337,11.629000000
42.575508,11.630000000
42.591289,11.631000000
42.594716,11.632000000
42.608571,11.633000000
42.615219,11.634000000
42.637049,11.635000000
42.648948,11.636000000
42.654934,11.637000000
42.676325,11.638000000
42.684354,11.639000000
42.703689,11.640000000
42.705939,11.641000000
42.713336,11.642000000
42.718858,11.643000000
42.724127,11.644000000
42.770735,11.645000000
42.771233,11.646000000
42.784746,11.647000000
42.784817,11.648000000
42.784863,11.649000000
42.802087,11.650000000
42.811002,11.651000000
42.820848,11.652000000
42.820940,11.653000000
42.866289,11.654000000
42.882365,11.655000000
42.888412,11.656000000
42.897677,11.657000000
42.919388,11.658000000
42.925877,11.659000000
42.940419,11.660000000
42.950514,11.661000000
42.950837,11.662000000
42.957849,11.663000000
42.964425,11.664000000
42.985618,11.665000000
42.985701,11.666000000
42.985745,11.667000000
42.985786,11.668000000
42.985824,11.669000000
42.985862,11.670000000
42.997242,11.671000000
43.002483,11.672000000
43.016381,11.673000000
43.016445,11.674000000
43.016488,11.675000000
43.026169,11.676000000
43.026243,11.677000000
43.041556,11.678000000
43.049186,11.679000000
43.049237,11.680000000
43.055564,11.681000000
43.058153,11.682000000
43.060444,11.683000000
43.068809,11.684000000
43.074375,11.685000000
43.084593,11.686000000
43.090779,11.687000000
43.094172,11.688000000
43.098515,11.689000000
43.103966,11.690000000
43.106286,11.691000000
43.112330,11.692000000
43.112876,11.693000000
43.122885,11.694000000
43.172749,11.695000000
43.185846,11.696000000
43.197601,11.697000000
43.217786,11.698000000
43.224463,11.699000000
43.233892,11.700000000
43.251579,11.701000000
43.266423,11.702000000
43.282177,11.703000000
43.282225,11.704000000
43.301882,11.705000000
43.312773,11.706000000
43.334170,11.707000000
43.334219,11.708000000
43.341744,11.709000000
43.345260,11.710000000
43.353589,11.711000000
43.367846,11.712000000
43.367924,11.713000000
43.412460,11.714000000
43.431882,11.715000000
43.441103,11.716000000
43.460475,11.717000000
43.476332,11.718000000
43.481743,11.719000000
43.499806,11.720000000
43.514049,11.721000000
43.523013,11.722000000
43.533355,11.723000000
43.546791,11.724000000
43.556707,11.725000000
43.559342,11.726000000
43.560909,11.727000000
43.565459,11.728000000
43.565502,11.729000000
43.565836,11.730000000
43.570432,11.731000000
43.577134,11.732000000
43.581187,11.733000000
43.584043,11.734000000
43.589269,11.735000000
43.596435,11.736000000
43.598659,11.737000000
43.605399,11.738000000
43.614458,11.739000000
43.616431,11.740000000
43.635798,11.741000000
43.639801,11.742000000
43.665214,11.743000000
43.670702,11.744000000
43.682614,11.745000000
43.693739,11.746000000
43.704510,11.747000000
43.717700,11.748000000
43.739668,11.749000000
43.753571,11.750000000
43.753622,11.751000000
43.784155,11.752000000
43.797673,11.753000000
43.809889,11.754000000
43.833384,11.755000000
43.833435,11.756000000
43.851671,11.757000000
43.869942,11.758000000
43.869992,11.759000000
43.910846,11.760000000
43.918529,11.761000000
43.937209,11.762000000
43.944322,11.763000000
43.944365,11.764000000
43.966249,11.765000000
43.980636,11.766000000
43.997708,11.767000000
44.023743,11.768000000
44.043259,11.769000000
44.051589,11.770000000
44.080007,11.771000000
44.091681,11.772000000
44.103232,11.773000000
44.123996,11.774000000
44.138620,11.775000000
44.146517,11.776000000
44.162448,11.777000000
44.180062,11.778000000
44.188856,11.779000000
44.203615,11.780000000
44.212184,11.781000000
44.262987,11.782000000
44.270814,11.783000000
44.276892,11.784000000
44.296326,11.785000000
44.305801,11.786000000
44.314846,11.787000000
44.342931,11.788000000
44.347627,11.789000000
44.353284,11.790000000
44.361934,11.791000000
44.368932,11.792000000
44.387773,11.793000000
44.395421,11.794000000
44.401517,11.795000000
44.422551,11.796000000
44.434858,11.797000000
44.437211,11.798000000
44.452424,11.799000000
44.459366,11.800000000
44.463610,11.801000000
44.485289,11.802000000
44.493085,11.803000000
44.502122,11.804000000
44.530638,11.805000000
44.540935,11.806000000
44.551121,11.807000000
44.592630,11.808000000
44.603594,11.809000000
44.617674,11.810000000
44.630270,11.811000000
44.636573,11.812000000
44.644145,11.813000000
44.653105,11.814000000
44.667367,11.815000000
44.687814,11.816000000
44.689120,11.817000000
44.689577,11.818000000
44.709987,11.819000000
44.710033,11.820000000
44.714060,11.821000000
44.718295,11.822000000
44.724346,11.823000000
44.752120,11.824000000
44.761138,11.825000000
44.781948,11.826000000
44.796370,11.827000000
44.813314,11.828000000
44.822097,11.829000000
44.822145,11.830000000
44.826882,11.831000000
44.843691,11.832000000
44.851688,11.833000000
44.863865,11.834000000
44.868902,11.835000000
44.878493,11.836000000
44.903736,11.837000000
44.917541,11.838000000
44.935184,11.839000000
44.939089,11.840000000
44.946911,11.841000000
44.956259,11.842000000
44.961700,11.843000000
44.966481,11.844000000
44.977645,11.845000000
44.990006,11.846000000
44.993825,11.847000000
44.999788,11.848000000
45.005932,11.849000000
45.010080,11.850000000
45.021868,11.851000000
45.039720,11.852000000
45.050930,11.853000000
45.059200,11.854000000
45.076674,11.855000000
45.088400,11.856000000
45.101213,11.857000000
45.110295,11.858000000
45.112810,11.859000000
45.120799,11.860000000
45.151342,11.861000000
45.153381,11.862000000
45.169585,11.863000000
45.174009,11.864000000
45.178437,11.865000000
45.184544,11.866000000
45.215791,11.867000000
45.226505,11.868000000
45.237399,11.869000000
45.240366,11.870000000
45.246680,11.871000000
45.253592,11.872000000
45.258201,11.873000000
45.269559,11.874000000
45.280018,11.875000000
45.288002,11.876000000
45.299215,11.877000000
45.307331,11.878000000
45.321681,11.879000000
45.330890,11.880000000
45.332271,11.881000000
45.357774,11.882000000
45.361618,11.883000000
45.365637,11.884000000
45.387213,11.885000000
45.394514,11.886000000
45.409159,11.887000000
45.418996,11.888000000
45.426879,11.889000000
45.438360,11.890000000
45.461860,11.891000000
45.471246,11.892000000
45.479991,11.893000000
45.486143,11.894000000
45.493098,11.895000000
45.521914,11.896000000
45.532258,11.897000000
45.544152,11.898000000
45.549633,11.899000000
45.561710,11.900000000
45.578229,11.901000000
45.582557,11.902000000
45.592266,11.903000000
45.598559,11.904000000
45.609749,11.905000000
45.621907,11.906000000
45.630187,11.907000000
45.634035,11.908000000
45.640028,11.909000000
45.646006,11.910000000
45.667771,11.911000000
45.671211,11.912000000
45.673176,11.913000000
45.694218,11.914000000
45.703057,11.915000000
45.721676,11.916000000
45.730439,11.917000000
45.735560,11.918000000
45.742565,11.919000000
45.761781,11.920000000
45.764815,11.921000000
45.770733,11.922000000
45.782421,11.923000000
45.789083,11.924000000
45.794509,11.925000000
45.814176,11.926000000
45.823256,11.927000000
45.830332,11.928000000
45.840817,11.929000000
45.850039,11.930000000
45.861846,11.931000000
45.865255,11.932000000
45.878967,11.933000000
45.882480,11.934000000
45.895284,11.935000000
45.907077,11.936000000
45.915922,11.937000000
45.927737,11.938000000
45.933312,11.939000000
45.949683,11.940000000
45.966452,11.941000000
45.980775,11.942000000
45.990711,11.943000000
46.009356,11.944000000
46.020431,11.945000000
46.023232,11.946000000
46.027366,11.947000000
46.050448,11.948000000
46.057949,11.949000000
46.065489,11.950000000
46.070884,11.951000000
46.076501,11.952000000
46.114218,11.953000000
46.121516,11.954000000
46.135009,11.955000000
46.152948,11.956000000
46.167047,11.957000000
46.192635,11.958000000
46.207395,11.959000000
46.222738,11.960000000
46.229006,11.961000000
46.246171,11.962000000
46.256838,11.963000000
46.264948,11.964000000
46.287902,11.965000000
46.300263,11.966000000
46.302199,11.967000000
46.316902,11.968000000
46.324487,11.969000000
46.331790,11.970000000
46.354671,11.971000000
46.363932,11.972000000
46.370221,11.973000000
46.383465,11.974000000
46.395305,11.975000000
46.396899,11.976000000
46.416034,11.977000000
46.419511,11.978000000
46.430078,11.979000000
46.437208,11.980000000
46.451613,11.981000000
46.459895,11.982000000
46.471912,11.983000000
46.484398,11.984000000
46.507254,11.985000000
46.529462,11.986000000
46.546282,11.987000000
46.554246,11.988000000
46.554310,11.989000000
46.558228,11.990000000
46.566497,11.991000000
46.567287,11.992000000
46.572659,11.993000000
46.578893,11.994000000
46.583746,11.995000000
46.613869,11.996000000
46.621867,11.997000000
46.627150,11.998000000
46.634555,11.999000000
46.641614,12.000000000
46.676359,12.001000000
46.683067,12.002000000
46.705903,12.003000000
46.717612,12.004000000
46.727556,12.005000000
46.732369,12.006000000
46.739816,12.007000000
46.747135,12.008000000
46.753804,12.009000000
46.777499,12.010000000
46.804041,12.011000000
46.812311,12.012000000
46.816639,12.013000000
46.827780,12.014000000
46.834136,12.015000000
46.841280,12.016000000
46.859278,12.017000000
46.871943,12.018000000
46.874360,12.019000000
46.881864,12.020000000
46.893464,12.021000000
46.903724,12.022000000
46.916286,12.023000000
46.916742,12.024000000
46.921688,12.025000000
46.930589,12.026000000
46.930652,12.027000000
46.944452,12.028000000
46.952198,12.029000000
46.964228,12.030000000
46.969205,12.031000000
46.972645,12.032000000
46.981322,12.033000000
46.987444,12.034000000
47.010794,12.035000000
47.022389,12.036000000
47.030496,12.037000000
47.036483,12.038000000
47.042524,12.039000000
47.053278,12.040000000
47.077199,12.041000000
47.082620,12.042000000
47.114645,12.043000000
47.119302,12.044000000
47.128664,12.045000000
47.139151,12.046000000
47.144096,12.047000000
47.150421,12.048000000
47.160366,12.049000000
47.168669,12.050000000
47.176881,12.051000000
47.184608,12.052000000
47.192321,12.053000000
47.201821,12.054000000
47.214673,12.055000000
47.225380,12.056000000
47.227793,12.057000000
47.229883,12.058000000
47.232020,12.059000000
47.234184,12.060000000
47.236367,12.061000000
47.239807,12.062000000
47.242022,12.063000000
47.244163,12.064000000
47.246350,12.065000000
47.248576,12.066000000
47.250730,12.067000000
47.252854,12.068000000
47.255019,12.069000000
47.257232,12.070000000
47.259366,12.071000000
47.261554,12.072000000
47.263839,12.073000000
47.270461,12.074000000
47.274533,12.075000000
47.276706,12.076000000
47.278906,12.077000000
47.281040,12.078000000
47.283200,12.079000000
47.285524,12.080000000
47.287969,12.081000000
47.291293,12.082000000
47.293550,12.083000000
47.295710,12.084000000
47.297849,12.085000000
47.300030,12.086000000
47.307070,12.087000000
47.313484,12.088000000
47.320755,12.089000000
47.327037,12.090000000
47.334627,12.091000000
47.341445,12.092000000
47.345434,12.093000000
47.351681,12.094000000
47.360113,12.095000000
47.362690,12.096000000
47.375326,12.097000000
47.393439,12.098000000
47.399198,12.099000000
47.403414,12.100000000
47.409877,12.101000000
47.416256,12.102000000
47.422119,12.103000000
47.459543,12.104000000
47.464382,12.105000000
47.482294,12.106000000
47.489336,12.107000000
47.494503,12.108000000
47.501376,12.109000000
47.546353,12.110000000
47.549830,12.111000000
47.558584,12.112000000
47.572888,12.113000000
47.575779,12.114000000
47.584425,12.115000000
47.590201,12.116000000
47.622879,12.117000000
47.636549,12.118000000
47.650512,12.119000000
47.673833,12.120000000
47.686292,12.121000000
47.696304,12.122000000
47.711043,12.123000000
47.720145,12.124000000
47.728334,12.125000000
47.735249,12.126000000
47.743973,12.127000000
47.755673,12.128000000
47.761171,12.129000000
47.767569,12.130000000
47.774304,12.131000000
47.802584,12.132000000
47.806319,12.133000000
47.812982,12.134000000
47.826306,12.135000000
47.834669,12.136000000
47.841901,12.137000000
47.868877,12.138000000
47.874908,12.139000000
47.888682,12.140000000
47.906150,12.141000000
47.944964,12.142000000
47.958553,12.143000000
47.966611,12.144000000
47.978777,12.145000000
48.004405,12.146000000
48.019373,12.147000000
48.034283,12.148000000
48.042114,12.149000000
48.061784,12.150000000
48.066325,12.151000000
48.079767,12.152000000
48.087553,12.153000000
48.090810,12.154000000
48.097569,12.155000000
48.105143,12.156000000
48.130623,12.157000000
48.139034,12.158000000
48.141434,12.159000000
48.160190,12.160000000
48.166736,12.161000000
48.172490,12.162000000
48.201815,12.163000000
48.204137,12.164000000
48.214205,12.165000000
48.223318,12.166000000
48.231354,12.167000000
48.286559,12.168000000
48.299260,12.169000000
48.312844,12.170000000
48.332343,12.171000000
48.341559,12.172000000
48.353066,12.173000000
48.365356,12.174000000
48.376120,12.175000000
48.381975,12.176000000
48.404279,12.177000000
48.411922,12.178000000
48.418944,12.179000000
48.444324,12.180000000
48.453917,12.181000000
48.465525,12.182000000
48.474905,12.183000000
48.481193,12.184000000
48.511311,12.185000000
48.524404,12.186000000
48.531673,12.187000000
48.537909,12.188000000
48.566081,12.189000000
48.590411,12.190000000
48.602539,12.191000000
48.632313,12.192000000
48.652013,12.193000000
48.662603,12.194000000
48.681552,12.195000000
48.693586,12.196000000
48.703640,12.197000000
48.709670,12.198000000
48.715790,12.199000000
48.735563,12.200000000
48.741203,12.201000000
48.746935,12.202000000
48.771751,12.203000000
48.786914,12.204000000
48.798438,12.205000000
48.804676,12.206000000
48.817668,12.207000000
48.832757,12.208000000
48.854480,12.209000000
48.856858,12.210000000
48.861226,12.211000000
48.897615,12.212000000
48.907482,12.213000000
48.919219,12.214000000
48.932156,12.215000000
48.941017,12.216000000
48.959643,12.217000000
48.988121,12.218000000
49.002037,12.219000000
49.011705,12.220000000
49.023948,12.221000000
49.027907,12.222000000
49.050059,12.223000000
49.053844,12.224000000
49.082149,12.225000000
49.088990,12.226000000
49.091666,12.227000000
49.100586,12.228000000
49.115137,12.229000000
49.121864,12.230000000
49.129467,12.231000000
49.139455,12.232000000
49.158778,12.233000000
49.162359,12.234000000
49.170440,12.235000000
49.183318,12.236000000
49.192838,12.237000000
49.231375,12.238000000
49.242335,12.239000000
49.256944,12.240000000
49.266713,12.241000000
49.279225,12.242000000
49.287718,12.243000000
49.312487,12.244000000
49.327279,12.245000000
49.347347,12.246000000
49.360500,12.247000000
49.363040,12.248000000
49.371040,12.249000000
49.378810,12.250000000
49.402622,12.251000000
49.406596,12.252000000
49.432190,12.253000000
49.444994,12.254000000
49.456610,12.255000000
49.464073,12.256000000
49.468108,12.257000000
49.495572,12.258000000
49.502078,12.259000000
49.505376,12.260000000
49.522632,12.261000000
49.526840,12.262000000
49.533273,12.263000000
49.568738,12.264000000
49.581473,12.265000000
49.594543,12.266000000
49.606990,12.267000000
49.621937,12.268000000
49.631617,12.269000000
49.643669,12.270000000
49.669930,12.271000000
49.687952,12.272000000
49.698728,12.273000000
49.706095,12.274000000
49.722512,12.275000000
49.724829,12.276000000
49.730197,12.277000000
49.738663,12.278000000
49.744234,12.279000000
49.766272,12.280000000
49.775063,12.281000000
49.783003,12.282000000
49.798887,12.283000000
49.805331,12.284000000
49.838482,12.285000000
49.844433,12.286000000
49.852262,12.287000000
49.862933,12.288000000
49.871401,12.289000000
49.882403,12.290000000
49.884920,12.291000000
49.919652,12.292000000
49.935833,12.293000000
49.956044,12.294000000
49.963512,12.295000000
49.979750,12.296000000
49.986907,12.297000000
50.025463,12.298000000
50.033167,12.299000000
50.045502,12.300000000
50.073694,12.301000000
50.087588,12.302000000
50.094798,12.303000000
50.130544,12.304000000
50.135182,12.305000000
50.154855,12.306000000
50.166507,12.307000000
50.166574,12.308000000
50.166618,12.309000000
50.172476,12.310000000
50.184973,12.311000000
50.185050,12.312000000
50.185120,12.313000000
50.228586,12.314000000
50.228673,12.315000000
50.229052,12.316000000
50.237322,12.317000000
50.237385,12.318000000
50.255835,12.319000000
50.262703,12.320000000
50.262895,12.321000000
50.269149,12.322000000
50.276851,12.323000000
50.277282,12.324000000
50.278749,12.325000000
50.285881,12.326000000
50.320772,12.327000000
50.329890,12.328000000
50.349494,12.329000000
50.357006,12.330000000
50.367087,12.331000000
50.385039,12.332000000
50.397789,12.333000000
50.409052,12.334000000
50.422372,12.335000000
50.441928,12.336000000
50.448297,12.337000000
50.450593,12.338000000
50.452956,12.339000000
50.490254,12.340000000
50.495425,12.341000000
50.500209,12.342000000
50.503814,12.343000000
50.508112,12.344000000
50.511178,12.345000000
50.517369,12.346000000
50.523061,12.347000000
50.527149,12.348000000
50.529298,12.349000000
50.561228,12.350000000
50.561949,12.351000000
50.564211,12.352000000
50.570517,12.353000000
50.580226,12.354000000
50.587422,12.355000000
50.606097,12.356000000
50.619088,12.357000000
50.630131,12.358000000
50.630179,12.359000000
50.633852,12.360000000
50.638875,12.361000000
50.652276,12.362000000
50.652614,12.363000000
50.684366,12.364000000
50.690087,12.365000000
50.713624,12.366000000
50.719613,12.367000000
50.727337,12.368000000
50.741023,12.369000000
50.745294,12.370000000
50.749788,12.371000000
50.756014,12.372000000
50.759418,12.373000000
50.773595,12.374000000
50.778045,12.375000000
50.785338,12.376000000
50.789811,12.377000000
50.807945,12.378000000
50.816197,12.379000000
50.830716,12.380000000
50.843735,12.381000000
50.854011,12.382000000
50.867228,12.383000000
50.871974,12.384000000
50.886569,12.385000000
50.886619,12.387000000
50.894124,12.388000000
50.894172,12.389000000
50.899094,12.390000000
50.899661,12.391000000
50.918321,12.392000000
50.927705,12.393000000
50.936520,12.394000000
50.945614,12.395000000
50.962565,12.396000000
50.975323,12.397000000
50.992429,12.398000000
51.005868,12.399000000
51.018748,12.400000000
51.030498,12.401000000
51.030553,12.404000000
51.034139,12.405000000
51.035516,12.406000000
51.035770,12.407000000
51.052275,12.408000000
51.061551,12.409000000
51.068115,12.410000000
51.071238,12.411000000
51.095021,12.412000000
51.105294,12.413000000
51.105342,12.415000000
51.125276,12.416000000
51.156361,12.417000000
51.170239,12.418000000
51.183369,12.419000000
51.194716,12.420000000
51.208254,12.421000000
51.226011,12.422000000
51.237245,12.423000000
51.248984,12.424000000
51.260453,12.425000000
51.271545,12.426000000
51.275508,12.427000000
51.284279,12.428000000
51.289617,12.429000000
51.307383,12.430000000
51.307424,12.431000000
51.318205,12.432000000
51.324025,12.433000000
51.350179,12.434000000
51.356205,12.435000000
51.363856,12.436000000
51.387517,12.437000000
51.387558,12.438000000
51.398228,12.439000000
51.422292,12.440000000
51.428854,12.441000000
51.433130,12.442000000
51.442289,12.443000000
51.459106,12.444000000
51.464279,12.445000000
51.472259,12.446000000
51.509704,12.447000000
51.526723,12.448000000
51.536560,12.449000000
51.561308,12.450000000
51.571775,12.451000000
51.585117,12.452000000
51.598379,12.453000000
51.617470,12.454000000
51.624285,12.455000000
51.633992,12.456000000
51.646395,12.457000000
51.646439,12.458000000
51.662431,12.459000000
51.666209,12.460000000
51.671474,12.461000000
51.680064,12.462000000
51.685525,12.463000000
51.691656,12.464000000
51.715773,12.465000000
51.736137,12.466000000
51.743437,12.467000000
51.763145,12.468000000
51.771521,12.469000000
51.793748,12.470000000
51.806109,12.471000000
51.816349,12.472000000
51.833959,12.473000000
51.844836,12.474000000
51.878209,12.475000000
51.891770,12.476000000
51.906653,12.477000000
51.916886,12.478000000
51.930156,12.479000000
51.938087,12.480000000
51.951351,12.481000000
51.963116,12.482000000
51.973618,12.483000000
51.985636,12.484000000
51.996754,12.485000000
52.004724,12.486000000
52.034354,12.487000000
52.038386,12.488000000
52.069098,12.489000000
52.078833,12.490000000
52.082769,12.491000000
52.102660,12.492000000
52.113614,12.493000000
52.128265,12.494000000
52.137903,12.495000000
52.160763,12.496000000
52.193479,12.497000000
52.199680,12.498000000
52.202904,12.499000000
52.205001,12.500000000
52.207993,12.501000000
52.210907,12.502000000
52.222736,12.503000000
52.225981,12.504000000
52.239138,12.505000000
52.249390,12.506000000
52.254013,12.507000000
52.262954,12.508000000
52.269387,12.509000000
52.277581,12.510000000
52.282298,12.511000000
52.291299,12.512000000
52.299406,12.513000000
52.302908,12.514000000
52.308214,12.515000000
52.319623,12.516000000
52.325671,12.517000000
52.332865,12.518000000
52.338611,12.519000000
52.350775,12.520000000
52.354262,12.521000000
52.356849,12.522000000
52.386901,12.523000000
52.395731,12.524000000
52.415869,12.525000000
52.421188,12.526000000
52.429801,12.527000000
52.435931,12.528000000
52.451820,12.529000000
52.456633,12.530000000
52.458676,12.531000000
52.475662,12.532000000
52.492326,12.533000000
52.494420,12.534000000
52.496440,12.535000000
52.498971,12.536000000
52.500920,12.537000000
52.506408,12.538000000
52.509820,12.539000000
52.525735,12.540000000
52.539428,12.541000000
52.547500,12.542000000
52.566459,12.543000000
52.569920,12.544000000
52.584033,12.545000000
52.596232,12.546000000
52.602589,12.547000000
52.610613,12.548000000
52.626273,12.549000000
52.641680,12.550000000
52.658381,12.551000000
52.664318,12.552000000
52.675983,12.553000000
52.684193,12.554000000
52.691300,12.555000000
52.700680,12.556000000
52.707167,12.557000000
52.715691,12.558000000
52.722073,12.559000000
52.733777,12.560000000
52.754310,12.561000000
52.758488,12.562000000
52.784069,12.563000000
52.788761,12.564000000
52.794091,12.565000000
52.800236,12.566000000
52.806466,12.567000000
52.827924,12.568000000
52.832150,12.569000000
52.854395,12.570000000
52.861376,12.571000000
52.867290,12.572000000
52.871850,12.573000000
52.876930,12.574000000
52.885344,12.575000000
52.890669,12.576000000
52.913068,12.577000000
52.928220,12.578000000
52.934949,12.579000000
52.934995,12.580000000
52.960617,12.581000000
52.969586,12.582000000
52.970118,12.583000000
52.985853,12.584000000
53.004385,12.585000000
53.022003,12.586000000
53.028813,12.587000000
53.034584,12.588000000
53.046795,12.589000000
53.056843,12.590000000
53.062782,12.591000000
53.073552,12.592000000
53.080970,12.593000000
53.090772,12.594000000
53.098862,12.595000000
53.110780,12.596000000
53.117455,12.597000000
53.122927,12.598000000
53.125172,12.599000000
53.129886,12.600000000
53.133737,12.601000000
53.139324,12.602000000
53.141811,12.603000000
53.144177,12.604000000
53.159023,12.605000000
53.161512,12.606000000
53.164250,12.607000000
53.166595,12.608000000
53.171012,12.609000000
53.175006,12.610000000
53.179314,12.611000000
53.181579,12.612000000
53.184218,12.613000000
53.190650,12.614000000
53.200363,12.615000000
53.216402,12.616000000
53.218976,12.617000000
53.222229,12.618000000
53.224412,12.619000000
53.238078,12.620000000
53.246438,12.621000000
53.267388,12.622000000
53.287329,12.623000000
53.291502,12.624000000
53.307272,12.625000000
53.313224,12.626000000
53.317070,12.627000000
53.349996,12.628000000
53.357105,12.629000000
53.365051,12.630000000
53.391530,12.631000000
53.407138,12.632000000
53.427302,12.633000000
53.440104,12.634000000
53.447540,12.635000000
53.447605,12.636000000
53.461579,12.637000000
53.463772,12.638000000
53.471648,12.639000000
53.483433,12.640000000
53.486917,12.641000000
53.496944,12.642000000
53.505810,12.643000000
53.513402,12.644000000
53.517269,12.645000000
53.531743,12.646000000
53.531956,12.647000000
53.536898,12.648000000
53.546713,12.649000000
53.560014,12.650000000
53.563290,12.651000000
53.578022,12.652000000
53.583207,12.653000000
53.590023,12.654000000
53.600301,12.655000000
53.606128,12.656000000
53.618214,12.657000000
53.634169,12.658000000
53.646980,12.659000000
53.647702,12.660000000
53.655963,12.661000000
53.669187,12.662000000
53.679033,12.663000000
53.679960,12.664000000
53.690931,12.665000000
53.697002,12.666000000
53.705169,12.667000000
53.717088,12.668000000
53.722787,12.669000000
53.732104,12.670000000
53.741735,12.671000000
53.741823,12.672000000
53.752690,12.673000000
53.771363,12.674000000
53.786848,12.675000000
53.795613,12.676000000
53.810121,12.677000000
53.815403,12.678000000
53.822487,12.679000000
53.835001,12.680000000
53.837126,12.681000000
53.848866,12.682000000
53.854622,12.683000000
53.864549,12.684000000
53.873178,12.685000000
53.885005,12.686000000
53.889954,12.687000000
53.897600,12.688000000
53.912724,12.689000000
53.923686,12.690000000
53.947142,12.691000000
53.958100,12.692000000
53.965425,12.693000000
53.979299,12.694000000
53.987746,12.695000000
53.993987,12.696000000
54.014923,12.697000000
54.026069,12.698000000
54.033808,12.699000000
54.044752,12.700000000
54.053246,12.701000000
54.061012,12.702000000
54.079682,12.703000000
54.091399,12.704000000
54.091463,12.705000000
54.115306,12.706000000
54.128773,12.707000000
54.146135,12.708000000
54.146202,12.709000000
54.146801,12.710000000
54.164268,12.711000000
54.165039,12.712000000
54.170031,12.713000000
54.183306,12.714000000
54.198307,12.715000000
54.201388,12.716000000
54.207218,12.717000000
54.224443,12.718000000
54.226319,12.719000000
54.237814,12.720000000
54.262406,12.721000000
54.278677,12.722000000
54.290457,12.723000000
54.299707,12.724000000
54.313397,12.725000000
54.323564,12.726000000
54.330792,12.727000000
54.351059,12.728000000
54.358818,12.729000000
54.365091,12.730000000
54.379737,12.731000000
54.386697,12.732000000
54.396301,12.733000000
54.416013,12.734000000
54.426773,12.735000000
54.438156,12.736000000
54.448375,12.737000000
54.459983,12.738000000
54.467386,12.739000000
54.507542,12.740000000
54.507591,12.741000000
54.540685,12.742000000
54.546758,12.743000000
54.557384,12.744000000
54.570309,12.745000000
54.582826,12.746000000
54.587950,12.747000000
54.596116,12.748000000
54.604548,12.749000000
54.618329,12.750000000
54.626215,12.751000000
54.626260,12.752000000
54.648780,12.753000000
54.660587,12.754000000
54.666322,12.755000000
54.678756,12.756000000
54.690554,12.757000000
54.698005,12.758000000
54.708049,12.759000000
54.711224,12.760000000
54.727758,12.761000000
54.734554,12.762000000
54.744164,12.763000000
54.750418,12.764000000
54.764402,12.765000000
54.764448,12.766000000
54.778900,12.767000000
54.798143,12.768000000
54.798194,12.769000000
54.805858,12.770000000
54.819196,12.771000000
54.828590,12.772000000
54.842862,12.773000000
54.855699,12.774000000
54.871063,12.775000000
54.879127,12.776000000
54.888952,12.777000000
54.896149,12.778000000
54.919566,12.779000000
54.927567,12.780000000
54.931702,12.781000000
54.940885,12.782000000
54.950047,12.783000000
54.989303,12.784000000
55.010624,12.785000000
55.019504,12.786000000
55.029999,12.787000000
55.038341,12.788000000
55.052764,12.789000000
55.061410,12.790000000
55.070508,12.791000000
55.081586,12.792000000
55.089307,12.793000000
55.100289,12.794000000
55.110653,12.795000000
55.119802,12.796000000
55.128002,12.797000000
55.137055,12.798000000
55.146046,12.799000000
55.161403,12.800000000
55.166409,12.801000000
55.186483,12.802000000
55.200636,12.803000000
55.215851,12.804000000
55.232545,12.805000000
55.241985,12.806000000
55.252522,12.807000000
55.255396,12.808000000
55.260665,12.809000000
55.285262,12.810000000
55.292263,12.811000000
55.304797,12.812000000
55.318959,12.813000000
55.321941,12.814000000
55.338012,12.815000000
55.344962,12.816000000
55.366761,12.817000000
55.376572,12.818000000
55.386268,12.819000000
55.399975,12.820000000
55.410444,12.821000000
55.422561,12.822000000
55.427310,12.823000000
55.432422,12.824000000
55.437196,12.825000000
55.443180,12.826000000
55.457559,12.827000000
55.465415,12.828000000
55.471664,12.829000000
55.475256,12.830000000
55.479560,12.831000000
55.489432,12.832000000
55.498938,12.833000000
55.524675,12.834000000
55.537331,12.835000000
55.547963,12.836000000
55.573717,12.837000000
55.585646,12.838000000
55.589946,12.839000000
55.606636,12.840000000
55.611948,12.841000000
55.620988,12.842000000
55.645788,12.843000000
55.651965,12.844000000
55.658025,12.845000000
55.672616,12.846000000
55.682495,12.847000000
55.689342,12.848000000
55.715408,12.849000000
55.724079,12.850000000
55.729527,12.851000000
55.737514,12.852000000
55.745590,12.853000000
55.755977,12.854000000
55.765083,12.855000000
55.777036,12.856000000
55.785255,12.857000000
55.793283,12.858000000
55.807098,12.859000000
55.829307,12.860000000
55.844178,12.861000000
55.849123,12.862000000
55.866744,12.863000000
55.889197,12.864000000
55.907069,12.865000000
55.918446,12.866000000
55.924177,12.867000000
55.940227,12.868000000
55.944925,12.869000000
55.951186,12.870000000
55.956060,12.871000000
55.982074,12.872000000
55.989975,12.873000000
55.994825,12.874000000
56.012032,12.875000000
56.019044,12.876000000
56.023939,12.877000000
56.060338,12.878000000
56.068369,12.879000000
56.077712,12.880000000
56.085841,12.881000000
56.095896,12.882000000
56.103808,12.883000000
56.110265,12.884000000
56.117072,12.885000000
56.123753,12.886000000
56.130636,12.887000000
56.136452,12.888000000
56.148251,12.889000000
56.153329,12.890000000
56.155511,12.891000000
56.162156,12.892000000
56.168349,12.893000000
56.177260,12.894000000
56.183528,12.895000000
56.232258,12.896000000
56.234276,12.897000000
56.237557,12.898000000
56.240692,12.899000000
56.245759,12.900000000
56.249118,12.901000000
56.254699,12.902000000
56.260400,12.903000000
56.261236,12.904000000
56.267091,12.905000000
56.271076,12.906000000
56.273386,12.907000000
56.299861,12.908000000
56.305008,12.909000000
56.309023,12.910000000
56.314481,12.911000000
56.316598,12.912000000
56.322400,12.913000000
56.322473,12.914000000
56.331825,12.915000000
56.339064,12.916000000
56.350793,12.917000000
56.360205,12.918000000
56.364239,12.919000000
56.371378,12.920000000
56.374757,12.921000000
56.383509,12.922000000
56.388151,12.923000000
56.394026,12.924000000
56.403627,12.925000000
56.405821,12.926000000
56.414687,12.927000000
56.423991,12.928000000
56.426212,12.929000000
56.431945,12.930000000
56.439946,12.931000000
56.449305,12.932000000
56.451642,12.933000000
56.459899,12.934000000
56.464664,12.935000000
56.470735,12.936000000
56.486747,12.937000000
56.489020,12.938000000
56.493656,12.939000000
56.495910,12.940000000
56.498145,12.941000000
56.500266,12.942000000
56.502372,12.943000000
56.504447,12.944000000
56.508629,12.945000000
56.514072,12.946000000
56.524585,12.947000000
56.528358,12.948000000
56.587003,12.949000000
56.598025,12.950000000
56.630349,12.951000000
56.648579,12.952000000
56.649541,12.953000000
56.667571,12.954000000
56.684674,12.955000000
56.691928,12.956000000
56.697908,12.957000000
56.724299,12.958000000
56.732080,12.959000000
56.746096,12.960000000
56.758654,12.961000000
56.776298,12.962000000
56.784068,12.963000000
56.798056,12.964000000
56.802007,12.965000000
56.812988,12.966000000
56.817870,12.967000000
56.822239,12.968000000
56.833696,12.969000000
56.840109,12.970000000
56.847810,12.971000000
56.854096,12.972000000
56.860212,12.973000000
56.868053,12.974000000
56.877879,12.975000000
56.883986,12.976000000
56.891052,12.977000000
56.898773,12.978000000
56.906235,12.979000000
56.926144,12.980000000
56.931067,12.981000000
56.948292,12.982000000
56.967007,12.983000000
56.987865,12.984000000
57.006874,12.985000000
57.024213,12.986000000
57.030352,12.987000000
57.051594,12.988000000
57.051659,12.989000000
57.051700,12.990000000
57.051739,12.991000000
57.051780,12.992000000
57.067349,12.993000000
57.077247,12.994000000
57.083431,12.995000000
57.088598,12.996000000
57.091171,12.997000000
57.097891,12.998000000
57.106990,12.999000000
57.110726,13.000000000
57.128417,13.001000000
57.138132,13.002000000
57.141021,13.003000000
57.146503,13.004000000
57.153513,13.005000000
57.157685,13.006000000
57.167630,13.007000000
57.171338,13.008000000
57.181958,13.009000000
57.186916,13.010000000
57.190979,13.011000000
57.198427,13.012000000
57.200645,13.013000000
57.204123,13.014000000
57.210218,13.015000000
57.218358,13.016000000
57.225879,13.017000000
57.228447,13.018000000
57.237814,13.019000000
57.245466,13.020000000
57.259539,13.021000000
57.274029,13.022000000
57.278437,13.023000000
57.290920,13.024000000
57.298780,13.025000000
57.313442,13.026000000
57.323783,13.027000000
57.327408,13.028000000
57.334595,13.029000000
57.340225,13.030000000
57.354969,13.031000000
57.362710,13.032000000
57.374585,13.033000000
57.379719,13.034000000
57.380986,13.035000000
57.411150,13.036000000
57.420936,13.037000000
57.431067,13.038000000
57.435642,13.039000000
57.439844,13.040000000
57.464464,13.041000000
57.474217,13.042000000
57.485177,13.043000000
57.495767,13.044000000
57.499356,13.045000000
57.502762,13.046000000
57.541431,13.047000000
57.554341,13.048000000
57.561600,13.049000000
57.573096,13.050000000
57.585440,13.051000000
57.599072,13.052000000
57.607182,13.053000000
57.607254,13.054000000
57.611187,13.055000000
57.615984,13.056000000
57.624111,13.057000000
57.624478,13.058000000
57.628498,13.059000000
57.636470,13.060000000
57.636814,13.061000000
57.643127,13.062000000
57.655408,13.063000000
57.655794,13.064000000
57.655850,13.065000000
57.662592,13.066000000
57.680287,13.067000000
57.684612,13.068000000
57.686584,13.069000000
57.697609,13.070000000
57.697676,13.071000000
57.708719,13.072000000
57.711083,13.073000000
57.734768,13.074000000
57.737218,13.075000000
57.755026,13.076000000
57.764956,13.077000000
57.768472,13.078000000
57.772254,13.079000000
57.802069,13.080000000
57.821798,13.081000000
57.825613,13.082000000
57.836646,13.083000000
57.846253,13.084000000
57.854363,13.085000000
57.902454,13.086000000
57.915751,13.087000000
57.920134,13.088000000
57.925169,13.089000000
57.932153,13.090000000
57.940640,13.091000000
57.945297,13.092000000
57.952878,13.093000000
57.955182,13.094000000
57.968702,13.095000000
57.993287,13.096000000
58.000505,13.097000000
58.006256,13.098000000
58.031667,13.099000000
58.038865,13.100000000
58.046685,13.101000000
58.059371,13.102000000
58.072296,13.103000000
58.078633,13.104000000
58.105649,13.105000000
58.117151,13.106000000
58.136972,13.107000000
58.144085,13.108000000
58.174303,13.109000000
58.178349,13.110000000
58.197976,13.111000000
58.221956,13.112000000
58.245397,13.113000000
58.265090,13.114000000
58.289659,13.115000000
58.289727,13.116000000
58.294523,13.117000000
58.323686,13.118000000
58.327755,13.119000000
58.335516,13.120000000
58.361470,13.121000000
58.368881,13.122000000
58.383353,13.123000000
58.390115,13.124000000
58.399731,13.125000000
58.405928,13.126000000
58.431236,13.127000000
58.438065,13.128000000
58.447127,13.129000000
58.463912,13.130000000
58.470253,13.131000000
58.475713,13.132000000
58.510696,13.133000000
58.523253,13.134000000
58.534646,13.135000000
58.542658,13.136000000
58.558801,13.137000000
58.565679,13.138000000
58.597563,13.139000000
58.618799,13.140000000
58.633432,13.141000000
58.638568,13.142000000
58.638627,13.143000000
58.639363,13.144000000
58.639875,13.145000000
58.639923,13.146000000
58.645305,13.147000000
58.645366,13.148000000
58.647736,13.149000000
58.650726,13.150000000
58.651064,13.151000000
58.651952,13.152000000
58.663065,13.153000000
58.665244,13.154000000
58.690496,13.155000000
58.690973,13.156000000
58.700252,13.157000000
58.726191,13.158000000
58.738279,13.159000000
58.738343,13.160000000
58.738927,13.161000000
58.755987,13.162000000
58.775867,13.163000000
58.775933,13.164000000
58.775975,13.165000000
58.803154,13.166000000
58.803755,13.167000000
58.816941,13.168000000
58.817002,13.169000000
58.831771,13.170000000
58.836900,13.171000000
58.845665,13.172000000
58.845728,13.173000000
58.846187,13.174000000
58.846236,13.175000000
58.895605,13.176000000
58.904058,13.177000000
58.929370,13.178000000
58.940439,13.179000000
58.953530,13.180000000
58.963889,13.181000000
58.967907,13.182000000
58.979596,13.183000000
59.002880,13.184000000
59.015423,13.185000000
59.031301,13.186000000
59.033591,13.187000000
59.039720,13.188000000
59.048696,13.189000000
59.048760,13.190000000
59.049510,13.191000000
59.062494,13.192000000
59.062561,13.193000000
59.066198,13.194000000
59.066259,13.195000000
59.088890,13.196000000
59.089404,13.197000000
59.099185,13.198000000
59.099247,13.199000000
59.099287,13.200000000
59.131380,13.201000000
59.132816,13.202000000
59.143423,13.203000000
59.155472,13.204000000
59.155540,13.205000000
59.158063,13.206000000
59.172245,13.207000000
59.172796,13.208000000
59.172847,13.209000000
59.197156,13.210000000
59.202420,13.211000000
59.204953,13.212000000
59.220017,13.213000000
59.222493,13.214000000
59.229746,13.215000000
59.241109,13.216000000
59.254190,13.217000000
59.256637,13.218000000
59.260920,13.219000000
59.281971,13.220000000
59.300196,13.221000000
59.305384,13.222000000
59.310944,13.223000000
59.322629,13.224000000
59.330068,13.225000000
59.341074,13.226000000
59.347107,13.227000000
59.354046,13.228000000
59.361323,13.229000000
59.370540,13.230000000
59.376603,13.231000000
59.384233,13.232000000
59.393835,13.233000000
59.396711,13.234000000
59.403265,13.235000000
59.414768,13.236000000
59.417729,13.237000000
59.422655,13.238000000
59.425552,13.239000000
59.432126,13.240000000
59.454290,13.241000000
59.467727,13.242000000
59.472419,13.243000000
59.477546,13.244000000
59.500504,13.245000000
59.520222,13.246000000
59.525220,13.247000000
59.543753,13.248000000
59.550833,13.249000000
59.566919,13.250000000
59.571214,13.251000000
59.573486,13.252000000
59.604824,13.253000000
59.612438,13.254000000
59.623414,13.255000000
59.659953,13.256000000
59.676683,13.257000000
59.684938,13.258000000
59.701850,13.259000000
59.710929,13.260000000
59.722837,13.261000000
59.731735,13.262000000
59.750410,13.263000000
59.754829,13.264000000
59.765369,13.265000000
59.777927,13.266000000
59.791991,13.267000000
59.798490,13.268000000
59.803493,13.269000000
59.810110,13.270000000
59.847530,13.271000000
59.866897,13.272000000
59.871249,13.273000000
59.895506,13.274000000
59.916139,13.275000000
59.919882,13.276000000
59.927690,13.277000000
59.936208,13.278000000
59.940124,13.279000000
59.942827,13.280000000
59.946028,13.281000000
59.950542,13.282000000
59.965380,13.283000000
59.967768,13.284000000
59.970110,13.285000000
59.974767,13.286000000
59.977157,13.287000000
59.979938,13.288000000
59.986754,13.289000000
59.989127,13.290000000
59.992142,13.291000000
59.994468,13.292000000
59.996692,13.293000000
60.002586,13.294000000
60.005243,13.295000000
60.015654,13.296000000
60.027181,13.297000000
60.029080,13.298000000
60.052119,13.299000000
60.052193,13.300000000
60.052244,13.301000000
60.052287,13.302000000
60.052346,13.303000000
60.055012,13.304000000
60.068255,13.305000000
60.068331,13.306000000
60.069939,13.307000000
60.107764,13.308000000
60.111941,13.309000000
60.140558,13.310000000
60.159559,13.311000000
60.185490,13.312000000
60.193715,13.313000000
60.208649,13.314000000
60.221019,13.315000000
60.221102,13.316000000
60.244810,13.317000000
60.260939,13.318000000
60.270873,13.319000000
60.283926,13.320000000
60.297048,13.321000000
60.308833,13.322000000
60.318238,13.323000000
60.347121,13.324000000
60.358836,13.325000000
60.361239,13.326000000
60.363606,13.327000000
60.366106,13.328000000
60.392421,13.329000000
60.392514,13.330000000
60.422132,13.331000000
60.422553,13.332000000
60.437327,13.333000000
60.454350,13.334000000
60.470904,13.335000000
60.489183,13.336000000
60.489841,13.337000000
60.489897,13.338000000
60.499122,13.339000000
60.499293,13.340000000
60.502867,13.341000000
60.526967,13.342000000
60.544879,13.343000000
60.558750,13.344000000
60.577183,13.345000000
60.593866,13.346000000
60.603103,13.347000000
60.615226,13.348000000
60.629431,13.349000000
60.636628,13.350000000
60.640136,13.351000000
60.677257,13.352000000
60.687094,13.353000000
60.693984,13.354000000
60.708875,13.355000000
60.718549,13.356000000
60.726977,13.357000000
60.748374,13.358000000
60.758299,13.359000000
60.760463,13.360000000
60.766976,13.361000000
60.790561,13.362000000
60.811391,13.363000000
60.824982,13.364000000
60.833224,13.365000000
60.848728,13.366000000
60.880587,13.367000000
60.891788,13.368000000
60.900828,13.369000000
60.903163,13.370000000
60.906266,13.371000000
60.908576,13.372000000
60.910939,13.373000000
60.915628,13.374000000
60.922845,13.375000000
60.928772,13.376000000
60.941473,13.377000000
60.946158,13.378000000
60.951896,13.379000000
60.958289,13.380000000
60.958335,13.381000000
60.961066,13.382000000
60.977813,13.383000000
60.981769,13.384000000
60.991773,13.385000000
60.996300,13.386000000
61.000320,13.387000000
61.017952,13.388000000
61.018480,13.389000000
61.022828,13.390000000
61.022910,13.391000000
61.031761,13.392000000
61.037160,13.393000000
61.069432,13.394000000
61.087160,13.395000000
61.101991,13.396000000
61.109898,13.397000000
61.125664,13.398000000
61.140206,13.399000000
61.156669,13.400000000
61.161671,13.401000000
61.168891,13.402000000
61.185806,13.403000000
61.227700,13.404000000
61.230658,13.405000000
61.247111,13.406000000
61.251120,13.407000000
61.259954,13.408000000
61.265281,13.409000000
61.273821,13.410000000
61.291084,13.411000000
61.294071,13.412000000
61.297525,13.413000000
61.301233,13.414000000
61.308578,13.415000000
61.310987,13.416000000
61.314178,13.417000000
61.317829,13.418000000
61.327831,13.419000000
61.335970,13.420000000
61.338255,13.421000000
61.340908,13.422000000
61.343454,13.423000000
61.345836,13.424000000
61.349006,13.425000000
61.352376,13.426000000
61.359927,13.427000000
61.363520,13.428000000
61.378713,13.429000000
61.386710,13.430000000
61.413064,13.431000000
61.416457,13.432000000
61.419107,13.433000000
61.421593,13.434000000
61.434032,13.435000000
61.442464,13.436000000
61.462514,13.437000000
61.472170,13.438000000
61.481166,13.439000000
61.489741,13.440000000
61.499881,13.441000000
61.510891,13.442000000
61.521960,13.443000000
61.531399,13.444000000
61.546605,13.445000000
61.566606,13.446000000
61.583540,13.447000000
61.596613,13.448000000
61.611244,13.449000000
61.627359,13.450000000
61.627408,13.451000000
61.648757,13.452000000
61.659292,13.453000000
61.662088,13.454000000
61.679867,13.455000000
61.694921,13.456000000
61.695022,13.457000000
61.696024,13.458000000
61.736923,13.459000000
61.740845,13.460000000
61.759102,13.461000000
61.768852,13.462000000
61.768918,13.463000000
61.776287,13.464000000
61.797548,13.465000000
61.798199,13.466000000
61.808408,13.467000000
61.820621,13.468000000
61.828928,13.469000000
61.832942,13.470000000
61.853186,13.471000000
61.859056,13.472000000
61.863017,13.473000000
61.906967,13.474000000
61.929962,13.475000000
61.945115,13.476000000
61.958536,13.477000000
61.972405,13.478000000
61.986393,13.479000000
62.001266,13.480000000
62.015156,13.481000000
62.024705,13.482000000
62.034063,13.483000000
62.049304,13.484000000
62.053453,13.485000000
62.058979,13.486000000
62.065711,13.487000000
62.066339,13.488000000
62.074674,13.489000000
62.078029,13.490000000
62.085199,13.491000000
62.085264,13.492000000
62.085844,13.493000000
62.085901,13.494000000
62.095516,13.495000000
62.096092,13.496000000
62.096173,13.497000000
62.096214,13.498000000
62.096251,13.499000000
62.112389,13.500000000
62.113019,13.501000000
62.130370,13.502000000
62.130448,13.503000000
62.130491,13.504000000
62.130528,13.505000000
62.130566,13.506000000
62.131371,13.507000000
62.137558,13.508000000
62.179536,13.509000000
62.179611,13.510000000
62.181173,13.511000000
62.206868,13.512000000
62.206934,13.513000000
62.215596,13.514000000
62.232817,13.515000000
62.233264,13.516000000
62.238536,13.517000000
62.242446,13.518000000
62.247463,13.519000000
62.266676,13.520000000
62.272090,13.521000000
62.277116,13.522000000
62.298759,13.523000000
62.302346,13.524000000
62.306879,13.525000000
62.317973,13.526000000
62.325930,13.527000000
62.328231,13.528000000
62.334071,13.529000000
62.343950,13.530000000
62.346420,13.531000000
62.353927,13.532000000
62.359500,13.533000000
62.366734,13.534000000
62.372752,13.535000000
62.380257,13.536000000
62.384826,13.537000000
62.391472,13.538000000
62.396057,13.539000000
62.414697,13.540000000
62.424853,13.541000000
62.433250,13.542000000
62.443247,13.543000000
62.451507,13.544000000
62.456980,13.545000000
62.467415,13.546000000
62.475256,13.547000000
62.479167,13.548000000
62.490830,13.549000000
62.493329,13.550000000
62.518994,13.551000000
62.531375,13.552000000
62.551236,13.553000000
62.557139,13.554000000
62.570571,13.555000000
62.570636,13.556000000
62.589149,13.557000000
62.603287,13.558000000
62.603805,13.559000000
62.638562,13.560000000
62.644157,13.561000000
62.646020,13.562000000
62.651252,13.563000000
62.671860,13.564000000
62.678328,13.565000000
62.678395,13.566000000
62.691856,13.567000000
62.692405,13.568000000
62.701472,13.569000000
62.702034,13.570000000
62.704320,13.571000000
62.711934,13.572000000
62.715521,13.573000000
62.721857,13.574000000
62.727720,13.575000000
62.736751,13.576000000
62.743234,13.577000000
62.764766,13.578000000
62.782835,13.579000000
62.792682,13.580000000
62.840489,13.581000000
62.853472,13.582000000
62.871139,13.583000000
62.880636,13.584000000
62.888903,13.585000000
62.899244,13.586000000
62.911361,13.587000000
62.919631,13.588000000
62.929885,13.589000000
62.942260,13.590000000
62.954648,13.591000000
62.962563,13.592000000
62.971164,13.593000000
62.973750,13.594000000
62.988840,13.595000000
62.993134,13.596000000
62.998451,13.597000000
63.004060,13.598000000
63.010164,13.599000000
63.039319,13.600000000
63.045527,13.601000000
63.051256,13.602000000
63.073006,13.603000000
63.084354,13.604000000
63.092467,13.605000000
63.092851,13.606000000
63.149539,13.607000000
63.153234,13.608000000
63.165629,13.609000000
63.174846,13.610000000
63.175377,13.611000000
63.175434,13.612000000
63.180894,13.613000000
63.180949,13.614000000
63.181341,13.615000000
63.187463,13.616000000
63.187552,13.617000000
63.223207,13.618000000
63.237459,13.619000000
63.251292,13.620000000
63.255088,13.621000000
63.273364,13.622000000
63.287276,13.623000000
63.296827,13.624000000
63.305902,13.625000000
63.316736,13.626000000
63.323634,13.627000000
63.333529,13.628000000
63.344034,13.629000000
63.352323,13.630000000
63.360190,13.631000000
63.366688,13.632000000
63.374791,13.633000000
63.374850,13.634000000
63.374892,13.635000000
63.374931,13.636000000
63.382856,13.637000000
63.386094,13.638000000
63.386436,13.639000000
63.396258,13.640000000
63.398200,13.641000000
63.398255,13.642000000
63.398621,13.643000000
63.423132,13.644000000
63.424425,13.645000000
63.424482,13.646000000
63.424568,13.647000000
63.425210,13.648000000
63.429965,13.649000000
63.440718,13.650000000
63.447999,13.651000000
63.462115,13.652000000
63.486614,13.653000000
63.494825,13.654000000
63.496775,13.655000000
63.510063,13.656000000
63.558962,13.657000000
63.563664,13.658000000
63.569783,13.659000000
63.589323,13.660000000
63.595784,13.661000000
63.642941,13.662000000
63.664403,13.663000000
63.668679,13.664000000
63.689040,13.665000000
63.704491,13.666000000
63.714283,13.667000000
63.726065,13.668000000
63.747445,13.669000000
63.755964,13.670000000
63.771523,13.671000000
63.776151,13.672000000
63.785875,13.673000000
63.797860,13.674000000
63.797925,13.675000000
63.810235,13.676000000
63.830555,13.677000000
63.830625,13.678000000
63.867581,13.679000000
63.868067,13.680000000
63.881095,13.681000000
63.892579,13.682000000
63.903664,13.683000000
63.933042,13.684000000
63.945296,13.685000000
63.960954,13.686000000
63.969890,13.687000000
63.972010,13.688000000
64.017749,13.689000000
64.029933,13.690000000
64.045414,13.691000000
64.060223,13.692000000
64.077945,13.693000000
64.086165,13.694000000
64.102519,13.695000000
64.113581,13.696000000
64.125684,13.697000000
64.125748,13.698000000
64.139536,13.699000000
64.143613,13.700000000
64.151522,13.701000000
64.182474,13.702000000
64.185797,13.703000000
64.216612,13.704000000
64.252631,13.705000000
64.253201,13.706000000
64.272254,13.707000000
64.287143,13.708000000
64.293419,13.709000000
64.340930,13.710000000
64.342188,13.711000000
64.368391,13.712000000
64.379197,13.713000000
64.401230,13.714000000
64.402380,13.715000000
64.427293,13.716000000
64.434422,13.717000000
64.445779,13.718000000
64.456987,13.719000000
64.467417,13.720000000
64.474099,13.721000000
64.478528,13.722000000
64.502687,13.723000000
64.514416,13.724000000
64.534478,13.725000000
64.534544,13.726000000
64.546063,13.727000000
64.566285,13.728000000
64.579536,13.729000000
64.594070,13.730000000
64.603907,13.731000000
64.653531,13.732000000
64.667585,13.733000000
64.679222,13.734000000
64.701881,13.735000000
64.715695,13.736000000
64.743240,13.737000000
64.743309,13.738000000
64.743352,13.739000000
64.747594,13.740000000
64.755315,13.741000000
64.755378,13.742000000
64.759185,13.743000000
64.763969,13.744000000
64.776787,13.745000000
64.784192,13.746000000
64.790656,13.747000000
64.811635,13.748000000
64.814226,13.749000000
64.820809,13.750000000
64.827761,13.751000000
64.830263,13.752000000
64.854512,13.753000000
64.857002,13.754000000
64.886954,13.755000000
64.889695,13.756000000
64.897247,13.757000000
64.903563,13.758000000
64.909413,13.759000000
64.912256,13.760000000
64.934134,13.761000000
64.942461,13.762000000
64.963147,13.763000000
64.965902,13.764000000
64.977362,13.765000000
64.979792,13.766000000
64.982175,13.767000000
64.992631,13.768000000
64.999099,13.769000000
65.004778,13.770000000
65.012677,13.771000000
65.017139,13.772000000
65.028702,13.773000000
65.031091,13.774000000
65.044505,13.775000000
65.056389,13.776000000
65.063890,13.777000000
65.074728,13.778000000
65.084273,13.779000000
65.092212,13.780000000
65.094973,13.781000000
65.103193,13.782000000
65.113125,13.783000000
65.115617,13.784000000
65.124929,13.785000000
65.129319,13.786000000
65.136552,13.787000000
65.147251,13.788000000
65.149533,13.789000000
65.167379,13.790000000
65.169662,13.791000000
65.171947,13.792000000
65.182634,13.793000000
65.185247,13.794000000
65.198597,13.795000000
65.213166,13.796000000
65.221672,13.797000000
65.244793,13.798000000
65.247244,13.799000000
65.253938,13.800000000
65.261089,13.801000000
65.263566,13.802000000
65.265929,13.803000000
65.272805,13.804000000
65.277495,13.805000000
65.281186,13.806000000
65.283720,13.807000000
65.302306,13.808000000
65.304590,13.809000000
65.327958,13.810000000
65.328027,13.811000000
65.344979,13.812000000
65.345532,13.813000000
65.353832,13.814000000
65.353911,13.815000000
65.353956,13.816000000
65.361558,13.817000000
65.364866,13.818000000
65.367224,13.819000000
65.398188,13.820000000
65.398839,13.821000000
65.398898,13.822000000
65.398938,13.823000000
65.398977,13.824000000
65.418833,13.825000000
65.422361,13.826000000
65.439549,13.827000000
65.451258,13.828000000
65.462275,13.829000000
65.462769,13.830000000
65.463537,13.831000000
65.480810,13.832000000
65.481454,13.833000000
65.501420,13.834000000
65.514178,13.835000000
65.514249,13.836000000
65.514317,13.837000000
65.524307,13.838000000
65.524374,13.839000000
65.563559,13.840000000
65.563622,13.841000000
65.575381,13.842000000
65.575451,13.843000000
65.593690,13.844000000
65.604106,13.845000000
65.604176,13.846000000
65.604253,13.847000000
65.614147,13.848000000
65.653302,13.849000000
65.653401,13.850000000
65.653447,13.851000000
65.669142,13.852000000
65.683776,13.853000000
65.699083,13.854000000
65.742881,13.855000000
65.767469,13.856000000
65.780911,13.857000000
65.790647,13.858000000
65.801100,13.859000000
65.810436,13.860000000
65.817048,13.861000000
65.833607,13.862000000
65.845376,13.863000000
65.851450,13.864000000
65.859803,13.865000000
65.863985,13.866000000
65.871020,13.867000000
65.873020,13.868000000
65.884274,13.869000000
65.884338,13.870000000
65.895448,13.871000000
65.905715,13.872000000
65.906447,13.873000000
65.913746,13.874000000
65.916554,13.875000000
65.947137,13.876000000
65.953259,13.877000000
65.960218,13.878000000
65.960986,13.879000000
65.977728,13.880000000
65.980375,13.881000000
65.987603,13.882000000
65.991152,13.883000000
65.995924,13.884000000
66.003291,13.885000000
66.031325,13.886000000
66.031426,13.887000000
66.035050,13.888000000
66.036655,13.889000000
66.047966,13.890000000
66.048027,13.891000000
66.074498,13.892000000
66.074568,13.893000000
66.082030,13.894000000
66.114325,13.895000000
66.114411,13.896000000
66.114500,13.897000000
66.114540,13.898000000
66.115241,13.899000000
66.122473,13.900000000
66.157198,13.901000000
66.174901,13.902000000
66.192201,13.903000000
66.201904,13.904000000
66.208804,13.905000000
66.217978,13.906000000
66.218711,13.907000000
66.226005,13.908000000
66.237080,13.909000000
66.246991,13.910000000
66.247050,13.911000000
66.257594,13.912000000
66.267168,13.913000000
66.267530,13.914000000
66.275030,13.915000000
66.285801,13.916000000
66.285885,13.917000000
66.292919,13.918000000
66.297032,13.919000000
66.301188,13.920000000
66.311170,13.921000000
66.317160,13.922000000
66.319828,13.923000000
66.333363,13.924000000
66.333797,13.925000000
66.348140,13.926000000
66.348235,13.927000000
66.350949,13.928000000
66.366821,13.929000000
66.367346,13.930000000
66.373787,13.931000000
66.382064,13.932000000
66.390009,13.933000000
66.400081,13.934000000
66.401986,13.935000000
66.414227,13.936000000
66.414660,13.937000000
66.423879,13.938000000
66.431695,13.939000000
66.432333,13.940000000
66.441315,13.941000000
66.453523,13.942000000
66.453592,13.943000000
66.469866,13.944000000
66.478894,13.945000000
66.488431,13.946000000
66.500613,13.947000000
66.510154,13.948000000
66.525390,13.949000000
66.525471,13.950000000
66.526608,13.951000000
66.539654,13.952000000
66.549357,13.953000000
66.565531,13.954000000
66.565594,13.955000000
66.566067,13.956000000
66.579196,13.957000000
66.579261,13.958000000
66.581534,13.959000000
66.592549,13.960000000
66.598226,13.961000000
66.605761,13.962000000
66.611655,13.963000000
66.612062,13.964000000
66.621175,13.965000000
66.628265,13.966000000
66.638576,13.967000000
66.640198,13.968000000
66.661043,13.969000000
66.677427,13.970000000
66.677490,13.971000000
66.679102,13.972000000
66.689326,13.973000000
66.693374,13.974000000
66.705540,13.975000000
66.705605,13.976000000
66.721296,13.977000000
66.721358,13.978000000
66.721398,13.979000000
66.731851,13.980000000
66.739260,13.981000000
66.745120,13.982000000
66.751123,13.983000000
66.759267,13.984000000
66.762052,13.985000000
66.775406,13.986000000
66.775509,13.987000000
66.781007,13.988000000
66.799035,13.989000000
66.799100,13.990000000
66.807393,13.991000000
66.810343,13.992000000
66.819854,13.993000000
66.828929,13.994000000
66.829315,13.995000000
66.840548,13.996000000
66.850246,13.997000000
66.850648,13.998000000
66.858997,13.999000000
66.872787,14.000000000
66.880831,14.001000000
66.894581,14.002000000
66.903157,14.003000000
66.911626,14.004000000
66.923029,14.005000000
66.923092,14.006000000
66.934656,14.007000000
66.935223,14.008000000
66.949010,14.009000000
66.949081,14.010000000
66.964136,14.011000000
66.964205,14.012000000
66.969098,14.013000000
66.979874,14.014000000
66.982054,14.015000000
66.991419,14.016000000
67.001595,14.017000000
67.001659,14.018000000
67.011316,14.019000000
67.018314,14.020000000
67.027142,14.021000000
67.027201,14.022000000
67.032097,14.023000000
67.039144,14.024000000
67.049661,14.025000000
67.053490,14.026000000
67.059239,14.027000000
67.068271,14.028000000
67.076031,14.029000000
67.084621,14.030000000
67.084682,14.031000000
67.095149,14.032000000
67.095533,14.033000000
67.108136,14.034000000
67.108196,14.035000000
67.117623,14.036000000
67.124675,14.037000000
67.131535,14.038000000
67.132079,14.039000000
67.140151,14.040000000
67.153218,14.041000000
67.153601,14.042000000
67.161358,14.043000000
67.169069,14.044000000
67.181297,14.045000000
67.183634,14.046000000
67.185956,14.047000000
67.195890,14.048000000
67.195957,14.049000000
67.196136,14.050000000
67.199726,14.051000000
67.202696,14.052000000
67.207757,14.053000000
67.207814,14.054000000
67.208339,14.055000000
67.210525,14.056000000
67.212708,14.057000000
67.225953,14.058000000
67.245703,14.059000000
67.245920,14.060000000
67.246482,14.061000000
67.255602,14.062000000
67.255672,14.063000000
67.255714,14.064000000
67.263536,14.065000000
67.267502,14.066000000
67.276960,14.067000000
67.277023,14.068000000
67.277065,14.069000000
67.283823,14.070000000
67.289144,14.071000000
67.301796,14.072000000
67.323693,14.073000000
67.344288,14.074000000
67.344364,14.075000000
67.348850,14.076000000
67.366362,14.077000000
67.370091,14.078000000
67.386001,14.079000000
67.386087,14.080000000
67.386128,14.081000000
67.387940,14.082000000
67.402177,14.083000000
67.405143,14.084000000
67.426728,14.085000000
67.429303,14.086000000
67.444330,14.087000000
67.456291,14.088000000
67.459634,14.089000000
67.482160,14.090000000
67.508811,14.091000000
67.523785,14.092000000
67.531796,14.093000000
67.540281,14.094000000
67.549415,14.095000000
67.553310,14.096000000
67.558679,14.097000000
67.564031,14.098000000
67.573524,14.099000000
67.599961,14.100000000
67.603964,14.101000000
67.612133,14.102000000
67.618928,14.103000000
67.626249,14.104000000
67.630773,14.105000000
67.641228,14.106000000
67.641326,14.107000000
67.641356,14.108000000
67.646216,14.109000000
67.649073,14.110000000
67.650119,14.111000000
67.660062,14.112000000
67.662178,14.113000000
67.666462,14.114000000
67.691420,14.115000000
67.694149,14.116000000
67.705655,14.117000000
67.721349,14.118000000
67.731185,14.119000000
67.752926,14.120000000
67.763041,14.121000000
67.773903,14.122000000
67.790088,14.123000000
67.830822,14.124000000
67.853046,14.125000000
67.875817,14.126000000
67.889864,14.127000000
67.898144,14.128000000
67.904189,14.129000000
67.913782,14.130000000
67.941423,14.131000000
67.950253,14.132000000
67.968872,14.133000000
67.972064,14.134000000
67.979489,14.135000000
67.995535,14.136000000
67.999340,14.137000000
68.027652,14.138000000
68.035980,14.139000000
68.049258,14.140000000
68.059106,14.141000000
68.061047,14.142000000
68.066896,14.143000000
68.093284,14.144000000
68.115323,14.145000000
68.138623,14.146000000
68.144915,14.147000000
68.158476,14.148000000
68.172315,14.149000000
68.183226,14.150000000
68.191888,14.151000000
68.203368,14.152000000
68.210234,14.153000000
68.218093,14.154000000
68.226063,14.155000000
68.242141,14.156000000
68.257248,14.157000000
68.259318,14.158000000
68.278966,14.159000000
68.287340,14.160000000
68.294109,14.161000000
68.296345,14.162000000
68.311659,14.163000000
68.318867,14.164000000
68.321023,14.165000000
68.344363,14.166000000
68.352536,14.167000000
68.354432,14.168000000
68.368464,14.169000000
68.375293,14.170000000
68.377799,14.171000000
68.406159,14.172000000
68.415217,14.173000000
68.428219,14.174000000
68.444077,14.175000000
68.465500,14.176000000
68.474046,14.177000000
68.497463,14.178000000
68.509755,14.179000000
68.531215,14.180000000
68.540234,14.181000000
68.549082,14.182000000
68.562173,14.183000000
68.571306,14.184000000
68.592113,14.185000000
68.598576,14.186000000
68.610707,14.187000000
68.617825,14.188000000
68.644287,14.189000000
68.650053,14.190000000
68.660545,14.191000000
68.666824,14.192000000
68.675480,14.193000000
68.678156,14.194000000
68.702461,14.195000000
68.710841,14.196000000
68.722784,14.197000000
68.729034,14.198000000
68.735483,14.199000000
68.740759,14.200000000
68.768784,14.201000000
68.778276,14.202000000
68.787099,14.203000000
68.793162,14.204000000
68.804832,14.205000000
68.807892,14.206000000
68.824861,14.207000000
68.835411,14.208000000
68.845420,14.209000000
68.854033,14.210000000
68.857148,14.211000000
68.865995,14.212000000
68.870089,14.213000000
68.887785,14.214000000
68.898148,14.215000000
68.915074,14.216000000
68.918267,14.217000000
68.920660,14.218000000
68.922777,14.219000000
68.924901,14.220000000
68.936296,14.221000000
68.940487,14.222000000
68.942693,14.223000000
68.945313,14.224000000
68.948039,14.225000000
68.950306,14.226000000
68.952424,14.227000000
68.955760,14.228000000
68.957471,14.229000000
68.959666,14.230000000
68.961789,14.231000000
68.964504,14.232000000
68.966844,14.233000000
68.969090,14.234000000
68.971687,14.235000000
68.973812,14.236000000
68.975937,14.237000000
68.978060,14.238000000
68.998935,14.239000000
69.002409,14.240000000
69.005093,14.241000000
69.013930,14.242000000
69.017432,14.243000000
69.023274,14.244000000
69.040046,14.245000000
69.046043,14.246000000
69.051026,14.247000000
69.077759,14.248000000
69.095847,14.249000000
69.102377,14.250000000
69.107331,14.251000000
69.111888,14.252000000
69.119617,14.253000000
69.125546,14.254000000
69.134911,14.255000000
69.141866,14.256000000
69.145232,14.257000000
69.152601,14.258000000
69.160743,14.259000000
69.189235,14.260000000
69.194695,14.261000000
69.209847,14.262000000
69.219195,14.263000000
69.220573,14.264000000
69.232949,14.265000000
69.238447,14.266000000
69.248763,14.267000000
69.267624,14.268000000
69.285111,14.269000000
69.289948,14.270000000
69.305537,14.271000000
69.305583,14.273000000
69.318565,14.274000000
69.348367,14.275000000
69.348421,14.278000000
69.352520,14.279000000
69.358108,14.280000000
69.372603,14.281000000
69.383333,14.282000000
69.389530,14.283000000
69.391686,14.284000000
69.393889,14.285000000
69.396340,14.286000000
69.398612,14.287000000
69.401278,14.288000000
69.404741,14.289000000
69.407739,14.290000000
69.415715,14.291000000
69.418062,14.292000000
69.420602,14.293000000
69.428003,14.294000000
69.432546,14.295000000
69.435804,14.296000000
69.442353,14.297000000
69.447453,14.298000000
69.450421,14.299000000
69.452714,14.300000000
69.455024,14.301000000
69.460970,14.302000000
69.463779,14.303000000
69.472760,14.304000000
69.478652,14.305000000
69.483423,14.306000000
69.486876,14.307000000
69.492821,14.308000000
69.495673,14.309000000
69.510634,14.310000000
69.517690,14.311000000
69.526805,14.312000000
69.531547,14.313000000
69.538877,14.314000000
69.573899,14.315000000
69.581043,14.316000000
69.591400,14.317000000
69.601756,14.318000000
69.609651,14.319000000
69.622995,14.320000000
69.632133,14.321000000
69.641108,14.322000000
69.655806,14.323000000
69.669568,14.324000000
69.684298,14.325000000
69.706075,14.326000000
69.718174,14.327000000
69.731275,14.328000000
69.768066,14.329000000
69.772288,14.330000000
69.802940,14.331000000
69.830580,14.332000000
69.843139,14.333000000
69.856724,14.334000000
69.873088,14.335000000
69.878674,14.336000000
69.889382,14.337000000
69.911959,14.338000000
69.924143,14.339000000
69.935782,14.340000000
69.941402,14.341000000
69.958098,14.342000000
69.965787,14.343000000
69.991967,14.344000000
70.006071,14.345000000
70.023167,14.346000000
70.033432,14.347000000
70.039477,14.348000000
70.049239,14.349000000
70.052552,14.350000000
70.063389,14.351000000
70.071616,14.352000000
70.075033,14.353000000
70.079422,14.354000000
70.083551,14.355000000
70.090569,14.356000000
70.099528,14.357000000
70.106703,14.358000000
70.114562,14.359000000
70.146439,14.360000000
70.155082,14.361000000
70.170309,14.362000000
70.192799,14.363000000
70.200467,14.364000000
70.217758,14.365000000
70.222759,14.366000000
70.236881,14.367000000
70.251194,14.368000000
70.273097,14.369000000
70.275717,14.370000000
70.280119,14.371000000
70.289663,14.372000000
70.301513,14.373000000
70.309187,14.374000000
70.314693,14.375000000
70.339331,14.376000000
70.350229,14.377000000
70.357234,14.378000000
70.370947,14.379000000
70.381499,14.380000000
70.394207,14.381000000
70.416122,14.382000000
70.421985,14.383000000
70.429883,14.384000000
70.435302,14.385000000
70.445317,14.386000000
70.454707,14.387000000
70.459222,14.388000000
70.463111,14.389000000
70.464319,14.390000000
70.466423,14.391000000
70.469021,14.392000000
70.471129,14.393000000
70.473239,14.394000000
70.475363,14.395000000
70.478456,14.396000000
70.480575,14.397000000
70.482806,14.398000000
70.484886,14.399000000
70.493370,14.400000000
70.495436,14.401000000
70.497838,14.402000000
70.500048,14.403000000
70.504041,14.404000000
70.506486,14.405000000
70.508750,14.406000000
70.511097,14.407000000
70.513252,14.408000000
70.515973,14.409000000
70.518195,14.410000000
70.520331,14.411000000
70.522546,14.412000000
70.524733,14.413000000
70.526831,14.414000000
70.545782,14.415000000
70.547972,14.416000000
70.550424,14.417000000
70.553194,14.418000000
70.564577,14.419000000
70.567225,14.420000000
70.570557,14.421000000
70.572798,14.422000000
70.578547,14.423000000
70.581740,14.424000000
70.583603,14.425000000
70.591359,14.426000000
70.593532,14.427000000
70.615971,14.428000000
70.622288,14.429000000
70.631937,14.430000000
70.646610,14.431000000
70.652674,14.432000000
70.693135,14.433000000
70.697044,14.434000000
70.714990,14.435000000
70.720920,14.436000000
70.720958,14.437000000
70.741050,14.438000000
70.759738,14.439000000
70.770016,14.440000000
70.782794,14.441000000
70.788888,14.442000000
70.791167,14.443000000
70.796448,14.444000000
70.802755,14.445000000
70.806013,14.446000000
70.808086,14.447000000
70.835161,14.448000000
70.849447,14.449000000
70.864913,14.450000000
70.872052,14.451000000
70.877072,14.452000000
70.879396,14.453000000
70.881067,14.454000000
70.891073,14.455000000
70.906470,14.456000000
70.921915,14.457000000
70.921964,14.460000000
70.929726,14.461000000
70.929795,14.462000000
70.930665,14.463000000
70.937265,14.464000000
70.937300,14.465000000
70.956322,14.466000000
70.963632,14.467000000
70.967451,14.468000000
70.969290,14.469000000
70.976671,14.470000000
70.976708,14.472000000
70.977475,14.473000000
70.991299,14.474000000
70.991348,14.475000000
70.994958,14.476000000
71.010993,14.477000000
71.015712,14.478000000
71.021043,14.479000000
71.042668,14.480000000
71.048034,14.481000000
71.056226,14.482000000
71.064018,14.483000000
71.068753,14.484000000
71.078621,14.485000000
71.082552,14.486000000
71.089706,14.487000000
71.094706,14.488000000
71.099360,14.489000000
71.117407,14.490000000
71.129388,14.491000000
71.140812,14.492000000
71.158363,14.493000000
71.169076,14.494000000
71.177298,14.495000000
71.189396,14.496000000
71.189445,14.497000000
71.189473,14.498000000
71.192377,14.499000000
71.207321,14.500000000
71.207370,14.505000000
71.209212,14.506000000
71.211697,14.507000000
71.215578,14.508000000
71.219971,14.509000000
71.220048,14.510000000
71.233134,14.511000000
71.233199,14.514000000
71.234280,14.515000000
71.236491,14.516000000
71.240259,14.517000000
71.245873,14.518000000
71.246365,14.519000000
71.256160,14.520000000
71.256253,14.522000000
71.269265,14.523000000
71.269312,14.524000000
71.269845,14.525000000
71.274819,14.526000000
71.301683,14.527000000
71.316235,14.528000000
71.318551,14.529000000
71.321940,14.530000000
71.329409,14.531000000
71.339007,14.532000000
71.341159,14.533000000
71.350706,14.534000000
71.358419,14.535000000
71.369386,14.536000000
71.373916,14.537000000
71.380623,14.538000000
71.387412,14.539000000
71.397882,14.540000000
71.409038,14.541000000
71.415288,14.542000000
71.424161,14.543000000
71.426841,14.544000000
71.435520,14.545000000
71.443097,14.546000000
71.447301,14.547000000
71.457549,14.548000000
71.460183,14.549000000
71.471041,14.550000000
71.473890,14.551000000
71.476379,14.552000000
71.487661,14.553000000
71.494535,14.554000000
71.502627,14.555000000
71.513766,14.556000000
71.519984,14.557000000
71.523148,14.558000000
71.525863,14.559000000
71.536165,14.560000000
71.541319,14.561000000
71.549554,14.562000000
71.556393,14.563000000
71.562214,14.564000000
71.567382,14.565000000
71.574278,14.566000000
71.582970,14.567000000
71.587874,14.568000000
71.594466,14.569000000
71.597116,14.570000000
71.602999,14.571000000
71.615270,14.572000000
71.625566,14.573000000
71.628568,14.574000000
71.637311,14.575000000
71.656903,14.576000000
71.667887,14.577000000
71.671700,14.578000000
71.671932,14.579000000
71.674943,14.580000000
71.685416,14.581000000
71.685479,14.582000000
71.685519,14.583000000
71.691017,14.584000000
71.691322,14.585000000
71.694151,14.586000000
71.707835,14.587000000
71.723261,14.588000000
71.743338,14.589000000
71.765712,14.590000000
71.777910,14.591000000
71.779331,14.592000000
71.781246,14.593000000
71.809643,14.594000000
71.818778,14.595000000
71.829895,14.596000000
71.849217,14.597000000
71.859742,14.598000000
71.867405,14.599000000
71.882436,14.600000000
71.890384,14.601000000
71.896491,14.602000000
71.904094,14.603000000
71.915330,14.604000000
71.930506,14.605000000
71.941657,14.606000000
71.946992,14.607000000
71.953023,14.608000000
71.970250,14.609000000
71.977796,14.610000000
71.985810,14.611000000
71.993869,14.612000000
71.997792,14.613000000
72.022929,14.614000000
72.029449,14.615000000
72.047642,14.616000000
72.055298,14.617000000
72.060956,14.618000000
72.075490,14.619000000
72.079947,14.620000000
72.086687,14.621000000
72.092185,14.622000000
72.115412,14.623000000
72.124470,14.624000000
72.127627,14.625000000
72.139749,14.626000000
72.149701,14.627000000
72.154714,14.628000000
72.179979,14.629000000
72.185272,14.630000000
72.193355,14.631000000
72.208718,14.632000000
72.215828,14.633000000
72.228705,14.634000000
72.238159,14.635000000
72.245519,14.636000000
72.253432,14.637000000
72.265023,14.638000000
72.269974,14.639000000
72.276870,14.640000000
72.289610,14.641000000
72.296492,14.642000000
72.318706,14.643000000
72.330274,14.644000000
72.335310,14.645000000
72.355796,14.646000000
72.363129,14.647000000
72.379612,14.648000000
72.393895,14.649000000
72.401002,14.650000000
72.419405,14.651000000
72.427383,14.652000000
72.433424,14.653000000
72.445599,14.654000000
72.450972,14.655000000
72.458364,14.656000000
72.490636,14.657000000
72.497422,14.658000000
72.507812,14.659000000
72.518574,14.660000000
72.526521,14.661000000
72.538737,14.662000000
72.552778,14.663000000
72.564593,14.664000000
72.571815,14.665000000
72.583534,14.666000000
72.586671,14.667000000
72.590406,14.668000000
72.597122,14.669000000
72.602431,14.670000000
72.604781,14.671000000
72.611467,14.672000000
72.623514,14.673000000
72.623708,14.674000000
72.644945,14.675000000
72.646991,14.676000000
72.665780,14.677000000
72.669047,14.678000000
72.674791,14.679000000
72.690653,14.680000000
72.695107,14.681000000
72.702749,14.682000000
72.719996,14.683000000
72.724912,14.684000000
72.745202,14.685000000
72.745275,14.686000000
72.745319,14.687000000
72.745358,14.688000000
72.745396,14.689000000
72.755450,14.690000000
72.755844,14.691000000
72.755890,14.692000000
72.755930,14.693000000
72.756918,14.694000000
72.765180,14.695000000
72.772738,14.696000000
72.772803,14.697000000
72.775016,14.698000000
72.791184,14.699000000
72.804509,14.700000000
72.812337,14.701000000
72.822035,14.702000000
72.847190,14.703000000
72.853121,14.704000000
72.882126,14.705000000
72.886931,14.706000000
72.903586,14.707000000
72.909258,14.708000000
72.932852,14.709000000
72.937762,14.710000000
72.941966,14.711000000
72.944633,14.712000000
72.949146,14.713000000
72.970043,14.714000000
72.991752,14.715000000
73.001451,14.716000000
73.039997,14.717000000
73.050375,14.718000000
73.061042,14.719000000
73.068066,14.720000000
73.078062,14.721000000
73.082611,14.722000000
73.107536,14.723000000
73.110881,14.724000000
73.119008,14.725000000
73.150039,14.726000000
73.160402,14.727000000
73.165323,14.728000000
73.177002,14.729000000
73.188148,14.730000000
73.192736,14.731000000
73.208252,14.732000000
73.212816,14.733000000
73.220848,14.734000000
73.228417,14.735000000
73.238344,14.736000000
73.274510,14.737000000
73.274573,14.738000000
73.274614,14.739000000
73.274682,14.740000000
73.274719,14.741000000
73.274760,14.742000000
73.275247,14.743000000
73.311254,14.744000000
73.317497,14.745000000
73.323002,14.746000000
73.333549,14.747000000
73.337456,14.748000000
73.338130,14.749000000
73.362814,14.750000000
73.366677,14.751000000
73.370641,14.752000000
73.388910,14.753000000
73.425931,14.754000000
73.434562,14.755000000
73.446197,14.756000000
73.452701,14.757000000
73.463660,14.758000000
73.466061,14.759000000
73.471274,14.760000000
73.477303,14.761000000
73.485420,14.762000000
73.494233,14.763000000
73.510329,14.764000000
73.520445,14.765000000
73.521760,14.766000000
73.527524,14.767000000
73.542491,14.768000000
73.565903,14.769000000
73.569768,14.770000000
73.586005,14.771000000
73.590446,14.772000000
73.600364,14.773000000
73.607940,14.774000000
73.622240,14.775000000
73.629705,14.776000000
73.638409,14.777000000
73.667519,14.778000000
73.678339,14.779000000
73.678418,14.780000000
73.686143,14.781000000
73.698804,14.782000000
73.710308,14.783000000
73.716026,14.784000000
73.726259,14.785000000
73.733867,14.786000000
73.741288,14.787000000
73.747190,14.788000000
73.757178,14.789000000
73.766254,14.790000000
73.773169,14.791000000
73.778180,14.792000000
73.786385,14.793000000
73.822703,14.794000000
73.835559,14.795000000
73.856492,14.796000000
73.873493,14.797000000
73.874042,14.798000000
73.878089,14.799000000
73.880263,14.800000000
73.882734,14.801000000
73.885729,14.802000000
73.888101,14.803000000
73.894303,14.804000000
73.896600,14.805000000
73.899431,14.806000000
73.903883,14.807000000
73.906685,14.808000000
73.909042,14.809000000
73.913625,14.810000000
73.920644,14.811000000
73.926828,14.812000000
73.932415,14.813000000
73.958241,14.814000000
73.960457,14.815000000
73.966173,14.816000000
73.971539,14.817000000
73.976361,14.818000000
73.987206,14.819000000
74.014735,14.820000000
74.023492,14.821000000
74.033828,14.822000000
74.041798,14.823000000
74.046072,14.824000000
74.050366,14.825000000
74.057276,14.826000000
74.066802,14.827000000
74.069081,14.828000000
74.078464,14.829000000
74.087583,14.830000000
74.106746,14.831000000
74.113797,14.832000000
74.122798,14.833000000
74.131633,14.834000000
74.137424,14.835000000
74.141745,14.836000000
74.151579,14.837000000
74.153659,14.838000000
74.156487,14.839000000
74.158606,14.840000000
74.160847,14.841000000
74.162950,14.842000000
74.164994,14.843000000
74.167637,14.844000000
74.171122,14.845000000
74.181012,14.846000000
74.191859,14.847000000
74.209819,14.848000000
74.228122,14.849000000
74.266470,14.850000000
74.272209,14.851000000
74.276540,14.852000000
74.298365,14.853000000
74.303360,14.854000000
74.312886,14.855000000
74.336844,14.856000000
74.343132,14.857000000
74.347269,14.858000000
74.355394,14.859000000
74.365600,14.860000000
74.378864,14.861000000
74.388691,14.862000000
74.402326,14.863000000
74.409879,14.864000000
74.424512,14.865000000
74.438804,14.866000000
74.449880,14.867000000
74.457069,14.868000000
74.481988,14.869000000
74.482177,14.870000000
74.508349,14.871000000
74.525913,14.872000000
74.530240,14.873000000
74.546846,14.874000000
74.572988,14.875000000
74.581086,14.876000000
74.583293,14.877000000
74.594380,14.878000000
74.610319,14.879000000
74.618671,14.880000000
74.622864,14.881000000
74.627873,14.882000000
74.643392,14.883000000
74.661577,14.884000000
74.679270,14.885000000
74.690296,14.886000000
74.717207,14.887000000
74.727107,14.888000000
74.738128,14.889000000
74.749724,14.890000000
74.749768,14.891000000
74.773116,14.892000000
74.777125,14.893000000
74.812794,14.894000000
74.815196,14.895000000
74.832611,14.896000000
74.835659,14.897000000
74.864194,14.898000000
74.872863,14.899000000
74.877509,14.900000000
74.904053,14.901000000
74.908294,14.902000000
74.925695,14.903000000
74.945793,14.904000000
74.964511,14.905000000
74.969333,14.906000000
74.982826,14.907000000
74.994654,14.908000000
75.004743,14.909000000
75.018788,14.910000000
75.029852,14.911000000
75.054661,14.912000000
75.074381,14.913000000
75.074507,14.915000000
75.079818,14.916000000
75.079882,14.917000000
75.084520,14.918000000
75.093117,14.919000000
75.095211,14.920000000
75.105427,14.921000000
75.130795,14.922000000
75.130846,14.924000000
75.156611,14.925000000
75.156662,14.927000000
75.191032,14.928000000
75.200463,14.929000000
75.200505,14.930000000
75.219064,14.931000000
75.221323,14.932000000
75.261966,14.933000000
75.262006,14.934000000
75.267131,14.935000000
75.290405,14.936000000
75.305737,14.937000000
75.330275,14.938000000
75.330322,14.941000000
75.348009,14.942000000
75.358468,14.943000000
75.370425,14.944000000
75.370756,14.945000000
75.379323,14.946000000
75.397303,14.947000000
75.428382,14.948000000
75.455554,14.949000000
75.473291,14.950000000
75.487487,14.951000000
75.487552,14.952000000
75.507189,14.953000000
75.513558,14.954000000
75.544693,14.955000000
75.553044,14.956000000
75.571971,14.957000000
75.572037,14.959000000
75.597704,14.960000000
75.617386,14.961000000
75.617814,14.962000000
75.635611,14.963000000
75.637104,14.964000000
75.650684,14.965000000
75.661936,14.966000000
75.672063,14.967000000
75.695626,14.968000000
75.695676,14.970000000
75.713594,14.971000000
75.727715,14.972000000
75.743558,14.973000000
75.757402,14.974000000
75.761754,14.975000000
75.768203,14.976000000
75.770277,14.977000000
75.774948,14.978000000
75.776979,14.979000000
75.790552,14.980000000
75.795613,14.981000000
75.797649,14.982000000
75.799746,14.983000000
75.803210,14.984000000
75.820102,14.985000000
75.828618,14.986000000
75.833169,14.987000000
75.851518,14.988000000
75.854379,14.989000000
75.865071,14.990000000
75.873675,14.991000000
75.879598,14.992000000
75.881825,14.993000000
75.891029,14.994000000
75.893261,14.995000000
75.899475,14.996000000
75.901598,14.997000000
75.903836,14.998000000
75.905836,14.999000000
75.908845,15.000000000
75.911516,15.001000000
75.926471,15.002000000
75.932814,15.003000000
75.934955,15.004000000
75.937658,15.005000000
75.939774,15.006000000
75.944404,15.007000000
75.952389,15.008000000
75.957578,15.009000000
75.959864,15.010000000
75.962849,15.011000000
75.965843,15.012000000
75.990611,15.013000000
75.992744,15.014000000
75.997412,15.015000000
76.002881,15.016000000
76.017257,15.017000000
76.026275,15.018000000
76.038795,15.019000000
76.056223,15.020000000
76.068130,15.021000000
76.083438,15.022000000
76.088645,15.023000000
76.099947,15.024000000
76.108112,15.025000000
76.115985,15.026000000
76.127728,15.027000000
76.134935,15.028000000
76.145681,15.029000000
76.150497,15.030000000
76.164190,15.031000000
76.191768,15.032000000
76.200526,15.033000000
76.216389,15.034000000
76.223915,15.035000000
76.235624,15.036000000
76.241734,15.037000000
76.282684,15.038000000
76.286389,15.039000000
76.294648,15.040000000
76.309006,15.041000000
76.314931,15.042000000
76.320932,15.043000000
76.326200,15.044000000
76.333596,15.045000000
76.342398,15.046000000
76.347442,15.047000000
76.354526,15.048000000
76.356868,15.049000000
76.361203,15.050000000
76.365143,15.051000000
76.369720,15.052000000
76.376633,15.053000000
76.386458,15.054000000
76.391297,15.055000000
76.395367,15.056000000
76.401056,15.057000000
76.407609,15.058000000
76.411364,15.059000000
76.413134,15.060000000
76.438934,15.061000000
76.464427,15.062000000
76.470168,15.063000000
76.480114,15.064000000
76.484613,15.065000000
76.492103,15.066000000
76.499959,15.067000000
76.502231,15.068000000
76.504598,15.069000000
76.507635,15.070000000
76.509767,15.071000000
76.514297,15.072000000
76.516327,15.073000000
76.533038,15.074000000
76.533097,15.075000000
76.535674,15.076000000
76.539417,15.077000000
76.547394,15.078000000
76.552971,15.079000000
76.555053,15.080000000
76.557190,15.081000000
76.559520,15.082000000
76.561737,15.083000000
76.576943,15.084000000
76.591820,15.085000000
76.602463,15.086000000
76.610579,15.087000000
76.619566,15.088000000
76.635799,15.089000000
76.641853,15.090000000
76.649752,15.091000000
76.661027,15.092000000
76.672279,15.093000000
76.687932,15.094000000
76.699595,15.095000000
76.714648,15.096000000
76.731539,15.097000000
76.739442,15.098000000
76.741948,15.099000000
76.753513,15.100000000
76.762512,15.101000000
76.766246,15.102000000
76.791496,15.103000000
76.805821,15.104000000
76.823484,15.105000000
76.831883,15.106000000
76.850981,15.107000000
76.877955,15.108000000
76.883621,15.109000000
76.898413,15.110000000
76.920878,15.111000000
76.931407,15.112000000
76.941186,15.113000000
76.948090,15.114000000
76.962992,15.115000000
76.971598,15.116000000
76.979371,15.117000000
76.988687,15.118000000
76.999172,15.119000000
77.006171,15.120000000
77.010196,15.121000000
77.017266,15.122000000
77.022811,15.123000000
77.028505,15.124000000
77.032701,15.125000000
77.038063,15.126000000
77.078612,15.127000000
77.098827,15.128000000
77.104015,15.129000000
77.125793,15.130000000
77.132504,15.131000000
77.138746,15.132000000
77.146496,15.133000000
77.173497,15.134000000
77.177718,15.135000000
77.184150,15.136000000
77.194284,15.137000000
77.224221,15.138000000
77.231173,15.139000000
77.244958,15.140000000
77.254602,15.141000000
77.259130,15.142000000
77.267091,15.143000000
77.279343,15.144000000
77.289939,15.145000000
77.296945,15.146000000
77.308659,15.147000000
77.317236,15.148000000
77.328923,15.149000000
77.337669,15.150000000
77.342880,15.151000000
77.348034,15.152000000
77.362627,15.153000000
77.389778,15.154000000
77.395875,15.155000000
77.415879,15.156000000
77.425872,15.157000000
77.431229,15.158000000
77.436301,15.159000000
77.459570,15.160000000
77.467444,15.161000000
77.472099,15.162000000
77.518375,15.163000000
77.526111,15.164000000
77.536218,15.165000000
77.543933,15.166000000
77.553524,15.167000000
77.565144,15.168000000
77.574713,15.169000000
77.586098,15.170000000
77.595299,15.171000000
77.604933,15.172000000
77.614187,15.173000000
77.624325,15.174000000
77.632685,15.175000000
77.638722,15.176000000
77.641176,15.177000000
77.663582,15.178000000
77.685825,15.179000000
77.691763,15.180000000
77.698725,15.181000000
77.720111,15.182000000
77.723190,15.183000000
77.734662,15.184000000
77.742461,15.185000000
77.768168,15.186000000
77.774515,15.187000000
77.784929,15.188000000
77.794529,15.189000000
77.825754,15.190000000
77.833165,15.191000000
77.844384,15.192000000
77.855459,15.193000000
77.864153,15.194000000
77.870615,15.195000000
77.885627,15.196000000
77.900566,15.197000000
77.904541,15.198000000
77.906204,15.199000000
77.921842,15.200000000
77.939396,15.201000000
77.947794,15.202000000
77.960638,15.203000000
77.973112,15.204000000
77.992419,15.205000000
78.002658,15.206000000
78.015577,15.207000000
78.032467,15.208000000
78.033376,15.209000000
78.049709,15.210000000
78.058559,15.211000000
78.068177,15.212000000
78.076942,15.213000000
78.086208,15.214000000
78.094848,15.215000000
78.094894,15.216000000
78.116162,15.217000000
78.126688,15.218000000
78.137046,15.219000000
78.167769,15.220000000
78.181819,15.221000000
78.198031,15.222000000
78.217102,15.223000000
78.235086,15.224000000
78.260601,15.225000000
78.287147,15.226000000
78.300276,15.227000000
78.314969,15.228000000
78.336059,15.229000000
78.347229,15.230000000
78.357925,15.231000000
78.366127,15.232000000
78.378153,15.233000000
78.390786,15.234000000
78.396961,15.235000000
78.410821,15.236000000
78.425975,15.237000000
78.446394,15.238000000
78.446442,15.239000000
78.462482,15.240000000
78.465406,15.241000000
78.482767,15.242000000
78.503195,15.243000000
78.516765,15.244000000
78.516811,15.245000000
78.524872,15.246000000
78.535514,15.247000000
78.546016,15.248000000
78.561956,15.249000000
78.561997,15.250000000
78.579083,15.251000000
78.593181,15.252000000
78.598066,15.253000000
78.602232,15.254000000
78.637813,15.255000000
78.648712,15.256000000
78.648785,15.257000000
78.675473,15.258000000
78.681369,15.259000000
78.681414,15.260000000
78.707741,15.261000000
78.720829,15.262000000
78.720878,15.263000000
78.723577,15.264000000
78.758391,15.265000000
78.762219,15.266000000
78.778226,15.267000000
78.786169,15.268000000
78.806118,15.269000000
78.828385,15.270000000
78.841952,15.271000000
78.841991,15.272000000
78.845006,15.273000000
78.854560,15.274000000
78.854610,15.275000000
78.866292,15.276000000
78.867988,15.277000000
78.883057,15.278000000
78.883101,15.280000000
78.888651,15.281000000
78.922856,15.282000000
78.922906,15.283000000
78.942893,15.284000000
78.951192,15.285000000
78.963285,15.286000000
78.969441,15.287000000
78.988674,15.288000000
78.988726,15.289000000
78.998663,15.290000000
79.007300,15.291000000
79.013840,15.292000000
79.037293,15.293000000
79.041492,15.294000000
79.052558,15.295000000
79.059141,15.296000000
79.079450,15.297000000
79.087213,15.298000000
79.094338,15.299000000
79.110082,15.300000000
79.114175,15.301000000
79.117608,15.302000000
79.122110,15.303000000
79.128299,15.304000000
79.136928,15.305000000
79.139322,15.306000000
79.141598,15.307000000
79.144552,15.308000000
79.157643,15.309000000
79.180368,15.310000000
79.187271,15.311000000
79.196046,15.312000000
79.216552,15.313000000
79.230201,15.314000000
79.243248,15.315000000
79.261175,15.316000000
79.273714,15.317000000
79.287454,15.318000000
79.295047,15.319000000
79.324928,15.320000000
79.337097,15.321000000
79.345915,15.322000000
79.355314,15.323000000
79.359626,15.324000000
79.365453,15.325000000
79.375829,15.326000000
79.381269,15.327000000
79.386245,15.328000000
79.393971,15.329000000
79.408301,15.330000000
79.419739,15.331000000
79.426174,15.332000000
79.436493,15.333000000
79.446109,15.334000000
79.446806,15.335000000
79.449162,15.336000000
79.452585,15.337000000
79.454967,15.338000000
79.457370,15.339000000
79.463366,15.340000000
79.489784,15.341000000
79.503569,15.342000000
79.515015,15.343000000
79.532327,15.344000000
79.540785,15.345000000
79.545853,15.346000000
79.558063,15.347000000
79.560298,15.348000000
79.562506,15.349000000
79.564723,15.350000000
79.567113,15.351000000
79.569254,15.352000000
79.571277,15.353000000
79.573493,15.354000000
79.575768,15.355000000
79.577986,15.356000000
79.580202,15.357000000
79.582386,15.358000000
79.591650,15.359000000
79.616462,15.360000000
79.625328,15.361000000
79.634149,15.362000000
79.648799,15.363000000
79.684916,15.364000000
79.697049,15.365000000
79.709381,15.366000000
79.720847,15.367000000
79.736529,15.368000000
79.747076,15.369000000
79.754713,15.370000000
79.760488,15.371000000
79.771207,15.372000000
79.779072,15.373000000
79.802167,15.374000000
79.812825,15.375000000
79.820709,15.376000000
79.832111,15.377000000
79.837199,15.378000000
79.844603,15.379000000
79.860109,15.380000000
79.860635,15.381000000
79.863010,15.382000000
79.865330,15.383000000
79.867791,15.384000000
79.870456,15.385000000
79.873897,15.386000000
79.876229,15.387000000
79.878514,15.388000000
79.880836,15.389000000
79.883266,15.390000000
79.885571,15.391000000
79.894880,15.392000000
79.900145,15.393000000
79.902554,15.394000000
79.904997,15.395000000
79.907346,15.396000000
79.909754,15.397000000
79.937189,15.398000000
79.938363,15.399000000
79.945294,15.400000000
79.955989,15.401000000
79.958554,15.402000000
79.966238,15.403000000
79.971057,15.404000000
79.988831,15.405000000
79.988905,15.406000000
80.002216,15.407000000
80.002347,15.408000000
80.005712,15.409000000
80.014279,15.410000000
80.014348,15.411000000
80.023094,15.412000000
80.027556,15.413000000
80.034977,15.414000000
80.037143,15.415000000
80.045387,15.416000000
80.052823,15.417000000
80.052910,15.418000000
80.059354,15.419000000
80.063707,15.420000000
80.068133,15.421000000
80.074440,15.422000000
80.084058,15.423000000
80.094170,15.424000000
80.102926,15.425000000
80.115250,15.426000000
80.126237,15.427000000
80.131636,15.428000000
80.143860,15.429000000
80.150008,15.430000000
80.155510,15.431000000
80.157986,15.432000000
80.160438,15.433000000
80.177250,15.434000000
80.178607,15.435000000
80.195172,15.436000000
80.202578,15.437000000
80.202920,15.438000000
80.205261,15.439000000
80.207443,15.440000000
80.209692,15.441000000
80.212099,15.442000000
80.214305,15.443000000
80.216601,15.444000000
80.218798,15.445000000
80.222626,15.446000000
80.224578,15.447000000
80.228929,15.448000000
80.234315,15.449000000
80.246053,15.450000000
80.254000,15.451000000
80.257743,15.452000000
80.271069,15.453000000
80.283873,15.454000000
80.294793,15.455000000
80.310457,15.456000000
80.320518,15.457000000
80.328671,15.458000000
80.334780,15.459000000
80.343172,15.460000000
80.351735,15.461000000
80.364605,15.462000000
80.371514,15.463000000
80.379780,15.464000000
80.386616,15.465000000
80.392490,15.466000000
80.398108,15.467000000
80.403908,15.468000000
80.410995,15.469000000
80.415311,15.470000000
80.421598,15.471000000
80.424557,15.472000000
80.430273,15.473000000
80.445362,15.474000000
80.458100,15.475000000
80.466620,15.476000000
80.474380,15.477000000
80.480831,15.478000000
80.485337,15.479000000
80.489530,15.480000000
80.515781,15.481000000
80.520440,15.482000000
80.524721,15.483000000
80.556129,15.484000000
80.568142,15.485000000
80.573746,15.486000000
80.583442,15.487000000
80.596127,15.488000000
80.605513,15.489000000
80.611578,15.490000000
80.616182,15.491000000
80.625804,15.492000000
80.634126,15.493000000
80.643321,15.494000000
80.647784,15.495000000
80.656344,15.496000000
80.666679,15.497000000
80.674960,15.498000000
80.686270,15.499000000
80.691088,15.500000000
80.709807,15.501000000
80.712457,15.502000000
80.736881,15.503000000
80.739983,15.504000000
80.750520,15.505000000
80.752931,15.506000000
80.777601,15.507000000
80.787074,15.508000000
80.807611,15.509000000
80.824465,15.510000000
80.827013,15.511000000
80.829354,15.512000000
80.844361,15.513000000
80.852230,15.514000000
80.854502,15.515000000
80.873580,15.516000000
80.878196,15.517000000
80.887209,15.518000000
80.895165,15.519000000
80.902044,15.520000000
80.905963,15.521000000
80.913205,15.522000000
80.924999,15.523000000
80.932656,15.524000000
80.938198,15.525000000
80.940423,15.526000000
80.953362,15.527000000
80.962041,15.528000000
80.967070,15.529000000
80.978585,15.530000000
80.980916,15.531000000
80.985639,15.532000000
80.995880,15.533000000
81.003512,15.534000000
81.007804,15.535000000
81.022189,15.536000000
81.034584,15.537000000
81.046402,15.538000000
81.054978,15.539000000
81.065619,15.540000000
81.067973,15.541000000
81.070178,15.542000000
81.072617,15.543000000
81.086820,15.544000000
81.089262,15.545000000
81.091555,15.546000000
81.093900,15.547000000
81.096227,15.548000000
81.098596,15.549000000
81.107223,15.550000000
81.112075,15.551000000
81.122357,15.552000000
81.131244,15.553000000
81.133498,15.554000000
81.135761,15.555000000
81.139162,15.556000000
81.150361,15.557000000
81.156831,15.558000000
81.160108,15.559000000
81.165985,15.560000000
81.185346,15.561000000
81.189328,15.562000000
81.193170,15.563000000
81.202414,15.564000000
81.211779,15.565000000
81.219814,15.566000000
81.228501,15.567000000
81.231748,15.568000000
81.242000,15.569000000
81.250697,15.570000000
81.260538,15.571000000
81.272002,15.572000000
81.275856,15.573000000
81.291245,15.574000000
81.300613,15.575000000
81.309873,15.576000000
81.327777,15.577000000
81.330811,15.578000000
81.351835,15.579000000
81.372935,15.580000000
81.372985,15.581000000
81.387416,15.582000000
81.387465,15.583000000
81.412003,15.584000000
81.413253,15.585000000
81.460811,15.586000000
81.505669,15.587000000
81.513485,15.588000000
81.518624,15.589000000
81.532076,15.590000000
81.537156,15.591000000
81.553862,15.592000000
81.556696,15.593000000
81.566551,15.594000000
81.609050,15.595000000
81.609483,15.596000000
81.627056,15.597000000
81.628838,15.598000000
81.648583,15.599000000
81.661886,15.600000000
81.661950,15.602000000
81.669221,15.603000000
81.680136,15.604000000
81.694312,15.605000000
81.694359,15.608000000
81.701082,15.609000000
81.704190,15.610000000
81.716398,15.611000000
81.716653,15.612000000
81.730641,15.613000000
81.730889,15.614000000
81.744895,15.615000000
81.744938,15.617000000
81.754523,15.618000000
81.762890,15.619000000
81.762934,15.620000000
81.776887,15.621000000
81.780248,15.622000000
81.786454,15.623000000
81.798668,15.624000000
81.804942,15.625000000
81.814631,15.626000000
81.825648,15.627000000
81.831475,15.628000000
81.841778,15.629000000
81.847391,15.630000000
81.875942,15.631000000
81.881343,15.632000000
81.898135,15.633000000
81.898186,15.634000000
81.898484,15.635000000
81.923941,15.636000000
81.924004,15.641000000
81.924741,15.642000000
81.927470,15.643000000
81.933034,15.644000000
81.937668,15.645000000
81.960358,15.646000000
81.963071,15.647000000
81.974326,15.648000000
82.006141,15.649000000
82.006192,15.650000000
82.026873,15.651000000
82.048240,15.652000000
82.052672,15.653000000
82.063982,15.654000000
82.070113,15.655000000
82.084852,15.656000000
82.096242,15.657000000
82.105030,15.658000000
82.113081,15.659000000
82.121277,15.660000000
82.130889,15.661000000
82.136229,15.662000000
82.145859,15.663000000
82.151177,15.664000000
82.158904,15.665000000
82.163427,15.666000000
82.171109,15.667000000
82.189101,15.668000000
82.191070,15.669000000
82.195944,15.670000000
82.210073,15.671000000
82.214289,15.672000000
82.218233,15.673000000
82.240692,15.674000000
82.250241,15.675000000
82.252718,15.676000000
82.277174,15.677000000
82.288114,15.678000000
82.299538,15.679000000
82.313170,15.680000000
82.325856,15.681000000
82.344346,15.682000000
82.344403,15.686000000
82.355735,15.687000000
82.361040,15.688000000
82.366449,15.689000000
82.378260,15.690000000
82.388927,15.691000000
82.399526,15.692000000
82.429145,15.693000000
82.429198,15.694000000
82.430229,15.695000000
82.438824,15.696000000
82.455327,15.697000000
82.455375,15.700000000
82.471071,15.701000000
82.471135,15.702000000
82.489107,15.703000000
82.489160,15.705000000
82.489564,15.706000000
82.489598,15.707000000
82.516820,15.708000000
82.516870,15.710000000
82.555324,15.711000000
82.555374,15.712000000
82.586357,15.713000000
82.598798,15.714000000
82.608825,15.715000000
82.623320,15.716000000
82.636596,15.717000000
82.648956,15.718000000
82.661869,15.719000000
82.674894,15.720000000
82.681194,15.721000000
82.689419,15.722000000
82.706037,15.723000000
82.708469,15.724000000
82.718121,15.725000000
82.726381,15.726000000
82.731131,15.727000000
82.735036,15.728000000
82.737390,15.729000000
82.739663,15.730000000
82.741993,15.731000000
82.753147,15.732000000
82.755685,15.733000000
82.758159,15.734000000
82.760576,15.735000000
82.762840,15.736000000
82.765435,15.737000000
82.768170,15.738000000
82.770555,15.739000000
82.777090,15.740000000
82.781930,15.741000000
82.784236,15.742000000
82.789969,15.743000000
82.792662,15.744000000
82.795066,15.745000000
82.818421,15.746000000
82.820756,15.747000000
82.831624,15.748000000
82.835576,15.749000000
82.842444,15.750000000
82.846484,15.751000000
82.849316,15.752000000
82.852567,15.753000000
82.862819,15.754000000
82.870617,15.755000000
82.873796,15.756000000
82.876523,15.757000000
82.879168,15.758000000
82.882674,15.759000000
82.885057,15.760000000
82.887374,15.761000000
82.907141,15.762000000
82.914108,15.763000000
82.917064,15.764000000
82.920369,15.765000000
82.923510,15.766000000
82.963536,15.767000000
82.972418,15.768000000
82.999487,15.769000000
83.001728,15.770000000
83.016204,15.771000000
83.028098,15.772000000
83.034781,15.773000000
83.042010,15.774000000
83.050875,15.775000000
83.059972,15.776000000
83.074894,15.777000000
83.081350,15.778000000
83.087826,15.779000000
83.093294,15.780000000
83.101624,15.781000000
83.110094,15.782000000
83.118215,15.783000000
83.126521,15.784000000
83.136539,15.785000000
83.139226,15.786000000
83.141814,15.787000000
83.148540,15.788000000
83.152401,15.789000000
83.156060,15.790000000
83.161644,15.791000000
83.164850,15.792000000
83.168814,15.793000000
83.175808,15.794000000
83.177816,15.795000000
83.180630,15.796000000
83.194531,15.797000000
83.198171,15.798000000
83.205503,15.799000000
83.212972,15.800000000
83.222339,15.801000000
83.225771,15.802000000
83.232391,15.803000000
83.237471,15.804000000
83.243344,15.805000000
83.263011,15.806000000
83.270697,15.807000000
83.275773,15.808000000
83.279518,15.809000000
83.282693,15.810000000
83.289418,15.811000000
83.298532,15.812000000
83.302670,15.813000000
83.308791,15.814000000
83.315882,15.815000000
83.326851,15.816000000
83.337963,15.817000000
83.341691,15.818000000
83.348865,15.819000000
83.352836,15.820000000
83.356872,15.821000000
83.371562,15.822000000
83.377331,15.823000000
83.387593,15.824000000
83.400374,15.825000000
83.406779,15.826000000
83.412196,15.827000000
83.418900,15.828000000
83.427910,15.829000000
83.433803,15.830000000
83.440588,15.831000000
83.442833,15.832000000
83.445264,15.833000000
83.455097,15.834000000
83.466443,15.835000000
83.468911,15.836000000
83.475614,15.837000000
83.480116,15.838000000
83.485951,15.839000000
83.490988,15.840000000
83.501302,15.841000000
83.509114,15.842000000
83.520639,15.843000000
83.535973,15.844000000
83.539253,15.845000000
83.550357,15.846000000
83.552960,15.847000000
83.559853,15.848000000
83.579170,15.849000000
83.586192,15.850000000
83.598192,15.851000000
83.603460,15.852000000
83.620961,15.853000000
83.629870,15.854000000
83.635767,15.855000000
83.642307,15.856000000
83.651000,15.857000000
83.655082,15.858000000
83.658001,15.859000000
83.678678,15.860000000
83.689537,15.861000000
83.693389,15.862000000
83.702220,15.863000000
83.710732,15.864000000
83.714703,15.865000000
83.717165,15.866000000
83.719573,15.867000000
83.733187,15.868000000
83.746406,15.869000000
83.757205,15.870000000
83.768433,15.871000000
83.777899,15.872000000
83.782465,15.873000000
83.789413,15.874000000
83.791869,15.875000000
83.804046,15.876000000
83.808653,15.877000000
83.815830,15.878000000
83.822525,15.879000000
83.830523,15.880000000
83.838836,15.881000000
83.850616,15.882000000
83.859947,15.883000000
83.867880,15.884000000
83.882494,15.885000000
83.891793,15.886000000
83.902183,15.887000000
83.911874,15.888000000
83.920090,15.889000000
83.933895,15.890000000
83.938412,15.891000000
83.949763,15.892000000
83.988082,15.893000000
84.012746,15.894000000
84.024676,15.895000000
84.033458,15.896000000
84.042508,15.897000000
84.054762,15.898000000
84.065605,15.899000000
84.076748,15.900000000
84.092546,15.901000000
84.110232,15.902000000
84.135088,15.903000000
84.143711,15.904000000
84.149124,15.905000000
84.153887,15.906000000
84.169298,15.907000000
84.195004,15.908000000
84.203814,15.909000000
84.227969,15.910000000
84.233769,15.911000000
84.239613,15.912000000
84.248794,15.913000000
84.255852,15.914000000
84.262487,15.915000000
84.274205,15.916000000
84.276547,15.917000000
84.286814,15.918000000
84.293365,15.919000000
84.307011,15.920000000
84.313811,15.921000000
84.330544,15.922000000
84.337421,15.923000000
84.348842,15.924000000
84.361773,15.925000000
84.372720,15.926000000
84.378855,15.927000000
84.389570,15.928000000
84.396751,15.929000000
84.407475,15.930000000
84.430260,15.931000000
84.453499,15.932000000
84.461307,15.933000000
84.489704,15.934000000
84.504447,15.935000000
84.522276,15.936000000
84.545284,15.937000000
84.547494,15.938000000
84.555107,15.939000000
84.555147,15.940000000
84.572293,15.941000000
84.572342,15.942000000
84.595976,15.943000000
84.596027,15.944000000
84.600131,15.945000000
84.608391,15.946000000
84.633810,15.947000000
84.649900,15.948000000
84.649955,15.949000000
84.649984,15.950000000
84.656136,15.951000000
84.670623,15.952000000
84.682718,15.953000000
84.682769,15.954000000
84.691174,15.955000000
84.691613,15.956000000
84.696978,15.957000000
84.736701,15.958000000
84.742642,15.959000000
84.746982,15.960000000
84.749329,15.961000000
84.753386,15.962000000
84.757251,15.963000000
84.764779,15.964000000
84.776155,15.965000000
84.785776,15.966000000
84.785825,15.967000000
84.790605,15.968000000
84.794498,15.969000000
84.810874,15.970000000
84.816780,15.971000000
84.829548,15.972000000
84.840042,15.973000000
84.840427,15.974000000
84.843585,15.975000000
84.853289,15.976000000
84.853336,15.977000000
84.858792,15.978000000
84.888475,15.979000000
84.896545,15.980000000
84.907704,15.981000000
84.908037,15.982000000
84.920427,15.983000000
84.932315,15.984000000
84.939590,15.985000000
84.949643,15.986000000
84.959363,15.987000000
84.973228,15.988000000
84.975590,15.989000000
85.003073,15.990000000
85.009933,15.991000000
85.019313,15.992000000
85.050773,15.993000000
85.056180,15.994000000
85.065336,15.995000000
85.071386,15.996000000
85.083549,15.997000000
85.092113,15.998000000
85.107004,15.999000000
85.109072,16.000000000
85.113584,16.001000000
85.127010,16.002000000
85.129762,16.003000000
85.137167,16.004000000
85.156878,16.005000000
85.173691,16.006000000
85.202224,16.007000000
85.225653,16.008000000
85.243954,16.009000000
85.246911,16.010000000
85.274492,16.011000000
85.287895,16.012000000
85.306459,16.013000000
85.311288,16.014000000
85.321000,16.015000000
85.327757,16.016000000
85.355015,16.017000000
85.359488,16.018000000
85.370459,16.019000000
85.385606,16.020000000
85.395029,16.021000000
85.399226,16.022000000
85.432396,16.023000000
85.442705,16.024000000
85.454470,16.025000000
85.470400,16.026000000
85.473786,16.027000000
85.499891,16.028000000
85.512189,16.029000000
85.535144,16.030000000
85.543650,16.031000000
85.579914,16.032000000
85.603966,16.033000000
85.604018,16.034000000
85.634850,16.035000000
85.652543,16.036000000
85.671175,16.037000000
85.683516,16.038000000
85.698450,16.039000000
85.715147,16.040000000
85.725150,16.041000000
85.756009,16.042000000
85.773579,16.043000000
85.788566,16.044000000
85.803724,16.045000000
85.815444,16.046000000
85.833773,16.047000000
85.844057,16.048000000
85.855458,16.049000000
85.861917,16.050000000
85.861967,16.051000000
85.893854,16.052000000
85.914840,16.053000000
85.927823,16.054000000
85.937753,16.055000000
85.971716,16.056000000
85.984973,16.057000000
85.992507,16.058000000
86.008600,16.059000000
86.017614,16.060000000
86.032760,16.061000000
86.047083,16.062000000
86.048690,16.063000000
86.073949,16.064000000
86.074003,16.066000000
86.094865,16.067000000
86.094913,16.068000000
86.105055,16.069000000
86.120930,16.070000000
86.137714,16.071000000
86.137763,16.072000000
86.158732,16.073000000
86.176228,16.074000000
86.188251,16.075000000
86.190130,16.076000000
86.198629,16.077000000
86.239343,16.078000000
86.249903,16.079000000
86.274033,16.080000000
86.280791,16.081000000
86.282682,16.082000000
86.294480,16.083000000
86.302816,16.084000000
86.339891,16.085000000
86.339941,16.086000000
86.347133,16.087000000
86.347184,16.088000000
86.361288,16.089000000
86.363427,16.090000000
86.367309,16.091000000
86.376130,16.092000000
86.376186,16.095000000
86.378877,16.096000000
86.378917,16.097000000
86.381000,16.098000000
86.386834,16.099000000
86.388758,16.100000000
86.400959,16.101000000
86.414019,16.102000000
86.414069,16.103000000
86.419668,16.104000000
86.419711,16.105000000
86.427386,16.106000000
86.435352,16.107000000
86.440092,16.108000000
86.447106,16.109000000
86.469010,16.110000000
86.473084,16.111000000
86.477097,16.112000000
86.480261,16.113000000
86.482747,16.114000000
86.484876,16.115000000
86.487370,16.116000000
86.490199,16.117000000
86.494943,16.118000000
86.497784,16.119000000
86.501657,16.120000000
86.507658,16.121000000
86.510504,16.122000000
86.514286,16.123000000
86.521415,16.124000000
86.524701,16.125000000
86.547491,16.126000000
86.551701,16.127000000
86.556057,16.128000000
86.559404,16.129000000
86.562364,16.130000000
86.564815,16.131000000
86.567244,16.132000000
86.583646,16.133000000
86.587590,16.134000000
86.589756,16.135000000
86.607873,16.136000000
86.620947,16.137000000
86.641860,16.138000000
86.651222,16.139000000
86.658752,16.140000000
86.673376,16.141000000
86.688157,16.142000000
86.705961,16.143000000
86.711232,16.144000000
86.720295,16.145000000
86.728624,16.146000000
86.741816,16.147000000
86.754315,16.148000000
86.762137,16.149000000
86.785787,16.150000000
86.797922,16.151000000
86.816860,16.152000000
86.846555,16.153000000
86.851826,16.154000000
86.858375,16.155000000
86.860761,16.156000000
86.863361,16.157000000
86.871706,16.158000000
86.878902,16.159000000
86.886487,16.160000000
86.900394,16.161000000
86.906451,16.162000000
86.910320,16.163000000
86.912468,16.164000000
86.918687,16.165000000
86.919312,16.166000000
86.923014,16.167000000
86.925365,16.168000000
86.927936,16.169000000
86.933765,16.170000000
86.951235,16.171000000
86.956933,16.172000000
86.968017,16.173000000
86.986166,16.174000000
86.991785,16.175000000
87.016470,16.176000000
87.027507,16.177000000
87.040606,16.178000000
87.059770,16.179000000
87.073305,16.180000000
87.088070,16.181000000
87.094342,16.182000000
87.099716,16.183000000
87.104902,16.184000000
87.108800,16.185000000
87.115884,16.186000000
87.135860,16.187000000
87.166795,16.188000000
87.171525,16.189000000
87.174237,16.190000000
87.181800,16.191000000
87.184340,16.192000000
87.206154,16.193000000
87.216780,16.194000000
87.241793,16.195000000
87.244403,16.196000000
87.249250,16.197000000
87.253463,16.198000000
87.275603,16.199000000
87.275690,16.200000000
87.275758,16.201000000
87.275804,16.202000000
87.276503,16.203000000
87.302820,16.204000000
87.302885,16.205000000
87.302954,16.206000000
87.302994,16.207000000
87.303031,16.208000000
87.303068,16.209000000
87.303105,16.210000000
87.330810,16.211000000
87.330878,16.212000000
87.331247,16.213000000
87.331291,16.214000000
87.335591,16.215000000
87.345940,16.216000000
87.346061,16.217000000
87.346434,16.218000000
87.370231,16.219000000
87.370295,16.220000000
87.375628,16.221000000
87.383181,16.222000000
87.383274,16.223000000
87.412081,16.224000000
87.427700,16.225000000
87.443542,16.226000000
87.448045,16.227000000
87.471035,16.228000000
87.487237,16.229000000
87.492074,16.230000000
87.497914,16.231000000
87.504942,16.232000000
87.511406,16.233000000
87.521668,16.234000000
87.530914,16.235000000
87.533252,16.236000000
87.535519,16.237000000
87.538141,16.238000000
87.554181,16.239000000
87.559167,16.240000000
87.562538,16.241000000
87.585055,16.242000000
87.589196,16.243000000
87.592807,16.244000000
87.609106,16.245000000
87.617257,16.246000000
87.621799,16.247000000
87.629030,16.248000000
87.653840,16.249000000
87.682176,16.250000000
87.695841,16.251000000
87.711094,16.252000000
87.722099,16.253000000
87.747822,16.254000000
87.747885,16.255000000
87.763355,16.256000000
87.763454,16.257000000
87.776023,16.258000000
87.792626,16.259000000
87.824020,16.260000000
87.824399,16.261000000
87.849809,16.262000000
87.858774,16.263000000
87.882035,16.264000000
87.882115,16.265000000
87.905403,16.266000000
87.922546,16.267000000
87.931423,16.268000000
87.939929,16.269000000
87.966194,16.270000000
87.968132,16.271000000
87.994118,16.272000000
88.018258,16.273000000
88.018615,16.274000000
88.038279,16.275000000
88.057950,16.276000000
88.058033,16.277000000
88.059582,16.278000000
88.070043,16.279000000
88.070108,16.280000000
88.080752,16.281000000
88.099489,16.282000000
88.099558,16.283000000
88.114603,16.284000000
88.145989,16.285000000
88.147044,16.286000000
88.166091,16.287000000
88.192391,16.288000000
88.202131,16.289000000
88.205884,16.290000000
88.233922,16.291000000
88.233972,16.292000000
88.243919,16.293000000
88.250118,16.294000000
88.250468,16.295000000
88.256933,16.296000000
88.266202,16.297000000
88.277066,16.298000000
88.277125,16.299000000
88.286805,16.300000000
88.292992,16.301000000
88.293050,16.302000000
88.315399,16.303000000
88.315468,16.304000000
88.315512,16.305000000
88.315579,16.306000000
88.315618,16.307000000
88.315655,16.308000000
88.315692,16.309000000
88.317159,16.310000000
88.335447,16.311000000
88.335510,16.312000000
88.335554,16.313000000
88.335594,16.314000000
88.335633,16.315000000
88.335700,16.316000000
88.335738,16.317000000
88.335775,16.318000000
88.335811,16.319000000
88.342809,16.320000000
88.342872,16.321000000
88.342916,16.322000000
88.350766,16.323000000
88.350826,16.324000000
88.350867,16.325000000
88.352112,16.326000000
88.359334,16.327000000
88.368291,16.328000000
88.379585,16.329000000
88.396168,16.330000000
88.403558,16.331000000
88.415061,16.332000000
88.417695,16.333000000
88.477533,16.334000000
88.477654,16.335000000
88.482343,16.336000000
88.512890,16.337000000
88.512989,16.338000000
88.513306,16.339000000
88.526177,16.340000000
88.526287,16.341000000
88.534754,16.342000000
88.542361,16.343000000
88.561359,16.344000000
88.566704,16.345000000
88.588531,16.346000000
88.599122,16.347000000
88.599204,16.348000000
88.639168,16.349000000
88.645367,16.350000000
88.646086,16.351000000
88.683340,16.352000000
88.683408,16.353000000
88.703379,16.354000000
88.711476,16.355000000
88.734061,16.356000000
88.743484,16.357000000
88.749322,16.358000000
88.764307,16.359000000
88.770731,16.360000000
88.787903,16.361000000
88.793091,16.362000000
88.806504,16.363000000
88.807474,16.364000000
88.819823,16.365000000
88.830849,16.366000000
88.842830,16.367000000
88.850114,16.368000000
88.855406,16.369000000
88.863386,16.370000000
88.884604,16.371000000
88.896283,16.372000000
88.907343,16.373000000
88.920240,16.374000000
88.920311,16.375000000
88.920818,16.376000000
88.927499,16.377000000
88.927562,16.378000000
88.954113,16.379000000
88.954178,16.380000000
88.954221,16.381000000
88.954260,16.382000000
88.954324,16.383000000
88.954370,16.384000000
88.956311,16.385000000
88.993867,16.386000000
88.993934,16.387000000
88.993979,16.388000000
89.009061,16.389000000
89.015197,16.390000000
89.023037,16.391000000
89.044540,16.392000000
89.050297,16.393000000
89.062390,16.394000000
89.065310,16.395000000
89.088356,16.396000000
89.106172,16.397000000
89.139240,16.398000000
89.149724,16.399000000
89.167168,16.400000000
89.188500,16.401000000
89.209962,16.402000000
89.219933,16.403000000
89.220249,16.404000000
89.220679,16.405000000
89.224250,16.406000000
89.239403,16.407000000
89.245353,16.408000000
89.285386,16.409000000
89.288191,16.410000000
89.290384,16.411000000
89.292614,16.412000000
89.296162,16.413000000
89.298430,16.414000000
89.301192,16.415000000
89.311193,16.416000000
89.313438,16.417000000
89.315757,16.418000000
89.317986,16.419000000
89.320108,16.420000000
89.322229,16.421000000
89.331052,16.422000000
89.350651,16.423000000
89.359894,16.424000000
89.372814,16.425000000
89.396917,16.426000000
89.408039,16.427000000
89.411844,16.428000000
89.429090,16.429000000
89.435212,16.430000000
89.443668,16.431000000
89.470010,16.432000000
89.480385,16.433000000
89.487487,16.434000000
89.500931,16.435000000
89.507025,16.436000000
89.516183,16.437000000
89.527632,16.438000000
89.536175,16.439000000
89.551980,16.440000000
89.559793,16.441000000
89.566194,16.442000000
89.573466,16.443000000
89.589663,16.444000000
89.618927,16.445000000
89.619176,16.446000000
89.619682,16.447000000
89.661791,16.448000000
89.677117,16.449000000
89.698689,16.450000000
89.709115,16.451000000
89.725494,16.452000000
89.735007,16.453000000
89.753524,16.454000000
89.766718,16.455000000
89.779364,16.456000000
89.786317,16.457000000
89.797782,16.458000000
89.818097,16.459000000
89.824042,16.460000000
89.831982,16.461000000
89.840312,16.462000000
89.862873,16.463000000
89.872318,16.464000000
89.876820,16.465000000
89.887580,16.466000000
89.893392,16.467000000
89.901510,16.468000000
89.911167,16.469000000
89.924100,16.470000000
89.933430,16.471000000
89.945268,16.472000000
89.948346,16.473000000
89.955320,16.474000000
89.964612,16.475000000
89.964840,16.476000000
89.981735,16.477000000
89.991824,16.478000000
89.996557,16.479000000
89.999658,16.480000000
90.022604,16.481000000
90.023894,16.482000000
90.039533,16.483000000
90.039662,16.484000000
90.039707,16.485000000
90.040193,16.486000000
90.040237,16.487000000
90.040276,16.488000000
90.044804,16.489000000
90.044908,16.490000000
90.045180,16.491000000
90.057396,16.492000000
90.057527,16.493000000
90.057575,16.494000000
90.061876,16.495000000
90.062269,16.496000000
90.077479,16.497000000
90.077590,16.498000000
90.077635,16.499000000
90.077673,16.500000000
90.078197,16.501000000
90.078240,16.502000000
90.078277,16.503000000
90.078314,16.504000000
90.083465,16.505000000
90.092039,16.506000000
90.092332,16.507000000
90.097375,16.508000000
90.097435,16.509000000
90.098287,16.510000000
90.106117,16.511000000
90.106242,16.512000000
90.106284,16.513000000
90.114220,16.514000000
90.121853,16.515000000
90.129611,16.516000000
90.139167,16.517000000
90.150013,16.518000000
90.164349,16.519000000
90.171626,16.520000000
90.182689,16.521000000
90.183115,16.522000000
90.227084,16.523000000
90.240297,16.524000000
90.255683,16.525000000
90.280880,16.526000000
90.295410,16.527000000
90.327434,16.528000000
90.332836,16.529000000
90.342169,16.530000000
90.349139,16.531000000
90.352281,16.532000000
90.371382,16.533000000
90.374982,16.534000000
90.387175,16.535000000
90.387264,16.536000000
90.387306,16.537000000
90.387345,16.538000000
90.391726,16.539000000
90.391923,16.540000000
90.399843,16.541000000
90.400101,16.542000000
90.405330,16.543000000
90.416908,16.544000000
90.433070,16.545000000
90.433200,16.546000000
90.435770,16.547000000
90.443739,16.548000000
90.444610,16.549000000
90.444998,16.550000000
90.445043,16.551000000
90.445081,16.552000000
90.457893,16.553000000
90.457987,16.554000000
90.458473,16.555000000
90.458550,16.556000000
90.458591,16.557000000
90.458631,16.558000000
90.467169,16.559000000
90.467299,16.560000000
90.467381,16.561000000
90.469083,16.562000000
90.469137,16.563000000
90.472018,16.564000000
90.472075,16.565000000
90.484336,16.566000000
90.486980,16.567000000
90.491638,16.568000000
90.506000,16.569000000
90.514310,16.570000000
90.517051,16.571000000
90.519595,16.572000000
90.528468,16.573000000
90.531342,16.574000000
90.533769,16.575000000
90.536242,16.576000000
90.538872,16.577000000
90.541150,16.578000000
90.554374,16.579000000
90.566180,16.580000000
90.574275,16.581000000
90.578935,16.582000000
90.586294,16.583000000
90.598732,16.584000000
90.610039,16.585000000
90.618616,16.586000000
90.631536,16.587000000
90.644053,16.588000000
90.650452,16.589000000
90.656223,16.590000000
90.665885,16.591000000
90.670461,16.592000000
90.688655,16.593000000
90.695078,16.594000000
90.716083,16.595000000
90.725380,16.596000000
90.738008,16.597000000
90.748801,16.598000000
90.754686,16.599000000
90.780001,16.600000000
90.785770,16.601000000
90.793402,16.602000000
90.808229,16.603000000
90.814897,16.604000000
90.825891,16.605000000
90.846214,16.606000000
90.855349,16.607000000
90.860049,16.608000000
90.876644,16.609000000
90.884107,16.610000000
90.893201,16.611000000
90.897816,16.612000000
90.901403,16.613000000
90.944447,16.614000000
90.951991,16.615000000
90.958057,16.616000000
90.973063,16.617000000
90.983630,16.618000000
90.990995,16.619000000
91.002873,16.620000000
91.009236,16.621000000
91.013634,16.622000000
91.018558,16.623000000
91.023505,16.624000000
91.029837,16.625000000
91.033825,16.626000000
91.039847,16.627000000
91.044267,16.628000000
91.049572,16.629000000
91.054910,16.630000000
91.060630,16.631000000
91.066644,16.632000000
91.069963,16.633000000
91.074090,16.634000000
91.079113,16.635000000
91.084102,16.636000000
91.088578,16.637000000
91.093337,16.638000000
91.097707,16.639000000
91.101510,16.640000000
91.105792,16.641000000
91.109854,16.642000000
91.115138,16.643000000
91.118817,16.644000000
91.123734,16.645000000
91.125994,16.646000000
91.129905,16.647000000
91.134129,16.648000000
91.150510,16.649000000
91.153978,16.650000000
91.158124,16.651000000
91.163152,16.652000000
91.168056,16.653000000
91.173094,16.654000000
91.177657,16.655000000
91.182115,16.656000000
91.187034,16.657000000
91.193742,16.658000000
91.199070,16.659000000
91.206505,16.660000000
91.221631,16.661000000
91.243166,16.662000000
91.249100,16.663000000
91.255029,16.664000000
91.259443,16.665000000
91.264562,16.666000000
91.271974,16.667000000
91.276499,16.668000000
91.280960,16.669000000
91.300622,16.670000000
91.304841,16.671000000
91.336837,16.672000000
91.341645,16.673000000
91.347800,16.674000000
91.353249,16.675000000
91.359210,16.676000000
91.364865,16.677000000
91.368451,16.678000000
91.371393,16.679000000
91.377264,16.680000000
91.379960,16.681000000
91.382172,16.682000000
91.388634,16.683000000
91.391094,16.684000000
91.395892,16.685000000
91.401676,16.686000000
91.405432,16.687000000
91.410146,16.688000000
91.414425,16.689000000
91.418690,16.690000000
91.424548,16.691000000
91.426824,16.692000000
91.430974,16.693000000
91.435043,16.694000000
91.439869,16.695000000
91.444088,16.696000000
91.446250,16.697000000
91.451284,16.698000000
91.454330,16.699000000
91.458511,16.700000000
91.462627,16.701000000
91.466616,16.702000000
91.471783,16.703000000
91.476530,16.704000000
91.480446,16.705000000
91.485368,16.706000000
91.487597,16.707000000
91.491713,16.708000000
91.496629,16.709000000
91.498799,16.710000000
91.503379,16.711000000
91.507676,16.712000000
91.511956,16.713000000
91.515841,16.714000000
91.520840,16.715000000
91.523687,16.716000000
91.533725,16.717000000
91.542526,16.718000000
91.553558,16.719000000
91.562872,16.720000000
91.575045,16.721000000
91.582448,16.722000000
91.588280,16.723000000
91.611598,16.724000000
91.618527,16.725000000
91.627211,16.726000000
91.651144,16.727000000
91.659510,16.728000000
91.664318,16.729000000
91.678957,16.730000000
91.685297,16.731000000
91.691208,16.732000000
91.729272,16.733000000
91.734726,16.734000000
91.744282,16.735000000
91.757777,16.736000000
91.771820,16.737000000
91.784717,16.738000000
91.807178,16.739000000
91.856061,16.740000000
91.856367,16.741000000
91.893446,16.742000000
91.894513,16.743000000
91.902932,16.744000000
91.917954,16.745000000
91.918067,16.746000000
91.918110,16.747000000
91.932486,16.748000000
91.946001,16.749000000
91.959085,16.750000000
91.968360,16.751000000
91.983008,16.752000000
91.991629,16.753000000
91.999922,16.754000000
92.007190,16.755000000
92.015433,16.756000000
92.021478,16.757000000
92.022813,16.758000000
92.024817,16.759000000
92.033212,16.760000000
92.036315,16.761000000
92.073539,16.762000000
92.076602,16.763000000
92.087376,16.764000000
92.097025,16.765000000
92.123455,16.766000000
92.130244,16.767000000
92.135020,16.768000000
92.142854,16.769000000
92.171047,16.770000000
92.178095,16.771000000
92.194357,16.772000000
92.205500,16.773000000
92.212603,16.774000000
92.217068,16.775000000
92.241593,16.776000000
92.252407,16.777000000
92.261588,16.778000000
92.263712,16.779000000
92.270880,16.780000000
92.274714,16.781000000
92.280771,16.782000000
92.286260,16.783000000
92.292674,16.784000000
92.304718,16.785000000
92.313572,16.786000000
92.351809,16.787000000
92.356587,16.788000000
92.374623,16.789000000
92.388267,16.790000000
92.394003,16.791000000
92.404359,16.792000000
92.413971,16.793000000
92.426129,16.794000000
92.435284,16.795000000
92.444341,16.796000000
92.458606,16.797000000
92.461221,16.798000000
92.484565,16.799000000
92.496411,16.800000000
92.508997,16.801000000
92.520765,16.802000000
92.528118,16.803000000
92.528184,16.804000000
92.562005,16.805000000
92.572713,16.806000000
92.593018,16.807000000
92.598095,16.808000000
92.610835,16.809000000
92.630796,16.810000000
92.638747,16.811000000
92.643904,16.812000000
92.656834,16.813000000
92.656884,16.814000000
92.679989,16.815000000
92.687629,16.816000000
92.706827,16.817000000
92.716879,16.818000000
92.734070,16.819000000
92.750535,16.820000000
92.756353,16.821000000
92.758966,16.822000000
92.763429,16.823000000
92.780438,16.824000000
92.788349,16.825000000
92.792994,16.826000000
92.795373,16.827000000
92.800331,16.828000000
92.802691,16.829000000
92.808696,16.830000000
92.812758,16.831000000
92.818276,16.832000000
92.824133,16.833000000
92.826730,16.834000000
92.829400,16.835000000
92.841132,16.836000000
92.848821,16.837000000
92.859350,16.838000000
92.873515,16.839000000
92.881927,16.840000000
92.890318,16.841000000
92.897146,16.842000000
92.904514,16.843000000
92.914352,16.844000000
92.914986,16.845000000
92.924917,16.846000000
92.934428,16.847000000
92.961102,16.848000000
92.978503,16.849000000
92.984117,16.850000000
92.997721,16.851000000
93.006966,16.852000000
93.010788,16.853000000
93.013409,16.854000000
93.036822,16.855000000
93.041856,16.856000000
93.046397,16.857000000
93.052473,16.858000000
93.068409,16.859000000
93.070722,16.860000000
93.072971,16.861000000
93.089197,16.862000000
93.095339,16.863000000
93.128591,16.864000000
93.141873,16.865000000
93.155867,16.866000000
93.166393,16.867000000
93.185438,16.868000000
93.199880,16.869000000
93.208439,16.870000000
93.217921,16.871000000
93.224223,16.872000000
93.235691,16.873000000
93.241055,16.874000000
93.248590,16.875000000
93.259006,16.876000000
93.262088,16.877000000
93.271411,16.878000000
93.282350,16.879000000
93.290517,16.880000000
93.298884,16.881000000
93.305534,16.882000000
93.309983,16.883000000
93.314075,16.884000000
93.318732,16.885000000
93.321435,16.886000000
93.323982,16.887000000
93.338263,16.888000000
93.340614,16.889000000
93.351047,16.890000000
93.371873,16.891000000
93.386231,16.892000000
93.391054,16.893000000
93.396727,16.894000000
93.414278,16.895000000
93.421375,16.896000000
93.433134,16.897000000
93.450392,16.898000000
93.454061,16.899000000
93.462028,16.900000000
93.478302,16.901000000
93.483842,16.902000000
93.509468,16.903000000
93.524077,16.904000000
93.536188,16.905000000
93.548017,16.906000000
93.551432,16.907000000
93.561931,16.908000000
93.573307,16.909000000
93.585356,16.910000000
93.601166,16.911000000
93.615435,16.912000000
93.615724,16.913000000
93.629477,16.914000000
93.629849,16.915000000
93.642201,16.916000000
93.651046,16.917000000
93.662444,16.918000000
93.667306,16.919000000
93.677884,16.920000000
93.684838,16.921000000
93.693940,16.922000000
93.705814,16.923000000
93.706092,16.924000000
93.719524,16.925000000
93.719637,16.926000000
93.728603,16.927000000
93.741975,16.928000000
93.760886,16.929000000
93.760935,16.930000000
93.770815,16.931000000
93.774360,16.932000000
93.784898,16.933000000
93.800996,16.934000000
93.801044,16.935000000
93.813589,16.936000000
93.813642,16.937000000
93.836764,16.938000000
93.836814,16.939000000
93.845879,16.940000000
93.863168,16.941000000
93.868804,16.942000000
93.880430,16.943000000
93.883702,16.944000000
93.901926,16.945000000
93.902004,16.946000000
93.911994,16.947000000
93.912043,16.948000000
93.923135,16.949000000
93.944478,16.950000000
93.956254,16.951000000
93.967714,16.952000000
93.987302,16.953000000
94.003161,16.954000000
94.005871,16.955000000
94.010004,16.956000000
94.048125,16.957000000
94.048181,16.958000000
94.048211,16.959000000
94.056772,16.960000000
94.065580,16.961000000
94.082645,16.962000000
94.082966,16.963000000
94.091005,16.964000000
94.104900,16.965000000
94.104990,16.966000000
94.116947,16.967000000
94.125159,16.968000000
94.135414,16.969000000
94.136183,16.970000000
94.146617,16.971000000
94.154112,16.972000000
94.164515,16.973000000
94.168014,16.974000000
94.178115,16.975000000
94.189705,16.976000000
94.202846,16.977000000
94.207359,16.978000000
94.225546,16.979000000
94.236483,16.980000000
94.236839,16.981000000
94.247762,16.982000000
94.259097,16.983000000
94.263141,16.984000000
94.274434,16.985000000
94.287815,16.986000000
94.290816,16.987000000
94.299663,16.988000000
94.308011,16.989000000
94.320937,16.990000000
94.336766,16.991000000
94.340740,16.992000000
94.354218,16.993000000
94.354266,16.994000000
94.382120,16.995000000
94.399590,16.996000000
94.405993,16.997000000
94.430184,16.998000000
94.437310,16.999000000
94.448927,17.000000000
94.461069,17.001000000
94.470377,17.002000000
94.475466,17.003000000
94.495773,17.004000000
94.505135,17.005000000
94.516503,17.006000000
94.533397,17.007000000
94.540037,17.008000000
94.553755,17.009000000
94.572406,17.010000000
94.585636,17.011000000
94.591729,17.012000000
94.601504,17.013000000
94.627671,17.014000000
94.634585,17.015000000
94.643196,17.016000000
94.671607,17.017000000
94.677769,17.018000000
94.683463,17.019000000
94.697640,17.020000000
94.706990,17.021000000
94.713854,17.022000000
94.741605,17.023000000
94.750201,17.024000000
94.763768,17.025000000
94.776369,17.026000000
94.779403,17.027000000
94.829464,17.028000000
94.840984,17.029000000
94.855776,17.030000000
94.866908,17.031000000
94.879858,17.032000000
94.886904,17.033000000
94.901791,17.034000000
94.916193,17.035000000
94.923861,17.036000000
94.937760,17.037000000
94.948546,17.038000000
94.957245,17.039000000
94.966434,17.040000000
94.989513,17.041000000
95.003321,17.042000000
95.008200,17.043000000
95.032860,17.044000000
95.040834,17.045000000
95.050360,17.046000000
95.062022,17.047000000
95.068979,17.048000000
95.076753,17.049000000
95.095435,17.050000000
95.125981,17.051000000
95.130409,17.052000000
95.139688,17.053000000
95.156358,17.054000000
95.162524,17.055000000
95.166505,17.056000000
95.200248,17.057000000
95.200299,17.058000000
95.205002,17.059000000
95.217935,17.060000000
95.231110,17.061000000
95.233956,17.062000000
95.253259,17.063000000
95.254106,17.064000000
95.254144,17.065000000
95.255749,17.066000000
95.264361,17.067000000
95.283740,17.068000000
95.298984,17.069000000
95.307635,17.070000000
95.309142,17.071000000
95.318671,17.072000000
95.331115,17.073000000
95.331157,17.074000000
95.345049,17.075000000
95.355368,17.076000000
95.355649,17.077000000
95.364868,17.078000000
95.372082,17.079000000
95.379730,17.080000000
95.390754,17.081000000
95.400118,17.082000000
95.403246,17.083000000
95.413634,17.084000000
95.413682,17.085000000
95.422060,17.086000000
95.431982,17.087000000
95.436659,17.088000000
95.444567,17.089000000
95.454493,17.090000000
95.461722,17.091000000
95.470104,17.092000000
95.470153,17.093000000
95.484796,17.094000000
95.489271,17.095000000
95.494685,17.096000000
95.505816,17.097000000
95.510428,17.098000000
95.516324,17.099000000
95.534829,17.100000000
95.537130,17.101000000
95.541361,17.102000000
95.551023,17.103000000
95.554858,17.104000000
95.613082,17.105000000
95.625112,17.106000000
95.631174,17.107000000
95.640083,17.108000000
95.660061,17.109000000
95.670353,17.110000000
95.681382,17.111000000
95.689859,17.112000000
95.695125,17.113000000
95.706604,17.114000000
95.715123,17.115000000
95.725904,17.116000000
95.733659,17.117000000
95.737164,17.118000000
95.744825,17.119000000
95.750853,17.120000000
95.755569,17.121000000
95.758865,17.122000000
95.763317,17.123000000
95.769548,17.124000000
95.771798,17.125000000
95.778007,17.126000000
95.782456,17.127000000
95.794222,17.128000000
95.798345,17.129000000
95.801633,17.130000000
95.809098,17.131000000
95.811315,17.132000000
95.818719,17.133000000
95.820403,17.134000000
95.842633,17.135000000
95.847177,17.136000000
95.851462,17.137000000
95.854158,17.138000000
95.860430,17.139000000
95.865118,17.140000000
95.881741,17.141000000
95.886618,17.142000000
95.891202,17.143000000
95.899248,17.144000000
95.906359,17.145000000
95.927096,17.146000000
95.929300,17.147000000
95.934291,17.148000000
95.936490,17.149000000
95.941162,17.150000000
95.963822,17.151000000
95.969301,17.152000000
95.974602,17.153000000
95.980950,17.154000000
95.988379,17.155000000
95.990689,17.156000000
95.997857,17.157000000
96.005068,17.158000000
96.018704,17.159000000
96.030179,17.160000000
96.037741,17.161000000
96.051114,17.162000000
96.062167,17.163000000
96.080456,17.164000000
96.090539,17.165000000
96.100980,17.166000000
96.113720,17.167000000
96.125492,17.168000000
96.136659,17.169000000
96.146225,17.170000000
96.157193,17.171000000
96.159666,17.172000000
96.169457,17.173000000
96.172924,17.174000000
96.177147,17.175000000
96.179268,17.176000000
96.181468,17.177000000
96.187360,17.178000000
96.189479,17.179000000
96.193280,17.180000000
96.209740,17.181000000
96.212421,17.182000000
96.214777,17.183000000
96.221965,17.184000000
96.224231,17.185000000
96.231035,17.186000000
96.233320,17.187000000
96.236241,17.188000000
96.238534,17.189000000
96.240749,17.190000000
96.269620,17.191000000
96.278139,17.192000000
96.290363,17.193000000
96.301976,17.194000000
96.311099,17.195000000
96.323117,17.196000000
96.329296,17.197000000
96.342944,17.198000000
96.355593,17.199000000
96.360402,17.200000000
96.369028,17.201000000
96.376056,17.202000000
96.385092,17.203000000
96.388280,17.204000000
96.397395,17.205000000
96.406475,17.206000000
96.415224,17.207000000
96.423506,17.208000000
96.426164,17.209000000
96.428903,17.210000000
96.432416,17.211000000
96.436080,17.212000000
96.447562,17.213000000
96.455869,17.214000000
96.467472,17.215000000
96.471979,17.216000000
96.482966,17.217000000
96.493076,17.218000000
96.500427,17.219000000
96.510392,17.220000000
96.517921,17.221000000
96.530076,17.222000000
96.535151,17.223000000
96.550385,17.224000000
96.552978,17.225000000
96.563034,17.226000000
96.572983,17.227000000
96.582346,17.228000000
96.592491,17.229000000
96.598078,17.230000000
96.607189,17.231000000
96.615748,17.232000000
96.625857,17.233000000
96.638391,17.234000000
96.642439,17.235000000
96.654377,17.236000000
96.658318,17.237000000
96.662885,17.238000000
96.665879,17.239000000
96.670656,17.240000000
96.682658,17.241000000
96.687986,17.242000000
96.701529,17.243000000
96.718122,17.244000000
96.722786,17.245000000
96.730665,17.246000000
96.762688,17.247000000
96.770368,17.248000000
96.784388,17.249000000
96.803178,17.250000000
96.807131,17.251000000
96.820465,17.252000000
96.838048,17.253000000
96.852807,17.254000000
96.863574,17.255000000
96.874069,17.256000000
96.882869,17.257000000
96.887456,17.258000000
96.895339,17.259000000
96.898309,17.260000000
96.909198,17.261000000
96.916229,17.262000000
96.918452,17.263000000
96.924733,17.264000000
96.929106,17.265000000
96.936121,17.266000000
96.954366,17.267000000
96.964408,17.268000000
97.003302,17.269000000
97.018285,17.270000000
97.026962,17.271000000
97.032074,17.272000000
97.050204,17.273000000
97.054126,17.274000000
97.064700,17.275000000
97.064781,17.276000000
97.079388,17.277000000
97.085718,17.278000000
97.091756,17.279000000
97.101212,17.280000000
97.105092,17.281000000
97.111795,17.282000000
97.128435,17.283000000
97.128488,17.286000000
97.128934,17.287000000
97.131033,17.288000000
97.140922,17.289000000
97.140968,17.292000000
97.145092,17.293000000
97.158782,17.294000000
97.169615,17.295000000
97.175511,17.296000000
97.187531,17.297000000
97.208277,17.298000000
97.225837,17.299000000
97.235222,17.300000000
97.245282,17.301000000
97.255045,17.302000000
97.256621,17.303000000
97.261051,17.304000000
97.266923,17.305000000
97.277763,17.306000000
97.288888,17.307000000
97.290925,17.308000000
97.297448,17.309000000
97.311399,17.310000000
97.311456,17.311000000
97.321912,17.312000000
97.327604,17.313000000
97.341349,17.314000000
97.357053,17.315000000
97.370383,17.316000000
97.384066,17.317000000
97.393155,17.318000000
97.401283,17.319000000
97.402527,17.320000000
97.402568,17.321000000
97.415747,17.322000000
97.415798,17.325000000
97.424146,17.326000000
97.424186,17.328000000
97.432385,17.329000000
97.435534,17.330000000
97.436657,17.331000000
97.451229,17.332000000
97.451321,17.336000000
97.466680,17.337000000
97.466730,17.339000000
97.468491,17.340000000
97.500165,17.341000000
97.509496,17.342000000
97.514011,17.343000000
97.518216,17.344000000
97.520394,17.345000000
97.523166,17.346000000
97.528980,17.347000000
97.537170,17.348000000
97.544604,17.349000000
97.547024,17.350000000
97.549372,17.351000000
97.552196,17.352000000
97.554540,17.353000000
97.556846,17.354000000
97.559878,17.355000000
97.569005,17.356000000
97.573165,17.357000000
97.582760,17.358000000
97.586583,17.359000000
97.592947,17.360000000
97.600376,17.361000000
97.610420,17.362000000
97.613732,17.363000000
97.616236,17.364000000
97.629927,17.365000000
97.636237,17.366000000
97.639446,17.367000000
97.641662,17.368000000
97.643758,17.369000000
97.648127,17.370000000
97.652258,17.371000000
97.654734,17.372000000
97.656992,17.373000000
97.659109,17.374000000
97.661599,17.375000000
97.664089,17.376000000
97.674968,17.377000000
97.677379,17.378000000
97.679565,17.379000000
97.681767,17.380000000
97.683899,17.381000000
97.686126,17.382000000
97.694890,17.383000000
97.709637,17.384000000
97.709687,17.385000000
97.714834,17.386000000
97.718844,17.387000000
97.726310,17.388000000
97.739260,17.389000000
97.747383,17.390000000
97.758056,17.391000000
97.772659,17.392000000
97.777365,17.393000000
97.788651,17.394000000
97.796058,17.395000000
97.805872,17.396000000
97.816872,17.397000000
97.842219,17.398000000
97.844448,17.399000000
97.880759,17.400000000
97.883134,17.401000000
97.889386,17.402000000
97.918967,17.403000000
97.929940,17.404000000
97.936145,17.405000000
97.936775,17.406000000
97.947461,17.407000000
97.947527,17.408000000
97.963646,17.409000000
97.975387,17.410000000
97.978159,17.411000000
97.995687,17.412000000
97.995747,17.418000000
97.997491,17.419000000
98.006855,17.420000000
98.007197,17.421000000
98.007267,17.424000000
98.009115,17.425000000
98.015150,17.426000000
98.015190,17.428000000
98.017477,17.429000000
98.021001,17.430000000
98.023942,17.431000000
98.024341,17.432000000
98.026481,17.433000000
98.036394,17.434000000
98.067742,17.435000000
98.085989,17.436000000
98.099544,17.437000000
98.116479,17.438000000
98.133380,17.439000000
98.145147,17.440000000
98.160906,17.441000000
98.180816,17.442000000
98.180866,17.443000000
98.187373,17.444000000
98.195472,17.445000000
98.197600,17.446000000
98.217321,17.447000000
98.226780,17.448000000
98.226826,17.449000000
98.252847,17.450000000
98.257675,17.451000000
98.268660,17.452000000
98.277259,17.453000000
98.280888,17.454000000
98.293086,17.455000000
98.305052,17.456000000
98.305099,17.457000000
98.327470,17.458000000
98.343737,17.459000000
98.343788,17.460000000
98.346192,17.461000000
98.369110,17.462000000
98.369167,17.463000000
98.403735,17.464000000
98.403832,17.465000000
98.411298,17.466000000
98.423474,17.467000000
98.454283,17.468000000
98.466827,17.469000000
98.482272,17.470000000
98.507296,17.471000000
98.513453,17.472000000
98.513496,17.473000000
98.516732,17.474000000
98.522278,17.475000000
98.525229,17.476000000
98.531763,17.477000000
98.534005,17.478000000
98.536194,17.479000000
98.538566,17.480000000
98.549746,17.481000000
98.552993,17.482000000
98.555197,17.483000000
98.559443,17.484000000
98.561720,17.485000000
98.565235,17.486000000
98.572787,17.487000000
98.575198,17.488000000
98.587626,17.489000000
98.590468,17.490000000
98.598891,17.491000000
98.601086,17.492000000
98.616918,17.493000000
98.635190,17.494000000
98.644736,17.495000000
98.653648,17.496000000
98.660440,17.497000000
98.680249,17.498000000
98.705419,17.499000000
98.720224,17.500000000
98.739773,17.501000000
98.760809,17.502000000
98.763617,17.503000000
98.775402,17.504000000
98.794441,17.505000000
98.808891,17.506000000
98.831302,17.507000000
98.835674,17.508000000
98.839016,17.509000000
98.859393,17.510000000
98.864003,17.511000000
98.887684,17.512000000
98.891933,17.513000000
98.897109,17.514000000
98.909858,17.515000000
98.919814,17.516000000
98.925224,17.517000000
98.946371,17.518000000
98.956916,17.519000000
98.963090,17.520000000
98.975672,17.521000000
98.979343,17.522000000
98.983467,17.523000000
99.012467,17.524000000
99.023571,17.525000000
99.034680,17.526000000
99.041924,17.527000000
99.048042,17.528000000
99.063715,17.529000000
99.069172,17.530000000
99.073886,17.531000000
99.087076,17.532000000
99.096195,17.533000000
99.112081,17.534000000
99.116976,17.535000000
99.129844,17.536000000
99.134260,17.537000000
99.138302,17.538000000
99.165167,17.539000000
99.169584,17.540000000
99.185509,17.541000000
99.191218,17.542000000
99.196059,17.543000000
99.211118,17.544000000
99.216780,17.545000000
99.222471,17.546000000
99.262683,17.547000000
99.264994,17.548000000
99.274528,17.549000000
99.281860,17.550000000
99.295153,17.551000000
99.303628,17.552000000
99.326853,17.553000000
99.326902,17.554000000
99.343159,17.555000000
99.351239,17.556000000
99.356436,17.557000000
99.363512,17.558000000
99.368724,17.559000000
99.382883,17.560000000
99.397985,17.561000000
99.408483,17.562000000
99.424029,17.563000000
99.431113,17.564000000
99.441618,17.565000000
99.445895,17.566000000
99.456716,17.567000000
99.460320,17.568000000
99.467415,17.569000000
99.487238,17.570000000
99.489560,17.571000000
99.496414,17.572000000
99.524316,17.573000000
99.531877,17.574000000
99.545151,17.575000000
99.552421,17.576000000
99.562961,17.577000000
99.566543,17.578000000
99.576198,17.579000000
99.598993,17.580000000
99.602971,17.581000000
99.607388,17.582000000
99.615978,17.583000000
99.622093,17.584000000
99.625538,17.585000000
99.629198,17.586000000
99.655758,17.587000000
99.667032,17.588000000
99.674053,17.589000000
99.681762,17.590000000
99.701634,17.591000000
99.720591,17.592000000
99.730580,17.593000000
99.749239,17.594000000
99.753316,17.595000000
99.765740,17.596000000
99.771830,17.597000000
99.782555,17.598000000
99.794614,17.599000000
99.799580,17.600000000
99.804318,17.601000000
99.824815,17.602000000
99.840156,17.603000000
99.844825,17.604000000
99.882613,17.605000000
99.888354,17.606000000
99.893093,17.607000000
99.912293,17.608000000
99.918473,17.609000000
99.949925,17.610000000
99.953089,17.611000000
99.963178,17.612000000
99.976894,17.613000000
99.981128,17.614000000
99.988259,17.615000000
100.010524,17.616000000
100.023259,17.617000000
100.030088,17.618000000
100.041890,17.619000000
100.047968,17.620000000
100.059758,17.621000000
100.067989,17.622000000
100.072297,17.623000000
100.079005,17.624000000
100.095806,17.625000000
100.119487,17.626000000
100.127036,17.627000000
100.145550,17.628000000
100.151189,17.629000000
100.159541,17.630000000
100.170017,17.631000000
100.187314,17.632000000
100.192762,17.633000000
100.211488,17.634000000
100.215868,17.635000000
100.219175,17.636000000
100.223160,17.637000000
100.251526,17.638000000
100.253873,17.639000000
100.258627,17.640000000
100.262291,17.641000000
100.281554,17.642000000
100.287714,17.643000000
100.318972,17.644000000
100.331334,17.645000000
100.335813,17.646000000
100.342687,17.647000000
100.352233,17.648000000
100.366359,17.649000000
100.373839,17.650000000
100.387611,17.651000000
100.395265,17.652000000
100.401571,17.653000000
100.407723,17.654000000
100.428303,17.655000000
100.432583,17.656000000
100.441249,17.657000000
100.444378,17.658000000
100.458676,17.659000000
100.460983,17.660000000
100.471943,17.661000000
100.503281,17.662000000
100.513546,17.663000000
100.522507,17.664000000
100.535773,17.665000000
100.540380,17.666000000
100.546532,17.667000000
100.550120,17.668000000
100.566597,17.669000000
100.572661,17.670000000
100.577074,17.671000000
100.592050,17.672000000
100.608119,17.673000000
100.612273,17.674000000
100.617296,17.675000000
100.652400,17.676000000
100.660540,17.677000000
100.678885,17.678000000
100.685669,17.679000000
100.694124,17.680000000
100.705200,17.681000000
100.715867,17.682000000
100.722020,17.683000000
100.733759,17.684000000
100.742566,17.685000000
100.759433,17.686000000
100.763765,17.687000000
100.767062,17.688000000
100.772498,17.689000000
100.776039,17.690000000
100.779369,17.691000000
100.809594,17.692000000
100.817521,17.693000000
100.824732,17.694000000
100.829784,17.695000000
100.863519,17.696000000
100.865956,17.697000000
100.865999,17.698000000
100.883136,17.699000000
100.897111,17.700000000
100.901850,17.701000000
100.901891,17.704000000
100.909128,17.705000000
100.910204,17.706000000
100.912859,17.707000000
100.915609,17.708000000
100.919744,17.709000000
100.923594,17.710000000
100.926149,17.711000000
100.929714,17.712000000
100.932308,17.713000000
100.934580,17.714000000
100.945137,17.715000000
100.949775,17.716000000
100.952215,17.717000000
100.954437,17.718000000
100.956698,17.719000000
100.959042,17.720000000
100.962601,17.721000000
100.965000,17.722000000
100.967541,17.723000000
100.969853,17.724000000
100.980355,17.725000000
100.990938,17.726000000
101.015180,17.727000000
101.019875,17.728000000
101.028757,17.729000000
101.036626,17.730000000
101.047184,17.731000000
101.050791,17.732000000
101.056590,17.733000000
101.067596,17.734000000
101.072755,17.735000000
101.081516,17.736000000
101.085649,17.737000000
101.096569,17.738000000
101.103490,17.739000000
101.113121,17.740000000
101.115889,17.741000000
101.122979,17.742000000
101.131315,17.743000000
101.135645,17.744000000
101.150889,17.745000000
101.158973,17.746000000
101.174466,17.747000000
101.184280,17.748000000
101.200267,17.749000000
101.207826,17.750000000
101.210194,17.751000000
101.231576,17.752000000
101.245418,17.753000000
101.252723,17.754000000
101.270047,17.755000000
101.273089,17.756000000
101.280435,17.757000000
101.296495,17.758000000
101.298900,17.759000000
101.321910,17.760000000
101.342723,17.761000000
101.346482,17.762000000
101.355961,17.763000000
101.360500,17.764000000
101.373257,17.765000000
101.377548,17.766000000
101.381700,17.767000000
101.397612,17.768000000
101.401915,17.769000000
101.415196,17.770000000
101.420056,17.771000000
101.424530,17.772000000
101.434772,17.773000000
101.444583,17.774000000
101.455197,17.775000000
101.470728,17.776000000
101.480734,17.777000000
101.507721,17.778000000
101.525217,17.779000000
101.527324,17.780000000
101.561702,17.781000000
101.561757,17.782000000
101.595205,17.783000000
101.595255,17.784000000
101.595529,17.785000000
101.606935,17.786000000
101.609247,17.787000000
101.612903,17.788000000
101.619441,17.789000000
101.654470,17.790000000
101.654521,17.791000000
101.662477,17.792000000
101.670482,17.793000000
101.671035,17.794000000
101.688470,17.795000000
101.697978,17.796000000
101.698068,17.797000000
101.744411,17.798000000
101.744461,17.799000000
101.754941,17.800000000
101.758258,17.801000000
101.768862,17.802000000
101.774627,17.803000000
101.784865,17.804000000
101.791027,17.805000000
101.798742,17.806000000
101.808311,17.807000000
101.815853,17.808000000
101.815895,17.809000000
101.834477,17.810000000
101.834532,17.811000000
101.846369,17.812000000
101.857298,17.813000000
101.857342,17.814000000
101.868452,17.815000000
101.875786,17.816000000
101.887798,17.817000000
101.893341,17.818000000
101.893390,17.819000000
101.896954,17.820000000
101.899287,17.821000000
101.901472,17.822000000
101.903834,17.823000000
101.906005,17.824000000
101.908437,17.825000000
101.912257,17.826000000
101.913856,17.827000000
101.916064,17.828000000
101.918654,17.829000000
101.922297,17.830000000
101.924533,17.831000000
101.941866,17.832000000
101.959716,17.833000000
101.963862,17.834000000
101.970183,17.835000000
101.984484,17.836000000
101.988961,17.837000000
101.999352,17.838000000
102.008940,17.839000000
102.023043,17.840000000
102.032414,17.841000000
102.044780,17.842000000
102.047801,17.843000000
102.061879,17.844000000
102.069102,17.845000000
102.072845,17.846000000
102.073044,17.847000000
102.076519,17.848000000
102.081669,17.849000000
102.103064,17.850000000
102.120959,17.851000000
102.139294,17.852000000
102.145626,17.853000000
102.172392,17.854000000
102.188383,17.855000000
102.207862,17.856000000
102.208107,17.857000000
102.221405,17.858000000
102.221454,17.860000000
102.232326,17.861000000
102.232371,17.862000000
102.247015,17.863000000
102.253762,17.864000000
102.254244,17.865000000
102.264674,17.866000000
102.265291,17.867000000
102.274147,17.868000000
102.290378,17.869000000
102.297950,17.870000000
102.307379,17.871000000
102.328113,17.872000000
102.334706,17.873000000
102.345506,17.874000000
102.345562,17.875000000
102.354160,17.876000000
102.371151,17.877000000
102.384142,17.878000000
102.384193,17.879000000
102.396289,17.880000000
102.406425,17.881000000
102.406474,17.882000000
102.463894,17.883000000
102.471576,17.884000000
102.477502,17.885000000
102.483206,17.886000000
102.490963,17.887000000
102.501698,17.888000000
102.507422,17.889000000
102.514797,17.890000000
102.519751,17.891000000
102.526850,17.892000000
102.532005,17.893000000
102.538868,17.894000000
102.546185,17.895000000
102.553276,17.896000000
102.557606,17.897000000
102.567650,17.898000000
102.571357,17.899000000
102.577017,17.900000000
102.583616,17.901000000
102.593989,17.902000000
102.603056,17.903000000
102.607924,17.904000000
102.622116,17.905000000
102.639657,17.906000000
102.644476,17.907000000
102.656403,17.908000000
102.677454,17.909000000
102.681755,17.910000000
102.685321,17.911000000
102.693767,17.912000000
102.697818,17.913000000
102.705521,17.914000000
102.717522,17.915000000
102.733406,17.916000000
102.739403,17.917000000
102.764364,17.918000000
102.769300,17.919000000
102.775115,17.920000000
102.779837,17.921000000
102.783966,17.922000000
102.791048,17.923000000
102.800281,17.924000000
102.807872,17.925000000
102.832232,17.926000000
102.836426,17.927000000
102.843076,17.928000000
102.862604,17.929000000
102.867072,17.930000000
102.875417,17.931000000
102.880733,17.932000000
102.888435,17.933000000
102.892754,17.934000000
102.900205,17.935000000
102.904591,17.936000000
102.906872,17.937000000
102.909797,17.938000000
102.912599,17.939000000
102.914623,17.940000000
102.916684,17.941000000
102.930021,17.942000000
102.937230,17.943000000
102.943624,17.944000000
102.951470,17.945000000
102.957138,17.946000000
102.963647,17.947000000
102.974457,17.948000000
102.982191,17.949000000
102.985820,17.950000000
102.991968,17.951000000
102.999565,17.952000000
103.007654,17.953000000
103.007700,17.955000000
103.020613,17.956000000
103.020658,17.957000000
103.020875,17.958000000
103.022393,17.959000000
103.024706,17.960000000
103.030903,17.961000000
103.046904,17.962000000
103.046957,17.963000000
103.057182,17.964000000
103.057229,17.965000000
103.068997,17.966000000
103.072638,17.967000000
103.074612,17.968000000
103.091366,17.969000000
103.129707,17.970000000
103.140313,17.971000000
103.156061,17.972000000
103.165487,17.973000000
103.189564,17.974000000
103.199899,17.975000000
103.215534,17.976000000
103.223960,17.977000000
103.249814,17.978000000
103.257541,17.979000000
103.276343,17.980000000
103.285803,17.981000000
103.297593,17.982000000
103.304445,17.983000000
103.327548,17.984000000
103.338397,17.985000000
103.344528,17.986000000
103.356514,17.987000000
103.364833,17.988000000
103.370443,17.989000000
103.388351,17.990000000
103.397966,17.991000000
103.404628,17.992000000
103.412258,17.993000000
103.435797,17.994000000
103.438055,17.995000000
103.455609,17.996000000
103.457886,17.997000000
103.468405,17.998000000
103.480938,17.999000000
103.498657,18.000000000
103.505734,18.001000000
103.512121,18.002000000
103.520435,18.003000000
103.540404,18.004000000
103.546319,18.005000000
103.586749,18.006000000
103.597327,18.007000000
103.605898,18.008000000
103.619650,18.009000000
103.636014,18.010000000
103.646119,18.011000000
103.662106,18.012000000
103.672945,18.013000000
103.687939,18.014000000
103.698465,18.015000000
103.704430,18.016000000
103.722002,18.017000000
103.726439,18.018000000
103.731122,18.019000000
103.756660,18.020000000
103.764785,18.021000000
103.770982,18.022000000
103.791199,18.023000000
103.793056,18.024000000
103.800947,18.025000000
103.825957,18.026000000
103.832245,18.027000000
103.843441,18.028000000
103.850427,18.029000000
103.886831,18.030000000
103.901538,18.031000000
103.912140,18.032000000
103.927092,18.033000000
103.941742,18.034000000
103.956498,18.035000000
103.967264,18.036000000
103.983501,18.037000000
103.989712,18.038000000
104.001719,18.039000000
104.012769,18.040000000
104.017045,18.041000000
104.031839,18.042000000
104.038765,18.043000000
104.044022,18.044000000
104.050265,18.045000000
104.075604,18.046000000
104.091781,18.047000000
104.098772,18.048000000
104.105169,18.049000000
104.132791,18.050000000
104.143544,18.051000000
104.150523,18.052000000
104.162154,18.053000000
104.170438,18.054000000
104.175775,18.055000000
104.210178,18.056000000
104.214685,18.057000000
104.229059,18.058000000
104.242057,18.059000000
104.256203,18.060000000
104.268881,18.061000000
104.286882,18.062000000
104.288974,18.063000000
104.308092,18.064000000
104.316182,18.065000000
104.334848,18.066000000
104.344773,18.067000000
104.365756,18.068000000
104.369784,18.069000000
104.377732,18.070000000
104.403830,18.071000000
104.410062,18.072000000
104.416915,18.073000000
104.435050,18.074000000
104.437274,18.075000000
104.457425,18.076000000
104.465671,18.077000000
104.471828,18.078000000
104.481847,18.079000000
104.494184,18.080000000
104.500411,18.081000000
104.528272,18.082000000
104.546665,18.083000000
104.561994,18.084000000
104.569654,18.085000000
104.581234,18.086000000
104.590612,18.087000000
104.611129,18.088000000
104.613393,18.089000000
104.629273,18.090000000
104.637495,18.091000000
104.644369,18.092000000
104.651763,18.093000000
104.659201,18.094000000
104.684338,18.095000000
104.692805,18.096000000
104.702226,18.097000000
104.732874,18.098000000
104.741088,18.099000000
104.760596,18.100000000
104.767867,18.101000000
104.813828,18.102000000
104.819883,18.103000000
104.826943,18.104000000
104.833515,18.105000000
104.842527,18.106000000
104.849142,18.107000000
104.884003,18.108000000
104.894270,18.109000000
104.907908,18.110000000
104.917583,18.111000000
104.945151,18.112000000
104.955819,18.113000000
104.968088,18.114000000
104.979327,18.115000000
104.985827,18.116000000
104.988123,18.117000000
104.990347,18.118000000
104.992729,18.119000000
104.994129,18.120000000
104.995443,18.121000000
104.996804,18.122000000
104.998109,18.123000000
104.999630,18.124000000
105.000736,18.125000000
105.002059,18.126000000
105.003365,18.127000000
105.004779,18.128000000
105.006073,18.129000000
105.009816,18.130000000
105.010190,18.131000000
105.012698,18.132000000
105.014880,18.133000000
105.016987,18.134000000
105.019196,18.135000000
105.021903,18.136000000
105.023770,18.137000000
105.031002,18.138000000
105.035241,18.139000000
105.038173,18.140000000
105.040601,18.141000000
105.043262,18.142000000
105.045407,18.143000000
105.047731,18.144000000
105.050984,18.145000000
105.053237,18.146000000
105.055787,18.147000000
105.073142,18.148000000
105.077878,18.149000000
105.080239,18.150000000
105.086884,18.151000000
105.107967,18.152000000
105.110339,18.153000000
105.112510,18.154000000
105.115071,18.155000000
105.127062,18.156000000
105.131326,18.157000000
105.136649,18.158000000
105.143548,18.159000000
105.155202,18.160000000
105.159586,18.161000000
105.178685,18.162000000
105.181796,18.163000000
105.184100,18.164000000
105.187728,18.165000000
105.195189,18.166000000
105.198465,18.167000000
105.202722,18.168000000
105.205019,18.169000000
105.209290,18.170000000
105.216426,18.171000000
105.223554,18.172000000
105.225816,18.173000000
105.228204,18.174000000
105.230803,18.175000000
105.234401,18.176000000
105.236801,18.177000000
105.243511,18.178000000
105.270780,18.179000000
105.277207,18.180000000
105.287791,18.181000000
105.292524,18.182000000
105.295939,18.183000000
105.303418,18.184000000
105.309736,18.185000000
105.320506,18.186000000
105.333664,18.187000000
105.343301,18.188000000
105.345624,18.189000000
105.347863,18.190000000
105.353887,18.191000000
105.356321,18.192000000
105.360107,18.193000000
105.370973,18.194000000
105.373064,18.195000000
105.375284,18.196000000
105.380591,18.197000000
105.382765,18.198000000
105.386340,18.199000000
105.393393,18.200000000
105.398107,18.201000000
105.400209,18.202000000
105.402309,18.203000000
105.408061,18.204000000
105.418339,18.205000000
105.420684,18.206000000
105.426706,18.207000000
105.431591,18.208000000
105.456259,18.209000000
105.463755,18.210000000
105.469823,18.211000000
105.473184,18.212000000
105.486014,18.213000000
105.488647,18.214000000
105.497168,18.215000000
105.499541,18.216000000
105.502457,18.217000000
105.505239,18.218000000
105.509146,18.219000000
105.511273,18.220000000
105.514081,18.221000000
105.526275,18.222000000
105.530953,18.223000000
105.535402,18.224000000
105.548935,18.225000000
105.552723,18.226000000
105.560463,18.227000000
105.564971,18.228000000
105.589002,18.229000000
105.598036,18.230000000
105.601831,18.231000000
105.614493,18.232000000
105.619284,18.233000000
105.624513,18.234000000
105.650366,18.235000000
105.658005,18.236000000
105.670349,18.237000000
105.678217,18.238000000
105.687253,18.239000000
105.696033,18.240000000
105.701251,18.241000000
105.709347,18.242000000
105.720545,18.243000000
105.726415,18.244000000
105.732026,18.245000000
105.742362,18.246000000
105.752318,18.247000000
105.756050,18.248000000
105.764894,18.249000000
105.783817,18.250000000
105.788606,18.251000000
105.807894,18.252000000
105.811998,18.253000000
105.823351,18.254000000
105.833794,18.255000000
105.838101,18.256000000
105.860248,18.257000000
105.864387,18.258000000
105.869769,18.259000000
105.892820,18.260000000
105.898758,18.261000000
105.902724,18.262000000
105.927529,18.263000000
105.933426,18.264000000
105.948048,18.265000000
105.954768,18.266000000
105.961646,18.267000000
105.967618,18.268000000
105.979835,18.269000000
105.986424,18.270000000
105.993443,18.271000000
106.001373,18.272000000
106.013148,18.273000000
106.019383,18.274000000
106.023800,18.275000000
106.033164,18.276000000
106.051383,18.277000000
106.062080,18.278000000
106.090366,18.279000000
106.095533,18.280000000
106.103092,18.281000000
106.115837,18.282000000
106.119288,18.283000000
106.125371,18.284000000
106.145769,18.285000000
106.149463,18.286000000
106.159658,18.287000000
106.170008,18.288000000
106.174901,18.289000000
106.180907,18.290000000
106.189401,18.291000000
106.211619,18.292000000
106.217528,18.293000000
106.224271,18.294000000
106.231105,18.295000000
106.245990,18.296000000
106.250253,18.297000000
106.260974,18.298000000
106.270432,18.299000000
106.282848,18.300000000
106.288232,18.301000000
106.300530,18.302000000
106.309586,18.303000000
106.318257,18.304000000
106.341050,18.305000000
106.348539,18.306000000
106.367413,18.307000000
106.367467,18.309000000
106.369274,18.310000000
106.371642,18.311000000
106.376420,18.312000000
106.395821,18.313000000
106.400230,18.314000000
106.404946,18.315000000
106.410252,18.316000000
106.411823,18.317000000
106.418151,18.318000000
106.426106,18.319000000
106.442360,18.320000000
106.444624,18.321000000
106.462759,18.322000000
106.483782,18.323000000
106.495529,18.324000000
106.511697,18.325000000
106.522315,18.326000000
106.526612,18.327000000
106.547362,18.328000000
106.549911,18.329000000
106.556149,18.330000000
106.595372,18.331000000
106.611174,18.332000000
106.613069,18.333000000
106.621258,18.334000000
106.630655,18.335000000
106.633466,18.336000000
106.642455,18.337000000
106.668644,18.338000000
106.676444,18.339000000
106.680262,18.340000000
106.720035,18.341000000
106.724503,18.342000000
106.725575,18.343000000
106.734678,18.344000000
106.734977,18.345000000
106.738637,18.346000000
106.750213,18.347000000
106.750714,18.348000000
106.750754,18.350000000
106.761372,18.351000000
106.761430,18.353000000
106.764680,18.354000000
106.764941,18.355000000
106.774226,18.356000000
106.774274,18.359000000
106.781643,18.360000000
106.795017,18.361000000
106.795425,18.362000000
106.808828,18.363000000
106.808909,18.364000000
106.823456,18.365000000
106.823507,18.367000000
106.832490,18.368000000
106.832540,18.369000000
106.848077,18.370000000
106.848598,18.371000000
106.883626,18.372000000
106.883685,18.376000000
106.894816,18.377000000
106.894895,18.378000000
106.938390,18.379000000
106.961301,18.380000000
106.961790,18.381000000
106.967668,18.382000000
106.978646,18.383000000
106.989540,18.384000000
107.007894,18.385000000
107.013098,18.386000000
107.023439,18.387000000
107.026921,18.388000000
107.039694,18.389000000
107.047960,18.390000000
107.055783,18.391000000
107.061206,18.392000000
107.074374,18.393000000
107.084608,18.394000000
107.088943,18.395000000
107.096439,18.396000000
107.107291,18.397000000
107.115228,18.398000000
107.119697,18.399000000
107.123504,18.400000000
107.126176,18.401000000
107.133391,18.402000000
107.139798,18.403000000
107.144631,18.404000000
107.153833,18.405000000
107.161887,18.406000000
107.164470,18.407000000
107.167213,18.408000000
107.172297,18.409000000
107.182145,18.410000000
107.187971,18.411000000
107.196385,18.412000000
107.205381,18.413000000
107.214580,18.414000000
107.218907,18.415000000
107.237043,18.416000000
107.257794,18.417000000
107.259730,18.418000000
107.315527,18.419000000
107.323312,18.420000000
107.341082,18.421000000
107.342788,18.422000000
107.344255,18.423000000
107.348060,18.424000000
107.348222,18.425000000
107.348243,18.426000000
107.350575,18.427000000
107.350869,18.428000000
107.352308,18.429000000
107.357934,18.430000000
107.357998,18.431000000
107.363926,18.432000000
107.370778,18.433000000
107.400112,18.434000000
107.436387,18.435000000
107.450651,18.436000000
107.457634,18.437000000
107.469775,18.438000000
107.478251,18.439000000
107.488954,18.440000000
107.493634,18.441000000
107.497752,18.442000000
107.524448,18.443000000
107.528165,18.444000000
107.537841,18.445000000
107.553893,18.446000000
107.561785,18.447000000
107.567267,18.448000000
107.594455,18.449000000
107.596182,18.450000000
107.604280,18.451000000
107.604344,18.452000000
107.619694,18.453000000
107.627990,18.454000000
107.639280,18.455000000
107.650070,18.456000000
107.650137,18.457000000
107.650225,18.458000000
107.664365,18.459000000
107.673503,18.460000000
107.685386,18.461000000
107.701547,18.462000000
107.702406,18.463000000
107.705576,18.464000000
107.715549,18.465000000
107.731401,18.466000000
107.731498,18.467000000
107.756509,18.468000000
107.757131,18.469000000
107.759836,18.470000000
107.764657,18.471000000
107.786227,18.472000000
107.788531,18.473000000
107.793203,18.474000000
107.799922,18.475000000
107.805355,18.476000000
107.840084,18.477000000
107.840190,18.478000000
107.856209,18.479000000
107.882884,18.480000000
107.887935,18.481000000
107.906439,18.482000000
107.916578,18.483000000
107.916656,18.484000000
107.934562,18.485000000
107.938389,18.486000000
107.944112,18.487000000
107.950361,18.488000000
107.964857,18.489000000
107.967212,18.490000000
107.974249,18.491000000
107.979939,18.492000000
108.006987,18.493000000
108.016515,18.494000000
108.030334,18.495000000
108.040831,18.496000000
108.051119,18.497000000
108.060427,18.498000000
108.069302,18.499000000
108.081385,18.500000000
108.085950,18.501000000
108.097236,18.502000000
108.106960,18.503000000
108.117268,18.504000000
108.123612,18.505000000
108.125772,18.506000000
108.132708,18.507000000
108.136797,18.508000000
108.149230,18.509000000
108.155598,18.510000000
108.161205,18.511000000
108.167161,18.512000000
108.172474,18.513000000
108.195908,18.514000000
108.200118,18.515000000
108.207130,18.516000000
108.214875,18.517000000
108.232840,18.518000000
108.238287,18.519000000
108.241667,18.520000000
108.250426,18.521000000
108.256356,18.522000000
108.261230,18.523000000
108.288366,18.524000000
108.296081,18.525000000
108.309697,18.526000000
108.316421,18.527000000
108.320651,18.528000000
108.324188,18.529000000
108.364599,18.530000000
108.376243,18.531000000
108.388237,18.532000000
108.405860,18.533000000
108.414553,18.534000000
108.426946,18.535000000
108.437613,18.536000000
108.449345,18.537000000
108.458502,18.538000000
108.468628,18.539000000
108.482966,18.540000000
108.490274,18.541000000
108.492432,18.542000000
108.500896,18.543000000
108.506511,18.544000000
108.518394,18.545000000
108.526422,18.546000000
108.530381,18.547000000
108.539348,18.548000000
108.550772,18.549000000
108.567038,18.550000000
108.574186,18.551000000
108.580387,18.552000000
108.606721,18.553000000
108.628575,18.554000000
108.647428,18.555000000
108.650106,18.556000000
108.675479,18.557000000
108.675576,18.558000000
108.675619,18.559000000
108.675664,18.560000000
108.686857,18.561000000
108.701424,18.562000000
108.724605,18.563000000
108.724671,18.564000000
108.734708,18.565000000
108.741930,18.566000000
108.755932,18.567000000
108.775839,18.568000000
108.797310,18.569000000
108.813029,18.570000000
108.828196,18.571000000
108.830746,18.572000000
108.835772,18.573000000
108.837223,18.574000000
108.843380,18.575000000
108.844585,18.576000000
108.847359,18.577000000
108.853621,18.578000000
108.856998,18.579000000
108.863830,18.580000000
108.863924,18.581000000
108.870691,18.582000000
108.872096,18.583000000
108.898379,18.584000000
108.900721,18.585000000
108.910184,18.586000000
108.920300,18.587000000
108.944641,18.588000000
108.953294,18.589000000
108.957699,18.590000000
108.984177,18.591000000
108.995185,18.592000000
109.003515,18.593000000
109.007437,18.594000000
109.009646,18.595000000
109.012210,18.596000000
109.020917,18.597000000
109.034557,18.598000000
109.044497,18.599000000
109.054474,18.600000000
109.069349,18.601000000
109.077865,18.602000000
109.102646,18.603000000
109.111082,18.604000000
109.120365,18.605000000
109.124066,18.606000000
109.149477,18.607000000
109.149559,18.608000000
109.154668,18.609000000
109.154708,18.610000000
109.165860,18.611000000
109.165908,18.612000000
109.173171,18.613000000
109.173542,18.614000000
109.185747,18.615000000
109.185797,18.616000000
109.200382,18.617000000
109.200471,18.618000000
109.205056,18.619000000
109.205321,18.620000000
109.215830,18.621000000
109.219226,18.622000000
109.237464,18.623000000
109.248903,18.624000000
109.248959,18.625000000
109.256107,18.626000000
109.268003,18.627000000
109.268080,18.628000000
109.270082,18.629000000
109.278022,18.630000000
109.288860,18.631000000
109.334743,18.632000000
109.341063,18.633000000
109.352307,18.634000000
109.354713,18.635000000
109.369120,18.636000000
109.391054,18.637000000
109.397757,18.638000000
109.397802,18.639000000
109.406320,18.640000000
109.424101,18.641000000
109.426911,18.642000000
109.429288,18.643000000
109.454710,18.644000000
109.465453,18.645000000
109.482749,18.646000000
109.490616,18.647000000
109.502765,18.648000000
109.511965,18.649000000
109.518053,18.650000000
109.525730,18.651000000
109.533252,18.652000000
109.539376,18.653000000
109.547982,18.654000000
109.558079,18.655000000
109.560243,18.656000000
109.578642,18.657000000
109.580734,18.658000000
109.584480,18.659000000
109.588584,18.660000000
109.604814,18.661000000
109.607154,18.662000000
109.630482,18.663000000
109.652028,18.664000000
109.661808,18.665000000
109.667633,18.666000000
109.671329,18.667000000
109.683665,18.668000000
109.683721,18.669000000
109.699913,18.670000000
109.712108,18.671000000
109.712159,18.672000000
109.720312,18.673000000
109.726881,18.674000000
109.736985,18.675000000
109.742566,18.676000000
109.779315,18.677000000
109.785416,18.678000000
109.804682,18.679000000
109.804730,18.680000000
109.810668,18.681000000
109.810707,18.684000000
109.813036,18.685000000
109.828757,18.686000000
109.828799,18.689000000
109.830236,18.690000000
109.836478,18.691000000
109.840962,18.692000000
109.854395,18.693000000
109.858071,18.694000000
109.866152,18.695000000
109.873984,18.696000000
109.882572,18.697000000
109.892015,18.698000000
109.901064,18.699000000
109.920584,18.700000000
109.930225,18.701000000
109.946298,18.702000000
109.956061,18.703000000
109.971726,18.704000000
109.982106,18.705000000
109.994787,18.706000000
110.021109,18.707000000
110.021155,18.708000000
110.024523,18.709000000
110.037557,18.710000000
110.042359,18.711000000
110.054271,18.712000000
110.061367,18.713000000
110.061418,18.714000000
110.062004,18.715000000
110.067412,18.716000000
110.079248,18.717000000
110.079288,18.718000000
110.081131,18.719000000
110.087486,18.720000000
110.087522,18.721000000
110.095479,18.722000000
110.095517,18.723000000
110.120611,18.724000000
110.120654,18.726000000
110.124981,18.727000000
110.152110,18.728000000
110.161852,18.729000000
110.165659,18.730000000
110.188058,18.731000000
110.211405,18.732000000
110.229431,18.733000000
110.239630,18.734000000
110.244264,18.735000000
110.249141,18.736000000
110.262571,18.737000000
110.262654,18.738000000
110.262859,18.739000000
110.269731,18.740000000
110.269766,18.741000000
110.274170,18.742000000
110.286762,18.743000000
110.302063,18.744000000
110.302104,18.745000000
110.315664,18.746000000
110.323651,18.747000000
110.323689,18.748000000
110.330596,18.749000000
110.331314,18.750000000
110.338595,18.751000000
110.342141,18.752000000
110.344256,18.753000000
110.352688,18.754000000
110.352723,18.755000000
110.355289,18.756000000
110.360967,18.757000000
110.364517,18.758000000
110.370367,18.759000000
110.372434,18.760000000
110.377477,18.761000000
110.380725,18.762000000
110.387420,18.763000000
110.392657,18.764000000
110.399662,18.765000000
110.400435,18.766000000
110.407541,18.767000000
110.422889,18.768000000
110.428667,18.769000000
110.428705,18.770000000
110.432785,18.771000000
110.450439,18.772000000
110.482287,18.773000000
110.513017,18.774000000
110.513061,18.775000000
110.516556,18.776000000
110.536800,18.777000000
110.555378,18.778000000
110.566686,18.779000000
110.612141,18.780000000
110.616168,18.781000000
110.636967,18.782000000
110.645207,18.783000000
110.653900,18.784000000
110.687487,18.785000000
110.688390,18.786000000
110.688710,18.787000000
110.698531,18.788000000
110.698832,18.789000000
110.708389,18.790000000
110.716339,18.791000000
110.719867,18.792000000
110.720598,18.793000000
110.731129,18.794000000
110.731167,18.795000000
110.742409,18.796000000
110.742448,18.797000000
110.760199,18.798000000
110.766423,18.799000000
110.772818,18.800000000
110.781526,18.801000000
110.796704,18.802000000
110.796789,18.803000000
110.801949,18.804000000
110.805465,18.805000000
110.817038,18.806000000
110.817083,18.809000000
110.819174,18.810000000
110.823083,18.811000000
110.823615,18.812000000
110.824202,18.813000000
110.831231,18.814000000
110.831297,18.816000000
110.838157,18.817000000
110.842978,18.818000000
110.850340,18.819000000
110.860238,18.820000000
110.860280,18.823000000
110.866334,18.824000000
110.866374,18.826000000
110.870052,18.827000000
110.872714,18.828000000
110.872877,18.829000000
110.882092,18.830000000
110.882138,18.831000000
110.886751,18.832000000
110.892729,18.833000000
110.899537,18.834000000
110.903405,18.835000000
110.909974,18.836000000
110.910014,18.837000000
110.915735,18.838000000
110.933808,18.839000000
110.940924,18.840000000
110.947234,18.841000000
110.948931,18.842000000
110.956446,18.843000000
110.967232,18.844000000
111.010083,18.845000000
111.016779,18.846000000
111.025368,18.847000000
111.047655,18.848000000
111.049591,18.849000000
111.052970,18.850000000
111.069821,18.851000000
111.077031,18.852000000
111.078900,18.853000000
111.085321,18.854000000
111.086760,18.855000000
111.091212,18.856000000
111.102666,18.857000000
111.115323,18.858000000
111.117521,18.859000000
111.119709,18.860000000
111.124441,18.861000000
111.124481,18.862000000
111.126750,18.863000000
111.128953,18.864000000
111.131061,18.865000000
111.134073,18.866000000
111.136765,18.867000000
111.138827,18.868000000
111.142218,18.869000000
111.153228,18.870000000
111.171345,18.871000000
111.201597,18.872000000
111.203516,18.873000000
111.215380,18.874000000
111.229067,18.875000000
111.229128,18.876000000
111.238718,18.877000000
111.241001,18.878000000
111.251879,18.879000000
111.263561,18.880000000
111.267716,18.881000000
111.267876,18.882000000
111.274473,18.883000000
111.279950,18.884000000
111.286388,18.885000000
111.290621,18.886000000
111.314321,18.887000000
111.320580,18.888000000
111.326592,18.889000000
111.353235,18.890000000
111.357848,18.891000000
111.372957,18.892000000
111.377669,18.893000000
111.381694,18.894000000
111.388074,18.895000000
111.411716,18.896000000
111.418971,18.897000000
111.437839,18.898000000
111.439724,18.899000000
111.443990,18.900000000
111.471454,18.901000000
111.481096,18.902000000
111.491995,18.903000000
111.500589,18.904000000
111.512061,18.905000000
111.517637,18.906000000
111.528417,18.907000000
111.544020,18.908000000
111.550514,18.909000000
111.555424,18.910000000
111.566610,18.911000000
111.573870,18.912000000
111.582548,18.913000000
111.591134,18.914000000
111.610734,18.915000000
111.642010,18.916000000
111.648305,18.917000000
111.691885,18.918000000
111.708238,18.919000000
111.712763,18.920000000
111.719222,18.921000000
111.721376,18.922000000
111.727054,18.923000000
111.734264,18.924000000
111.745524,18.925000000
111.772691,18.926000000
111.793218,18.927000000
111.803266,18.928000000
111.815859,18.929000000
111.838372,18.930000000
111.841797,18.931000000
111.860559,18.932000000
111.872189,18.933000000
111.880789,18.934000000
111.894502,18.935000000
111.907679,18.936000000
111.915286,18.937000000
111.926693,18.938000000
111.929640,18.939000000
111.934972,18.940000000
111.945644,18.941000000
111.962252,18.942000000
111.972309,18.943000000
111.982365,18.944000000
111.984116,18.945000000
111.986418,18.946000000
112.001801,18.947000000
112.001845,18.949000000
112.002723,18.950000000
112.007536,18.951000000
112.007570,18.952000000
112.015759,18.953000000
112.015799,18.954000000
112.021623,18.955000000
112.039757,18.956000000
112.039798,18.957000000
112.056613,18.958000000
112.068005,18.959000000
112.068090,18.960000000
112.074039,18.961000000
112.075901,18.962000000
112.090999,18.963000000
112.091052,18.966000000
112.094410,18.967000000
112.094445,18.968000000
112.101770,18.969000000
112.103970,18.970000000
112.147929,18.971000000
112.149996,18.972000000
112.164817,18.973000000
112.164858,18.975000000
112.167103,18.976000000
112.181759,18.977000000
112.197939,18.978000000
112.198030,18.979000000
112.198062,18.980000000
112.213129,18.981000000
112.213169,18.983000000
112.241312,18.984000000
112.247303,18.985000000
112.249012,18.986000000
112.259488,18.987000000
112.259528,18.988000000
112.269089,18.989000000
112.269143,18.990000000
112.286763,18.991000000
112.287072,18.992000000
112.290736,18.993000000
112.297978,18.994000000
112.299974,18.995000000
112.303208,18.996000000
112.339588,18.997000000
112.353552,18.998000000
112.363198,18.999000000
112.370884,19.000000000
112.384512,19.001000000
112.406963,19.002000000
112.426070,19.003000000
112.440819,19.004000000
112.462218,19.005000000
112.492707,19.006000000
112.519173,19.007000000
112.525001,19.008000000
112.548967,19.009000000
112.567912,19.010000000
112.574978,19.011000000
112.599263,19.012000000
112.606844,19.013000000
112.628324,19.014000000
112.679878,19.015000000
112.701307,19.016000000
112.713252,19.017000000
112.722069,19.018000000
112.734263,19.019000000
112.747067,19.020000000
112.754861,19.021000000
112.766195,19.022000000
112.774526,19.023000000
112.798190,19.024000000
112.807284,19.025000000
112.813354,19.026000000
112.861617,19.027000000
112.865836,19.028000000
112.868442,19.029000000
112.888665,19.030000000
112.890553,19.031000000
112.894518,19.032000000
112.928535,19.033000000
112.934104,19.034000000
112.941561,19.035000000
112.956108,19.036000000
112.960801,19.037000000
112.967830,19.038000000
112.996339,19.039000000
113.009046,19.040000000
113.016196,19.041000000
113.032475,19.042000000
113.044060,19.043000000
113.053672,19.044000000
113.059319,19.045000000
113.070176,19.046000000
113.081185,19.047000000
113.089964,19.048000000
113.099388,19.049000000
113.109491,19.050000000
113.116014,19.051000000
113.121407,19.052000000
113.139500,19.053000000
113.139612,19.054000000
113.152292,19.055000000
113.186746,19.056000000
113.194524,19.057000000
113.194672,19.058000000
113.205567,19.059000000
113.218911,19.060000000
113.218966,19.061000000
113.280994,19.062000000
113.281047,19.066000000
113.283758,19.067000000
113.304983,19.068000000
113.317360,19.069000000
113.323202,19.070000000
113.350938,19.071000000
113.356351,19.072000000
113.363596,19.073000000
113.376889,19.074000000
113.385335,19.075000000
113.391906,19.076000000
113.403633,19.077000000
113.415124,19.078000000
113.425015,19.079000000
113.433162,19.080000000
113.442214,19.081000000
113.450845,19.082000000
113.458899,19.083000000
113.468621,19.084000000
113.472460,19.085000000
113.484527,19.086000000
113.513093,19.087000000
113.513163,19.088000000
113.513205,19.089000000
113.538931,19.090000000
113.540341,19.091000000
113.540846,19.092000000
113.549381,19.093000000
113.554449,19.094000000
113.554514,19.095000000
113.563371,19.096000000
113.573841,19.097000000
113.589764,19.098000000
113.589835,19.099000000
113.589879,19.100000000
113.589919,19.101000000
113.590572,19.102000000
113.590927,19.103000000
113.593706,19.104000000
113.613906,19.105000000
113.624249,19.106000000
113.628227,19.107000000
113.659869,19.108000000
113.662902,19.109000000
113.668146,19.110000000
113.681647,19.111000000
113.685526,19.112000000
113.686146,19.113000000
113.696570,19.114000000
113.698545,19.115000000
113.706151,19.116000000
113.706619,19.117000000
113.712175,19.118000000
113.718172,19.119000000
113.722236,19.120000000
113.737034,19.121000000
113.744298,19.122000000
113.759684,19.123000000
113.772933,19.124000000
113.780061,19.125000000
113.787226,19.126000000
113.821041,19.127000000
113.831360,19.128000000
113.859830,19.129000000
113.865540,19.130000000
113.872578,19.131000000
113.887250,19.132000000
113.891154,19.133000000
113.900398,19.134000000
113.903890,19.135000000
113.929769,19.136000000
113.936136,19.137000000
113.947458,19.138000000
113.956561,19.139000000
113.960928,19.140000000
113.992678,19.141000000
114.005248,19.142000000
114.011488,19.143000000
114.021441,19.144000000
114.034078,19.145000000
114.041165,19.146000000
114.066590,19.147000000
114.079843,19.148000000
114.085488,19.149000000
114.107843,19.150000000
114.116140,19.151000000
114.135412,19.152000000
114.149298,19.153000000
114.149350,19.154000000
114.149379,19.155000000
114.170169,19.156000000
114.185862,19.157000000
114.185932,19.159000000
114.194355,19.160000000
114.194396,19.162000000
114.204018,19.163000000
114.204075,19.164000000
114.212426,19.165000000
114.228423,19.166000000
114.238060,19.167000000
114.238125,19.169000000
114.254645,19.170000000
114.261867,19.171000000
114.261910,19.172000000
114.283029,19.173000000
114.283075,19.177000000
114.293649,19.178000000
114.296106,19.179000000
114.321000,19.180000000
114.321050,19.181000000
114.356089,19.182000000
114.379694,19.183000000
114.390587,19.184000000
114.400152,19.185000000
114.404354,19.186000000
114.412364,19.187000000
114.440754,19.188000000
114.450839,19.189000000
114.464552,19.190000000
114.477943,19.191000000
114.486445,19.192000000
114.499564,19.193000000
114.505051,19.194000000
114.515115,19.195000000
114.524865,19.196000000
114.535228,19.197000000
114.545917,19.198000000
114.559637,19.199000000
114.565719,19.200000000
114.574858,19.201000000
114.589343,19.202000000
114.591911,19.203000000
114.604649,19.204000000
114.613799,19.205000000
114.622944,19.206000000
114.643135,19.207000000
114.651459,19.208000000
114.670493,19.209000000
114.676197,19.210000000
114.683794,19.211000000
114.695035,19.212000000
114.725764,19.213000000
114.741253,19.214000000
114.751883,19.215000000
114.771569,19.216000000
114.781689,19.217000000
114.785245,19.218000000
114.791121,19.219000000
114.796112,19.220000000
114.797267,19.221000000
114.800181,19.222000000
114.801525,19.223000000
114.803973,19.224000000
114.808037,19.225000000
114.811790,19.226000000
114.814998,19.227000000
114.817078,19.228000000
114.819083,19.229000000
114.821330,19.230000000
114.827318,19.231000000
114.829410,19.232000000
114.834113,19.233000000
114.834152,19.234000000
114.836182,19.235000000
114.838293,19.236000000
114.840445,19.237000000
114.869415,19.238000000
114.896208,19.239000000
114.896256,19.241000000
114.918163,19.242000000
114.918214,19.251000000
114.928362,19.252000000
114.928422,19.253000000
114.928451,19.254000000
114.940869,19.255000000
114.940923,19.259000000
114.947170,19.260000000
114.954667,19.261000000
114.954718,19.263000000
114.972483,19.264000000
114.977244,19.265000000
114.990384,19.266000000
115.010697,19.267000000
115.019772,19.268000000
115.034132,19.269000000
115.037086,19.270000000
115.068787,19.271000000
115.080204,19.272000000
115.094048,19.273000000
115.104037,19.274000000
115.107973,19.275000000
115.114263,19.276000000
115.127688,19.277000000
115.141549,19.278000000
115.151698,19.279000000
115.159469,19.280000000
115.170794,19.281000000
115.174891,19.282000000
115.186325,19.283000000
115.193134,19.284000000
115.210979,19.285000000
115.227227,19.286000000
115.233390,19.287000000
115.263173,19.288000000
115.272995,19.289000000
115.295785,19.290000000
115.299346,19.291000000
115.309888,19.292000000
115.335874,19.293000000
115.341653,19.294000000
115.352498,19.295000000
115.362325,19.296000000
115.370250,19.297000000
115.381036,19.298000000
115.413576,19.299000000
115.426626,19.300000000
115.430818,19.301000000
115.439271,19.302000000
115.450825,19.303000000
115.464336,19.304000000
115.473524,19.305000000
115.479549,19.306000000
115.491679,19.307000000
115.497032,19.308000000
115.512839,19.309000000
115.525563,19.310000000
115.537427,19.311000000
115.546937,19.312000000
115.556460,19.313000000
115.563561,19.314000000
115.581254,19.315000000
115.591610,19.316000000
115.593544,19.317000000
115.603413,19.318000000
115.638350,19.319000000
115.638399,19.320000000
115.649563,19.321000000
115.653078,19.322000000
115.659967,19.323000000
115.664486,19.324000000
115.700178,19.325000000
115.700263,19.330000000
115.715026,19.331000000
115.715082,19.333000000
115.722671,19.334000000
115.734132,19.335000000
115.734508,19.336000000
115.734545,19.339000000
115.735048,19.340000000
115.749761,19.341000000
115.749815,19.342000000
115.783500,19.343000000
115.802019,19.344000000
115.818361,19.345000000
115.830992,19.346000000
115.842050,19.347000000
115.848378,19.348000000
115.856198,19.349000000
115.866312,19.350000000
115.885834,19.351000000
115.891822,19.352000000
115.905414,19.353000000
115.905457,19.354000000
115.916686,19.355000000
115.925582,19.356000000
115.928195,19.357000000
115.948241,19.358000000
115.948292,19.360000000
115.961398,19.361000000
115.969780,19.362000000
115.971473,19.363000000
115.979700,19.364000000
115.979748,19.365000000
115.991148,19.366000000
115.991196,19.367000000
116.006107,19.368000000
116.006153,19.369000000
116.009262,19.370000000
116.026441,19.371000000
116.026492,19.378000000
116.028995,19.379000000
116.046867,19.380000000
116.047274,19.384000000
116.060974,19.385000000
116.063200,19.386000000
116.072268,19.387000000
116.089254,19.388000000
116.102102,19.389000000
116.102149,19.392000000
116.112184,19.393000000
116.112232,19.395000000
116.125675,19.396000000
116.125745,19.397000000
116.125774,19.399000000
116.139087,19.400000000
116.139137,19.403000000
116.140151,19.404000000
116.147371,19.405000000
116.147442,19.406000000
116.147470,19.407000000
116.151591,19.408000000
116.151927,19.409000000
116.159366,19.410000000
116.168960,19.411000000
116.169011,19.412000000
116.181011,19.413000000
116.181072,19.415000000
116.190753,19.416000000
116.190817,19.417000000
116.200633,19.418000000
116.200693,19.420000000
116.213834,19.421000000
116.213884,19.423000000
116.220790,19.424000000
116.226862,19.425000000
116.232704,19.426000000
116.238480,19.427000000
116.240877,19.428000000
116.261258,19.429000000
116.261326,19.432000000
116.272839,19.433000000
116.273179,19.434000000
116.284590,19.435000000
116.288790,19.436000000
116.298472,19.437000000
116.298519,19.439000000
116.303113,19.440000000
116.309060,19.441000000
116.319219,19.442000000
116.319274,19.444000000
116.319607,19.445000000
116.351754,19.446000000
116.356351,19.447000000
116.356397,19.448000000
116.369922,19.449000000
116.369970,19.451000000
116.370591,19.452000000
116.382192,19.453000000
116.398803,19.454000000
116.400852,19.455000000
116.408917,19.456000000
116.409116,19.458000000
116.432724,19.459000000
116.435097,19.460000000
116.439261,19.461000000
116.443424,19.462000000
116.445452,19.463000000
116.447464,19.464000000
116.454519,19.465000000
116.480225,19.466000000
116.489094,19.467000000
116.516687,19.468000000
116.526850,19.469000000
116.538122,19.470000000
116.549407,19.471000000
116.560544,19.472000000
116.572203,19.473000000
116.583577,19.474000000
116.591094,19.475000000
116.602534,19.476000000
116.614599,19.477000000
116.623110,19.478000000
116.632927,19.479000000
116.637280,19.480000000
116.657162,19.481000000
116.668646,19.482000000
116.689834,19.483000000
116.694843,19.484000000
116.699113,19.485000000
116.714296,19.486000000
116.717352,19.487000000
116.723206,19.488000000
116.744392,19.489000000
116.751381,19.490000000
116.758024,19.491000000
116.768758,19.492000000
116.771678,19.493000000
116.779989,19.494000000
116.818531,19.495000000
116.827867,19.496000000
116.836966,19.497000000
116.844155,19.498000000
116.860150,19.499000000
116.867222,19.500000000
116.879762,19.501000000
116.885774,19.502000000
116.899185,19.503000000
116.907956,19.504000000
116.915372,19.505000000
116.939667,19.506000000
116.946008,19.507000000
116.954072,19.508000000
116.982713,19.509000000
116.989354,19.510000000
116.995225,19.511000000
117.025152,19.512000000
117.029050,19.513000000
117.042347,19.514000000
117.046613,19.515000000
117.058859,19.516000000
117.061514,19.517000000
117.080831,19.518000000
117.089492,19.519000000
117.097522,19.520000000
117.107494,19.521000000
117.111845,19.522000000
117.139183,19.523000000
117.151348,19.524000000
117.159648,19.525000000
117.163468,19.526000000
117.172503,19.527000000
117.187561,19.528000000
117.192363,19.529000000
117.199589,19.530000000
117.209777,19.531000000
117.215853,19.532000000
117.224282,19.533000000
117.235415,19.534000000
117.246044,19.535000000
117.265366,19.536000000
117.270968,19.537000000
117.286251,19.538000000
117.289330,19.539000000
117.312345,19.540000000
117.327976,19.541000000
117.353472,19.542000000
117.367071,19.543000000
117.382839,19.544000000
117.411301,19.545000000
117.413548,19.546000000
117.418015,19.547000000
117.435395,19.548000000
117.441054,19.549000000
117.451082,19.550000000
117.483449,19.551000000
117.491259,19.552000000
117.498775,19.553000000
117.507499,19.554000000
117.514484,19.555000000
117.526573,19.556000000
117.531703,19.557000000
117.537573,19.558000000
117.548508,19.559000000
117.555854,19.560000000
117.563931,19.561000000
117.574603,19.562000000
117.581392,19.563000000
117.587283,19.564000000
117.590935,19.565000000
117.616164,19.566000000
117.620443,19.567000000
117.622913,19.568000000
117.648627,19.569000000
117.652065,19.570000000
117.660525,19.571000000
117.671571,19.572000000
117.675312,19.573000000
117.679972,19.574000000
117.706259,19.575000000
117.711228,19.576000000
117.721578,19.577000000
117.724170,19.578000000
117.736883,19.579000000
117.743551,19.580000000
117.789401,19.581000000
117.800009,19.582000000
117.810421,19.583000000
117.818274,19.584000000
117.838184,19.585000000
117.847131,19.586000000
117.853679,19.587000000
117.857734,19.588000000
117.864790,19.589000000
117.869975,19.590000000
117.876251,19.591000000
117.883079,19.592000000
117.887858,19.593000000
117.895851,19.594000000
117.899487,19.595000000
117.931190,19.596000000
117.944731,19.597000000
117.952389,19.598000000
117.971204,19.599000000
117.982370,19.600000000
117.993164,19.601000000
118.002488,19.602000000
118.008356,19.603000000
118.012738,19.604000000
118.042242,19.605000000
118.046556,19.606000000
118.059372,19.607000000
118.062178,19.608000000
118.074287,19.609000000
118.100476,19.610000000
118.104998,19.611000000
118.107233,19.612000000
118.115319,19.613000000
118.127551,19.614000000
118.132935,19.615000000
118.137009,19.616000000
118.142259,19.617000000
118.154951,19.618000000
118.169179,19.619000000
118.178730,19.620000000
118.196774,19.621000000
118.196837,19.622000000
118.196880,19.623000000
118.218015,19.624000000
118.218625,19.625000000
118.218679,19.626000000
118.218719,19.627000000
118.228254,19.628000000
118.228336,19.629000000
118.228454,19.630000000
118.228974,19.631000000
118.243005,19.632000000
118.243073,19.633000000
118.243115,19.634000000
118.243706,19.635000000
118.259302,19.636000000
118.260844,19.637000000
118.262125,19.638000000
118.279051,19.639000000
118.284117,19.640000000
118.291234,19.641000000
118.294866,19.642000000
118.299145,19.643000000
118.301765,19.644000000
118.306053,19.645000000
118.309446,19.646000000
118.311576,19.647000000
118.327628,19.648000000
118.327685,19.650000000
118.344906,19.651000000
118.374100,19.652000000
118.395616,19.653000000
118.398943,19.654000000
118.407360,19.655000000
118.416406,19.656000000
118.416454,19.657000000
118.456723,19.658000000
118.472435,19.659000000
118.483922,19.660000000
118.501062,19.661000000
118.504278,19.662000000
118.528884,19.663000000
118.538717,19.664000000
118.553840,19.665000000
118.553889,19.666000000
118.568519,19.667000000
118.581301,19.668000000
118.587953,19.669000000
118.596020,19.670000000
118.624416,19.671000000
118.649295,19.672000000
118.660443,19.673000000
118.690382,19.674000000
118.701972,19.675000000
118.711843,19.676000000
118.721077,19.677000000
118.752766,19.678000000
118.762574,19.679000000
118.776029,19.680000000
118.781587,19.681000000
118.781628,19.682000000
118.800642,19.683000000
118.812518,19.684000000
118.812561,19.685000000
118.814379,19.686000000
118.822202,19.687000000
118.829032,19.688000000
118.839802,19.689000000
118.839866,19.690000000
118.850109,19.691000000
118.852452,19.692000000
118.862500,19.693000000
118.875211,19.694000000
118.875255,19.695000000
118.882807,19.696000000
118.894656,19.697000000
118.899791,19.698000000
118.914269,19.699000000
118.914958,19.700000000
118.927297,19.701000000
118.933492,19.702000000
118.942617,19.703000000
118.953235,19.704000000
118.956433,19.705000000
118.965581,19.706000000
118.974741,19.707000000
118.980691,19.708000000
118.992241,19.709000000
118.992288,19.710000000
119.001512,19.711000000
119.005115,19.712000000
119.012622,19.713000000
119.055355,19.714000000
119.077986,19.715000000
119.109339,19.716000000
119.128169,19.717000000
119.129579,19.718000000
119.147835,19.719000000
119.154653,19.720000000
119.163104,19.721000000
119.167311,19.722000000
119.198513,19.723000000
119.204941,19.724000000
119.205842,19.725000000
119.214406,19.726000000
119.233568,19.727000000
119.240558,19.728000000
119.248657,19.729000000
119.255334,19.730000000
119.266208,19.731000000
119.268516,19.732000000
119.277917,19.733000000
119.280256,19.734000000
119.292908,19.735000000
119.295171,19.736000000
119.304137,19.737000000
119.314716,19.738000000
119.316922,19.739000000
119.326077,19.740000000
119.335552,19.741000000
119.345596,19.742000000
119.356697,19.743000000
119.366130,19.744000000
119.376159,19.745000000
119.389706,19.746000000
119.390612,19.747000000
119.395311,19.748000000
119.396490,19.749000000
119.414598,19.750000000
119.450241,19.751000000
119.450308,19.752000000
119.476356,19.753000000
119.478022,19.754000000
119.495513,19.755000000
119.501789,19.756000000
119.502036,19.757000000
119.502538,19.758000000
119.507274,19.759000000
119.508442,19.760000000
119.515333,19.761000000
119.522863,19.762000000
119.523111,19.763000000
119.525373,19.764000000
119.526832,19.765000000
119.527739,19.766000000
119.541024,19.767000000
119.541289,19.768000000
119.541762,19.769000000
119.546453,19.770000000
119.546940,19.771000000
119.572109,19.772000000
119.572176,19.773000000
119.572310,19.774000000
119.572353,19.775000000
119.572393,19.776000000
119.572432,19.777000000
119.573461,19.778000000
119.583208,19.779000000
119.583782,19.780000000
119.583832,19.781000000
119.583871,19.782000000
119.585317,19.783000000
119.599236,19.784000000
119.612067,19.785000000
119.621047,19.786000000
119.634667,19.787000000
119.646716,19.788000000
119.690941,19.789000000
119.700317,19.790000000
119.710793,19.791000000
119.721297,19.792000000
119.740125,19.793000000
119.750558,19.794000000
119.754905,19.795000000
119.774560,19.796000000
119.795704,19.797000000
119.795768,19.798000000
119.798543,19.799000000
119.811529,19.800000000
119.812306,19.801000000
119.831103,19.802000000
119.834946,19.803000000
119.839020,19.804000000
119.858285,19.805000000
119.858477,19.806000000
119.858638,19.807000000
119.898075,19.808000000
119.898176,19.809000000
119.898249,19.810000000
119.898292,19.811000000
119.902296,19.812000000
119.902381,19.813000000
119.902851,19.814000000
119.902899,19.815000000
119.904671,19.816000000
119.907048,19.817000000
119.914584,19.818000000
119.919726,19.819000000
119.931832,19.820000000
119.935356,19.821000000
119.947232,19.822000000
119.947407,19.823000000
119.947462,19.824000000
119.949029,19.825000000
119.970448,19.826000000
119.982432,19.827000000
119.990462,19.828000000
119.998846,19.829000000
120.008563,19.830000000
120.012618,19.831000000
120.028138,19.832000000
120.036215,19.833000000
120.043152,19.834000000
120.052196,19.835000000
120.072469,19.836000000
120.079757,19.837000000
120.101740,19.838000000
120.102463,19.839000000
120.113892,19.840000000
120.156040,19.841000000
120.156095,19.842000000
120.156134,19.843000000
120.160601,19.844000000
120.160993,19.845000000
120.172767,19.846000000
120.173160,19.847000000
120.175780,19.848000000
120.192409,19.849000000
120.206246,19.850000000
120.209390,19.851000000
120.213463,19.852000000
120.213933,19.853000000
120.236151,19.854000000
120.244297,19.855000000
120.246776,19.856000000
120.267298,19.857000000
120.285018,19.858000000
120.291566,19.859000000
120.302152,19.860000000
120.304736,19.861000000
120.308030,19.862000000
120.318698,19.863000000
120.325205,19.864000000
120.328074,19.865000000
120.335082,19.866000000
120.337860,19.867000000
120.339905,19.868000000
120.344736,19.869000000
120.350507,19.870000000
120.352821,19.871000000
120.358342,19.872000000
120.374895,19.873000000
120.382164,19.874000000
120.384451,19.875000000
120.386624,19.876000000
120.392612,19.877000000
120.404774,19.878000000
120.410240,19.879000000
120.435575,19.880000000
120.440536,19.881000000
120.446295,19.882000000
120.452237,19.883000000
120.459238,19.884000000
120.465196,19.885000000
120.472466,19.886000000
120.481506,19.887000000
120.483816,19.888000000
120.491014,19.889000000
120.497936,19.890000000
120.506065,19.891000000
120.510126,19.892000000
120.518168,19.893000000
120.530184,19.894000000
120.535348,19.895000000
120.548823,19.896000000
120.550995,19.897000000
120.553109,19.898000000
120.555623,19.899000000
120.578440,19.900000000
120.593053,19.901000000
120.597776,19.902000000
120.615881,19.903000000
120.619662,19.904000000
120.623845,19.905000000
120.626363,19.906000000
120.642173,19.907000000
120.658769,19.908000000
120.672002,19.909000000
120.674430,19.910000000
120.703392,19.911000000
120.713904,19.912000000
120.731936,19.913000000
120.740470,19.914000000
120.744944,19.915000000
120.774003,19.916000000
120.801561,19.917000000
120.817474,19.918000000
120.819776,19.919000000
120.827512,19.920000000
120.844230,19.921000000
120.854309,19.922000000
120.860997,19.923000000
120.870844,19.924000000
120.878774,19.925000000
120.891406,19.926000000
120.901949,19.927000000
120.904285,19.928000000
120.913059,19.929000000
120.931482,19.930000000
120.946208,19.931000000
120.963648,19.932000000
120.973194,19.933000000
120.979509,19.934000000
120.996017,19.935000000
121.000293,19.936000000
121.010663,19.937000000
121.030383,19.938000000
121.038649,19.939000000
121.043123,19.940000000
121.076389,19.941000000
121.092090,19.942000000
121.107885,19.943000000
121.118136,19.944000000
121.140526,19.945000000
121.152356,19.946000000
121.171025,19.947000000
121.206251,19.948000000
121.216044,19.949000000
121.229800,19.950000000
121.258154,19.951000000
121.270253,19.952000000
121.272689,19.953000000
121.276741,19.954000000
121.286591,19.955000000
121.307064,19.956000000
121.311312,19.957000000
121.315233,19.958000000
121.321029,19.959000000
121.323440,19.960000000
121.328928,19.961000000
121.332689,19.962000000
121.338305,19.963000000
121.340774,19.964000000
121.367672,19.965000000
121.374303,19.966000000
121.377177,19.967000000
121.384532,19.968000000
121.391604,19.969000000
121.402294,19.970000000
121.410247,19.971000000
121.412525,19.972000000
121.414910,19.973000000
121.420620,19.974000000
121.426170,19.975000000
121.428958,19.976000000
121.456885,19.977000000
121.459444,19.978000000
121.469969,19.979000000
121.480525,19.980000000
121.489186,19.981000000
121.497249,19.982000000
121.506608,19.983000000
121.509748,19.984000000
121.526833,19.985000000
121.543540,19.986000000
121.557865,19.987000000
121.574425,19.988000000
121.586035,19.989000000
121.596075,19.990000000
121.605967,19.991000000
121.618643,19.992000000
121.647799,19.993000000
121.653326,19.994000000
121.659029,19.995000000
121.661297,19.996000000
121.671960,19.997000000
121.674400,19.998000000
121.683547,19.999000000
121.699121,20.000000000
121.701625,20.001000000
121.710301,20.002000000
121.712536,20.003000000
121.717535,20.004000000
121.724981,20.005000000
121.736743,20.006000000
121.739193,20.007000000
121.747427,20.008000000
121.749748,20.009000000
121.757240,20.010000000
121.759646,20.011000000
121.769953,20.012000000
121.787156,20.013000000
121.815784,20.014000000
121.822783,20.015000000
121.825160,20.016000000
121.831136,20.017000000
121.851727,20.018000000
121.864429,20.019000000
121.872786,20.020000000
121.882449,20.021000000
121.894822,20.022000000
121.903107,20.023000000
121.913632,20.024000000
121.926498,20.025000000
121.932498,20.026000000
121.955224,20.027000000
121.964465,20.028000000
121.986460,20.029000000
122.004647,20.030000000
122.013916,20.031000000
122.022508,20.032000000
122.024924,20.033000000
122.027477,20.034000000
122.030580,20.035000000
122.037785,20.036000000
122.044369,20.037000000
122.046777,20.038000000
122.049211,20.039000000
122.053459,20.040000000
122.058324,20.041000000
122.065690,20.042000000
122.068012,20.043000000
122.070423,20.044000000
122.085222,20.045000000
122.087729,20.046000000
122.095076,20.047000000
122.097368,20.048000000
122.103052,20.049000000
122.105484,20.050000000
122.108429,20.051000000
122.115595,20.052000000
122.117795,20.053000000
122.119948,20.054000000
122.122347,20.055000000
122.142872,20.056000000
122.145354,20.057000000
122.152834,20.058000000
122.155223,20.059000000
122.157534,20.060000000
122.159865,20.061000000
122.167453,20.062000000
122.169665,20.063000000
122.171844,20.064000000
122.184877,20.065000000
122.188626,20.066000000
122.190855,20.067000000
122.196982,20.068000000
122.199300,20.069000000
122.201721,20.070000000
122.206814,20.071000000
122.214510,20.072000000
122.216825,20.073000000
122.219173,20.074000000
122.221362,20.075000000
122.223594,20.076000000
122.244049,20.077000000
122.246422,20.078000000
122.253335,20.079000000
122.255681,20.080000000
122.258030,20.081000000
122.261834,20.082000000
122.264157,20.083000000
122.266310,20.084000000
122.279322,20.085000000
122.282230,20.086000000
122.284402,20.087000000
122.290972,20.088000000
122.293517,20.089000000
122.298335,20.090000000
122.300613,20.091000000
122.303297,20.092000000
122.339843,20.093000000
122.345299,20.094000000
122.387241,20.095000000
122.399403,20.096000000
122.418717,20.097000000
122.431894,20.098000000
122.442171,20.099000000
122.457314,20.100000000
122.460344,20.101000000
122.462517,20.102000000
122.465193,20.103000000
122.474809,20.104000000
122.477279,20.105000000
122.487532,20.106000000
122.489832,20.107000000
122.496175,20.108000000
122.498654,20.109000000
122.500913,20.110000000
122.506310,20.111000000
122.510342,20.112000000
122.518933,20.113000000
122.521263,20.114000000
122.523562,20.115000000
122.526043,20.116000000
122.534743,20.117000000
122.537271,20.118000000
122.539796,20.119000000
122.542418,20.120000000
122.550895,20.121000000
122.553231,20.122000000
122.555424,20.123000000
122.557741,20.124000000
122.563567,20.125000000
122.565827,20.126000000
122.574657,20.127000000
122.582843,20.128000000
122.585326,20.129000000
122.589694,20.130000000
122.613985,20.131000000
122.626152,20.132000000
122.635245,20.133000000
122.637660,20.134000000
122.642795,20.135000000
122.663239,20.136000000
122.674039,20.137000000
122.685253,20.138000000
122.686205,20.139000000
122.695695,20.140000000
122.714274,20.141000000
122.714323,20.143000000
122.717818,20.144000000
122.718628,20.145000000
122.724566,20.146000000
122.724611,20.147000000
122.727015,20.148000000
122.727359,20.149000000
122.739255,20.150000000
122.739300,20.154000000
122.740921,20.155000000
122.750989,20.156000000
122.751034,20.159000000
122.754761,20.160000000
122.756805,20.161000000
122.757061,20.162000000
122.761986,20.163000000
122.765060,20.164000000
122.766303,20.165000000
122.766341,20.166000000
122.771311,20.167000000
122.771699,20.168000000
122.771733,20.169000000
122.779879,20.170000000
122.779921,20.173000000
122.785330,20.174000000
122.785659,20.175000000
122.797134,20.176000000
122.829281,20.177000000
122.851278,20.178000000
122.859362,20.179000000
122.877155,20.180000000
122.892887,20.181000000
122.896899,20.182000000
122.909084,20.183000000
122.914456,20.184000000
122.922700,20.185000000
122.922746,20.186000000
122.934143,20.187000000
122.948855,20.188000000
122.960347,20.189000000
122.960394,20.190000000
122.973643,20.191000000
122.973687,20.192000000
122.988271,20.193000000
122.988326,20.195000000
122.998283,20.196000000
123.030229,20.197000000
123.030308,20.198000000
123.036333,20.199000000
123.038626,20.200000000
123.051313,20.201000000
123.062213,20.202000000
123.094657,20.203000000
123.109236,20.204000000
123.117378,20.205000000
123.123975,20.206000000
123.124047,20.207000000
123.132117,20.208000000
123.148058,20.209000000
123.165136,20.210000000
123.171166,20.211000000
123.194133,20.212000000
123.207927,20.213000000
123.214621,20.214000000
123.228244,20.215000000
123.256959,20.216000000
123.279225,20.217000000
123.292398,20.218000000
123.309381,20.219000000
123.314859,20.220000000
123.320622,20.221000000
123.329514,20.222000000
123.355481,20.223000000
123.361897,20.224000000
123.370491,20.225000000
123.383666,20.226000000
123.393378,20.227000000
123.395823,20.228000000
123.427117,20.229000000
123.437585,20.230000000
123.449495,20.231000000
123.463626,20.232000000
123.476167,20.233000000
123.486556,20.234000000
123.499499,20.235000000
123.509544,20.236000000
123.522323,20.237000000
123.530529,20.238000000
123.542048,20.239000000
123.549047,20.240000000
123.563740,20.241000000
123.566852,20.242000000
123.569023,20.243000000
123.571125,20.244000000
123.573389,20.245000000
123.576515,20.246000000
123.582432,20.247000000
123.584515,20.248000000
123.586738,20.249000000
123.588796,20.250000000
123.594187,20.251000000
123.600211,20.252000000
123.621819,20.253000000
123.645629,20.254000000
123.648512,20.255000000
123.652140,20.256000000
123.655447,20.257000000
123.664490,20.258000000
123.667163,20.259000000
123.669276,20.260000000
123.671329,20.261000000
123.673537,20.262000000
123.675941,20.263000000
123.678054,20.264000000
123.681575,20.265000000
123.686740,20.266000000
123.689330,20.267000000
123.696491,20.268000000
123.698982,20.269000000
123.707587,20.270000000
123.712656,20.271000000
123.715015,20.272000000
123.717547,20.273000000
123.734224,20.274000000
123.741470,20.275000000
123.741518,20.276000000
123.745715,20.277000000
123.752423,20.278000000
123.752479,20.279000000
123.754959,20.280000000
123.762852,20.281000000
123.762902,20.282000000
123.780698,20.283000000
123.780781,20.287000000
123.792388,20.288000000
123.811810,20.289000000
123.820458,20.290000000
123.831155,20.291000000
123.831462,20.292000000
123.844320,20.293000000
123.852694,20.294000000
123.870239,20.295000000
123.885031,20.296000000
123.902497,20.297000000
123.915633,20.298000000
123.926710,20.299000000
123.939264,20.300000000
123.950178,20.301000000
123.955162,20.302000000
123.969812,20.303000000
123.977879,20.304000000
123.989291,20.305000000
124.002602,20.306000000
124.002666,20.307000000
124.002726,20.308000000
124.002784,20.309000000
124.004239,20.310000000
124.009557,20.311000000
124.011160,20.312000000
124.011734,20.313000000
124.017985,20.314000000
124.033235,20.315000000
124.040127,20.316000000
124.040217,20.317000000
124.040731,20.318000000
124.047505,20.319000000
124.051945,20.320000000
124.055684,20.321000000
124.065071,20.322000000
124.065758,20.323000000
124.074709,20.324000000
124.075679,20.325000000
124.083215,20.326000000
124.083318,20.327000000
124.095319,20.328000000
124.099121,20.329000000
124.144036,20.330000000
124.146014,20.331000000
124.148164,20.332000000
124.178626,20.333000000
124.178723,20.334000000
124.184332,20.335000000
124.187575,20.336000000
124.188215,20.337000000
124.199246,20.338000000
124.199871,20.339000000
124.199945,20.340000000
124.200039,20.341000000
124.200082,20.342000000
124.200121,20.343000000
124.201487,20.344000000
124.207196,20.345000000
124.207345,20.346000000
124.223827,20.347000000
124.236395,20.348000000
124.236490,20.349000000
124.236534,20.350000000
124.237145,20.351000000
124.241848,20.352000000
124.268207,20.353000000
124.284606,20.354000000
124.292792,20.355000000
124.304695,20.356000000
124.318705,20.357000000
124.331427,20.358000000
124.338667,20.359000000
124.346404,20.360000000
124.371059,20.361000000
124.375159,20.362000000
124.376246,20.363000000
124.388401,20.364000000
124.397369,20.365000000
124.401910,20.366000000
124.404110,20.367000000
124.421892,20.368000000
124.422007,20.369000000
124.422864,20.370000000
124.430879,20.371000000
124.453397,20.372000000
124.453927,20.373000000
124.466781,20.374000000
124.466909,20.375000000
124.467439,20.376000000
124.470592,20.377000000
124.476295,20.378000000
124.523448,20.379000000
124.540746,20.380000000
124.559057,20.381000000
124.571175,20.382000000
124.601387,20.383000000
124.614502,20.384000000
124.623346,20.385000000
124.627488,20.386000000
124.643762,20.387000000
124.649266,20.388000000
124.656028,20.389000000
124.660403,20.390000000
124.673356,20.391000000
124.681693,20.392000000
124.692173,20.393000000
124.705778,20.394000000
124.707633,20.395000000
124.719859,20.396000000
124.742358,20.397000000
124.757993,20.398000000
124.759822,20.399000000
124.778280,20.400000000
124.785881,20.401000000
124.788805,20.402000000
124.804866,20.403000000
124.810004,20.404000000
124.814970,20.405000000
124.836221,20.406000000
124.840003,20.407000000
124.851282,20.408000000
124.864436,20.409000000
124.889418,20.410000000
124.910717,20.411000000
124.911220,20.412000000
124.914825,20.413000000
124.928816,20.414000000
124.928889,20.415000000
124.936489,20.416000000
124.944021,20.417000000
124.954088,20.418000000
124.964068,20.419000000
124.972274,20.420000000
124.980951,20.421000000
124.984398,20.422000000
124.988501,20.423000000
125.013883,20.424000000
125.026197,20.425000000
125.032423,20.426000000
125.062273,20.427000000
125.076415,20.428000000
125.081335,20.429000000
125.095831,20.430000000
125.097347,20.431000000
125.097401,20.432000000
125.097442,20.433000000
125.114528,20.434000000
125.115299,20.435000000
125.115402,20.436000000
125.115901,20.437000000
125.117574,20.438000000
125.126434,20.439000000
125.128226,20.440000000
125.130300,20.441000000
125.134385,20.442000000
125.158226,20.443000000
125.161998,20.444000000
125.162415,20.445000000
125.168780,20.446000000
125.171760,20.447000000
125.181895,20.448000000
125.183979,20.449000000
125.184056,20.450000000
125.185733,20.451000000
125.191823,20.452000000
125.200019,20.453000000
125.216458,20.454000000
125.216544,20.455000000
125.216590,20.456000000
125.216630,20.457000000
125.218920,20.458000000
125.219405,20.459000000
125.226797,20.460000000
125.226883,20.461000000
125.226926,20.462000000
125.247448,20.463000000
125.252096,20.464000000
125.257581,20.465000000
125.268802,20.466000000
125.280561,20.467000000
125.292575,20.468000000
125.300569,20.469000000
125.307127,20.470000000
125.322454,20.471000000
125.339807,20.472000000
125.339854,20.473000000
125.347117,20.474000000
125.360643,20.475000000
125.369718,20.476000000
125.372821,20.477000000
125.383690,20.478000000
125.384795,20.479000000
125.393287,20.480000000
125.394059,20.481000000
125.404711,20.482000000
125.406433,20.483000000
125.414715,20.484000000
125.414819,20.485000000
125.417239,20.486000000
125.419849,20.487000000
125.421202,20.488000000
125.422284,20.489000000
125.429962,20.490000000
125.430081,20.491000000
125.439017,20.492000000
125.444099,20.493000000
125.465521,20.494000000
125.474945,20.495000000
125.480553,20.496000000
125.487508,20.497000000
125.494834,20.498000000
125.500594,20.499000000
125.523737,20.500000000
125.531373,20.501000000
125.556200,20.502000000
125.562635,20.503000000
125.568020,20.504000000
125.574725,20.505000000
125.581556,20.506000000
125.587727,20.507000000
125.626527,20.508000000
125.626626,20.512000000
125.626672,20.513000000
125.626758,20.514000000
125.626796,20.515000000
125.626833,20.516000000
125.626870,20.517000000
125.626907,20.518000000
125.626944,20.519000000
125.626980,20.520000000
125.627016,20.521000000
125.628506,20.522000000
125.637930,20.523000000
125.646908,20.524000000
125.647962,20.525000000
125.649954,20.526000000
125.661079,20.527000000
125.669648,20.528000000
125.677485,20.529000000
125.687560,20.530000000
125.689960,20.531000000
125.700147,20.532000000
125.714347,20.533000000
125.726669,20.534000000
125.735860,20.535000000
125.751704,20.536000000
125.768448,20.537000000
125.778080,20.538000000
125.799946,20.539000000
125.812953,20.540000000
125.855935,20.541000000
125.872232,20.542000000
125.877785,20.543000000
125.899941,20.544000000
125.919700,20.545000000
125.926388,20.546000000
125.946407,20.547000000
125.961025,20.548000000
125.968428,20.549000000
125.997362,20.550000000
126.001686,20.551000000
126.014533,20.552000000
126.029376,20.553000000
126.058079,20.554000000
126.080963,20.555000000
126.120493,20.556000000
126.130827,20.557000000
126.146228,20.558000000
126.164593,20.559000000
126.178440,20.560000000
126.197298,20.561000000
126.210206,20.562000000
126.230742,20.563000000
126.238638,20.564000000
126.267568,20.565000000
126.273561,20.566000000
126.283744,20.567000000
126.291939,20.568000000
126.304480,20.569000000
126.313154,20.570000000
126.325709,20.571000000
126.335376,20.572000000
126.347472,20.573000000
126.360343,20.574000000
126.385560,20.575000000
126.414228,20.576000000
126.434959,20.577000000
126.451190,20.578000000
126.469175,20.579000000
126.480991,20.580000000
126.496197,20.581000000
126.506090,20.582000000
126.546504,20.583000000
126.560103,20.584000000
126.569692,20.585000000
126.604707,20.586000000
126.621958,20.587000000
126.641500,20.588000000
126.651031,20.589000000
126.654931,20.590000000
126.661122,20.591000000
126.674190,20.592000000
126.677820,20.593000000
126.686327,20.594000000
126.703165,20.595000000
126.731799,20.596000000
126.740393,20.597000000
126.765499,20.598000000
126.783328,20.599000000
126.790337,20.600000000
126.811767,20.601000000
126.813345,20.602000000
126.831151,20.603000000
126.831270,20.604000000
126.831906,20.605000000
126.838298,20.606000000
126.856598,20.607000000
126.872734,20.608000000
126.873713,20.609000000
126.892667,20.610000000
126.893286,20.611000000
126.897353,20.612000000
126.918154,20.613000000
126.919922,20.614000000
126.923305,20.615000000
126.925893,20.616000000
126.939135,20.617000000
126.939410,20.618000000
126.968284,20.619000000
126.970341,20.620000000
126.979120,20.621000000
126.979317,20.622000000
126.990562,20.623000000
127.000819,20.624000000
127.008886,20.625000000
127.014889,20.626000000
127.017144,20.627000000
127.051233,20.628000000
127.051969,20.629000000
127.057167,20.630000000
127.064856,20.631000000
127.077425,20.632000000
127.077528,20.633000000
127.077601,20.634000000
127.077644,20.635000000
127.081134,20.636000000
127.086732,20.637000000
127.088440,20.638000000
127.095174,20.639000000
127.095422,20.640000000
127.095542,20.641000000
127.135685,20.642000000
127.143802,20.643000000
127.161834,20.644000000
127.164576,20.645000000
127.181154,20.646000000
127.195245,20.647000000
127.202098,20.648000000
127.212317,20.649000000
127.212620,20.650000000
127.235966,20.651000000
127.236059,20.652000000
127.236105,20.653000000
127.237208,20.654000000
127.244464,20.655000000
127.265409,20.656000000
127.273182,20.657000000
127.294839,20.658000000
127.296229,20.659000000
127.300262,20.660000000
127.301982,20.661000000
127.302805,20.662000000
127.309289,20.663000000
127.309956,20.664000000
127.312672,20.665000000
127.325514,20.666000000
127.336015,20.667000000
127.350458,20.668000000
127.358952,20.669000000
127.364049,20.670000000
127.379798,20.671000000
127.387633,20.672000000
127.395205,20.673000000
127.402522,20.674000000
127.426441,20.675000000
127.434914,20.676000000
127.451264,20.677000000
127.460044,20.678000000
127.464882,20.679000000
127.470191,20.680000000
127.479612,20.681000000
127.482351,20.682000000
127.487276,20.683000000
127.494918,20.684000000
127.499279,20.685000000
127.505269,20.686000000
127.516289,20.687000000
127.524667,20.688000000
127.530604,20.689000000
127.534930,20.690000000
127.538543,20.691000000
127.551585,20.692000000
127.558397,20.693000000
127.558547,20.694000000
127.569965,20.695000000
127.572385,20.696000000
127.579024,20.697000000
127.599006,20.698000000
127.601098,20.699000000
127.612149,20.700000000
127.627600,20.701000000
127.636035,20.702000000
127.638575,20.703000000
127.685204,20.704000000
127.693062,20.705000000
127.699336,20.706000000
127.712595,20.707000000
127.717933,20.708000000
127.726539,20.709000000
127.759640,20.710000000
127.771344,20.711000000
127.795390,20.712000000
127.807191,20.713000000
127.814370,20.714000000
127.821160,20.715000000
127.834011,20.716000000
127.843090,20.717000000
127.857344,20.718000000
127.864446,20.719000000
127.874775,20.720000000
127.887362,20.721000000
127.891018,20.722000000
127.913636,20.723000000
127.924811,20.724000000
127.931304,20.725000000
127.937206,20.726000000
127.958025,20.727000000
127.963047,20.728000000
127.972287,20.729000000
127.988109,20.730000000
127.994729,20.731000000
128.002367,20.732000000
128.007479,20.733000000
128.032163,20.734000000
128.039330,20.735000000
128.052813,20.736000000
128.074068,20.737000000
128.085000,20.738000000
128.090055,20.739000000
128.111502,20.740000000
128.122086,20.741000000
128.134172,20.742000000
128.142301,20.743000000
128.145999,20.744000000
128.159818,20.745000000
128.172167,20.746000000
128.177252,20.747000000
128.184640,20.748000000
128.195029,20.749000000
128.204197,20.750000000
128.212425,20.751000000
128.222203,20.752000000
128.225608,20.753000000
128.247996,20.754000000
128.252614,20.755000000
128.260553,20.756000000
128.283044,20.757000000
128.287618,20.758000000
128.291187,20.759000000
128.310077,20.760000000
128.312546,20.761000000
128.316897,20.762000000
128.341145,20.763000000
128.344769,20.764000000
128.364898,20.765000000
128.374937,20.766000000
128.379741,20.767000000
128.385082,20.768000000
128.406171,20.769000000
128.419118,20.770000000
128.424850,20.771000000
128.431357,20.772000000
128.444052,20.773000000
128.451709,20.774000000
128.456235,20.775000000
128.472183,20.776000000
128.485083,20.777000000
128.498394,20.778000000
128.510381,20.779000000
128.516308,20.780000000
128.524047,20.781000000
128.532481,20.782000000
128.549519,20.783000000
128.557605,20.784000000
128.561630,20.785000000
128.583591,20.786000000
128.595041,20.787000000
128.597476,20.788000000
128.609353,20.789000000
128.613837,20.790000000
128.620160,20.791000000
128.645240,20.792000000
128.649448,20.793000000
128.653306,20.794000000
128.667569,20.795000000
128.676010,20.796000000
128.682050,20.797000000
128.712351,20.798000000
128.717937,20.799000000
128.729686,20.800000000
128.738958,20.801000000
128.747364,20.802000000
128.760200,20.803000000
128.769306,20.804000000
128.775893,20.805000000
128.782499,20.806000000
128.790080,20.807000000
128.797898,20.808000000
128.803522,20.809000000
128.809336,20.810000000
128.827399,20.811000000
128.835382,20.812000000
128.848093,20.813000000
128.872353,20.814000000
128.881122,20.815000000
128.892933,20.816000000
128.911433,20.817000000
128.916389,20.818000000
128.922656,20.819000000
128.946449,20.820000000
128.950135,20.821000000
128.954162,20.822000000
128.963133,20.823000000
128.992137,20.824000000
128.998382,20.825000000
129.004476,20.826000000
129.032271,20.827000000
129.044133,20.828000000
129.055667,20.829000000
129.066958,20.830000000
129.078519,20.831000000
129.082837,20.832000000
129.095993,20.833000000
129.104587,20.834000000
129.114442,20.835000000
129.124650,20.836000000
129.135688,20.837000000
129.145632,20.838000000
129.156904,20.839000000
129.165520,20.840000000
129.172173,20.841000000
129.185628,20.842000000
129.197628,20.843000000
129.202127,20.844000000
129.215068,20.845000000
129.224487,20.846000000
129.232687,20.847000000
129.245275,20.848000000
129.252310,20.849000000
129.259618,20.850000000
129.263939,20.851000000
129.298671,20.852000000
129.308658,20.853000000
129.313221,20.854000000
129.322482,20.855000000
129.326979,20.856000000
129.336032,20.857000000
129.360344,20.858000000
129.369381,20.859000000
129.379020,20.860000000
129.388640,20.861000000
129.400227,20.862000000
129.405728,20.863000000
129.418169,20.864000000
129.428504,20.865000000
129.438590,20.866000000
129.447967,20.867000000
129.462428,20.868000000
129.470436,20.869000000
129.477209,20.870000000
129.484478,20.871000000
129.501790,20.872000000
129.517425,20.873000000
129.550810,20.874000000
129.563694,20.875000000
129.571753,20.876000000
129.580402,20.877000000
129.590525,20.878000000
129.594187,20.879000000
129.598041,20.880000000
129.608449,20.881000000
129.611243,20.882000000
129.614685,20.883000000
129.624617,20.884000000
129.627220,20.885000000
129.665580,20.886000000
129.672691,20.887000000
129.678840,20.888000000
129.697777,20.889000000
129.721018,20.890000000
129.729839,20.891000000
129.735194,20.892000000
129.745347,20.893000000
129.748522,20.894000000
129.751702,20.895000000
129.754500,20.896000000
129.761537,20.897000000
129.774486,20.898000000
129.786098,20.899000000
129.800425,20.900000000
129.816553,20.901000000
129.822647,20.902000000
129.854347,20.903000000
129.864052,20.904000000
129.870758,20.905000000
129.883738,20.906000000
129.885553,20.907000000
129.887741,20.908000000
129.897784,20.909000000
129.901670,20.910000000
129.907532,20.911000000
129.911590,20.912000000
129.915241,20.913000000
129.917670,20.914000000
129.963664,20.915000000
129.966278,20.916000000
129.968691,20.917000000
129.971114,20.918000000
129.975003,20.919000000
129.977240,20.920000000
129.985062,20.921000000
129.987636,20.922000000
129.989888,20.923000000
129.992301,20.924000000
129.995029,20.925000000
129.997344,20.926000000
130.000976,20.927000000
130.030051,20.928000000
130.041907,20.929000000
130.059348,20.930000000
130.068655,20.931000000
130.085908,20.932000000
130.099444,20.933000000
130.115210,20.934000000
130.133180,20.935000000
130.149609,20.936000000
130.149667,20.937000000
130.169895,20.938000000
130.170385,20.939000000
130.186439,20.940000000
130.186969,20.941000000
130.193904,20.942000000
130.207880,20.943000000
130.210809,20.944000000
130.219585,20.945000000
130.226199,20.946000000
130.246246,20.947000000
130.248608,20.948000000
130.258321,20.949000000
130.261016,20.950000000
130.294086,20.951000000
130.296478,20.952000000
130.317022,20.953000000
130.319468,20.954000000
130.326750,20.955000000
130.330975,20.956000000
130.338683,20.957000000
130.341030,20.958000000
130.374477,20.959000000
130.385827,20.960000000
130.388266,20.961000000
130.407359,20.962000000
130.410790,20.963000000
130.421254,20.964000000
130.424588,20.965000000
130.480322,20.966000000
130.482718,20.967000000
130.496872,20.968000000
130.519811,20.969000000
130.520312,20.970000000
130.535791,20.971000000
130.536372,20.972000000
130.543794,20.973000000
130.559991,20.974000000
130.560048,20.975000000
130.560087,20.976000000
130.560126,20.977000000
130.560163,20.978000000
130.560199,20.979000000
130.560236,20.980000000
130.561291,20.981000000
130.562860,20.982000000
130.578631,20.983000000
130.578730,20.984000000
130.578774,20.985000000
130.578816,20.986000000
130.578854,20.987000000
130.579658,20.988000000
130.579703,20.989000000
130.579740,20.990000000
130.590518,20.991000000
130.593938,20.992000000
130.598089,20.993000000
130.612347,20.994000000
130.625302,20.995000000
130.625359,20.996000000
130.626180,20.997000000
130.630607,20.998000000
130.643370,20.999000000
130.648360,21.000000000
130.658741,21.001000000
130.663685,21.002000000
130.671256,21.003000000
130.677056,21.004000000
130.679588,21.005000000
130.682343,21.006000000
130.684706,21.007000000
130.687169,21.008000000
130.690696,21.009000000
130.716263,21.010000000
130.728723,21.011000000
130.743561,21.012000000
130.752212,21.013000000
130.767836,21.014000000
130.774842,21.015000000
130.782704,21.016000000
130.793678,21.017000000
130.801708,21.018000000
130.813606,21.019000000
130.820000,21.020000000
130.826448,21.021000000
130.841297,21.022000000
130.843564,21.023000000
130.850360,21.024000000
130.856469,21.025000000
130.873643,21.026000000
130.890536,21.027000000
130.892419,21.028000000
130.902344,21.029000000
130.902424,21.030000000
130.902468,21.031000000
130.904682,21.032000000
130.910364,21.033000000
130.910671,21.034000000
130.921446,21.035000000
130.935809,21.036000000
130.942173,21.037000000
130.943978,21.038000000
130.969003,21.039000000
130.978985,21.040000000
131.002620,21.041000000
131.012801,21.042000000
131.013291,21.043000000
131.020540,21.044000000
131.030867,21.045000000
131.039979,21.046000000
131.050665,21.047000000
131.074101,21.048000000
131.078619,21.049000000
131.088251,21.050000000
131.107235,21.051000000
131.107295,21.052000000
131.109383,21.053000000
131.123722,21.054000000
131.128256,21.055000000
131.136969,21.056000000
131.152418,21.057000000
131.152469,21.058000000
131.157000,21.059000000
131.157033,21.060000000
131.160975,21.061000000
131.169091,21.062000000
131.169127,21.063000000
131.223810,21.064000000
131.230106,21.065000000
131.249784,21.066000000
131.259575,21.067000000
131.273600,21.068000000
131.287405,21.069000000
131.303145,21.070000000
131.319916,21.071000000
131.334056,21.072000000
131.334110,21.076000000
131.360069,21.077000000
131.360134,21.078000000
131.371490,21.079000000
131.371903,21.080000000
131.371938,21.081000000
131.372497,21.082000000
131.396525,21.083000000
131.431608,21.084000000
131.435690,21.085000000
131.454775,21.086000000
131.462500,21.087000000
131.466432,21.088000000
131.469737,21.089000000
131.501354,21.090000000
131.502664,21.091000000
131.519596,21.092000000
131.529344,21.093000000
131.535122,21.094000000
131.541956,21.095000000
131.543920,21.096000000
131.551335,21.097000000
131.559107,21.098000000
131.565422,21.099000000
131.577214,21.100000000
131.585822,21.101000000
131.590360,21.102000000
131.598222,21.103000000
131.607621,21.104000000
131.616776,21.105000000
131.624888,21.106000000
131.636062,21.107000000
131.646367,21.108000000
131.652092,21.109000000
131.666397,21.110000000
131.684543,21.111000000
131.695053,21.112000000
131.714982,21.113000000
131.723879,21.114000000
131.751197,21.115000000
131.757062,21.116000000
131.766041,21.117000000
131.766094,21.118000000
131.773300,21.119000000
131.797088,21.120000000
131.801244,21.121000000
131.816776,21.122000000
131.843252,21.123000000
131.860462,21.124000000
131.865716,21.125000000
131.877076,21.126000000
131.884110,21.127000000
131.905178,21.128000000
131.911587,21.129000000
131.925309,21.130000000
131.932678,21.131000000
131.938535,21.132000000
131.971327,21.133000000
131.988767,21.134000000
131.998568,21.135000000
132.007114,21.136000000
132.018398,21.137000000
132.027164,21.138000000
132.038594,21.139000000
132.047624,21.140000000
132.064952,21.141000000
132.074398,21.142000000
132.085150,21.143000000
132.096922,21.144000000
132.101529,21.145000000
132.139691,21.146000000
132.144023,21.147000000
132.167420,21.148000000
132.179939,21.149000000
132.197132,21.150000000
132.198997,21.151000000
132.217100,21.152000000
132.237342,21.153000000
132.239310,21.154000000
132.250520,21.155000000
132.272399,21.156000000
132.276762,21.157000000
132.284454,21.158000000
132.303057,21.159000000
132.316791,21.160000000
132.323343,21.161000000
132.333331,21.162000000
132.368229,21.163000000
132.372104,21.164000000
132.382653,21.165000000
132.391388,21.166000000
132.402081,21.167000000
132.411678,21.168000000
132.432967,21.169000000
132.448216,21.170000000
132.463588,21.171000000
132.471367,21.172000000
132.486599,21.173000000
132.494653,21.174000000
132.506230,21.175000000
132.512936,21.176000000
132.540223,21.177000000
132.554519,21.178000000
132.563514,21.179000000
132.586232,21.180000000
132.591118,21.181000000
132.608651,21.182000000
132.614612,21.183000000
132.634241,21.184000000
132.644574,21.185000000
132.665258,21.186000000
132.682826,21.187000000
132.691570,21.188000000
132.705506,21.189000000
132.722786,21.190000000
132.752166,21.191000000
132.770928,21.192000000
132.791770,21.193000000
132.801623,21.194000000
132.818056,21.195000000
132.828461,21.196000000
132.840316,21.197000000
132.850131,21.198000000
132.867398,21.199000000
132.867444,21.200000000
132.879287,21.201000000
132.924489,21.202000000
132.946170,21.203000000
132.947976,21.204000000
132.950048,21.205000000
132.980662,21.206000000
132.983953,21.207000000
133.005136,21.208000000
133.005181,21.210000000
133.010751,21.211000000
133.021518,21.212000000
133.021562,21.213000000
133.022961,21.214000000
133.030631,21.215000000
133.030675,21.216000000
133.049858,21.217000000
133.055472,21.218000000
133.064691,21.219000000
133.075615,21.220000000
133.085635,21.221000000
133.111837,21.222000000
133.130254,21.223000000
133.152862,21.224000000
133.168203,21.225000000
133.181624,21.226000000
133.196395,21.227000000
133.205702,21.228000000
133.224605,21.229000000
133.231514,21.230000000
133.241628,21.231000000
133.247954,21.232000000
133.259273,21.233000000
133.266879,21.234000000
133.266914,21.236000000
133.274232,21.237000000
133.274269,21.239000000
133.278839,21.240000000
133.280144,21.241000000
133.280178,21.242000000
133.289027,21.243000000
133.289061,21.246000000
133.294592,21.247000000
133.294632,21.248000000
133.294657,21.249000000
133.297265,21.250000000
133.319573,21.251000000
133.326194,21.252000000
133.341239,21.253000000
133.351361,21.254000000
133.355587,21.255000000
133.376379,21.256000000
133.388653,21.257000000
133.400154,21.258000000
133.408377,21.259000000
133.412333,21.260000000
133.446620,21.261000000
133.458213,21.262000000
133.472570,21.263000000
133.490241,21.264000000
133.501415,21.265000000
133.516152,21.266000000
133.526492,21.267000000
133.542520,21.268000000
133.553074,21.269000000
133.563260,21.270000000
133.567172,21.271000000
133.571527,21.272000000
133.605673,21.273000000
133.618183,21.274000000
133.626955,21.275000000
133.657784,21.276000000
133.663188,21.277000000
133.667279,21.278000000
133.671307,21.279000000
133.676346,21.280000000
133.691129,21.281000000
133.697109,21.282000000
133.710857,21.283000000
133.724443,21.284000000
133.736604,21.285000000
133.736645,21.286000000
133.744571,21.287000000
133.758093,21.288000000
133.758135,21.289000000
133.764166,21.290000000
133.782487,21.291000000
133.799665,21.292000000
133.815130,21.293000000
133.815171,21.294000000
133.819510,21.295000000
133.827372,21.296000000
133.851408,21.297000000
133.855033,21.298000000
133.861756,21.299000000
133.872179,21.300000000
133.880490,21.301000000
133.888587,21.302000000
133.896246,21.303000000
133.906434,21.304000000
133.906478,21.305000000
133.924289,21.306000000
133.924329,21.307000000
133.927656,21.308000000
133.932651,21.309000000
133.942041,21.310000000
133.950422,21.311000000
133.960368,21.312000000
133.966049,21.313000000
133.972105,21.314000000
133.976404,21.315000000
133.986050,21.316000000
133.990060,21.317000000
133.997726,21.318000000
134.003841,21.319000000
134.011783,21.320000000
134.017449,21.321000000
134.029607,21.322000000
134.055016,21.323000000
134.067352,21.324000000
134.067393,21.325000000
134.092473,21.326000000
134.097229,21.327000000
134.105932,21.328000000
134.112080,21.329000000
134.117464,21.330000000
134.126199,21.331000000
134.152732,21.332000000
134.161065,21.333000000
134.182045,21.334000000
134.186476,21.335000000
134.199360,21.336000000
134.199402,21.337000000
134.210217,21.338000000
134.227912,21.339000000
134.250408,21.340000000
134.260992,21.341000000
134.266698,21.342000000
134.274481,21.343000000
134.280290,21.344000000
134.283653,21.345000000
134.323913,21.346000000
134.323955,21.347000000
134.333801,21.348000000
134.333842,21.349000000
134.340399,21.350000000
134.349746,21.351000000
134.360148,21.352000000
134.361221,21.353000000
134.370800,21.354000000
134.376184,21.355000000
134.386145,21.356000000
134.397285,21.357000000
134.404031,21.358000000
134.412186,21.359000000
134.428259,21.360000000
134.439423,21.361000000
134.451534,21.362000000
134.467656,21.363000000
134.480368,21.364000000
134.488066,21.365000000
134.494076,21.366000000
134.499519,21.367000000
134.502943,21.368000000
134.516435,21.369000000
134.526057,21.370000000
134.540212,21.371000000
134.549677,21.372000000
134.554914,21.373000000
134.578528,21.374000000
134.586375,21.375000000
134.591180,21.376000000
134.596069,21.377000000
134.608728,21.378000000
134.617805,21.379000000
134.619502,21.380000000
134.628761,21.381000000
134.632422,21.382000000
134.654758,21.383000000
134.661939,21.384000000
134.668888,21.385000000
134.670900,21.386000000
134.689561,21.387000000
134.690624,21.388000000
134.696740,21.389000000
134.700835,21.390000000
134.724890,21.391000000
134.733623,21.392000000
134.752428,21.393000000
134.763780,21.394000000
134.778362,21.395000000
134.793901,21.396000000
134.803058,21.397000000
134.814648,21.398000000
134.823517,21.399000000
134.841787,21.400000000
134.857599,21.401000000
134.860871,21.402000000
134.865952,21.403000000
134.871025,21.404000000
134.877369,21.405000000
134.908092,21.406000000
134.916021,21.407000000
134.920377,21.408000000
134.929209,21.409000000
134.958189,21.410000000
134.964203,21.411000000
134.967555,21.412000000
134.979087,21.413000000
134.988695,21.414000000
134.991852,21.415000000
134.996348,21.416000000
135.014768,21.417000000
135.030016,21.418000000
135.038756,21.419000000
135.040673,21.420000000
135.046188,21.421000000
135.063122,21.422000000
135.069686,21.423000000
135.071724,21.424000000
135.096730,21.425000000
135.110149,21.426000000
135.122106,21.427000000
135.131598,21.428000000
135.144420,21.429000000
135.154429,21.430000000
135.173553,21.431000000
135.181107,21.432000000
135.200062,21.433000000
135.209218,21.434000000
135.215207,21.435000000
135.222517,21.436000000
135.231840,21.437000000
135.258190,21.438000000
135.269643,21.439000000
135.274467,21.440000000
135.286892,21.441000000
135.290694,21.442000000
135.300493,21.443000000
135.321276,21.444000000
135.326773,21.445000000
135.331924,21.446000000
135.344489,21.447000000
135.350142,21.448000000
135.365340,21.449000000
135.371430,21.450000000
135.377629,21.451000000
135.400060,21.452000000
135.410907,21.453000000
135.412914,21.454000000
135.426206,21.455000000
135.430197,21.456000000
135.442472,21.457000000
135.471453,21.458000000
135.482888,21.459000000
135.495198,21.460000000
135.505314,21.461000000
135.514619,21.462000000
135.524351,21.463000000
135.534787,21.464000000
135.548013,21.465000000
135.561094,21.466000000
135.571742,21.467000000
135.577533,21.468000000
135.581731,21.469000000
135.587976,21.470000000
135.594932,21.471000000
135.602914,21.472000000
135.627528,21.473000000
135.635262,21.474000000
135.641070,21.475000000
135.649113,21.476000000
135.672803,21.477000000
135.679938,21.478000000
135.686037,21.479000000
135.688050,21.480000000
135.702319,21.481000000
135.710478,21.482000000
135.714004,21.483000000
135.720170,21.484000000
135.726383,21.485000000
135.756253,21.486000000
135.762170,21.487000000
135.777165,21.488000000
135.779203,21.489000000
135.806027,21.490000000
135.819264,21.491000000
135.830565,21.492000000
135.842697,21.493000000
135.855108,21.494000000
135.862387,21.495000000
135.870261,21.496000000
135.888815,21.497000000
135.893177,21.498000000
135.905503,21.499000000
135.916984,21.500000000
135.922520,21.501000000
135.929578,21.502000000
135.935242,21.503000000
135.943891,21.504000000
135.947500,21.505000000
135.983782,21.506000000
135.995006,21.507000000
136.002704,21.508000000
136.006684,21.509000000
136.035562,21.510000000
136.040429,21.511000000
136.046034,21.512000000
136.060586,21.513000000
136.062859,21.514000000
136.070562,21.515000000
136.081753,21.516000000
136.106530,21.517000000
136.111784,21.518000000
136.115941,21.519000000
136.130256,21.520000000
136.137533,21.521000000
136.141222,21.522000000
136.150773,21.523000000
136.179590,21.524000000
136.186852,21.525000000
136.197986,21.526000000
136.207654,21.527000000
136.218029,21.528000000
136.228271,21.529000000
136.238624,21.530000000
136.254572,21.531000000
136.259724,21.532000000
136.269094,21.533000000
136.282218,21.534000000
136.286010,21.535000000
136.292442,21.536000000
136.300035,21.537000000
136.305357,21.538000000
136.341394,21.539000000
136.348376,21.540000000
136.355891,21.541000000
136.383577,21.542000000
136.391077,21.543000000
136.393007,21.544000000
136.406843,21.545000000
136.414619,21.546000000
136.418374,21.547000000
136.424640,21.548000000
136.428461,21.549000000
136.451621,21.550000000
136.461277,21.551000000
136.464568,21.552000000
136.468678,21.553000000
136.474843,21.554000000
136.484253,21.555000000
136.490123,21.556000000
136.527658,21.557000000
136.537105,21.558000000
136.549950,21.559000000
136.553746,21.560000000
136.559863,21.561000000
136.566358,21.562000000
136.572471,21.563000000
136.582234,21.564000000
136.595022,21.565000000
136.604436,21.566000000
136.611570,21.567000000
136.617342,21.568000000
136.627362,21.569000000
136.634958,21.570000000
136.641748,21.571000000
136.650587,21.572000000
136.655210,21.573000000
136.665638,21.574000000
136.674421,21.575000000
136.680250,21.576000000
136.704725,21.577000000
136.714075,21.578000000
136.725821,21.579000000
136.731694,21.580000000
136.738341,21.581000000
136.746357,21.582000000
136.758656,21.583000000
136.764195,21.584000000
136.770610,21.585000000
136.780587,21.586000000
136.785859,21.587000000
136.792154,21.588000000
136.798864,21.589000000
136.805659,21.590000000
136.816989,21.591000000
136.820686,21.592000000
136.828745,21.593000000
136.834333,21.594000000
136.842395,21.595000000
136.848842,21.596000000
136.860754,21.597000000
136.869961,21.598000000
136.874177,21.599000000
136.881403,21.600000000
136.890313,21.601000000
136.894139,21.602000000
136.902429,21.603000000
136.910795,21.604000000
136.917066,21.605000000
136.925076,21.606000000
136.931159,21.607000000
136.941175,21.608000000
136.946945,21.609000000
136.953372,21.610000000
136.964988,21.611000000
136.972071,21.612000000
136.982292,21.613000000
136.986019,21.614000000
136.994196,21.615000000
136.999968,21.616000000
137.006295,21.617000000
137.012532,21.618000000
137.022186,21.619000000
137.027461,21.620000000
137.035531,21.621000000
137.041123,21.622000000
137.049742,21.623000000
137.058639,21.624000000
137.064800,21.625000000
137.070789,21.626000000
137.078354,21.627000000
137.101149,21.628000000
137.113283,21.629000000
137.121078,21.630000000
137.133604,21.631000000
137.142628,21.632000000
137.146592,21.633000000
137.155891,21.634000000
137.167228,21.635000000
137.175426,21.636000000
137.181944,21.637000000
137.189277,21.638000000
137.196503,21.639000000
137.204805,21.640000000
137.212282,21.641000000
137.219213,21.642000000
137.224242,21.643000000
137.233985,21.644000000
137.237986,21.645000000
137.248607,21.646000000
137.252159,21.647000000
137.260346,21.648000000
137.266561,21.649000000
137.272973,21.650000000
137.286157,21.651000000
137.295235,21.652000000
137.299974,21.653000000
137.308149,21.654000000
137.313770,21.655000000
137.323458,21.656000000
137.330661,21.657000000
137.340791,21.658000000
137.347623,21.659000000
137.351793,21.660000000
137.362550,21.661000000
137.368151,21.662000000
137.374372,21.663000000
137.382474,21.664000000
137.387970,21.665000000
137.396135,21.666000000
137.402756,21.667000000
137.415135,21.668000000
137.422546,21.669000000
137.430979,21.670000000
137.437060,21.671000000
137.444025,21.672000000
137.450408,21.673000000
137.457639,21.674000000
137.464055,21.675000000
137.478452,21.676000000
137.485823,21.677000000
137.492261,21.678000000
137.508482,21.679000000
137.520021,21.680000000
137.529308,21.681000000
137.540514,21.682000000
137.545058,21.683000000
137.553061,21.684000000
137.562310,21.685000000
137.567724,21.686000000
137.575028,21.687000000
137.584472,21.688000000
137.590273,21.689000000
137.594346,21.690000000
137.605381,21.691000000
137.612629,21.692000000
137.616280,21.693000000
137.624871,21.694000000
137.634223,21.695000000
137.640341,21.696000000
137.648079,21.697000000
137.654374,21.698000000
137.660739,21.699000000
137.668762,21.700000000
137.689575,21.701000000
137.705040,21.702000000
137.713251,21.703000000
137.728117,21.704000000
137.738114,21.705000000
137.741853,21.706000000
137.754331,21.707000000
137.754373,21.708000000
137.778374,21.709000000
137.791420,21.710000000
137.801531,21.711000000
137.815295,21.712000000
137.824653,21.713000000
137.836884,21.714000000
137.836924,21.715000000
137.856797,21.716000000
137.870542,21.717000000
137.871139,21.718000000
137.882818,21.719000000
137.903845,21.720000000
137.915184,21.721000000
137.923812,21.722000000
137.934044,21.723000000
137.948047,21.724000000
137.955071,21.725000000
137.967524,21.726000000
137.967602,21.727000000
137.994791,21.728000000
137.995517,21.729000000
138.006196,21.730000000
138.006239,21.731000000
138.017959,21.732000000
138.025640,21.733000000
138.031080,21.734000000
138.036660,21.735000000
138.062646,21.736000000
138.069061,21.737000000
138.069101,21.738000000
138.082980,21.739000000
138.083024,21.740000000
138.102860,21.741000000
138.102927,21.742000000
138.108331,21.743000000
138.142607,21.744000000
138.142648,21.745000000
138.155904,21.746000000
138.169151,21.747000000
138.178331,21.748000000
138.178370,21.749000000
138.201944,21.750000000
138.202010,21.751000000
138.216609,21.752000000
138.229346,21.753000000
138.238709,21.754000000
138.245413,21.755000000
138.250392,21.756000000
138.264636,21.757000000
138.264681,21.758000000
138.284676,21.759000000
138.284748,21.760000000
138.300630,21.761000000
138.318182,21.762000000
138.322188,21.763000000
138.331766,21.764000000
138.335473,21.765000000
138.364430,21.766000000
138.367800,21.767000000
138.384436,21.768000000
138.392145,21.769000000
138.399187,21.770000000
138.402652,21.771000000
138.408485,21.772000000
138.416764,21.773000000
138.416833,21.774000000
138.446265,21.775000000
138.446310,21.776000000
138.454326,21.777000000
138.466138,21.778000000
138.477981,21.779000000
138.478021,21.780000000
138.484306,21.781000000
138.514997,21.782000000
138.522892,21.783000000
138.537065,21.784000000
138.545080,21.785000000
138.558717,21.786000000
138.558845,21.787000000
138.570642,21.788000000
138.584442,21.789000000
138.595622,21.790000000
138.607865,21.791000000
138.612980,21.792000000
138.625933,21.793000000
138.631793,21.794000000
138.634787,21.795000000
138.642424,21.796000000
138.651916,21.797000000
138.651986,21.798000000
138.665716,21.799000000
138.675211,21.800000000
138.682608,21.801000000
138.682679,21.802000000
138.687517,21.803000000
138.722647,21.804000000
138.732920,21.805000000
138.748921,21.806000000
138.748964,21.807000000
138.764966,21.808000000
138.772372,21.809000000
138.778797,21.810000000
138.778840,21.811000000
138.806334,21.812000000
138.809958,21.813000000
138.816670,21.814000000
138.824377,21.815000000
138.846591,21.816000000
138.863050,21.817000000
138.863094,21.818000000
138.870952,21.819000000
138.870999,21.820000000
138.906221,21.821000000
138.913226,21.822000000
138.921451,21.823000000
138.935235,21.824000000
138.951034,21.825000000
138.951076,21.827000000
138.965802,21.828000000
138.965843,21.829000000
138.972066,21.830000000
138.972108,21.831000000
138.981955,21.832000000
138.988807,21.833000000
138.996954,21.834000000
139.003247,21.835000000
139.006398,21.836000000
139.015059,21.837000000
139.023764,21.838000000
139.023805,21.839000000
139.035560,21.840000000
139.036653,21.841000000
139.044446,21.842000000
139.055941,21.843000000
139.055980,21.844000000
139.064822,21.845000000
139.072356,21.846000000
139.083035,21.847000000
139.083082,21.848000000
139.091069,21.849000000
139.105966,21.850000000
139.120238,21.851000000
139.128277,21.852000000
139.139715,21.853000000
139.139756,21.854000000
139.151220,21.855000000
139.158356,21.856000000
139.164593,21.857000000
139.171240,21.858000000
139.177607,21.859000000
139.187062,21.860000000
139.192253,21.861000000
139.197794,21.862000000
139.203284,21.863000000
139.228631,21.864000000
139.228675,21.867000000
139.233493,21.868000000
139.241594,21.869000000
139.248007,21.870000000
139.257430,21.871000000
139.265630,21.872000000
139.270203,21.873000000
139.276960,21.874000000
139.282487,21.875000000
139.294272,21.876000000
139.299007,21.877000000
139.308662,21.878000000
139.308702,21.879000000
139.313248,21.880000000
139.324307,21.881000000
139.334707,21.882000000
139.335695,21.883000000
139.346795,21.884000000
139.346857,21.885000000
139.363466,21.886000000
139.364124,21.887000000
139.373312,21.888000000
139.380594,21.889000000
139.387268,21.890000000
139.393334,21.891000000
139.402148,21.892000000
139.407474,21.893000000
139.411150,21.894000000
139.417036,21.895000000
139.426924,21.896000000
139.445196,21.897000000
139.447351,21.898000000
139.456174,21.899000000
139.462372,21.900000000
139.471422,21.901000000
139.486246,21.902000000
139.495888,21.903000000
139.503213,21.904000000
139.514252,21.905000000
139.527094,21.906000000
139.530604,21.907000000
139.541939,21.908000000
139.541984,21.909000000
139.552572,21.910000000
139.557753,21.911000000
139.564835,21.912000000
139.570455,21.913000000
139.577942,21.914000000
139.584441,21.915000000
139.591969,21.916000000
139.596546,21.917000000
139.600823,21.918000000
139.611726,21.919000000
139.611773,21.920000000
139.624063,21.921000000
139.624106,21.922000000
139.634307,21.923000000
139.640163,21.924000000
139.647905,21.925000000
139.649305,21.926000000
139.663139,21.927000000
139.675145,21.928000000
139.675186,21.929000000
139.681192,21.930000000
139.693353,21.931000000
139.693393,21.932000000
139.699378,21.933000000
139.709292,21.934000000
139.717598,21.935000000
139.717636,21.936000000
139.726372,21.937000000
139.730440,21.938000000
139.747190,21.939000000
139.747231,21.940000000
139.762655,21.941000000
139.762696,21.943000000
139.771613,21.944000000
139.782963,21.945000000
139.783030,21.946000000
139.792374,21.947000000
139.794803,21.948000000
139.799497,21.949000000
139.808234,21.950000000
139.814372,21.951000000
139.819445,21.952000000
139.833229,21.953000000
139.833271,21.954000000
139.842128,21.955000000
139.845937,21.956000000
139.866637,21.957000000
139.876127,21.958000000
139.884819,21.959000000
139.892806,21.960000000
139.906944,21.961000000
139.906986,21.962000000
139.914547,21.963000000
139.923089,21.964000000
139.933292,21.965000000
139.933364,21.966000000
139.950056,21.967000000
139.950096,21.968000000
139.954232,21.969000000
139.959156,21.970000000
139.966539,21.971000000
139.982316,21.972000000
139.982366,21.973000000
139.990283,21.974000000
139.994283,21.975000000
140.002074,21.976000000
140.010476,21.977000000
140.016342,21.978000000
140.028399,21.979000000
140.028440,21.980000000
140.033012,21.981000000
140.046433,21.982000000
140.058649,21.983000000
140.064756,21.984000000
140.064799,21.985000000
140.075986,21.986000000
140.084224,21.987000000
140.090131,21.988000000
140.097393,21.989000000
140.100402,21.990000000
140.106414,21.991000000
140.117877,21.992000000
140.117919,21.993000000
140.131257,21.994000000
140.137604,21.995000000
140.138257,21.996000000
140.151335,21.997000000
140.162641,21.998000000
140.162682,21.999000000
140.174632,22.000000000
140.177713,22.001000000
140.184371,22.002000000
140.198460,22.003000000
140.198501,22.004000000
140.212047,22.005000000
140.212159,22.006000000
140.212190,22.007000000
140.221308,22.008000000
140.227159,22.009000000
140.257242,22.010000000
140.257911,22.011000000
140.269902,22.012000000
140.276754,22.013000000
140.282089,22.014000000
140.290090,22.015000000
140.296073,22.016000000
140.310102,22.017000000
140.315258,22.018000000
140.328258,22.019000000
140.345091,22.020000000
140.362104,22.021000000
140.377751,22.022000000
140.384327,22.023000000
140.400582,22.024000000
140.407455,22.025000000
140.416281,22.026000000
140.430743,22.027000000
140.433418,22.028000000
140.445780,22.029000000
140.452259,22.030000000
140.456939,22.031000000
140.457006,22.032000000
140.472310,22.033000000
140.472355,22.036000000
140.489059,22.037000000
140.489134,22.041000000
140.507886,22.042000000
140.512135,22.043000000
140.515772,22.044000000
140.515806,22.045000000
140.527473,22.046000000
140.527511,22.048000000
140.556168,22.049000000
140.556224,22.051000000
140.570003,22.052000000
140.570071,22.053000000
140.570825,22.054000000
140.583442,22.055000000
140.594772,22.056000000
140.608768,22.057000000
140.609819,22.058000000
140.619772,22.059000000
140.619819,22.061000000
140.655449,22.062000000
140.669623,22.063000000
140.669711,22.064000000
140.675974,22.065000000
140.679487,22.066000000
140.686518,22.067000000
140.699808,22.068000000
140.699857,22.069000000
140.719434,22.070000000
140.719478,22.076000000
140.726569,22.077000000
140.756733,22.078000000
140.768268,22.079000000
140.780252,22.080000000
140.792285,22.081000000
140.799523,22.082000000
140.811391,22.083000000
140.817298,22.084000000
140.826823,22.085000000
140.839001,22.086000000
140.849059,22.087000000
140.855647,22.088000000
140.862658,22.089000000
140.875169,22.090000000
140.880715,22.091000000
140.886724,22.092000000
140.891178,22.093000000
140.893296,22.094000000
140.905971,22.095000000
140.906013,22.098000000
140.914068,22.099000000
140.914135,22.100000000
140.922811,22.101000000
140.922848,22.102000000
140.934901,22.103000000
140.945729,22.104000000
140.955016,22.105000000
140.962835,22.106000000
140.997043,22.107000000
141.000669,22.108000000
141.013598,22.109000000
141.039312,22.110000000
141.052043,22.111000000
141.052088,22.112000000
141.055832,22.113000000
141.062787,22.114000000
141.091055,22.115000000
141.093424,22.116000000
141.107339,22.117000000
141.114115,22.118000000
141.114484,22.119000000
141.116573,22.120000000
141.119135,22.121000000
141.132854,22.122000000
141.134357,22.123000000
141.137232,22.124000000
141.139431,22.125000000
141.143759,22.126000000
141.145746,22.127000000
141.148024,22.128000000
141.157513,22.129000000
141.174688,22.130000000
141.191903,22.131000000
141.220032,22.132000000
141.226799,22.133000000
141.249007,22.134000000
141.254104,22.135000000
141.260991,22.136000000
141.271448,22.137000000
141.271716,22.138000000
141.284993,22.139000000
141.285049,22.140000000
141.300908,22.141000000
141.310232,22.142000000
141.310281,22.143000000
141.320028,22.144000000
141.326212,22.145000000
141.326260,22.146000000
141.349015,22.147000000
141.351343,22.148000000
141.367195,22.149000000
141.367249,22.152000000
141.367908,22.153000000
141.373101,22.154000000
141.381836,22.155000000
141.394576,22.156000000
141.398769,22.157000000
141.409728,22.158000000
141.413279,22.159000000
141.422472,22.160000000
141.439165,22.161000000
141.441933,22.162000000
141.445703,22.163000000
141.464287,22.164000000
141.471568,22.165000000
141.484814,22.166000000
141.487074,22.167000000
141.489674,22.168000000
141.500722,22.169000000
141.508623,22.170000000
141.518110,22.171000000
141.528049,22.172000000
141.531749,22.173000000
141.536522,22.174000000
141.541282,22.175000000
141.545388,22.176000000
141.549082,22.177000000
141.564151,22.178000000
141.576962,22.179000000
141.579044,22.180000000
141.589301,22.181000000
141.599559,22.182000000
141.611999,22.183000000
141.636445,22.184000000
141.655804,22.185000000
141.663456,22.186000000
141.681384,22.187000000
141.683810,22.188000000
141.710641,22.189000000
141.724967,22.190000000
141.737381,22.191000000
141.762117,22.192000000
141.762295,22.193000000
141.771850,22.194000000
141.776495,22.195000000
141.793670,22.196000000
141.795773,22.197000000
141.806058,22.198000000
141.806160,22.199000000
141.806203,22.200000000
141.806243,22.201000000
141.809850,22.202000000
141.820567,22.203000000
141.828595,22.204000000
141.840276,22.205000000
141.847664,22.206000000
141.854012,22.207000000
141.884943,22.208000000
141.896803,22.209000000
141.902236,22.210000000
141.930370,22.211000000
141.946969,22.212000000
141.955290,22.213000000
141.974835,22.214000000
141.993786,22.215000000
142.003651,22.216000000
142.012280,22.217000000
142.019928,22.218000000
142.031432,22.219000000
142.031536,22.220000000
142.047646,22.221000000
142.061295,22.222000000
142.063169,22.223000000
142.071101,22.224000000
142.077403,22.225000000
142.087704,22.226000000
142.098153,22.227000000
142.108201,22.228000000
142.120624,22.229000000
142.128015,22.230000000
142.136053,22.231000000
142.146151,22.232000000
142.162289,22.233000000
142.170747,22.234000000
142.170841,22.235000000
142.183629,22.236000000
142.195787,22.237000000
142.196045,22.238000000
142.204844,22.239000000
142.218397,22.240000000
142.223697,22.241000000
142.233404,22.242000000
142.242629,22.243000000
142.242989,22.244000000
142.244338,22.245000000
142.250264,22.246000000
142.250340,22.247000000
142.250384,22.248000000
142.251934,22.249000000
142.259642,22.250000000
142.259726,22.251000000
142.259772,22.252000000
142.262501,22.253000000
142.262775,22.254000000
142.270754,22.255000000
142.270824,22.256000000
142.270865,22.257000000
142.270910,22.258000000
142.282755,22.259000000
142.282854,22.260000000
142.282897,22.261000000
142.287001,22.262000000
142.294519,22.263000000
142.297854,22.264000000
142.314265,22.265000000
142.314343,22.266000000
142.314387,22.267000000
142.314428,22.268000000
142.314486,22.269000000
142.315175,22.270000000
142.335479,22.271000000
142.342033,22.272000000
142.342188,22.273000000
142.342233,22.274000000
142.342273,22.275000000
142.342311,22.276000000
142.343492,22.277000000
142.349119,22.278000000
142.350127,22.279000000
142.391605,22.280000000
142.408969,22.281000000
142.411428,22.282000000
142.415917,22.283000000
142.426308,22.284000000
142.426524,22.285000000
142.429502,22.286000000
142.436129,22.287000000
142.436627,22.288000000
142.460876,22.289000000
142.468530,22.290000000
142.482663,22.291000000
142.483040,22.292000000
142.498393,22.293000000
142.529826,22.294000000
142.543595,22.295000000
142.548679,22.296000000
142.575606,22.297000000
142.583999,22.298000000
142.597466,22.299000000
142.607324,22.300000000
142.625223,22.301000000
142.633525,22.302000000
142.652879,22.303000000
142.657549,22.304000000
142.660214,22.305000000
142.662705,22.306000000
142.664995,22.307000000
142.668179,22.308000000
142.671680,22.309000000
142.674397,22.310000000
142.676974,22.311000000
142.683116,22.312000000
142.685431,22.313000000
142.688147,22.314000000
142.690360,22.315000000
142.693101,22.316000000
142.696690,22.317000000
142.700060,22.318000000
142.702626,22.319000000
142.704820,22.320000000
142.707071,22.321000000
142.711016,22.322000000
142.713860,22.323000000
142.716315,22.324000000
142.719605,22.325000000
142.725328,22.326000000
142.727523,22.327000000
142.729764,22.328000000
142.731853,22.329000000
142.736057,22.330000000
142.738201,22.331000000
142.742145,22.332000000
142.744519,22.333000000
142.747342,22.334000000
142.755166,22.335000000
142.777843,22.336000000
142.794214,22.337000000
142.794666,22.338000000
142.820773,22.339000000
142.821570,22.340000000
142.823455,22.341000000
142.824670,22.342000000
142.828038,22.343000000
142.830141,22.344000000
142.861924,22.345000000
142.861995,22.346000000
142.866152,22.347000000
142.911716,22.348000000
142.925878,22.349000000
142.933367,22.350000000
142.952852,22.351000000
142.964373,22.352000000
142.982937,22.353000000
142.992373,22.354000000
143.009841,22.355000000
143.015558,22.356000000
143.020387,22.357000000
143.022996,22.358000000
143.024734,22.359000000
143.043594,22.360000000
143.046245,22.361000000
143.053983,22.362000000
143.057479,22.363000000
143.061806,22.364000000
143.069144,22.365000000
143.073753,22.366000000
143.078424,22.367000000
143.093633,22.368000000
143.113049,22.369000000
143.117253,22.370000000
143.121186,22.371000000
143.123431,22.372000000
143.125909,22.373000000
143.128359,22.374000000
143.130578,22.375000000
143.133687,22.376000000
143.135861,22.377000000
143.150131,22.378000000
143.152741,22.379000000
143.163745,22.380000000
143.166338,22.381000000
143.180394,22.382000000
143.180496,22.385000000
143.180528,22.387000000
143.183748,22.388000000
143.183786,22.389000000
143.190748,22.390000000
143.190791,22.391000000
143.196036,22.392000000
143.207256,22.393000000
143.207309,22.397000000
143.225881,22.398000000
143.233657,22.399000000
143.245820,22.400000000
143.252515,22.401000000
143.259226,22.402000000
143.289424,22.403000000
143.300678,22.404000000
143.308314,22.405000000
143.318806,22.406000000
143.319912,22.407000000
143.332126,22.408000000
143.338807,22.409000000
143.354873,22.410000000
143.358704,22.411000000
143.371574,22.412000000
143.376253,22.413000000
143.389825,22.414000000
143.395682,22.415000000
143.403263,22.416000000
143.408792,22.417000000
143.431981,22.418000000
143.443439,22.419000000
143.456914,22.420000000
143.479365,22.421000000
143.498092,22.422000000
143.511697,22.423000000
143.526725,22.424000000
143.536256,22.425000000
143.539500,22.426000000
143.570962,22.427000000
143.574585,22.428000000
143.588041,22.429000000
143.591593,22.430000000
143.595919,22.431000000
143.627807,22.432000000
143.642246,22.433000000
143.648711,22.434000000
143.663517,22.435000000
143.672448,22.436000000
143.689425,22.437000000
143.713145,22.438000000
143.713228,22.439000000
143.721801,22.440000000
143.733117,22.441000000
143.739126,22.442000000
143.745482,22.443000000
143.753450,22.444000000
143.771619,22.445000000
143.782772,22.446000000
143.796091,22.447000000
143.804300,22.448000000
143.815242,22.449000000
143.829043,22.450000000
143.841394,22.451000000
143.850681,22.452000000
143.863259,22.453000000
143.883603,22.454000000
143.896718,22.455000000
143.901872,22.456000000
143.905023,22.457000000
143.911792,22.458000000
143.924740,22.459000000
143.942968,22.460000000
143.945419,22.461000000
143.951175,22.462000000
143.955490,22.463000000
143.962043,22.464000000
143.966722,22.465000000
143.970347,22.466000000
143.975434,22.467000000
143.978293,22.468000000
143.982960,22.469000000
143.989881,22.470000000
143.994593,22.471000000
144.003569,22.472000000
144.007834,22.473000000
144.014897,22.474000000
144.021275,22.475000000
144.031998,22.476000000
144.042738,22.477000000
144.051911,22.478000000
144.060418,22.479000000
144.073321,22.480000000
144.079700,22.481000000
144.083880,22.482000000
144.092845,22.483000000
144.096549,22.484000000
144.100793,22.485000000
144.118501,22.486000000
144.126836,22.487000000
144.132786,22.488000000
144.141824,22.489000000
144.161860,22.490000000
144.170211,22.491000000
144.178255,22.492000000
144.206858,22.493000000
144.217202,22.494000000
144.232617,22.495000000
144.241008,22.496000000
144.257889,22.497000000
144.263605,22.498000000
144.281211,22.499000000
144.285003,22.500000000
144.297366,22.501000000
144.307547,22.502000000
144.318085,22.503000000
144.339183,22.504000000
144.339239,22.505000000
144.353848,22.506000000
144.381524,22.507000000
144.395670,22.508000000
144.415207,22.509000000
144.418691,22.510000000
144.422810,22.511000000
144.423279,22.512000000
144.437773,22.513000000
144.437866,22.514000000
144.437910,22.515000000
144.437951,22.516000000
144.437989,22.517000000
144.462873,22.518000000
144.471982,22.519000000
144.472536,22.520000000
144.491808,22.521000000
144.491873,22.522000000
144.491915,22.523000000
144.491955,22.524000000
144.491993,22.525000000
144.500591,22.526000000
144.504651,22.527000000
144.504721,22.528000000
144.508610,22.529000000
144.518664,22.530000000
144.518801,22.531000000
144.519171,22.532000000
144.522960,22.533000000
144.528294,22.534000000
144.533828,22.535000000
144.548989,22.536000000
144.549324,22.537000000
144.549381,22.538000000
144.549448,22.539000000
144.549486,22.540000000
144.549523,22.541000000
144.554986,22.542000000
144.555055,22.543000000
144.571043,22.544000000
144.584738,22.545000000
144.601168,22.546000000
144.601609,22.547000000
144.602616,22.548000000
144.618214,22.549000000
144.631090,22.550000000
144.640082,22.551000000
144.644401,22.552000000
144.661343,22.553000000
144.661900,22.554000000
144.661967,22.555000000
144.682608,22.556000000
144.683022,22.557000000
144.694904,22.558000000
144.699629,22.559000000
144.724593,22.560000000
144.725775,22.561000000
144.735224,22.562000000
144.752056,22.563000000
144.759950,22.564000000
144.760130,22.565000000
144.765275,22.566000000
144.779535,22.567000000
144.783860,22.568000000
144.795254,22.569000000
144.805178,22.570000000
144.817168,22.571000000
144.821281,22.572000000
144.848086,22.573000000
144.848133,22.574000000
144.886308,22.575000000
144.902014,22.576000000
144.907325,22.577000000
144.932856,22.578000000
144.942246,22.579000000
144.950249,22.580000000
144.956198,22.581000000
144.971552,22.582000000
144.979902,22.583000000
144.986991,22.584000000
145.010682,22.585000000
145.013277,22.586000000
145.023757,22.587000000
145.035288,22.588000000
145.043664,22.589000000
145.058802,22.590000000
145.091744,22.591000000
145.093782,22.592000000
145.109541,22.593000000
145.117493,22.594000000
145.123579,22.595000000
145.133920,22.596000000
145.146324,22.597000000
145.158768,22.598000000
145.169977,22.599000000
145.186795,22.600000000
145.186877,22.601000000
145.186920,22.602000000
145.198942,22.603000000
145.199041,22.604000000
145.199087,22.605000000
145.199936,22.606000000
145.202036,22.607000000
145.204121,22.608000000
145.220222,22.609000000
145.226057,22.610000000
145.229335,22.611000000
145.248475,22.612000000
145.258503,22.613000000
145.267424,22.614000000
145.279148,22.615000000
145.291616,22.616000000
145.295344,22.617000000
145.309109,22.618000000
145.315433,22.619000000
145.334544,22.620000000
145.334610,22.621000000
145.334654,22.622000000
145.335481,22.623000000
145.337630,22.624000000
145.349995,22.625000000
145.350827,22.626000000
145.377194,22.627000000
145.378241,22.628000000
145.401650,22.629000000
145.402456,22.630000000
145.402508,22.631000000
145.409591,22.632000000
145.431297,22.633000000
145.431741,22.634000000
145.445126,22.635000000
145.458652,22.636000000
145.466822,22.637000000
145.479854,22.638000000
145.485635,22.639000000
145.514101,22.640000000
145.531538,22.641000000
145.542168,22.642000000
145.546108,22.643000000
145.570846,22.644000000
145.570936,22.645000000
145.592824,22.646000000
145.593280,22.647000000
145.609578,22.648000000
145.626562,22.649000000
145.635694,22.650000000
145.635773,22.651000000
145.635825,22.652000000
145.639913,22.653000000
145.639982,22.654000000
145.650561,22.655000000
145.658580,22.656000000
145.662720,22.657000000
145.673784,22.658000000
145.677483,22.659000000
145.688831,22.660000000
145.698535,22.661000000
145.704386,22.662000000
145.719859,22.663000000
145.719940,22.664000000
145.744730,22.665000000
145.744838,22.666000000
145.761221,22.667000000
145.761306,22.668000000
145.762604,22.669000000
145.768302,22.670000000
145.774353,22.671000000
145.776804,22.672000000
145.782916,22.673000000
145.799914,22.674000000
145.804640,22.675000000
145.818437,22.676000000
145.833502,22.677000000
145.837359,22.678000000
145.844252,22.679000000
145.847023,22.680000000
145.854703,22.681000000
145.877769,22.682000000
145.895906,22.683000000
145.911184,22.684000000
145.924845,22.685000000
145.925410,22.686000000
145.942715,22.687000000
145.954209,22.688000000
145.980871,22.689000000
145.994517,22.690000000
146.007554,22.691000000
146.020458,22.692000000
146.031456,22.693000000
146.044514,22.694000000
146.055102,22.695000000
146.069115,22.696000000
146.085624,22.697000000
146.085702,22.698000000
146.104545,22.699000000
146.109147,22.700000000
146.113012,22.701000000
146.127324,22.702000000
146.143763,22.703000000
146.158419,22.704000000
146.164196,22.705000000
146.174865,22.706000000
146.181836,22.707000000
146.203275,22.708000000
146.218345,22.709000000
146.223534,22.710000000
146.235330,22.711000000
146.239653,22.712000000
146.275717,22.713000000
146.287126,22.714000000
146.299309,22.715000000
146.301448,22.716000000
146.318014,22.717000000
146.331474,22.718000000
146.341185,22.719000000
146.355413,22.720000000
146.363058,22.721000000
146.373713,22.722000000
146.388960,22.723000000
146.399272,22.724000000
146.407224,22.725000000
146.437098,22.726000000
146.437407,22.727000000
146.440085,22.728000000
146.466901,22.729000000
146.492388,22.730000000
146.497948,22.731000000
146.510702,22.732000000
146.521783,22.733000000
146.528267,22.734000000
146.535112,22.735000000
146.558389,22.736000000
146.561855,22.737000000
146.565956,22.738000000
146.576497,22.739000000
146.582424,22.740000000
146.605887,22.741000000
146.615868,22.742000000
146.625981,22.743000000
146.635945,22.744000000
146.643781,22.745000000
146.669728,22.746000000
146.673434,22.747000000
146.681526,22.748000000
146.685703,22.749000000
146.704397,22.750000000
146.707965,22.751000000
146.717350,22.752000000
146.725973,22.753000000
146.731281,22.754000000
146.746763,22.755000000
146.754403,22.756000000
146.763013,22.757000000
146.768259,22.758000000
146.792147,22.759000000
146.797823,22.760000000
146.814035,22.761000000
146.818347,22.762000000
146.828801,22.763000000
146.835043,22.764000000
146.857982,22.765000000
146.862187,22.766000000
146.871970,22.767000000
146.884653,22.768000000
146.893454,22.769000000
146.920521,22.770000000
146.931103,22.771000000
146.937102,22.772000000
146.941536,22.773000000
146.958353,22.774000000
146.958714,22.775000000
146.976098,22.776000000
146.976635,22.777000000
146.982671,22.778000000
146.982763,22.779000000
146.983212,22.780000000
146.994241,22.781000000
146.996570,22.782000000
146.996937,22.783000000
147.008550,22.784000000
147.008658,22.785000000
147.009485,22.786000000
147.018637,22.787000000
147.020839,22.788000000
147.021282,22.789000000
147.025148,22.790000000
147.044878,22.791000000
147.051446,22.792000000
147.058994,22.793000000
147.091064,22.794000000
147.091233,22.795000000
147.104659,22.796000000
147.109806,22.797000000
147.109869,22.798000000
147.130699,22.799000000
147.138040,22.800000000
147.158077,22.801000000
147.158192,22.802000000
147.158354,22.803000000
147.158402,22.804000000
147.179434,22.805000000
147.183448,22.806000000
147.184502,22.807000000
147.189364,22.808000000
147.211366,22.809000000
147.211519,22.810000000
147.216182,22.811000000
147.221038,22.812000000
147.236088,22.813000000
147.246103,22.814000000
147.250384,22.815000000
147.253249,22.816000000
147.259793,22.817000000
147.267254,22.818000000
147.279941,22.819000000
147.298388,22.820000000
147.308816,22.821000000
147.318870,22.822000000
147.318998,22.823000000
147.348575,22.824000000
147.348720,22.825000000
147.348765,22.826000000
147.348804,22.827000000
147.374859,22.828000000
147.375021,22.829000000
147.379885,22.830000000
147.380472,22.831000000
147.380523,22.832000000
147.391913,22.833000000
147.394408,22.834000000
147.396570,22.835000000
147.409058,22.836000000
147.416184,22.837000000
147.426282,22.838000000
147.435961,22.839000000
147.444276,22.840000000
147.466181,22.841000000
147.488871,22.842000000
147.499775,22.843000000
147.513802,22.844000000
147.523463,22.845000000
147.559646,22.846000000
147.574782,22.847000000
147.588641,22.848000000
147.615212,22.849000000
147.634938,22.850000000
147.642020,22.851000000
147.672131,22.852000000
147.672196,22.853000000
147.672239,22.854000000
147.672277,22.855000000
147.686554,22.856000000
147.686612,22.857000000
147.686652,22.858000000
147.686723,22.859000000
147.692350,22.860000000
147.692691,22.861000000
147.696910,22.862000000
147.703293,22.863000000
147.703353,22.864000000
147.717267,22.865000000
147.723104,22.866000000
147.723495,22.867000000
147.739958,22.868000000
147.740055,22.869000000
147.740098,22.870000000
147.740137,22.871000000
147.740174,22.872000000
147.742655,22.873000000
147.753950,22.874000000
147.754016,22.875000000
147.780807,22.876000000
147.782594,22.877000000
147.786912,22.878000000
147.801073,22.879000000
147.801139,22.880000000
147.801182,22.881000000
147.808855,22.882000000
147.808913,22.883000000
147.819176,22.884000000
147.832849,22.885000000
147.832914,22.886000000
147.832957,22.887000000
147.838078,22.888000000
147.877045,22.889000000
147.888012,22.890000000
147.902443,22.891000000
147.909861,22.892000000
147.912678,22.893000000
147.945534,22.894000000
147.956225,22.895000000
147.975317,22.896000000
147.981614,22.897000000
147.989672,22.898000000
148.002828,22.899000000
148.010803,22.900000000
148.015450,22.901000000
148.030193,22.902000000
148.044320,22.903000000
148.044766,22.904000000
148.064138,22.905000000
148.064182,22.906000000
148.071640,22.907000000
148.096382,22.908000000
148.099942,22.909000000
148.106983,22.910000000
148.135293,22.911000000
148.135343,22.912000000
148.144040,22.913000000
148.158076,22.914000000
148.162965,22.915000000
148.170588,22.916000000
148.195305,22.917000000
148.210283,22.918000000
148.217695,22.919000000
148.229376,22.920000000
148.251162,22.921000000
148.255506,22.922000000
148.288219,22.923000000
148.302007,22.924000000
148.311095,22.925000000
148.325404,22.926000000
148.339136,22.927000000
148.339500,22.928000000
148.351546,22.929000000
148.363651,22.930000000
148.374354,22.931000000
148.384684,22.932000000
148.390259,22.933000000
148.403183,22.934000000
148.412847,22.935000000
148.423562,22.936000000
148.446192,22.937000000
148.454615,22.938000000
148.475961,22.939000000
148.484446,22.940000000
148.499176,22.941000000
148.509833,22.942000000
148.516460,22.943000000
148.530978,22.944000000
148.554095,22.945000000
148.561999,22.946000000
148.568545,22.947000000
148.586814,22.948000000
148.590415,22.949000000
148.619398,22.950000000
148.646633,22.951000000
148.658722,22.952000000
148.668570,22.953000000
148.683401,22.954000000
148.693503,22.955000000
148.702377,22.956000000
148.711904,22.957000000
148.722835,22.958000000
148.734610,22.959000000
148.738631,22.960000000
148.769544,22.961000000
148.769597,22.962000000
148.771598,22.963000000
148.775994,22.964000000
148.797745,22.965000000
148.811041,22.966000000
148.815048,22.967000000
148.844723,22.968000000
148.846829,22.969000000
148.863249,22.970000000
148.865570,22.971000000
148.874066,22.972000000
148.878964,22.973000000
148.901383,22.974000000
148.905779,22.975000000
148.921686,22.976000000
148.927103,22.977000000
148.934999,22.978000000
148.960017,22.979000000
148.974408,22.980000000
148.986182,22.981000000
148.996347,22.982000000
149.006645,22.983000000
149.011712,22.984000000
149.038722,22.985000000
149.055017,22.986000000
149.065628,22.987000000
149.077425,22.988000000
149.090619,22.989000000
149.101813,22.990000000
149.108274,22.991000000
149.133289,22.992000000
149.137612,22.993000000
149.152151,22.994000000
149.155853,22.995000000
149.178450,22.996000000
149.190394,22.997000000
149.202523,22.998000000
149.206620,22.999000000
149.214191,23.000000000
149.220704,23.001000000
149.244182,23.002000000
149.252537,23.003000000
149.256350,23.004000000
149.269074,23.005000000
149.281860,23.006000000
149.317208,23.007000000
149.321272,23.008000000
149.340201,23.009000000
149.358746,23.010000000
149.366052,23.011000000
149.379195,23.012000000
149.389528,23.013000000
149.399468,23.014000000
149.410616,23.015000000
149.431120,23.016000000
149.447027,23.017000000
149.456623,23.018000000
149.462635,23.019000000
149.488750,23.020000000
149.500093,23.021000000
149.523625,23.022000000
149.531658,23.023000000
149.536359,23.024000000
149.553468,23.025000000
149.557251,23.026000000
149.565804,23.027000000
149.571623,23.028000000
149.591960,23.029000000
149.602597,23.030000000
149.615244,23.031000000
149.622895,23.032000000
149.652105,23.033000000
149.657876,23.034000000
149.672050,23.035000000
149.677426,23.036000000
149.688916,23.037000000
149.701839,23.038000000
149.706980,23.039000000
149.715491,23.040000000
149.728572,23.041000000
149.738306,23.042000000
149.749000,23.043000000
149.751280,23.044000000
149.753255,23.045000000
149.755656,23.046000000
149.757782,23.047000000
149.759809,23.048000000
149.762359,23.049000000
149.764533,23.050000000
149.766742,23.051000000
149.769927,23.052000000
149.777518,23.053000000
149.779649,23.054000000
149.782118,23.055000000
149.787875,23.056000000
149.799701,23.057000000
149.809898,23.058000000
149.812264,23.059000000
149.816637,23.060000000
149.818946,23.061000000
149.829514,23.062000000
149.838344,23.063000000
149.854732,23.064000000
149.867937,23.065000000
149.882256,23.066000000
149.885257,23.067000000
149.888036,23.068000000
149.890417,23.069000000
149.915076,23.070000000
149.930668,23.071000000
149.936008,23.072000000
149.955789,23.073000000
149.974906,23.074000000
149.982627,23.075000000
150.017477,23.076000000
150.032785,23.077000000
150.040497,23.078000000
150.054079,23.079000000
150.063176,23.080000000
150.075343,23.081000000
150.082550,23.082000000
150.092562,23.083000000
150.101902,23.084000000
150.109539,23.085000000
150.112791,23.086000000
150.136176,23.087000000
150.145268,23.088000000
150.145370,23.089000000
150.151996,23.090000000
150.161342,23.091000000
150.161440,23.092000000
150.193284,23.093000000
150.211916,23.094000000
150.211967,23.096000000
150.225702,23.097000000
150.226044,23.098000000
150.257113,23.099000000
150.257190,23.101000000
150.266269,23.102000000
150.287037,23.103000000
150.287094,23.104000000
150.289097,23.105000000
150.300337,23.106000000
150.300385,23.108000000
150.301525,23.109000000
150.313590,23.110000000
150.315272,23.111000000
150.315352,23.112000000
150.328197,23.113000000
150.343451,23.114000000
150.357823,23.115000000
150.366576,23.116000000
150.388934,23.117000000
150.401306,23.118000000
150.411623,23.119000000
150.423351,23.120000000
150.435945,23.121000000
150.442564,23.122000000
150.454540,23.123000000
150.463844,23.124000000
150.476846,23.125000000
150.488800,23.126000000
150.498896,23.127000000
150.505835,23.128000000
150.515272,23.129000000
150.539990,23.130000000
150.558642,23.131000000
150.604605,23.132000000
150.607717,23.133000000
150.614748,23.134000000
150.622217,23.135000000
150.624618,23.136000000
150.631357,23.137000000
150.634488,23.138000000
150.640433,23.139000000
150.643048,23.140000000
150.646453,23.141000000
150.648793,23.142000000
150.650942,23.143000000
150.657045,23.144000000
150.659305,23.145000000
150.661844,23.146000000
150.664137,23.147000000
150.677600,23.148000000
150.699711,23.149000000
150.705053,23.150000000
150.711076,23.151000000
150.742732,23.152000000
150.746559,23.153000000
150.778566,23.154000000
150.794499,23.155000000
150.813558,23.156000000
150.824109,23.157000000
150.834694,23.158000000
150.846601,23.159000000
150.850159,23.160000000
150.859663,23.161000000
150.868265,23.162000000
150.872124,23.163000000
150.878665,23.164000000
150.887227,23.165000000
150.892906,23.166000000
150.900403,23.167000000
150.910281,23.168000000
150.916874,23.169000000
150.924228,23.170000000
150.942884,23.171000000
150.960630,23.172000000
150.962459,23.173000000
150.969030,23.174000000
150.972757,23.175000000
150.983691,23.176000000
150.998413,23.177000000
151.006260,23.178000000
151.006317,23.181000000
151.012125,23.182000000
151.012173,23.183000000
151.014414,23.184000000
151.020716,23.185000000
151.038737,23.186000000
151.048601,23.187000000
151.061739,23.188000000
151.080359,23.189000000
151.080412,23.190000000
151.094293,23.191000000
151.094347,23.192000000
151.106433,23.193000000
151.131351,23.194000000
151.151487,23.195000000
151.165305,23.196000000
151.168300,23.197000000
151.177608,23.198000000
151.195573,23.199000000
151.212360,23.200000000
151.221454,23.201000000
151.227422,23.202000000
151.233475,23.203000000
151.235369,23.204000000
151.243457,23.205000000
151.249881,23.206000000
151.257393,23.207000000
151.266785,23.208000000
151.275659,23.209000000
151.282727,23.210000000
151.291543,23.211000000
151.301674,23.212000000
151.306426,23.213000000
151.352722,23.214000000
151.361824,23.215000000
151.384502,23.216000000
151.396665,23.217000000
151.406867,23.218000000
151.422811,23.219000000
151.435140,23.220000000
151.450938,23.221000000
151.463750,23.222000000
151.476729,23.223000000
151.487730,23.224000000
151.501245,23.225000000
151.510580,23.226000000
151.526751,23.227000000
151.540972,23.228000000
151.550925,23.229000000
151.561353,23.230000000
151.576415,23.231000000
151.597400,23.232000000
151.606597,23.233000000
151.615319,23.234000000
151.628211,23.235000000
151.638253,23.236000000
151.648209,23.237000000
151.668448,23.238000000
151.677018,23.239000000
151.687357,23.240000000
151.697641,23.241000000
151.708426,23.242000000
151.722594,23.243000000
151.746695,23.244000000
151.758843,23.245000000
151.773608,23.246000000
151.783258,23.247000000
151.795053,23.248000000
151.806716,23.249000000
151.816486,23.250000000
151.829138,23.251000000
151.837624,23.252000000
151.849092,23.253000000
151.858849,23.254000000
151.867107,23.255000000
151.877605,23.256000000
151.887054,23.257000000
151.896504,23.258000000
151.906701,23.259000000
151.914325,23.260000000
151.923032,23.261000000
151.931305,23.262000000
151.940621,23.263000000
151.950316,23.264000000
151.958102,23.265000000
151.968531,23.266000000
151.977477,23.267000000
151.985684,23.268000000
151.996647,23.269000000
152.004884,23.270000000
152.014635,23.271000000
152.023993,23.272000000
152.036457,23.273000000
152.045896,23.274000000
152.055971,23.275000000
152.067502,23.276000000
152.077888,23.277000000
152.087814,23.278000000
152.111567,23.279000000
152.122422,23.280000000
152.157742,23.281000000
152.180217,23.282000000
152.180258,23.283000000
152.197926,23.284000000
152.213829,23.285000000
152.227301,23.286000000
152.240484,23.287000000
152.253613,23.288000000
152.259891,23.289000000
152.267737,23.290000000
152.273627,23.291000000
152.287450,23.292000000
152.295433,23.293000000
152.301117,23.294000000
152.327033,23.295000000
152.332207,23.296000000
152.343369,23.297000000
152.350739,23.298000000
152.356474,23.299000000
152.370068,23.300000000
152.390937,23.301000000
152.405192,23.302000000
152.411935,23.303000000
152.437838,23.304000000
152.450189,23.305000000
152.462896,23.306000000
152.474116,23.307000000
152.488518,23.308000000
152.496387,23.309000000
152.510105,23.310000000
152.526221,23.311000000
152.538677,23.312000000
152.562292,23.313000000
152.565352,23.314000000
152.581154,23.315000000
152.586288,23.316000000
152.595186,23.317000000
152.603126,23.318000000
152.605364,23.319000000
152.607480,23.320000000
152.610388,23.321000000
152.620896,23.322000000
152.633496,23.323000000
152.644832,23.324000000
152.654985,23.325000000
152.667598,23.326000000
152.671270,23.327000000
152.691209,23.328000000
152.697213,23.329000000
152.702075,23.330000000
152.717986,23.331000000
152.739439,23.332000000
152.744273,23.333000000
152.748381,23.334000000
152.755556,23.335000000
152.759749,23.336000000
152.769844,23.337000000
152.785119,23.338000000
152.790479,23.339000000
152.794643,23.340000000
152.800692,23.341000000
152.804874,23.342000000
152.809393,23.343000000
152.812742,23.344000000
152.816366,23.345000000
152.822117,23.346000000
152.826232,23.347000000
152.829600,23.348000000
152.831783,23.349000000
152.835409,23.350000000
152.838327,23.351000000
152.841489,23.352000000
152.845311,23.353000000
152.859024,23.354000000
152.867941,23.355000000
152.879605,23.356000000
152.890848,23.357000000
152.897843,23.358000000
152.903079,23.359000000
152.912764,23.360000000
152.918058,23.361000000
152.929386,23.362000000
152.934074,23.363000000
152.956094,23.364000000
152.956142,23.365000000
152.974985,23.366000000
152.975035,23.371000000
152.984088,23.372000000
152.992051,23.373000000
152.996329,23.374000000
153.012197,23.375000000
153.018446,23.376000000
153.028983,23.377000000
153.031301,23.378000000
153.037265,23.379000000
153.067326,23.380000000
153.071556,23.381000000
153.075620,23.382000000
153.091489,23.383000000
153.098920,23.384000000
153.105123,23.385000000
153.131102,23.386000000
153.138124,23.387000000
153.151009,23.388000000
153.159646,23.389000000
153.171863,23.390000000
153.175472,23.391000000
153.185919,23.392000000
153.196038,23.393000000
153.206102,23.394000000
153.214430,23.395000000
153.224144,23.396000000
153.230431,23.397000000
153.241133,23.398000000
153.247163,23.399000000
153.257639,23.400000000
153.275055,23.401000000
153.287288,23.402000000
153.292199,23.403000000
153.298934,23.404000000
153.330616,23.405000000
153.339040,23.406000000
153.350572,23.407000000
153.355453,23.408000000
153.365720,23.409000000
153.369557,23.410000000
153.398394,23.411000000
153.409752,23.412000000
153.416806,23.413000000
153.430727,23.414000000
153.432891,23.415000000
153.467708,23.416000000
153.472960,23.417000000
153.485579,23.418000000
153.499535,23.419000000
153.503791,23.420000000
153.515077,23.421000000
153.523802,23.422000000
153.535171,23.423000000
153.543561,23.424000000
153.548782,23.425000000
153.560266,23.426000000
153.570186,23.427000000
153.574484,23.428000000
153.585645,23.429000000
153.594690,23.430000000
153.598767,23.431000000
153.622299,23.432000000
153.626892,23.433000000
153.651512,23.434000000
153.656559,23.435000000
153.664896,23.436000000
153.680075,23.437000000
153.684324,23.438000000
153.692907,23.439000000
153.697562,23.440000000
153.717536,23.441000000
153.735357,23.442000000
153.746845,23.443000000
153.754756,23.444000000
153.784225,23.445000000
153.803949,23.446000000
153.813945,23.447000000
153.826845,23.448000000
153.832037,23.449000000
153.845962,23.450000000
153.854629,23.451000000
153.866771,23.452000000
153.877100,23.453000000
153.894184,23.454000000
153.901988,23.455000000
153.906358,23.456000000
153.922084,23.457000000
153.945088,23.458000000
153.954103,23.459000000
153.974127,23.460000000
154.003824,23.461000000
154.008978,23.462000000
154.027739,23.463000000
154.049370,23.464000000
154.058573,23.465000000
154.068365,23.466000000
154.090631,23.467000000
154.107197,23.468000000
154.113835,23.469000000
154.119380,23.470000000
154.163550,23.471000000
154.191667,23.472000000
154.203556,23.473000000
154.205741,23.474000000
154.261840,23.475000000
154.267492,23.476000000
154.294335,23.477000000
154.298734,23.478000000
154.302540,23.479000000
154.326024,23.480000000
154.338019,23.481000000
154.338070,23.482000000
154.351686,23.483000000
154.364907,23.484000000
154.372135,23.485000000
154.373271,23.486000000
154.406895,23.487000000
154.412275,23.488000000
154.412527,23.489000000
154.415134,23.490000000
154.431159,23.491000000
154.431208,23.493000000
154.432117,23.494000000
154.434854,23.495000000
154.438127,23.496000000
154.443617,23.497000000
154.473434,23.498000000
154.489443,23.499000000
154.514055,23.500000000
154.514110,23.501000000
154.543193,23.502000000
154.550531,23.503000000
154.554733,23.504000000
154.573914,23.505000000
154.578778,23.506000000
154.587910,23.507000000
154.592326,23.508000000
154.602459,23.509000000
154.610103,23.510000000
154.613400,23.511000000
154.617812,23.512000000
154.617854,23.513000000
154.623952,23.514000000
154.623999,23.516000000
154.631663,23.517000000
154.631732,23.518000000
154.631762,23.520000000
154.642812,23.521000000
154.642871,23.522000000
154.643913,23.523000000
154.652348,23.524000000
154.652397,23.525000000
154.662938,23.526000000
154.674977,23.527000000
154.675027,23.529000000
154.682803,23.530000000
154.710140,23.531000000
154.713138,23.532000000
154.721023,23.533000000
154.735774,23.534000000
154.743314,23.535000000
154.754210,23.536000000
154.760067,23.537000000
154.782335,23.538000000
154.792010,23.539000000
154.803662,23.540000000
154.810274,23.541000000
154.819678,23.542000000
154.845620,23.543000000
154.851478,23.544000000
154.857486,23.545000000
154.864161,23.546000000
154.873390,23.547000000
154.883941,23.548000000
154.899837,23.549000000
154.905951,23.550000000
154.917114,23.551000000
154.926479,23.552000000
154.930396,23.553000000
154.932523,23.554000000
154.959892,23.555000000
154.961221,23.556000000
154.981486,23.557000000
154.994000,23.558000000
155.004746,23.559000000
155.006449,23.560000000
155.019248,23.561000000
155.046931,23.562000000
155.055078,23.563000000
155.058054,23.564000000
155.085051,23.565000000
155.087995,23.566000000
155.122996,23.567000000
155.132337,23.568000000
155.148964,23.569000000
155.153239,23.570000000
155.165360,23.571000000
155.170828,23.572000000
155.180658,23.573000000
155.193490,23.574000000
155.200377,23.575000000
155.208677,23.576000000
155.214179,23.577000000
155.218982,23.578000000
155.225139,23.579000000
155.229407,23.580000000
155.233915,23.581000000
155.249294,23.582000000
155.254535,23.583000000
155.257947,23.584000000
155.264194,23.585000000
155.278948,23.586000000
155.283758,23.587000000
155.293499,23.588000000
155.296858,23.589000000
155.301694,23.590000000
155.306944,23.591000000
155.325024,23.592000000
155.326676,23.593000000
155.335076,23.594000000
155.354173,23.595000000
155.357385,23.596000000
155.387058,23.597000000
155.395493,23.598000000
155.399444,23.599000000
155.408231,23.600000000
155.413492,23.601000000
155.419453,23.602000000
155.424568,23.603000000
155.433759,23.604000000
155.444563,23.605000000
155.445241,23.606000000
155.454010,23.607000000
155.459294,23.608000000
155.466540,23.609000000
155.470590,23.610000000
155.481562,23.611000000
155.492791,23.612000000
155.506440,23.613000000
155.510943,23.614000000
155.517738,23.615000000
155.525987,23.616000000
155.531153,23.617000000
155.533262,23.618000000
155.550586,23.619000000
155.556442,23.620000000
155.556982,23.621000000
155.566640,23.622000000
155.573087,23.623000000
155.577694,23.624000000
155.599279,23.625000000
155.608493,23.626000000
155.616765,23.627000000
155.626346,23.628000000
155.636192,23.629000000
155.646278,23.630000000
155.654081,23.631000000
155.660422,23.632000000
155.696652,23.633000000
155.705735,23.634000000
155.715336,23.635000000
155.738018,23.636000000
155.747118,23.637000000
155.769042,23.638000000
155.785029,23.639000000
155.788546,23.640000000
155.795404,23.641000000
155.797221,23.642000000
155.802835,23.643000000
155.805018,23.644000000
155.809003,23.645000000
155.813669,23.646000000
155.843826,23.647000000
155.858585,23.648000000
155.862440,23.649000000
155.871945,23.650000000
155.876617,23.651000000
155.879110,23.652000000
155.883932,23.653000000
155.912742,23.654000000
155.917525,23.655000000
155.926086,23.656000000
155.934295,23.657000000
155.937885,23.658000000
155.942998,23.659000000
155.948351,23.660000000
155.953839,23.661000000
155.958906,23.662000000
155.966852,23.663000000
155.987189,23.664000000
155.999277,23.665000000
156.006535,23.666000000
156.024194,23.667000000
156.032742,23.668000000
156.038316,23.669000000
156.039179,23.670000000
156.047032,23.671000000
156.051719,23.672000000
156.056958,23.673000000
156.063545,23.674000000
156.068592,23.675000000
156.075448,23.676000000
156.079535,23.677000000
156.081603,23.678000000
156.083784,23.679000000
156.085933,23.680000000
156.087945,23.681000000
156.090520,23.682000000
156.092257,23.683000000
156.094325,23.684000000
156.096370,23.685000000
156.098403,23.686000000
156.100437,23.687000000
156.104323,23.688000000
156.124980,23.689000000
156.126038,23.690000000
156.131345,23.691000000
156.137784,23.692000000
156.162189,23.693000000
156.175007,23.694000000
156.182549,23.695000000
156.191849,23.696000000
156.192147,23.697000000
156.192184,23.698000000
156.204894,23.699000000
156.219131,23.700000000
156.223223,23.701000000
156.234015,23.702000000
156.238553,23.703000000
156.254896,23.704000000
156.257536,23.705000000
156.268108,23.706000000
156.284828,23.707000000
156.284879,23.708000000
156.298373,23.709000000
156.318249,23.710000000
156.326292,23.711000000
156.333248,23.712000000
156.333289,23.713000000
156.340063,23.714000000
156.344982,23.715000000
156.351196,23.716000000
156.361264,23.717000000
156.361304,23.718000000
156.365982,23.719000000
156.369433,23.720000000
156.379503,23.721000000
156.379574,23.722000000
156.385263,23.723000000
156.398075,23.724000000
156.408342,23.725000000
156.417070,23.726000000
156.425445,23.727000000
156.431816,23.728000000
156.443953,23.729000000
156.468590,23.730000000
156.473312,23.731000000
156.477206,23.732000000
156.483947,23.733000000
156.486371,23.734000000
156.489168,23.735000000
156.496001,23.736000000
156.515131,23.737000000
156.517138,23.738000000
156.526830,23.739000000
156.552945,23.740000000
156.554719,23.741000000
156.556807,23.742000000
156.565890,23.743000000
156.571897,23.744000000
156.575558,23.745000000
156.580308,23.746000000
156.582400,23.747000000
156.584739,23.748000000
156.586791,23.749000000
156.593048,23.750000000
156.595150,23.751000000
156.598586,23.752000000
156.600715,23.753000000
156.607693,23.754000000
156.616968,23.755000000
156.618503,23.756000000
156.626520,23.757000000
156.633919,23.758000000
156.642233,23.759000000
156.648049,23.760000000
156.659212,23.761000000
156.674791,23.762000000
156.674847,23.763000000
156.678395,23.764000000
156.686584,23.765000000
156.699560,23.766000000
156.703450,23.767000000
156.720669,23.768000000
156.731924,23.769000000
156.741699,23.770000000
156.763073,23.771000000
156.785532,23.772000000
156.806462,23.773000000
156.825671,23.774000000
156.827655,23.775000000
156.839183,23.776000000
156.852209,23.777000000
156.855930,23.778000000
156.873890,23.779000000
156.881836,23.780000000
156.889854,23.781000000
156.896770,23.782000000
156.898885,23.783000000
156.900880,23.784000000
156.916593,23.785000000
156.923239,23.786000000
156.925571,23.787000000
156.929781,23.788000000
156.933927,23.789000000
156.947269,23.790000000
156.955632,23.791000000
156.969181,23.792000000
156.983349,23.793000000
156.993705,23.794000000
157.016665,23.795000000
157.027794,23.796000000
157.038053,23.797000000
157.045513,23.798000000
157.053237,23.799000000
157.065049,23.800000000
157.077328,23.801000000
157.077442,23.805000000
157.081224,23.806000000
157.081485,23.807000000
157.090335,23.808000000
157.090393,23.809000000
157.101075,23.810000000
157.101128,23.812000000
157.114386,23.813000000
157.122159,23.814000000
157.122213,23.815000000
157.134243,23.816000000
157.134307,23.818000000
157.140180,23.819000000
157.140245,23.820000000
157.149835,23.821000000
157.149889,23.822000000
157.176909,23.823000000
157.177190,23.824000000
157.186176,23.825000000
157.186245,23.826000000
157.196422,23.827000000
157.198540,23.828000000
157.226218,23.829000000
157.226288,23.834000000
157.226596,23.835000000
157.247506,23.836000000
157.256995,23.837000000
157.257042,23.838000000
157.266157,23.839000000
157.275023,23.840000000
157.281087,23.841000000
157.322229,23.842000000
157.329617,23.843000000
157.345628,23.844000000
157.354399,23.845000000
157.367179,23.846000000
157.375920,23.847000000
157.387055,23.848000000
157.398076,23.849000000
157.403440,23.850000000
157.411713,23.851000000
157.429448,23.852000000
157.449288,23.853000000
157.458387,23.854000000
157.463535,23.855000000
157.480525,23.856000000
157.492513,23.857000000
157.496072,23.858000000
157.522465,23.859000000
157.537848,23.860000000
157.543649,23.861000000
157.566064,23.862000000
157.575365,23.863000000
157.603100,23.864000000
157.605736,23.865000000
157.614917,23.866000000
157.625422,23.867000000
157.631340,23.868000000
157.639863,23.869000000
157.640060,23.870000000
157.655629,23.871000000
157.667052,23.872000000
157.681989,23.873000000
157.689880,23.874000000
157.698967,23.875000000
157.701074,23.876000000
157.706355,23.877000000
157.718694,23.878000000
157.724812,23.879000000
157.735806,23.880000000
157.752648,23.881000000
157.755254,23.882000000
157.769169,23.883000000
157.779264,23.884000000
157.785590,23.885000000
157.795610,23.886000000
157.798102,23.887000000
157.801950,23.888000000
157.803707,23.889000000
157.811234,23.890000000
157.822226,23.891000000
157.824519,23.892000000
157.829256,23.893000000
157.834176,23.894000000
157.838027,23.895000000
157.846750,23.896000000
157.850138,23.897000000
157.854782,23.898000000
157.858250,23.899000000
157.860970,23.900000000
157.865100,23.901000000
157.899810,23.902000000
157.911977,23.903000000
157.930731,23.904000000
157.938821,23.905000000
157.941084,23.906000000
157.946491,23.907000000
157.954266,23.908000000
157.961892,23.909000000
157.971044,23.910000000
157.973671,23.911000000
157.982348,23.912000000
157.990582,23.913000000
157.992824,23.914000000
158.001076,23.915000000
158.007581,23.916000000
158.018115,23.917000000
158.020514,23.918000000
158.031677,23.919000000
158.036640,23.920000000
158.046591,23.921000000
158.051419,23.922000000
158.058500,23.923000000
158.066836,23.924000000
158.078894,23.925000000
158.080985,23.926000000
158.088880,23.927000000
158.098458,23.928000000
158.106771,23.929000000
158.108900,23.930000000
158.126856,23.931000000
158.131847,23.932000000
158.138266,23.933000000
158.142463,23.934000000
158.168834,23.935000000
158.179985,23.936000000
158.182021,23.937000000
158.194700,23.938000000
158.197240,23.939000000
158.215168,23.940000000
158.226111,23.941000000
158.232944,23.942000000
158.235235,23.943000000
158.244358,23.944000000
158.254890,23.945000000
158.259019,23.946000000
158.267141,23.947000000
158.278149,23.948000000
158.280443,23.949000000
158.289028,23.950000000
158.294864,23.951000000
158.303914,23.952000000
158.310218,23.953000000
158.318448,23.954000000
158.324464,23.955000000
158.334199,23.956000000
158.347422,23.957000000
158.349524,23.958000000
158.359191,23.959000000
158.362568,23.960000000
158.382457,23.961000000
158.384800,23.962000000
158.388362,23.963000000
158.396329,23.964000000
158.403601,23.965000000
158.412044,23.966000000
158.423388,23.967000000
158.432676,23.968000000
158.440796,23.969000000
158.445575,23.970000000
158.458554,23.971000000
158.462047,23.972000000
158.471653,23.973000000
158.478971,23.974000000
158.484232,23.975000000
158.500715,23.976000000
158.518542,23.977000000
158.520885,23.978000000
158.529516,23.979000000
158.533649,23.980000000
158.546086,23.981000000
158.558031,23.982000000
158.566032,23.983000000
158.568477,23.984000000
158.583685,23.985000000
158.587161,23.986000000
158.597615,23.987000000
158.608002,23.988000000
158.610514,23.989000000
158.619347,23.990000000
158.629480,23.991000000
158.641284,23.992000000
158.650377,23.993000000
158.652469,23.994000000
158.656785,23.995000000
158.666804,23.996000000
158.674537,23.997000000
158.682017,23.998000000
158.687786,23.999000000
158.695462,24.000000000
158.703102,24.001000000
158.711778,24.002000000
158.718925,24.003000000
158.727366,24.004000000
158.735607,24.005000000
158.739653,24.006000000
158.750980,24.007000000
158.755151,24.008000000
158.765799,24.009000000
158.774730,24.010000000
158.782603,24.011000000
158.798005,24.012000000
158.800572,24.013000000
158.812431,24.014000000
158.815689,24.015000000
158.840225,24.016000000
158.851602,24.017000000
158.854825,24.018000000
158.864714,24.019000000
158.880416,24.020000000
158.887671,24.021000000
158.897817,24.022000000
158.906535,24.023000000
158.913741,24.024000000
158.922562,24.025000000
158.930335,24.026000000
158.946590,24.027000000
158.950962,24.028000000
158.958485,24.029000000
158.969177,24.030000000
158.978232,24.031000000
158.986089,24.032000000
158.998530,24.033000000
159.014180,24.034000000
159.022078,24.035000000
159.026019,24.036000000
159.030130,24.037000000
159.032311,24.038000000
159.042328,24.039000000
159.048142,24.040000000
159.050158,24.041000000
159.052530,24.042000000
159.062544,24.043000000
159.067989,24.044000000
159.077960,24.045000000
159.090107,24.046000000
159.098528,24.047000000
159.107590,24.048000000
159.111112,24.049000000
159.131331,24.050000000
159.133592,24.051000000
159.142825,24.052000000
159.175219,24.053000000
159.183234,24.054000000
159.191695,24.055000000
159.197732,24.056000000
159.210601,24.057000000
159.220316,24.058000000
159.225774,24.059000000
159.249905,24.060000000
159.256013,24.061000000
159.261460,24.062000000
159.274457,24.063000000
159.281167,24.064000000
159.286573,24.065000000
159.316558,24.066000000
159.326037,24.067000000
159.338464,24.068000000
159.351488,24.069000000
159.369033,24.070000000
159.374073,24.071000000
159.388517,24.072000000
159.400089,24.073000000
159.418513,24.074000000
159.426901,24.075000000
159.445560,24.076000000
159.456975,24.077000000
159.487268,24.078000000
159.491482,24.079000000
159.496945,24.080000000
159.501581,24.081000000
159.514465,24.082000000
159.526472,24.083000000
159.530480,24.084000000
159.546874,24.085000000
159.557610,24.086000000
159.565082,24.087000000
159.572548,24.088000000
159.581529,24.089000000
159.609485,24.090000000
159.617465,24.091000000
159.625350,24.092000000
159.641120,24.093000000
159.645407,24.094000000
159.674540,24.095000000
159.682124,24.096000000
159.689398,24.097000000
159.698578,24.098000000
159.714523,24.099000000
159.723625,24.100000000
159.735995,24.101000000
159.748070,24.102000000
159.762441,24.103000000
159.774106,24.104000000
159.804889,24.105000000
159.808761,24.106000000
159.808808,24.107000000
159.849946,24.108000000
159.858382,24.109000000
159.873348,24.110000000
159.896685,24.111000000
159.905092,24.112000000
159.912130,24.113000000
159.939836,24.114000000
159.966460,24.115000000
159.986303,24.116000000
160.003334,24.117000000
160.018279,24.118000000
160.035666,24.119000000
160.061144,24.120000000
160.064484,24.121000000
160.082716,24.122000000
160.092549,24.123000000
160.101562,24.124000000
160.112080,24.125000000
160.131657,24.126000000
160.140439,24.127000000
160.155716,24.128000000
160.160830,24.129000000
160.174457,24.130000000
160.195852,24.131000000
160.205551,24.132000000
160.209619,24.133000000
160.225489,24.134000000
160.233247,24.135000000
160.273562,24.136000000
160.281471,24.137000000
160.295480,24.138000000
160.303106,24.139000000
160.313359,24.140000000
160.325949,24.141000000
160.338046,24.142000000
160.345984,24.143000000
160.358191,24.144000000
160.371098,24.145000000
160.376775,24.146000000
160.389976,24.147000000
160.397984,24.148000000
160.412227,24.149000000
160.414677,24.150000000
160.418107,24.151000000
160.446399,24.152000000
160.448587,24.153000000
160.457821,24.154000000
160.482538,24.155000000
160.486794,24.156000000
160.495589,24.157000000
160.507906,24.158000000
160.512325,24.159000000
160.520211,24.160000000
160.527707,24.161000000
160.551084,24.162000000
160.557355,24.163000000
160.579243,24.164000000
160.587111,24.165000000
160.591168,24.166000000
160.634851,24.167000000
160.650150,24.168000000
160.660697,24.169000000
160.672550,24.170000000
160.690848,24.171000000
160.709585,24.172000000
160.726612,24.173000000
160.729387,24.174000000
160.755198,24.175000000
160.755250,24.177000000
160.760184,24.178000000
160.768181,24.179000000
160.775313,24.180000000
160.790431,24.181000000
160.803302,24.182000000
160.805417,24.183000000
160.814564,24.184000000
160.818846,24.185000000
160.822490,24.186000000
160.833460,24.187000000
160.835245,24.188000000
160.859101,24.189000000
160.865029,24.190000000
160.886860,24.191000000
160.890442,24.192000000
160.900920,24.193000000
160.908711,24.194000000
160.912624,24.195000000
160.921291,24.196000000
160.923329,24.197000000
160.937771,24.198000000
160.938130,24.199000000
160.952129,24.200000000
160.959764,24.201000000
160.987079,24.202000000
161.001906,24.203000000
161.016095,24.204000000
161.023896,24.205000000
161.036229,24.206000000
161.049330,24.207000000
161.059864,24.208000000
161.070592,24.209000000
161.080744,24.210000000
161.090811,24.211000000
161.099115,24.212000000
161.105598,24.213000000
161.110928,24.214000000
161.115056,24.215000000
161.122667,24.216000000
161.128865,24.217000000
161.134621,24.218000000
161.157558,24.219000000
161.170068,24.220000000
161.174058,24.221000000
161.177071,24.222000000
161.200585,24.223000000
161.210531,24.224000000
161.215903,24.225000000
161.220081,24.226000000
161.224037,24.227000000
161.230214,24.228000000
161.236105,24.229000000
161.242994,24.230000000
161.267726,24.231000000
161.275026,24.232000000
161.281130,24.233000000
161.293678,24.234000000
161.297128,24.235000000
161.304862,24.236000000
161.313908,24.237000000
161.316970,24.238000000
161.321099,24.239000000
161.338180,24.240000000
161.360218,24.241000000
161.368767,24.242000000
161.368815,24.243000000
161.374143,24.244000000
161.377971,24.245000000
161.380975,24.246000000
161.392768,24.247000000
161.392814,24.248000000
161.398561,24.249000000
161.405147,24.250000000
161.405196,24.251000000
161.411088,24.252000000
161.414962,24.253000000
161.419142,24.254000000
161.426346,24.255000000
161.426669,24.256000000
161.426707,24.257000000
161.449030,24.258000000
161.467398,24.259000000
161.471104,24.260000000
161.477505,24.261000000
161.502994,24.262000000
161.507347,24.263000000
161.519321,24.264000000
161.525268,24.265000000
161.532426,24.266000000
161.541826,24.267000000
161.562569,24.268000000
161.569577,24.269000000
161.581959,24.270000000
161.588301,24.271000000
161.595171,24.272000000
161.620999,24.273000000
161.623624,24.274000000
161.634623,24.275000000
161.652760,24.276000000
161.656857,24.277000000
161.661029,24.278000000
161.683241,24.279000000
161.692555,24.280000000
161.700166,24.281000000
161.707000,24.282000000
161.714035,24.283000000
161.721026,24.284000000
161.743642,24.285000000
161.753979,24.286000000
161.761095,24.287000000
161.763515,24.288000000
161.770322,24.289000000
161.779902,24.290000000
161.786934,24.291000000
161.795348,24.292000000
161.797875,24.293000000
161.800139,24.294000000
161.802903,24.295000000
161.805582,24.296000000
161.808836,24.297000000
161.811407,24.298000000
161.813907,24.299000000
161.816705,24.300000000
161.819232,24.301000000
161.821511,24.302000000
161.823870,24.303000000
161.825937,24.304000000
161.850805,24.305000000
161.857437,24.306000000
161.862625,24.307000000
161.865091,24.308000000
161.869369,24.309000000
161.871658,24.310000000
161.877459,24.311000000
161.881814,24.312000000
161.886155,24.313000000
161.889249,24.314000000
161.901300,24.315000000
161.918808,24.316000000
161.926478,24.317000000
161.937548,24.318000000
161.945044,24.319000000
161.949584,24.320000000
161.953422,24.321000000
161.958070,24.322000000
161.961590,24.323000000
161.966715,24.324000000
161.972927,24.325000000
161.979662,24.326000000
161.985094,24.327000000
161.991709,24.328000000
161.995568,24.329000000
161.999436,24.330000000
162.014980,24.331000000
162.020923,24.332000000
162.033029,24.333000000
162.039499,24.334000000
162.044604,24.335000000
162.063437,24.336000000
162.066308,24.337000000
162.071905,24.338000000
162.081669,24.339000000
162.096925,24.340000000
162.099302,24.341000000
162.101427,24.342000000
162.107397,24.343000000
162.112386,24.344000000
162.115984,24.345000000
162.118200,24.346000000
162.130721,24.347000000
162.134065,24.348000000
162.136331,24.349000000
162.138543,24.350000000
162.145303,24.351000000
162.147426,24.352000000
162.152062,24.353000000
162.152387,24.354000000
162.175260,24.355000000
162.214059,24.356000000
162.214111,24.357000000
162.215470,24.358000000
162.217883,24.359000000
162.232680,24.360000000
162.242999,24.361000000
162.249023,24.362000000
162.260225,24.363000000
162.278607,24.364000000
162.293542,24.365000000
162.308311,24.366000000
162.311712,24.367000000
162.317094,24.368000000
162.328756,24.369000000
162.331106,24.370000000
162.347764,24.371000000
162.350317,24.372000000
162.357893,24.373000000
162.366815,24.374000000
162.370744,24.375000000
162.404938,24.376000000
162.405015,24.377000000
162.411972,24.378000000
162.421277,24.379000000
162.441771,24.380000000
162.451608,24.381000000
162.472796,24.382000000
162.472849,24.385000000
162.473207,24.386000000
162.505652,24.387000000
162.518185,24.388000000
162.531985,24.389000000
162.541845,24.390000000
162.553597,24.391000000
162.573658,24.392000000
162.583898,24.393000000
162.606846,24.394000000
162.613918,24.395000000
162.632071,24.396000000
162.644782,24.397000000
162.656641,24.398000000
162.661206,24.399000000
162.667541,24.400000000
162.670243,24.401000000
162.694646,24.402000000
162.694772,24.403000000
162.714611,24.404000000
162.733662,24.405000000
162.733729,24.406000000
162.733773,24.407000000
162.733813,24.408000000
162.733853,24.409000000
162.734751,24.410000000
162.755825,24.411000000
162.763803,24.412000000
162.772453,24.413000000
162.782091,24.414000000
162.786257,24.415000000
162.794334,24.416000000
162.801232,24.417000000
162.808837,24.418000000
162.815456,24.419000000
162.825838,24.420000000
162.835179,24.421000000
162.836066,24.422000000
162.846427,24.423000000
162.847570,24.424000000
162.873379,24.425000000
162.873448,24.426000000
162.886127,24.427000000
162.887140,24.428000000
162.896357,24.429000000
162.905173,24.430000000
162.931516,24.431000000
162.932801,24.432000000
162.936280,24.433000000
162.938807,24.434000000
162.941034,24.435000000
162.943213,24.436000000
162.945754,24.437000000
162.948005,24.438000000
162.950186,24.439000000
162.952407,24.440000000
162.967054,24.441000000
162.969438,24.442000000
162.971636,24.443000000
162.974002,24.444000000
162.976197,24.445000000
162.981687,24.446000000
162.993313,24.447000000
162.996948,24.448000000
162.999165,24.449000000
163.004076,24.450000000
163.006276,24.451000000
163.013727,24.452000000
163.016796,24.453000000
163.021646,24.454000000
163.056510,24.455000000
163.070407,24.456000000
163.083093,24.457000000
163.089109,24.458000000
163.089177,24.459000000
163.098632,24.460000000
163.098697,24.461000000
163.105011,24.462000000
163.105495,24.463000000
163.105598,24.464000000
163.109125,24.465000000
163.118731,24.466000000
163.119084,24.467000000
163.119139,24.468000000
163.120752,24.469000000
163.128225,24.470000000
163.130878,24.471000000
163.130935,24.472000000
163.137885,24.473000000
163.139368,24.474000000
163.143180,24.475000000
163.144644,24.476000000
163.155361,24.477000000
163.155420,24.478000000
163.155461,24.479000000
163.155499,24.480000000
163.158065,24.481000000
163.165179,24.482000000
163.165557,24.483000000
163.165633,24.484000000
163.189744,24.485000000
163.202381,24.486000000
163.219840,24.487000000
163.230523,24.488000000
163.231372,24.489000000
163.239961,24.490000000
163.249961,24.491000000
163.250068,24.492000000
163.262597,24.493000000
163.263087,24.494000000
163.273576,24.495000000
163.273681,24.496000000
163.279077,24.497000000
163.286207,24.498000000
163.296114,24.499000000
163.297649,24.500000000
163.297721,24.501000000
163.298183,24.502000000
163.310713,24.503000000
163.322451,24.504000000
163.333917,24.505000000
163.333981,24.506000000
163.334023,24.507000000
163.385854,24.508000000
163.392026,24.509000000
163.406119,24.510000000
163.408577,24.511000000
163.412079,24.512000000
163.415591,24.513000000
163.422960,24.514000000
163.432530,24.515000000
163.434727,24.516000000
163.436726,24.517000000
163.440192,24.518000000
163.444817,24.519000000
163.447046,24.520000000
163.461261,24.521000000
163.474488,24.522000000
163.489625,24.523000000
163.505635,24.524000000
163.528304,24.525000000
163.535374,24.526000000
163.542482,24.527000000
163.553433,24.528000000
163.561764,24.529000000
163.577435,24.530000000
163.588720,24.531000000
163.598300,24.532000000
163.600752,24.533000000
163.616982,24.534000000
163.629770,24.535000000
163.636495,24.536000000
163.642227,24.537000000
163.654535,24.538000000
163.654581,24.539000000
163.661624,24.540000000
163.686717,24.541000000
163.710838,24.542000000
163.718422,24.543000000
163.730040,24.544000000
163.730091,24.545000000
163.740558,24.546000000
163.740943,24.547000000
163.753831,24.548000000
163.753878,24.549000000
163.786329,24.550000000
163.795679,24.551000000
163.802112,24.552000000
163.805753,24.553000000
163.806076,24.554000000
163.821321,24.555000000
163.821402,24.556000000
163.821823,24.557000000
163.821875,24.558000000
163.821916,24.559000000
163.822792,24.560000000
163.833582,24.561000000
163.854089,24.562000000
163.864375,24.563000000
163.870331,24.564000000
163.872552,24.565000000
163.875833,24.566000000
163.897774,24.567000000
163.909196,24.568000000
163.918802,24.569000000
163.927191,24.570000000
163.929590,24.571000000
163.934867,24.572000000
163.957771,24.573000000
163.962647,24.574000000
163.973183,24.575000000
163.987146,24.576000000
163.993317,24.577000000
164.002220,24.578000000
164.004717,24.579000000
164.013438,24.580000000
164.020250,24.581000000
164.035709,24.582000000
164.040362,24.583000000
164.040796,24.584000000
164.065001,24.585000000
164.070515,24.586000000
164.079488,24.587000000
164.083004,24.588000000
164.102906,24.589000000
164.107568,24.590000000
164.137036,24.591000000
164.145146,24.592000000
164.151208,24.593000000
164.163580,24.594000000
164.163647,24.595000000
164.163690,24.596000000
164.170931,24.597000000
164.170995,24.598000000
164.171037,24.599000000
164.171077,24.600000000
164.176945,24.601000000
164.176999,24.602000000
164.177040,24.603000000
164.185206,24.604000000
164.185274,24.605000000
164.185342,24.606000000
164.185387,24.607000000
164.200572,24.608000000
164.207438,24.609000000
164.207485,24.611000000
164.216489,24.612000000
164.228983,24.613000000
164.233574,24.614000000
164.261499,24.615000000
164.276841,24.616000000
164.285917,24.617000000
164.291736,24.618000000
164.300267,24.619000000
164.310838,24.620000000
164.316984,24.621000000
164.323959,24.622000000
164.335933,24.623000000
164.347785,24.624000000
164.353440,24.625000000
164.358719,24.626000000
164.364615,24.627000000
164.376876,24.628000000
164.381957,24.629000000
164.390423,24.630000000
164.416407,24.631000000
164.427126,24.632000000
164.433117,24.633000000
164.459090,24.634000000
164.463854,24.635000000
164.472574,24.636000000
164.485425,24.637000000
164.494345,24.638000000
164.502380,24.639000000
164.505858,24.640000000
164.526607,24.641000000
164.549194,24.642000000
164.560976,24.643000000
164.580699,24.644000000
164.581640,24.645000000
164.598161,24.646000000
164.613661,24.647000000
164.627468,24.648000000
164.639729,24.649000000
164.652213,24.650000000
164.663921,24.651000000
164.674837,24.652000000
164.701852,24.653000000
164.714881,24.654000000
164.736683,24.655000000
164.736739,24.656000000
164.759700,24.657000000
164.772468,24.658000000
164.790814,24.659000000
164.796494,24.660000000
164.806131,24.661000000
164.814534,24.662000000
164.824851,24.663000000
164.835840,24.664000000
164.849597,24.665000000
164.853721,24.666000000
164.863442,24.667000000
164.873812,24.668000000
164.886946,24.669000000
164.897157,24.670000000
164.908441,24.671000000
164.916528,24.672000000
164.921457,24.673000000
164.929204,24.674000000
164.940227,24.675000000
164.961214,24.676000000
164.966991,24.677000000
164.996211,24.678000000
165.000035,24.679000000
165.007836,24.680000000
165.018262,24.681000000
165.023918,24.682000000
165.028808,24.683000000
165.033028,24.684000000
165.050228,24.685000000
165.056619,24.686000000
165.069945,24.687000000
165.079616,24.688000000
165.084555,24.689000000
165.106662,24.690000000
165.122051,24.691000000
165.134970,24.692000000
165.140573,24.693000000
165.152244,24.694000000
165.175908,24.695000000
165.187017,24.696000000
165.194384,24.697000000
165.201607,24.698000000
165.206449,24.699000000
165.213286,24.700000000
165.223421,24.701000000
165.233923,24.702000000
165.243556,24.703000000
165.248101,24.704000000
165.268870,24.705000000
165.286929,24.706000000
165.290675,24.707000000
165.312183,24.708000000
165.321798,24.709000000
165.328502,24.710000000
165.340237,24.711000000
165.350904,24.712000000
165.359784,24.713000000
165.384065,24.714000000
165.387864,24.715000000
165.398504,24.716000000
165.409154,24.717000000
165.419483,24.718000000
165.421813,24.719000000
165.441784,24.720000000
165.450123,24.721000000
165.457362,24.722000000
165.474861,24.723000000
165.480624,24.724000000
165.491375,24.725000000
165.495742,24.726000000
165.505378,24.727000000
165.525202,24.728000000
165.545529,24.729000000
165.555018,24.730000000
165.564269,24.731000000
165.575012,24.732000000
165.582792,24.733000000
165.595842,24.734000000
165.602565,24.735000000
165.612693,24.736000000
165.617462,24.737000000
165.641666,24.738000000
165.650242,24.739000000
165.656883,24.740000000
165.671677,24.741000000
165.677203,24.742000000
165.687073,24.743000000
165.720678,24.744000000
165.720773,24.745000000
165.730202,24.746000000
165.742642,24.747000000
165.785608,24.748000000
165.808920,24.749000000
165.815520,24.750000000
165.825055,24.751000000
165.841820,24.752000000
165.857067,24.753000000
165.863763,24.754000000
165.873111,24.755000000
165.879535,24.756000000
165.895901,24.757000000
165.901256,24.758000000
165.904379,24.759000000
165.913505,24.760000000
165.919574,24.761000000
165.924700,24.762000000
165.955610,24.763000000
165.961307,24.764000000
165.973086,24.765000000
165.978111,24.766000000
165.986917,24.767000000
166.014732,24.768000000
166.030299,24.769000000
166.041767,24.770000000
166.048269,24.771000000
166.055049,24.772000000
166.067527,24.773000000
166.082878,24.774000000
166.102976,24.775000000
166.119001,24.776000000
166.158695,24.777000000
166.181318,24.778000000
166.187583,24.779000000
166.190110,24.780000000
166.196398,24.781000000
166.201548,24.782000000
166.203746,24.783000000
166.210303,24.784000000
166.216786,24.785000000
166.221130,24.786000000
166.227103,24.787000000
166.244843,24.788000000
166.250226,24.789000000
166.270875,24.790000000
166.273290,24.791000000
166.300311,24.792000000
166.310854,24.793000000
166.321222,24.794000000
166.328836,24.795000000
166.337044,24.796000000
166.344785,24.797000000
166.363296,24.798000000
166.370429,24.799000000
166.376309,24.800000000
166.386929,24.801000000
166.394614,24.802000000
166.400400,24.803000000
166.407770,24.804000000
166.417232,24.805000000
166.423909,24.806000000
166.432150,24.807000000
166.439683,24.808000000
166.452117,24.809000000
166.457385,24.810000000
166.465594,24.811000000
166.480294,24.812000000
166.480362,24.813000000
166.494359,24.814000000
166.498232,24.815000000
166.505380,24.816000000
166.520971,24.817000000
166.530439,24.818000000
166.530938,24.819000000
166.541938,24.820000000
166.547461,24.821000000
166.561592,24.822000000
166.572668,24.823000000
166.584688,24.824000000
166.605588,24.825000000
166.621057,24.826000000
166.623515,24.827000000
166.640833,24.828000000
166.648076,24.829000000
166.657109,24.830000000
166.662985,24.831000000
166.683546,24.832000000
166.704730,24.833000000
166.725548,24.834000000
166.729924,24.835000000
166.739349,24.836000000
166.771374,24.837000000
166.779793,24.838000000
166.787319,24.839000000
166.797674,24.840000000
166.809424,24.841000000
166.818547,24.842000000
166.830504,24.843000000
166.838532,24.844000000
166.847732,24.845000000
166.856460,24.846000000
166.867314,24.847000000
166.877121,24.848000000
166.884441,24.849000000
166.893181,24.850000000
166.923586,24.851000000
166.937661,24.852000000
166.941796,24.853000000
166.962210,24.854000000
166.973145,24.855000000
166.986947,24.856000000
166.991227,24.857000000
167.000865,24.858000000
167.006043,24.859000000
167.024783,24.860000000
167.029901,24.861000000
167.035369,24.862000000
167.043442,24.863000000
167.046704,24.864000000
167.049890,24.865000000
167.061306,24.866000000
167.066426,24.867000000
167.069932,24.868000000
167.076190,24.869000000
167.078961,24.870000000
167.081955,24.871000000
167.087320,24.872000000
167.093688,24.873000000
167.097815,24.874000000
167.101681,24.875000000
167.105773,24.876000000
167.110600,24.877000000
167.118973,24.878000000
167.122208,24.879000000
167.124454,24.880000000
167.149481,24.881000000
167.164417,24.882000000
167.171944,24.883000000
167.175341,24.884000000
167.183016,24.885000000
167.201168,24.886000000
167.204316,24.887000000
167.207683,24.888000000
167.215284,24.889000000
167.219281,24.890000000
167.222048,24.891000000
167.240354,24.892000000
167.244729,24.893000000
167.260471,24.894000000
167.265924,24.895000000
167.270979,24.896000000
167.281558,24.897000000
167.286512,24.898000000
167.291040,24.899000000
167.293368,24.900000000
167.297264,24.901000000
167.299609,24.902000000
167.314685,24.903000000
167.339293,24.904000000
167.353211,24.905000000
167.365571,24.906000000
167.374203,24.907000000
167.383217,24.908000000
167.387185,24.909000000
167.417506,24.910000000
167.424623,24.911000000
167.441039,24.912000000
167.447668,24.913000000
167.461843,24.914000000
167.461937,24.915000000
167.471274,24.916000000
167.484841,24.917000000
167.494527,24.918000000
167.504969,24.919000000
167.522525,24.920000000
167.528158,24.921000000
167.531919,24.922000000
167.536453,24.923000000
167.538598,24.924000000
167.566444,24.925000000
167.572886,24.926000000
167.584233,24.927000000
167.592997,24.928000000
167.600942,24.929000000
167.644284,24.930000000
167.658898,24.931000000
167.664757,24.932000000
167.675566,24.933000000
167.709253,24.934000000
167.711108,24.935000000
167.722748,24.936000000
167.737012,24.937000000
167.742824,24.938000000
167.772532,24.939000000
167.786768,24.940000000
167.800423,24.941000000
167.811730,24.942000000
167.819009,24.943000000
167.829481,24.944000000
167.835697,24.945000000
167.849846,24.946000000
167.856123,24.947000000
167.865318,24.948000000
167.877569,24.949000000
167.886823,24.950000000
167.892750,24.951000000
167.904603,24.952000000
167.910591,24.953000000
167.931291,24.954000000
167.957893,24.955000000
167.972976,24.956000000
167.979261,24.957000000
167.983079,24.958000000
167.985470,24.959000000
167.987612,24.960000000
167.990854,24.961000000
167.993196,24.962000000
167.995833,24.963000000
167.998082,24.964000000
168.000365,24.965000000
168.003872,24.966000000
168.015785,24.967000000
168.023143,24.968000000
168.026815,24.969000000
168.031350,24.970000000
168.046677,24.971000000
168.054726,24.972000000
168.094184,24.973000000
168.113656,24.974000000
168.127053,24.975000000
168.129629,24.976000000
168.153841,24.977000000
168.163707,24.978000000
168.180530,24.979000000
168.196246,24.980000000
168.203750,24.981000000
168.218352,24.982000000
168.226614,24.983000000
168.241231,24.984000000
168.245410,24.985000000
168.247713,24.986000000
168.255161,24.987000000
168.257152,24.988000000
168.259636,24.989000000
168.263111,24.990000000
168.270649,24.991000000
168.272921,24.992000000
168.282881,24.993000000
168.288012,24.994000000
168.291804,24.995000000
168.299625,24.996000000
168.303696,24.997000000
168.306252,24.998000000
168.308530,24.999000000
168.310878,25.000000000
168.313073,25.001000000
168.318134,25.002000000
168.334339,25.003000000
168.338562,25.004000000
168.346143,25.005000000
168.348509,25.006000000
168.351422,25.007000000
168.355860,25.008000000
168.389146,25.009000000
168.394092,25.010000000
168.412078,25.011000000
168.412147,25.012000000
168.412207,25.013000000
168.412253,25.014000000
168.413652,25.015000000
168.418737,25.016000000
168.419626,25.017000000
168.444338,25.018000000
168.451989,25.019000000
168.459520,25.020000000
168.459583,25.021000000
168.468850,25.022000000
168.468916,25.023000000
168.470481,25.024000000
168.475697,25.025000000
168.475771,25.026000000
168.483151,25.027000000
168.492797,25.028000000
168.496562,25.029000000
168.498310,25.030000000
168.509194,25.031000000
168.509255,25.032000000
168.509315,25.033000000
168.515687,25.034000000
168.523635,25.035000000
168.551531,25.036000000
168.559164,25.037000000
168.577292,25.038000000
168.590839,25.039000000
168.611046,25.040000000
168.629646,25.041000000
168.644912,25.042000000
168.679331,25.043000000
168.699693,25.044000000
168.703263,25.045000000
168.705418,25.046000000
168.708449,25.047000000
168.710642,25.048000000
168.712816,25.049000000
168.743935,25.050000000
168.747972,25.051000000
168.752616,25.052000000
168.768077,25.053000000
168.775392,25.054000000
168.777958,25.055000000
168.780211,25.056000000
168.782386,25.057000000
168.793284,25.058000000
168.798036,25.059000000
168.803402,25.060000000
168.806183,25.061000000
168.808380,25.062000000
168.822827,25.063000000
168.825821,25.064000000
168.828305,25.065000000
168.858063,25.066000000
168.859623,25.067000000
168.859679,25.068000000
168.859720,25.069000000
168.859760,25.070000000
168.859797,25.071000000
168.859835,25.072000000
168.859872,25.073000000
168.860144,25.074000000
168.874258,25.075000000
168.895881,25.076000000
168.916916,25.077000000
168.922382,25.078000000
168.942707,25.079000000
168.954300,25.080000000
168.961572,25.081000000
168.989796,25.082000000
168.989861,25.083000000
168.995731,25.084000000
169.014324,25.085000000
169.018569,25.086000000
169.018823,25.087000000
169.022929,25.088000000
169.027364,25.089000000
169.027636,25.090000000
169.041566,25.091000000
169.044028,25.092000000
169.048648,25.093000000
169.058825,25.094000000
169.058893,25.095000000
169.060476,25.096000000
169.063302,25.097000000
169.066460,25.098000000
169.072820,25.099000000
169.075364,25.100000000
169.089245,25.101000000
169.091536,25.102000000
169.096648,25.103000000
169.103370,25.104000000
169.120179,25.105000000
169.124555,25.106000000
169.125247,25.107000000
169.127611,25.108000000
169.134902,25.109000000
169.138399,25.110000000
169.140969,25.111000000
169.145460,25.112000000
169.149009,25.113000000
169.151374,25.114000000
169.166785,25.115000000
169.177093,25.116000000
169.177461,25.117000000
169.180212,25.118000000
169.184179,25.119000000
169.191348,25.120000000
169.193765,25.121000000
169.197011,25.122000000
169.199949,25.123000000
169.204151,25.124000000
169.211010,25.125000000
169.214911,25.126000000
169.230301,25.127000000
169.244497,25.128000000
169.250994,25.129000000
169.272484,25.130000000
169.278351,25.131000000
169.284425,25.132000000
169.293059,25.133000000
169.298138,25.134000000
169.323917,25.135000000
169.326751,25.136000000
169.337505,25.137000000
169.348320,25.138000000
169.358027,25.139000000
169.363336,25.140000000
169.367369,25.141000000
169.369966,25.142000000
169.372241,25.143000000
169.377165,25.144000000
169.378014,25.145000000
169.380197,25.146000000
169.382415,25.147000000
169.384942,25.148000000
169.387248,25.149000000
169.389457,25.150000000
169.393064,25.151000000
169.396133,25.152000000
169.403298,25.153000000
169.408107,25.154000000
169.410439,25.155000000
169.412649,25.156000000
169.415771,25.157000000
169.418089,25.158000000
169.420342,25.159000000
169.422534,25.160000000
169.424988,25.161000000
169.427531,25.162000000
169.429761,25.163000000
169.433383,25.164000000
169.435656,25.165000000
169.437958,25.166000000
169.440155,25.167000000
169.442637,25.168000000
169.457895,25.169000000
169.460419,25.170000000
169.469209,25.171000000
169.472196,25.172000000
169.475985,25.173000000
169.480293,25.174000000
169.485132,25.175000000
169.497447,25.176000000
169.500124,25.177000000
169.503382,25.178000000
169.506908,25.179000000
169.514044,25.180000000
169.517076,25.181000000
169.520922,25.182000000
169.524335,25.183000000
169.528559,25.184000000
169.550359,25.185000000
169.552767,25.186000000
169.554955,25.187000000
169.557229,25.188000000
169.559600,25.189000000
169.565133,25.190000000
169.568772,25.191000000
169.574536,25.192000000
169.581561,25.193000000
169.590235,25.194000000
169.592984,25.195000000
169.600862,25.196000000
169.603442,25.197000000
169.605684,25.198000000
169.608452,25.199000000
169.614972,25.200000000
169.617888,25.201000000
169.657083,25.202000000
169.666226,25.203000000
169.681466,25.204000000
169.690531,25.205000000
169.698705,25.206000000
169.710575,25.207000000
169.713629,25.208000000
169.720738,25.209000000
169.723927,25.210000000
169.731080,25.211000000
169.733365,25.212000000
169.735787,25.213000000
169.738499,25.214000000
169.742887,25.215000000
169.745270,25.216000000
169.750006,25.217000000
169.753622,25.218000000
169.758726,25.219000000
169.763576,25.220000000
169.766984,25.221000000
169.770973,25.222000000
169.777346,25.223000000
169.779410,25.224000000
169.785237,25.225000000
169.786322,25.226000000
169.805956,25.227000000
169.825207,25.228000000
169.828524,25.229000000
169.840053,25.230000000
169.847058,25.231000000
169.853631,25.232000000
169.862712,25.233000000
169.862762,25.234000000
169.871084,25.235000000
169.882105,25.236000000
169.891502,25.237000000
169.897432,25.238000000
169.953733,25.239000000
169.964468,25.240000000
169.986492,25.241000000
169.986562,25.242000000
170.038542,25.243000000
170.047737,25.244000000
170.052504,25.245000000
170.067121,25.246000000
170.072443,25.247000000
170.076998,25.248000000
170.093922,25.249000000
170.110426,25.250000000
170.119659,25.251000000
170.129587,25.252000000
170.149643,25.253000000
170.163104,25.254000000
170.191700,25.255000000
170.216384,25.256000000
170.234671,25.257000000
170.246896,25.258000000
170.252744,25.259000000
170.270736,25.260000000
170.278332,25.261000000
170.290066,25.262000000
170.300051,25.263000000
170.315010,25.264000000
170.325266,25.265000000
170.330072,25.266000000
170.339702,25.267000000
170.366762,25.268000000
170.375931,25.269000000
170.388008,25.270000000
170.402606,25.271000000
170.411017,25.272000000
170.426831,25.273000000
170.435405,25.274000000
170.454491,25.275000000
170.454583,25.276000000
170.470186,25.277000000
170.476338,25.278000000
170.522778,25.279000000
170.527333,25.280000000
170.547724,25.281000000
170.576241,25.282000000
170.586523,25.283000000
170.603863,25.284000000
170.613236,25.285000000
170.617752,25.286000000
170.622096,25.287000000
170.625720,25.288000000
170.645787,25.289000000
170.648063,25.290000000
170.650269,25.291000000
170.652584,25.292000000
170.659344,25.293000000
170.661683,25.294000000
170.667062,25.295000000
170.669479,25.296000000
170.671983,25.297000000
170.674233,25.298000000
170.679158,25.299000000
170.683337,25.300000000
170.690892,25.301000000
170.698830,25.302000000
170.701117,25.303000000
170.703485,25.304000000
170.711065,25.305000000
170.732754,25.306000000
170.745852,25.307000000
170.752257,25.308000000
170.764038,25.309000000
170.775674,25.310000000
170.788417,25.311000000
170.797498,25.312000000
170.810878,25.313000000
170.818224,25.314000000
170.827838,25.315000000
170.841284,25.316000000
170.851741,25.317000000
170.858871,25.318000000
170.869983,25.319000000
170.872247,25.320000000
170.878350,25.321000000
170.891688,25.322000000
170.893937,25.323000000
170.897064,25.324000000
170.899922,25.325000000
170.902396,25.326000000
170.904769,25.327000000
170.907140,25.328000000
170.909422,25.329000000
170.911768,25.330000000
170.914529,25.331000000
170.917036,25.332000000
170.919368,25.333000000
170.922062,25.334000000
170.925859,25.335000000
170.928321,25.336000000
170.939968,25.337000000
170.942427,25.338000000
170.944620,25.339000000
170.947296,25.340000000
170.959912,25.341000000
170.962493,25.342000000
170.971142,25.343000000
170.977020,25.344000000
170.979830,25.345000000
170.983300,25.346000000
170.996052,25.347000000
171.004247,25.348000000
171.006854,25.349000000
171.009937,25.350000000
171.012207,25.351000000
171.022926,25.352000000
171.025562,25.353000000
171.064944,25.354000000
171.071359,25.355000000
171.077073,25.356000000
171.080981,25.357000000
171.090390,25.358000000
171.099946,25.359000000
171.110080,25.360000000
171.126425,25.361000000
171.137783,25.362000000
171.144929,25.363000000
171.151429,25.364000000
171.164599,25.365000000
171.179088,25.366000000
171.182471,25.367000000
171.198824,25.368000000
171.204107,25.369000000
171.211833,25.370000000
171.235013,25.371000000
171.237957,25.372000000
171.257162,25.373000000
171.262930,25.374000000
171.275918,25.375000000
171.282517,25.376000000
171.295883,25.377000000
171.312538,25.378000000
171.327919,25.379000000
171.329770,25.380000000
171.347734,25.381000000
171.349520,25.382000000
171.362579,25.383000000
171.365236,25.384000000
171.374769,25.385000000
171.376954,25.386000000
171.386922,25.387000000
171.387023,25.388000000
171.387070,25.389000000
171.389108,25.390000000
171.391302,25.391000000
171.398291,25.392000000
171.399988,25.393000000
171.401374,25.394000000
171.424048,25.395000000
171.427707,25.396000000
171.447103,25.397000000
171.451390,25.398000000
171.460282,25.399000000
171.474700,25.400000000
171.491977,25.401000000
171.492059,25.402000000
171.511294,25.403000000
171.515573,25.404000000
171.524175,25.405000000
171.530904,25.406000000
171.547101,25.407000000
171.548126,25.408000000
171.554836,25.409000000
171.557000,25.410000000
171.559425,25.411000000
171.561771,25.412000000
171.596394,25.413000000
171.602838,25.414000000
171.615927,25.415000000
171.618344,25.416000000
171.622240,25.417000000
171.633251,25.418000000
171.640591,25.419000000
171.646167,25.420000000
171.656018,25.421000000
171.658717,25.422000000
171.669854,25.423000000
171.677975,25.424000000
171.681720,25.425000000
171.708007,25.426000000
171.710831,25.427000000
171.724228,25.428000000
171.729659,25.429000000
171.734445,25.430000000
171.745966,25.431000000
171.751626,25.432000000
171.756020,25.433000000
171.760080,25.434000000
171.771495,25.435000000
171.776490,25.436000000
171.787773,25.437000000
171.791837,25.438000000
171.802489,25.439000000
171.808162,25.440000000
171.822419,25.441000000
171.834747,25.442000000
171.846114,25.443000000
171.850539,25.444000000
171.858025,25.445000000
171.866579,25.446000000
171.887335,25.447000000
171.899238,25.448000000
171.910863,25.449000000
171.925807,25.450000000
171.933142,25.451000000
171.938251,25.452000000
171.944778,25.453000000
171.947878,25.454000000
171.950928,25.455000000
171.957579,25.456000000
171.965382,25.457000000
171.970864,25.458000000
171.976913,25.459000000
171.985834,25.460000000
171.990633,25.461000000
171.997169,25.462000000
172.001373,25.463000000
172.004893,25.464000000
172.014542,25.465000000
172.016862,25.466000000
172.021116,25.467000000
172.023518,25.468000000
172.031016,25.469000000
172.033338,25.470000000
172.037988,25.471000000
172.040291,25.472000000
172.046914,25.473000000
172.052363,25.474000000
172.054824,25.475000000
172.057509,25.476000000
172.064752,25.477000000
172.069491,25.478000000
172.072816,25.479000000
172.078854,25.480000000
172.083168,25.481000000
172.087491,25.482000000
172.090935,25.483000000
172.093171,25.484000000
172.111699,25.485000000
172.114061,25.486000000
172.141871,25.487000000
172.156258,25.488000000
172.159960,25.489000000
172.171462,25.490000000
172.183610,25.491000000
172.190268,25.492000000
172.204322,25.493000000
172.214079,25.494000000
172.219666,25.495000000
172.233870,25.496000000
172.233938,25.497000000
172.248881,25.498000000
172.272287,25.499000000
172.279765,25.500000000
172.303437,25.501000000
172.313982,25.502000000
172.326574,25.503000000
172.338615,25.504000000
172.338715,25.505000000
172.374066,25.506000000
172.386610,25.507000000
172.390085,25.508000000
172.415470,25.509000000
172.421213,25.510000000
172.430497,25.511000000
172.442662,25.512000000
172.450833,25.513000000
172.457262,25.514000000
172.482801,25.515000000
172.488559,25.516000000
172.492363,25.517000000
172.508650,25.518000000
172.512902,25.519000000
172.521549,25.520000000
172.527919,25.521000000
172.559116,25.522000000
172.569108,25.523000000
172.576873,25.524000000
172.592290,25.525000000
172.616598,25.526000000
172.653122,25.527000000
172.653186,25.528000000
172.663630,25.529000000
172.677241,25.530000000
172.690838,25.531000000
172.698490,25.532000000
172.701293,25.533000000
172.708301,25.534000000
172.724621,25.535000000
172.744000,25.536000000
172.749575,25.537000000
172.765615,25.538000000
172.770520,25.539000000
172.776334,25.540000000
172.791339,25.541000000
172.798440,25.542000000
172.809382,25.543000000
172.812053,25.544000000
172.814409,25.545000000
172.816619,25.546000000
172.822763,25.547000000
172.826419,25.548000000
172.839205,25.549000000
172.844576,25.550000000
172.846842,25.551000000
172.849132,25.552000000
172.855761,25.553000000
172.879264,25.554000000
172.888499,25.555000000
172.896336,25.556000000
172.899268,25.557000000
172.907809,25.558000000
172.917122,25.559000000
172.926871,25.560000000
172.932227,25.561000000
172.950325,25.562000000
172.950381,25.563000000
172.973954,25.564000000
172.989127,25.565000000
172.999773,25.566000000
173.017752,25.567000000
173.037491,25.568000000
173.058730,25.569000000
173.071224,25.570000000
173.097144,25.571000000
173.107585,25.572000000
173.115629,25.573000000
173.132831,25.574000000
173.148803,25.575000000
173.151012,25.576000000
173.182167,25.577000000
173.191767,25.578000000
173.200603,25.579000000
173.209196,25.580000000
173.214783,25.581000000
173.218545,25.582000000
173.237731,25.583000000
173.244148,25.584000000
173.251342,25.585000000
173.257658,25.586000000
173.269561,25.587000000
173.273963,25.588000000
173.276172,25.589000000
173.278497,25.590000000
173.285763,25.591000000
173.292588,25.592000000
173.295137,25.593000000
173.297410,25.594000000
173.304897,25.595000000
173.307153,25.596000000
173.314097,25.597000000
173.316845,25.598000000
173.324780,25.599000000
173.326877,25.600000000
173.332147,25.601000000
173.334612,25.602000000
173.342561,25.603000000
173.344733,25.604000000
173.349262,25.605000000
173.351537,25.606000000
173.355420,25.607000000
173.357716,25.608000000
173.367005,25.609000000
173.369708,25.610000000
173.371939,25.611000000
173.380076,25.612000000
173.385365,25.613000000
173.388330,25.614000000
173.392937,25.615000000
173.399117,25.616000000
173.417744,25.617000000
173.420532,25.618000000
173.427563,25.619000000
173.468599,25.620000000
173.469781,25.621000000
173.475213,25.622000000
173.486663,25.623000000
173.495270,25.624000000
173.505116,25.625000000
173.519206,25.626000000
173.522052,25.627000000
173.535939,25.628000000
173.542956,25.629000000
173.562418,25.630000000
173.573945,25.631000000
173.585565,25.632000000
173.594404,25.633000000
173.606136,25.634000000
173.621908,25.635000000
173.634091,25.636000000
173.642413,25.637000000
173.657890,25.638000000
173.678636,25.639000000
173.692025,25.640000000
173.692907,25.641000000
173.702839,25.642000000
173.705900,25.643000000
173.717842,25.644000000
173.723044,25.645000000
173.731899,25.646000000
173.739377,25.647000000
173.744617,25.648000000
173.754749,25.649000000
173.758501,25.650000000
173.761252,25.651000000
173.765532,25.652000000
173.774555,25.653000000
173.778785,25.654000000
173.782073,25.655000000
173.784401,25.656000000
173.786522,25.657000000
173.788600,25.658000000
173.790709,25.659000000
173.794111,25.660000000
173.796771,25.661000000
173.800104,25.662000000
173.803513,25.663000000
173.807337,25.664000000
173.813808,25.665000000
173.816207,25.666000000
173.819395,25.667000000
173.822185,25.668000000
173.828859,25.669000000
173.832207,25.670000000
173.835036,25.671000000
173.838197,25.672000000
173.841940,25.673000000
173.848252,25.674000000
173.850639,25.675000000
173.859397,25.676000000
173.871973,25.677000000
173.882159,25.678000000
173.890880,25.679000000
173.915832,25.680000000
173.921383,25.681000000
173.928994,25.682000000
173.931152,25.683000000
173.945681,25.684000000
173.955690,25.685000000
173.955753,25.686000000
173.955796,25.687000000
173.955836,25.688000000
173.973056,25.689000000
173.992693,25.690000000
174.003880,25.691000000
174.003944,25.692000000
174.015721,25.693000000
174.028685,25.694000000
174.041520,25.695000000
174.048471,25.696000000
174.059242,25.697000000
174.075826,25.698000000
174.081196,25.699000000
174.089363,25.700000000
174.104427,25.701000000
174.121342,25.702000000
174.131293,25.703000000
174.139669,25.704000000
174.152271,25.705000000
174.180991,25.706000000
174.181109,25.707000000
174.193489,25.708000000
174.193569,25.709000000
174.197229,25.710000000
174.197716,25.711000000
174.205458,25.712000000
174.213912,25.713000000
174.213981,25.714000000
174.214506,25.715000000
174.245589,25.716000000
174.245659,25.717000000
174.245704,25.718000000
174.245745,25.719000000
174.258898,25.720000000
174.261499,25.721000000
174.263938,25.722000000
174.293984,25.723000000
174.331911,25.724000000
174.340922,25.725000000
174.355654,25.726000000
174.369896,25.727000000
174.384162,25.728000000
174.400086,25.729000000
174.414927,25.730000000
174.427287,25.731000000
174.435471,25.732000000
174.448552,25.733000000
174.456045,25.734000000
174.462664,25.735000000
174.470793,25.736000000
174.483657,25.737000000
174.499316,25.738000000
174.506093,25.739000000
174.521641,25.740000000
174.528260,25.741000000
174.553890,25.742000000
174.562555,25.743000000
174.568435,25.744000000
174.602733,25.745000000
174.619643,25.746000000
174.632951,25.747000000
174.659675,25.748000000
174.660616,25.749000000
174.675588,25.750000000
174.691690,25.751000000
174.706355,25.752000000
174.723161,25.753000000
174.738306,25.754000000
174.745925,25.755000000
174.758986,25.756000000
174.766184,25.757000000
174.771634,25.758000000
174.781324,25.759000000
174.816663,25.760000000
174.822567,25.761000000
174.830640,25.762000000
174.845249,25.763000000
174.851968,25.764000000
174.876252,25.765000000
174.882151,25.766000000
174.888671,25.767000000
174.898368,25.768000000
174.905828,25.769000000
174.943792,25.770000000
174.949848,25.771000000
174.959419,25.772000000
174.966519,25.773000000
174.973626,25.774000000
174.980897,25.775000000
174.988815,25.776000000
174.996770,25.777000000
175.004346,25.778000000
175.017286,25.779000000
175.036077,25.780000000
175.047632,25.781000000
175.062221,25.782000000
175.069668,25.783000000
175.077778,25.784000000
175.087008,25.785000000
175.095334,25.786000000
175.102933,25.787000000
175.112118,25.788000000
175.120868,25.789000000
175.127230,25.790000000
175.135168,25.791000000
175.146079,25.792000000
175.152695,25.793000000
175.160138,25.794000000
175.169700,25.795000000
175.176967,25.796000000
175.186180,25.797000000
175.194092,25.798000000
175.202573,25.799000000
175.212020,25.800000000
175.220650,25.801000000
175.229093,25.802000000
175.237496,25.803000000
175.247104,25.804000000
175.256237,25.805000000
175.263788,25.806000000
175.271783,25.807000000
175.279985,25.808000000
175.289593,25.809000000
175.299507,25.810000000
175.306125,25.811000000
175.315521,25.812000000
175.323343,25.813000000
175.331443,25.814000000
175.341563,25.815000000
175.350217,25.816000000
175.360168,25.817000000
175.365718,25.818000000
175.387537,25.819000000
175.394196,25.820000000
175.409077,25.821000000
175.426081,25.822000000
175.436414,25.823000000
175.449692,25.824000000
175.459336,25.825000000
175.467028,25.826000000
175.478014,25.827000000
175.486750,25.828000000
175.496321,25.829000000
175.504745,25.830000000
175.514873,25.831000000
175.522450,25.832000000
175.531718,25.833000000
175.538409,25.834000000
175.546353,25.835000000
175.554896,25.836000000
175.563940,25.837000000
175.571655,25.838000000
175.579322,25.839000000
175.600630,25.840000000
175.614202,25.841000000
175.620050,25.842000000
175.631696,25.843000000
175.644253,25.844000000
175.656277,25.845000000
175.670013,25.846000000
175.681727,25.847000000
175.695889,25.848000000
175.703879,25.849000000
175.720263,25.850000000
175.720326,25.851000000
175.724272,25.852000000
175.724330,25.853000000
175.748980,25.854000000
175.749075,25.855000000
175.749565,25.856000000
175.763505,25.857000000
175.763575,25.858000000
175.800978,25.859000000
175.819963,25.860000000
175.827494,25.861000000
175.827558,25.862000000
175.828007,25.863000000
175.837101,25.864000000
175.859052,25.865000000
175.859593,25.866000000
175.868558,25.867000000
175.869396,25.868000000
175.874816,25.869000000
175.876364,25.870000000
175.883235,25.871000000
175.906472,25.872000000
175.918447,25.873000000
175.918520,25.874000000
175.918593,25.875000000
175.927284,25.876000000
175.927682,25.877000000
175.963146,25.878000000
175.978321,25.879000000
175.985687,25.880000000
176.000936,25.881000000
176.017372,25.882000000
176.019197,25.883000000
176.031088,25.884000000
176.046070,25.885000000
176.047908,25.886000000
176.062900,25.887000000
176.071463,25.888000000
176.083887,25.889000000
176.101111,25.890000000
176.106918,25.891000000
176.117254,25.892000000
176.123746,25.893000000
176.126251,25.894000000
176.126642,25.895000000
176.141115,25.896000000
176.147884,25.897000000
176.167428,25.898000000
176.167594,25.899000000
176.168722,25.900000000
176.169840,25.901000000
176.169886,25.902000000
176.189715,25.903000000
176.189788,25.904000000
176.189891,25.905000000
176.220421,25.906000000
176.229437,25.907000000
176.234247,25.908000000
176.242455,25.909000000
176.264111,25.910000000
176.272479,25.911000000
176.297254,25.912000000
176.309522,25.913000000
176.311586,25.914000000
176.347485,25.915000000
176.357822,25.916000000
176.363807,25.917000000
176.373958,25.918000000
176.385856,25.919000000
176.398287,25.920000000
176.403979,25.921000000
176.412465,25.922000000
176.426284,25.923000000
176.431633,25.924000000
176.442956,25.925000000
176.452052,25.926000000
176.471462,25.927000000
176.480709,25.928000000
176.494560,25.929000000
176.528405,25.930000000
176.536060,25.931000000
176.546821,25.932000000
176.574652,25.933000000
176.586686,25.934000000
176.591450,25.935000000
176.601985,25.936000000
176.616755,25.937000000
176.624877,25.938000000
176.640434,25.939000000
176.653002,25.940000000
176.665220,25.941000000
176.671695,25.942000000
176.681030,25.943000000
176.691755,25.944000000
176.700481,25.945000000
176.707175,25.946000000
176.716347,25.947000000
176.724460,25.948000000
176.730951,25.949000000
176.739674,25.950000000
176.749696,25.951000000
176.757092,25.952000000
176.765873,25.953000000
176.775415,25.954000000
176.790132,25.955000000
176.797280,25.956000000
176.804253,25.957000000
176.815800,25.958000000
176.822481,25.959000000
176.828665,25.960000000
176.835350,25.961000000
176.841685,25.962000000
176.859435,25.963000000
176.862912,25.964000000
176.868157,25.965000000
176.878407,25.966000000
176.880496,25.967000000
176.884555,25.968000000
176.918075,25.969000000
176.922174,25.970000000
176.930733,25.971000000
176.943977,25.972000000
176.959694,25.973000000
176.971342,25.974000000
176.985386,25.975000000
176.995641,25.976000000
177.014230,25.977000000
177.025905,25.978000000
177.036133,25.979000000
177.052088,25.980000000
177.061650,25.981000000
177.070235,25.982000000
177.079847,25.983000000
177.091698,25.984000000
177.100381,25.985000000
177.118046,25.986000000
177.132279,25.987000000
177.143767,25.988000000
177.154901,25.989000000
177.167379,25.990000000
177.175975,25.991000000
177.186696,25.992000000
177.198018,25.993000000
177.219688,25.994000000
177.228613,25.995000000
177.242369,25.996000000
177.254516,25.997000000
177.281131,25.998000000
177.297475,25.999000000
177.297551,26.000000000
177.302464,26.001000000
177.312122,26.002000000
177.312196,26.003000000
177.312242,26.004000000
177.321939,26.005000000
177.322009,26.006000000
177.332325,26.007000000
177.332399,26.008000000
177.337530,26.009000000
177.337590,26.010000000
177.346362,26.011000000
177.358680,26.012000000
177.364761,26.013000000
177.365170,26.014000000
177.368862,26.015000000
177.388312,26.016000000
177.388840,26.017000000
177.398591,26.018000000
177.399033,26.019000000
177.416242,26.020000000
177.416310,26.021000000
177.416352,26.022000000
177.416391,26.023000000
177.416428,26.024000000
177.426830,26.025000000
177.426987,26.026000000
177.434650,26.027000000
177.462275,26.028000000
177.462790,26.029000000
177.472354,26.030000000
177.472423,26.031000000
177.472467,26.032000000
177.472980,26.033000000
177.480978,26.034000000
177.481096,26.035000000
177.481140,26.036000000
177.490042,26.037000000
177.490118,26.038000000
177.505780,26.039000000
177.505826,26.040000000
177.509981,26.041000000
177.510044,26.042000000
177.510087,26.043000000
177.514093,26.044000000
177.514531,26.045000000
177.516250,26.046000000
177.519890,26.047000000
177.520257,26.048000000
177.523475,26.049000000
177.530639,26.050000000
177.533251,26.051000000
177.585192,26.052000000
177.616112,26.053000000
177.623012,26.054000000
177.638414,26.055000000
177.652791,26.056000000
177.667130,26.057000000
177.677860,26.058000000
177.697351,26.059000000
177.697421,26.060000000
177.706525,26.061000000
177.706588,26.062000000
177.715774,26.063000000
177.719133,26.064000000
177.723483,26.065000000
177.723541,26.066000000
177.726734,26.067000000
177.727443,26.068000000
177.738383,26.069000000
177.738843,26.070000000
177.746363,26.071000000
177.752979,26.072000000
177.757511,26.073000000
177.767581,26.074000000
177.768180,26.075000000
177.768234,26.076000000
177.804003,26.077000000
177.815610,26.078000000
177.815685,26.079000000
177.826922,26.080000000
177.827334,26.081000000
177.827382,26.082000000
177.839107,26.083000000
177.842230,26.084000000
177.845773,26.085000000
177.848731,26.086000000
177.852115,26.087000000
177.858853,26.088000000
177.861198,26.089000000
177.868553,26.090000000
177.874212,26.091000000
177.883076,26.092000000
177.904471,26.093000000
177.926988,26.094000000
177.932785,26.095000000
177.945963,26.096000000
177.949037,26.097000000
177.955721,26.098000000
177.961711,26.099000000
177.966444,26.100000000
177.991761,26.101000000
177.992741,26.102000000
177.999216,26.103000000
178.008577,26.104000000
178.014775,26.105000000
178.019066,26.106000000
178.025405,26.107000000
178.032452,26.108000000
178.039419,26.109000000
178.043384,26.110000000
178.050958,26.111000000
178.056910,26.112000000
178.064648,26.113000000
178.070652,26.114000000
178.077043,26.115000000
178.079506,26.116000000
178.081731,26.117000000
178.084049,26.118000000
178.086657,26.119000000
178.089022,26.120000000
178.091458,26.121000000
178.094028,26.122000000
178.096239,26.123000000
178.098610,26.124000000
178.101328,26.125000000
178.104576,26.126000000
178.108521,26.127000000
178.110904,26.128000000
178.113145,26.129000000
178.115417,26.130000000
178.117843,26.131000000
178.120071,26.132000000
178.122342,26.133000000
178.124588,26.134000000
178.127443,26.135000000
178.135494,26.136000000
178.142566,26.137000000
178.146837,26.138000000
178.156311,26.139000000
178.167136,26.140000000
178.179850,26.141000000
178.190431,26.142000000
178.208824,26.143000000
178.218273,26.144000000
178.237602,26.145000000
178.257848,26.146000000
178.269920,26.147000000
178.275425,26.148000000
178.294907,26.149000000
178.304856,26.150000000
178.314918,26.151000000
178.324639,26.152000000
178.325038,26.153000000
178.345924,26.154000000
178.350547,26.155000000
178.389448,26.156000000
178.399077,26.157000000
178.407061,26.158000000
178.422116,26.159000000
178.428378,26.160000000
178.441163,26.161000000
178.454081,26.162000000
178.461268,26.163000000
178.471117,26.164000000
178.484319,26.165000000
178.494416,26.166000000
178.502369,26.167000000
178.505552,26.168000000
178.507856,26.169000000
178.511224,26.170000000
178.515283,26.171000000
178.517543,26.172000000
178.520690,26.173000000
178.523538,26.174000000
178.533410,26.175000000
178.536235,26.176000000
178.539144,26.177000000
178.541722,26.178000000
178.548424,26.179000000
178.550641,26.180000000
178.557555,26.181000000
178.564400,26.182000000
178.569506,26.183000000
178.576701,26.184000000
178.587945,26.185000000
178.595507,26.186000000
178.626538,26.187000000
178.628436,26.188000000
178.628500,26.189000000
178.631247,26.190000000
178.637371,26.191000000
178.640702,26.192000000
178.652706,26.193000000
178.661432,26.194000000
178.663994,26.195000000
178.676888,26.196000000
178.677075,26.197000000
178.679074,26.198000000
178.681461,26.199000000
178.705618,26.200000000
178.706098,26.201000000
178.720628,26.202000000
178.762590,26.203000000
178.773003,26.204000000
178.783208,26.205000000
178.793719,26.206000000
178.803619,26.207000000
178.806773,26.208000000
178.822809,26.209000000
178.833117,26.210000000
178.843081,26.211000000
178.852839,26.212000000
178.865113,26.213000000
178.876798,26.214000000
178.883731,26.215000000
178.891424,26.216000000
178.895159,26.217000000
178.897728,26.218000000
178.900507,26.219000000
178.910483,26.220000000
178.912821,26.221000000
178.915237,26.222000000
178.917621,26.223000000
178.919896,26.224000000
178.922144,26.225000000
178.924764,26.226000000
178.931838,26.227000000
178.934273,26.228000000
178.936532,26.229000000
178.940729,26.230000000
178.945190,26.231000000
178.947480,26.232000000
178.951791,26.233000000
178.957564,26.234000000
178.967472,26.235000000
178.976930,26.236000000
178.980988,26.237000000
178.984613,26.238000000
178.987138,26.239000000
178.994097,26.240000000
179.004112,26.241000000
179.007051,26.242000000
179.009431,26.243000000
179.015373,26.244000000
179.017937,26.245000000
179.031653,26.246000000
179.034738,26.247000000
179.039754,26.248000000
179.048159,26.249000000
179.051657,26.250000000
179.054227,26.251000000
179.062363,26.252000000
179.066006,26.253000000
179.068368,26.254000000
179.071265,26.255000000
179.073468,26.256000000
179.112704,26.257000000
179.122480,26.258000000
179.133900,26.259000000
179.173838,26.260000000
179.173915,26.261000000
179.193254,26.262000000
179.216145,26.263000000
179.226793,26.264000000
179.248203,26.265000000
179.251662,26.266000000
179.270317,26.267000000
179.279624,26.268000000
179.294053,26.269000000
179.302964,26.270000000
179.312021,26.271000000
179.335273,26.272000000
179.342219,26.273000000
179.357059,26.274000000
179.366952,26.275000000
179.390130,26.276000000
179.390246,26.277000000
179.399316,26.278000000
179.411597,26.279000000
179.470079,26.280000000
179.482237,26.281000000
179.495752,26.282000000
179.508975,26.283000000
179.534906,26.284000000
179.555651,26.285000000
179.570270,26.286000000
179.570336,26.287000000
179.595164,26.288000000
179.605090,26.289000000
179.605998,26.290000000
179.639313,26.291000000
179.639382,26.292000000
179.657913,26.293000000
179.671459,26.294000000
179.672013,26.295000000
179.698694,26.296000000
179.698772,26.297000000
179.719917,26.298000000
179.754537,26.299000000
179.769416,26.300000000
179.779151,26.301000000
179.796860,26.302000000
179.796951,26.303000000
179.842412,26.304000000
179.858764,26.305000000
179.865983,26.306000000
179.886252,26.307000000
179.886348,26.308000000
179.915833,26.309000000
179.927901,26.310000000
179.927991,26.311000000
179.950206,26.312000000
179.950272,26.313000000
179.976765,26.314000000
179.982096,26.315000000
180.026818,26.316000000
180.046494,26.317000000
180.054601,26.318000000
180.078801,26.319000000
180.088491,26.320000000
180.112377,26.321000000
180.123224,26.322000000
180.141103,26.323000000
180.151635,26.324000000
180.164716,26.325000000
180.170107,26.326000000
180.181739,26.327000000
180.182175,26.328000000
180.207536,26.329000000
180.207602,26.330000000
180.216710,26.331000000
180.240976,26.332000000
180.252516,26.333000000
180.253491,26.334000000
180.282982,26.335000000
180.291895,26.336000000
180.298361,26.337000000
180.302461,26.338000000
180.302520,26.339000000
180.324699,26.340000000
180.365819,26.341000000
180.380810,26.342000000
180.391752,26.343000000
180.394983,26.344000000
180.422313,26.345000000
180.422369,26.346000000
180.438327,26.347000000
180.459391,26.348000000
180.466170,26.349000000
180.476125,26.350000000
180.495347,26.351000000
180.501307,26.352000000
180.501357,26.353000000
180.534811,26.354000000
180.535464,26.355000000
180.556594,26.356000000
180.561605,26.357000000
180.597804,26.358000000
180.619439,26.359000000
180.647344,26.360000000
180.664659,26.361000000
180.688573,26.362000000
180.703892,26.363000000
180.718205,26.364000000
180.729328,26.365000000
180.744133,26.366000000
180.757106,26.367000000
180.768895,26.368000000
180.783789,26.369000000
180.797044,26.370000000
180.808084,26.371000000
180.824008,26.372000000
180.831775,26.373000000
180.842193,26.374000000
180.848604,26.375000000
180.856955,26.376000000
180.894330,26.377000000
180.914964,26.378000000
180.918439,26.379000000
180.928959,26.380000000
180.944079,26.381000000
180.951154,26.382000000
180.955292,26.383000000
180.973652,26.384000000
180.977933,26.385000000
180.981984,26.386000000
180.990124,26.387000000
181.000659,26.388000000
181.004650,26.389000000
181.017284,26.390000000
181.019689,26.391000000
181.028383,26.392000000
181.055436,26.393000000
181.055483,26.394000000
181.062337,26.395000000
181.076068,26.396000000
181.076109,26.397000000
181.085074,26.398000000
181.086964,26.399000000
181.094831,26.400000000
181.102576,26.401000000
181.111190,26.402000000
181.112451,26.403000000
181.121223,26.404000000
181.130077,26.405000000
181.143712,26.406000000
181.143774,26.407000000
181.155973,26.408000000
181.156016,26.409000000
181.164097,26.410000000
181.173899,26.411000000
181.183128,26.412000000
181.191190,26.413000000
181.191227,26.414000000
181.201241,26.415000000
181.205720,26.416000000
181.213872,26.417000000
181.230307,26.418000000
181.238617,26.419000000
181.245069,26.420000000
181.256033,26.421000000
181.264204,26.422000000
181.266629,26.423000000
181.286752,26.424000000
181.300421,26.425000000
181.309685,26.426000000
181.317601,26.427000000
181.348157,26.428000000
181.348199,26.429000000
181.356823,26.430000000
181.363473,26.431000000
181.368743,26.432000000
181.390357,26.433000000
181.392789,26.434000000
181.401574,26.435000000
181.428862,26.436000000
181.435112,26.437000000
181.440047,26.438000000
181.445017,26.439000000
181.450190,26.440000000
181.457126,26.441000000
181.462525,26.442000000
181.468400,26.443000000
181.493127,26.444000000
181.496000,26.445000000
181.507370,26.446000000
181.509296,26.447000000
181.515425,26.448000000
181.525218,26.449000000
181.531000,26.450000000
181.541216,26.451000000
181.546239,26.452000000
181.551989,26.453000000
181.557762,26.454000000
181.561469,26.455000000
181.570265,26.456000000
181.576745,26.457000000
181.582948,26.458000000
181.589986,26.459000000
181.599091,26.460000000
181.614516,26.461000000
181.614814,26.462000000
181.624989,26.463000000
181.636964,26.464000000
181.637052,26.465000000
181.644870,26.466000000
181.656014,26.467000000
181.656053,26.468000000
181.662715,26.469000000
181.683772,26.470000000
181.694551,26.471000000
181.705514,26.472000000
181.713003,26.473000000
181.730815,26.474000000
181.730886,26.475000000
181.736826,26.476000000
181.748806,26.477000000
181.758693,26.478000000
181.801280,26.479000000
181.811843,26.480000000
181.811884,26.481000000
181.827792,26.482000000
181.827838,26.484000000
181.828426,26.485000000
181.830673,26.486000000
181.835436,26.487000000
181.843755,26.488000000
181.843796,26.489000000
181.864665,26.490000000
181.868374,26.491000000
181.891575,26.492000000
181.893914,26.493000000
181.897269,26.494000000
181.906605,26.495000000
181.906671,26.496000000
181.920776,26.497000000
181.921322,26.498000000
181.931415,26.499000000
181.931454,26.500000000
181.932632,26.501000000
181.941179,26.502000000
181.943864,26.503000000
181.965903,26.504000000
181.969162,26.505000000
181.972001,26.506000000
181.981081,26.507000000
181.986013,26.508000000
181.999582,26.509000000
181.999627,26.510000000
182.005090,26.511000000
182.008710,26.512000000
182.013583,26.513000000
182.019650,26.514000000
182.025807,26.515000000
182.032525,26.516000000
182.032564,26.517000000
182.052605,26.518000000
182.065948,26.519000000
182.071679,26.520000000
182.085170,26.521000000
182.085216,26.522000000
182.089354,26.523000000
182.090312,26.524000000
182.093934,26.525000000
182.096654,26.526000000
182.107234,26.527000000
182.107279,26.529000000
182.120900,26.530000000
182.120941,26.531000000
182.136326,26.532000000
182.137136,26.533000000
182.155957,26.534000000
182.155997,26.536000000
182.164096,26.537000000
182.176576,26.538000000
182.181914,26.539000000
182.194168,26.540000000
182.194215,26.542000000
182.196517,26.543000000
182.206110,26.544000000
182.219076,26.545000000
182.228156,26.546000000
182.244603,26.547000000
182.253300,26.548000000
182.281551,26.549000000
182.292961,26.550000000
182.307316,26.551000000
182.313227,26.552000000
182.313277,26.553000000
182.336720,26.554000000
182.346090,26.555000000
182.365116,26.556000000
182.373548,26.557000000
182.392996,26.558000000
182.410451,26.559000000
182.443756,26.560000000
182.459869,26.561000000
182.479285,26.562000000
182.489149,26.563000000
182.510335,26.564000000
182.522105,26.565000000
182.528275,26.566000000
182.538332,26.567000000
182.548932,26.568000000
182.565145,26.569000000
182.573630,26.570000000
182.586147,26.571000000
182.597847,26.572000000
182.609303,26.573000000
182.615579,26.574000000
182.626120,26.575000000
182.655822,26.576000000
182.660933,26.577000000
182.675007,26.578000000
182.684763,26.579000000
182.698184,26.580000000
182.706436,26.581000000
182.723972,26.582000000
182.740875,26.583000000
182.753167,26.584000000
182.764317,26.585000000
182.771594,26.586000000
182.775929,26.587000000
182.801619,26.588000000
182.815015,26.589000000
182.821914,26.590000000
182.832990,26.591000000
182.841193,26.592000000
182.855356,26.593000000
182.865198,26.594000000
182.880280,26.595000000
182.890388,26.596000000
182.901317,26.597000000
182.912614,26.598000000
182.922034,26.599000000
182.927966,26.600000000
182.936254,26.601000000
182.961123,26.602000000
182.978627,26.603000000
182.984741,26.604000000
182.996506,26.605000000
183.026563,26.606000000
183.031909,26.607000000
183.058695,26.608000000
183.067175,26.609000000
183.072529,26.610000000
183.103272,26.611000000
183.117388,26.612000000
183.126958,26.613000000
183.139699,26.614000000
183.147747,26.615000000
183.160396,26.616000000
183.166328,26.617000000
183.201202,26.618000000
183.206190,26.619000000
183.231524,26.620000000
183.239719,26.621000000
183.250723,26.622000000
183.282761,26.623000000
183.296499,26.624000000
183.306252,26.625000000
183.325878,26.626000000
183.336398,26.627000000
183.341877,26.628000000
183.365038,26.629000000
183.377959,26.630000000
183.408594,26.631000000
183.428382,26.632000000
183.439832,26.633000000
183.450415,26.634000000
183.460169,26.635000000
183.471975,26.636000000
183.481342,26.637000000
183.494945,26.638000000
183.498368,26.639000000
183.513955,26.640000000
183.529833,26.641000000
183.538823,26.642000000
183.544216,26.643000000
183.550531,26.644000000
183.568762,26.645000000
183.583574,26.646000000
183.592592,26.647000000
183.634591,26.648000000
183.640338,26.649000000
183.650296,26.650000000
183.672573,26.651000000
183.685954,26.652000000
183.689679,26.653000000
183.715533,26.654000000
183.720186,26.655000000
183.728409,26.656000000
183.744137,26.657000000
183.744206,26.658000000
183.762104,26.659000000
183.773537,26.660000000
183.783452,26.661000000
183.791715,26.662000000
183.801134,26.663000000
183.813959,26.664000000
183.821563,26.665000000
183.830622,26.666000000
183.844976,26.667000000
183.866983,26.668000000
183.867614,26.669000000
183.876165,26.670000000
183.893258,26.671000000
183.904553,26.672000000
183.905008,26.673000000
183.926869,26.674000000
183.934099,26.675000000
183.939963,26.676000000
183.965487,26.677000000
183.978836,26.678000000
183.990641,26.679000000
184.024798,26.680000000
184.039153,26.681000000
184.053210,26.682000000
184.068995,26.683000000
184.069482,26.684000000
184.082375,26.685000000
184.082786,26.686000000
184.088891,26.687000000
184.093551,26.688000000
184.112806,26.689000000
184.121946,26.690000000
184.127835,26.691000000
184.140686,26.692000000
184.146078,26.693000000
184.153293,26.694000000
184.160558,26.695000000
184.176186,26.696000000
184.178905,26.697000000
184.188832,26.698000000
184.192589,26.699000000
184.198964,26.700000000
184.209157,26.701000000
184.212471,26.702000000
184.219214,26.703000000
184.231592,26.704000000
184.239966,26.705000000
184.241885,26.706000000
184.251030,26.707000000
184.265861,26.708000000
184.290947,26.709000000
184.309116,26.710000000
184.320202,26.711000000
184.327920,26.712000000
184.347842,26.713000000
184.362164,26.714000000
184.369843,26.715000000
184.402739,26.716000000
184.412565,26.717000000
184.424834,26.718000000
184.429026,26.719000000
184.436160,26.720000000
184.450934,26.721000000
184.470829,26.722000000
184.488370,26.723000000
184.503762,26.724000000
184.512639,26.725000000
184.531607,26.726000000
184.537547,26.727000000
184.557413,26.728000000
184.563500,26.729000000
184.575665,26.730000000
184.604738,26.731000000
184.618140,26.732000000
184.633862,26.733000000
184.647904,26.734000000
184.678051,26.735000000
184.690775,26.736000000
184.704213,26.737000000
184.718663,26.738000000
184.730578,26.739000000
184.734414,26.740000000
184.768389,26.741000000
184.769026,26.742000000
184.807324,26.743000000
184.814826,26.744000000
184.828269,26.745000000
184.853711,26.746000000
184.859351,26.747000000
184.868245,26.748000000
184.879915,26.749000000
184.891703,26.750000000
184.904399,26.751000000
184.918467,26.752000000
184.926669,26.753000000
184.946035,26.754000000
184.954866,26.755000000
184.962635,26.756000000
184.994881,26.757000000
184.999221,26.758000000
185.021438,26.759000000
185.027951,26.760000000
185.063918,26.761000000
185.079463,26.762000000
185.093115,26.763000000
185.097528,26.764000000
185.098282,26.765000000
185.109659,26.766000000
185.109722,26.767000000
185.109903,26.768000000
185.113826,26.769000000
185.113878,26.770000000
185.114761,26.771000000
185.128483,26.772000000
185.128552,26.773000000
185.130584,26.774000000
185.134374,26.775000000
185.152047,26.776000000
185.157265,26.777000000
185.160929,26.778000000
185.169815,26.779000000
185.172901,26.780000000
185.189187,26.781000000
185.198389,26.782000000
185.208884,26.783000000
185.216713,26.784000000
185.232708,26.785000000
185.240147,26.786000000
185.249618,26.787000000
185.261643,26.788000000
185.271235,26.789000000
185.280434,26.790000000
185.298189,26.791000000
185.298682,26.792000000
185.306827,26.793000000
185.312452,26.794000000
185.312499,26.795000000
185.321213,26.796000000
185.327805,26.797000000
185.328776,26.798000000
185.337906,26.799000000
185.341645,26.800000000
185.345731,26.801000000
185.351922,26.802000000
185.364904,26.803000000
185.382762,26.804000000
185.382830,26.805000000
185.393788,26.806000000
185.397344,26.807000000
185.412515,26.808000000
185.423267,26.809000000
185.433587,26.810000000
185.440970,26.811000000
185.452702,26.812000000
185.464290,26.813000000
185.472533,26.814000000
185.475558,26.815000000
185.492387,26.816000000
185.493344,26.817000000
185.508034,26.818000000
185.523612,26.819000000
185.524187,26.820000000
185.527534,26.821000000
185.548308,26.822000000
185.553658,26.823000000
185.564890,26.824000000
185.568408,26.825000000
185.577547,26.826000000
185.597185,26.827000000
185.599653,26.828000000
185.605621,26.829000000
185.614795,26.830000000
185.618505,26.831000000
185.629120,26.832000000
185.629537,26.833000000
185.634716,26.834000000
185.645900,26.835000000
185.653112,26.836000000
185.662465,26.837000000
185.668248,26.838000000
185.677447,26.839000000
185.677905,26.840000000
185.684941,26.841000000
185.690724,26.842000000
185.699836,26.843000000
185.706118,26.844000000
185.709905,26.845000000
185.720675,26.846000000
185.732173,26.847000000
185.736188,26.848000000
185.744153,26.849000000
185.748431,26.850000000
185.758380,26.851000000
185.766600,26.852000000
185.770040,26.853000000
185.785654,26.854000000
185.785725,26.855000000
185.798564,26.856000000
185.815899,26.857000000
185.827957,26.858000000
185.832202,26.859000000
185.880212,26.860000000
185.891618,26.861000000
185.897787,26.862000000
185.907276,26.863000000
185.907978,26.864000000
185.910453,26.865000000
185.914694,26.866000000
185.943403,26.867000000
185.955142,26.868000000
185.978570,26.869000000
185.988129,26.870000000
185.991119,26.871000000
185.996619,26.872000000
186.004920,26.873000000
186.009121,26.874000000
186.016567,26.875000000
186.023697,26.876000000
186.041076,26.877000000
186.043777,26.878000000
186.052227,26.879000000
186.074373,26.880000000
186.076860,26.881000000
186.084100,26.882000000
186.091704,26.883000000
186.100891,26.884000000
186.111391,26.885000000
186.120361,26.886000000
186.134884,26.887000000
186.146509,26.888000000
186.150691,26.889000000
186.161414,26.890000000
186.170741,26.891000000
186.182831,26.892000000
186.195074,26.893000000
186.202003,26.894000000
186.210499,26.895000000
186.221382,26.896000000
186.244855,26.897000000
186.253348,26.898000000
186.271316,26.899000000
186.282958,26.900000000
186.302143,26.901000000
186.327910,26.902000000
186.339819,26.903000000
186.350050,26.904000000
186.361122,26.905000000
186.364696,26.906000000
186.390983,26.907000000
186.397090,26.908000000
186.413091,26.909000000
186.422543,26.910000000
186.449298,26.911000000
186.460771,26.912000000
186.484910,26.913000000
186.497890,26.914000000
186.503148,26.915000000
186.515564,26.916000000
186.522870,26.917000000
186.535073,26.918000000
186.544972,26.919000000
186.566979,26.920000000
186.576288,26.921000000
186.583006,26.922000000
186.587586,26.923000000
186.594159,26.924000000
186.622967,26.925000000
186.642850,26.926000000
186.650854,26.927000000
186.677471,26.928000000
186.683693,26.929000000
186.689700,26.930000000
186.699263,26.931000000
186.730902,26.932000000
186.744686,26.933000000
186.751033,26.934000000
186.767865,26.935000000
186.773158,26.936000000
186.777444,26.937000000
186.783059,26.938000000
186.787518,26.939000000
186.822714,26.940000000
186.845158,26.941000000
186.852924,26.942000000
186.862570,26.943000000
186.871002,26.944000000
186.881291,26.945000000
186.892558,26.946000000
186.904504,26.947000000
186.911987,26.948000000
186.921436,26.949000000
186.948554,26.950000000
186.963334,26.951000000
186.974649,26.952000000
186.981402,26.953000000
186.992344,26.954000000
187.025188,26.955000000
187.034931,26.956000000
187.059889,26.957000000
187.065358,26.958000000
187.085679,26.959000000
187.107912,26.960000000
187.129987,26.961000000
187.143865,26.962000000
187.165224,26.963000000
187.177812,26.964000000
187.194273,26.965000000
187.206170,26.966000000
187.215402,26.967000000
187.243192,26.968000000
187.243281,26.969000000
187.256802,26.970000000
187.271693,26.971000000
187.271733,26.972000000
187.281019,26.973000000
187.293526,26.974000000
187.309473,26.975000000
187.321593,26.976000000
187.321631,26.977000000
187.342129,26.978000000
187.353016,26.979000000
187.357276,26.980000000
187.371410,26.981000000
187.373689,26.982000000
187.378378,26.983000000
187.391681,26.984000000
187.396170,26.985000000
187.400843,26.986000000
187.416790,26.987000000
187.420455,26.988000000
187.428872,26.989000000
187.431297,26.990000000
187.437903,26.991000000
187.454600,26.992000000
187.459306,26.993000000
187.462813,26.994000000
187.474019,26.995000000
187.478863,26.996000000
187.484448,26.997000000
187.487985,26.998000000
187.525570,26.999000000
187.538400,27.000000000
187.546540,27.001000000
187.563870,27.002000000
187.582790,27.003000000
187.601062,27.004000000
187.607564,27.005000000
187.626256,27.006000000
187.634899,27.007000000
187.650665,27.008000000
187.666466,27.009000000
187.693594,27.010000000
187.704223,27.011000000
187.722348,27.012000000
187.728156,27.013000000
187.741762,27.014000000
187.753689,27.015000000
187.771890,27.016000000
187.781697,27.017000000
187.791820,27.018000000
187.803688,27.019000000
187.818445,27.020000000
187.833268,27.021000000
187.847760,27.022000000
187.854733,27.023000000
187.867522,27.024000000
187.882374,27.025000000
187.895857,27.026000000
187.908717,27.027000000
187.916783,27.028000000
187.944905,27.029000000
187.953533,27.030000000
187.963804,27.031000000
187.979331,27.032000000
187.993002,27.033000000
188.020604,27.034000000
188.020658,27.035000000
188.048786,27.036000000
188.064005,27.037000000
188.064626,27.038000000
188.101629,27.039000000
188.111906,27.040000000
188.115080,27.041000000
188.122197,27.042000000
188.131203,27.043000000
188.137403,27.044000000
188.155064,27.045000000
188.158378,27.046000000
188.170820,27.047000000
188.179281,27.048000000
188.187325,27.049000000
188.190395,27.050000000
188.202152,27.051000000
188.206424,27.052000000
188.210604,27.053000000
188.213832,27.054000000
188.218550,27.055000000
188.222670,27.056000000
188.229188,27.057000000
188.232274,27.058000000
188.235795,27.059000000
188.239870,27.060000000
188.242905,27.061000000
188.251665,27.062000000
188.254720,27.063000000
188.266305,27.064000000
188.274759,27.065000000
188.281765,27.066000000
188.289259,27.067000000
188.306895,27.068000000
188.317105,27.069000000
188.323106,27.070000000
188.340322,27.071000000
188.350481,27.072000000
188.369364,27.073000000
188.395775,27.074000000
188.395819,27.075000000
188.421279,27.076000000
188.421319,27.077000000
188.439979,27.078000000
188.454258,27.079000000
188.479826,27.080000000
188.480386,27.081000000
188.490207,27.082000000
188.500970,27.083000000
188.503194,27.084000000
188.525462,27.085000000
188.537115,27.086000000
188.557571,27.087000000
188.557613,27.090000000
188.577336,27.091000000
188.577375,27.092000000
188.597406,27.093000000
188.597453,27.094000000
188.603419,27.095000000
188.603462,27.096000000
188.625744,27.097000000
188.631408,27.098000000
188.633477,27.099000000
188.647874,27.100000000
188.657745,27.101000000
188.660283,27.102000000
188.677192,27.103000000
188.689406,27.104000000
188.692832,27.105000000
188.696540,27.106000000
188.719494,27.107000000
188.730997,27.108000000
188.741259,27.109000000
188.763588,27.110000000
188.776781,27.111000000
188.789646,27.112000000
188.805455,27.113000000
188.817785,27.114000000
188.833766,27.115000000
188.848546,27.116000000
188.863424,27.117000000
188.890691,27.118000000
188.900890,27.119000000
188.905923,27.120000000
188.927000,27.121000000
188.939026,27.122000000
188.942027,27.123000000
188.962049,27.124000000
188.967261,27.125000000
188.969620,27.126000000
188.976608,27.127000000
189.005415,27.128000000
189.013946,27.129000000
189.028928,27.130000000
189.035619,27.131000000
189.043580,27.132000000
189.080549,27.133000000
189.092981,27.134000000
189.100925,27.135000000
189.113811,27.136000000
189.126518,27.137000000
189.147249,27.138000000
189.159805,27.139000000
189.173656,27.140000000
189.184292,27.141000000
189.194093,27.142000000
189.219338,27.143000000
189.219394,27.144000000
189.225600,27.145000000
189.228392,27.146000000
189.237324,27.147000000
189.251704,27.148000000
189.256542,27.149000000
189.261986,27.150000000
189.290118,27.151000000
189.296901,27.152000000
189.311677,27.153000000
189.316077,27.154000000
189.318615,27.155000000
189.322305,27.156000000
189.326478,27.157000000
189.353301,27.158000000
189.355729,27.159000000
189.362623,27.160000000
189.364993,27.161000000
189.367492,27.162000000
189.374676,27.163000000
189.390436,27.164000000
189.392826,27.165000000
189.396851,27.166000000
189.422853,27.167000000
189.439579,27.168000000
189.447490,27.169000000
189.459188,27.170000000
189.461492,27.171000000
189.464086,27.172000000
189.466467,27.173000000
189.468808,27.174000000
189.471218,27.175000000
189.474154,27.176000000
189.476482,27.177000000
189.479565,27.178000000
189.481957,27.179000000
189.484476,27.180000000
189.486800,27.181000000
189.489094,27.182000000
189.503625,27.183000000
189.514757,27.184000000
189.519016,27.185000000
189.535174,27.186000000
189.552553,27.187000000
189.573488,27.188000000
189.575709,27.189000000
189.584440,27.190000000
189.587162,27.191000000
189.595476,27.192000000
189.598444,27.193000000
189.624084,27.194000000
189.628366,27.195000000
189.630960,27.196000000
189.633372,27.197000000
189.636251,27.198000000
189.653385,27.199000000
189.656472,27.200000000
189.659033,27.201000000
189.668628,27.202000000
189.684021,27.203000000
189.686337,27.204000000
189.690108,27.205000000
189.699076,27.206000000
189.706017,27.207000000
189.724914,27.208000000
189.734828,27.209000000
189.737800,27.210000000
189.743343,27.211000000
189.749862,27.212000000
189.755025,27.213000000
189.757961,27.214000000
189.761676,27.215000000
189.764667,27.216000000
189.771120,27.217000000
189.773661,27.218000000
189.776166,27.219000000
189.781649,27.220000000
189.790750,27.221000000
189.801856,27.222000000
189.806172,27.223000000
189.808389,27.224000000
189.812288,27.225000000
189.819673,27.226000000
189.822074,27.227000000
189.825930,27.228000000
189.832624,27.229000000
189.835212,27.230000000
189.839535,27.231000000
189.843585,27.232000000
189.847150,27.233000000
189.851124,27.234000000
189.859607,27.235000000
189.870411,27.236000000
189.877733,27.237000000
189.887365,27.238000000
189.892166,27.239000000
189.899587,27.240000000
189.904183,27.241000000
189.923887,27.242000000
189.937800,27.243000000
189.943268,27.244000000
189.956380,27.245000000
189.963282,27.246000000
189.970078,27.247000000
189.989746,27.248000000
189.992115,27.249000000
189.996508,27.250000000
190.009373,27.251000000
190.039435,27.252000000
190.047422,27.253000000
190.058655,27.254000000
190.069555,27.255000000
190.073941,27.256000000
190.079674,27.257000000
190.082237,27.258000000
190.084522,27.259000000
190.087021,27.260000000
190.089363,27.261000000
190.091674,27.262000000
190.093926,27.263000000
190.125952,27.264000000
190.130440,27.265000000
190.139698,27.266000000
190.147576,27.267000000
190.157184,27.268000000
190.167210,27.269000000
190.175882,27.270000000
190.183392,27.271000000
190.194322,27.272000000
190.210490,27.273000000
190.218496,27.274000000
190.228882,27.275000000
190.235127,27.276000000
190.244283,27.277000000
190.268549,27.278000000
190.280589,27.279000000
190.286971,27.280000000
190.304633,27.281000000
190.311260,27.282000000
190.320796,27.283000000
190.326934,27.284000000
190.332858,27.285000000
190.338154,27.286000000
190.360703,27.287000000
190.366080,27.288000000
190.373979,27.289000000
190.386608,27.290000000
190.393210,27.291000000
190.425915,27.292000000
190.440333,27.293000000
190.447597,27.294000000
190.465473,27.295000000
190.482492,27.296000000
190.492490,27.297000000
190.499263,27.298000000
190.501931,27.299000000
190.512225,27.300000000
190.518950,27.301000000
190.528405,27.302000000
190.549500,27.303000000
190.554495,27.304000000
190.561465,27.305000000
190.566874,27.306000000
190.573474,27.307000000
190.593844,27.308000000
190.607978,27.309000000
190.618036,27.310000000
190.633214,27.311000000
190.645228,27.312000000
190.648318,27.313000000
190.651692,27.314000000
190.679949,27.315000000
190.684466,27.316000000
190.695965,27.317000000
190.703732,27.318000000
190.712229,27.319000000
190.728508,27.320000000
190.733886,27.321000000
190.740810,27.322000000
190.747802,27.323000000
190.765407,27.324000000
190.780289,27.325000000
190.788833,27.326000000
190.802551,27.327000000
190.821847,27.328000000
190.833591,27.329000000
190.842595,27.330000000
190.859439,27.331000000
190.865370,27.332000000
190.869326,27.333000000
190.872386,27.334000000
190.876370,27.335000000
190.884237,27.336000000
190.887080,27.337000000
190.889606,27.338000000
190.892444,27.339000000
190.899450,27.340000000
190.903130,27.341000000
190.906618,27.342000000
190.913574,27.343000000
190.917582,27.344000000
190.920059,27.345000000
190.922886,27.346000000
190.929971,27.347000000
190.932365,27.348000000
190.934711,27.349000000
190.937615,27.350000000
190.940113,27.351000000
190.943918,27.352000000
190.949784,27.353000000
190.958458,27.354000000
190.960844,27.355000000
190.963310,27.356000000
190.966847,27.357000000
190.971128,27.358000000
190.973966,27.359000000
190.991797,27.360000000
191.007226,27.361000000
191.014496,27.362000000
191.038794,27.363000000
191.057877,27.364000000
191.060801,27.365000000
191.099214,27.366000000
191.102976,27.367000000
191.120612,27.368000000
191.120958,27.369000000
191.133535,27.370000000
191.149327,27.371000000
191.151907,27.372000000
191.156143,27.373000000
191.162553,27.374000000
191.164505,27.375000000
191.169552,27.376000000
191.185124,27.377000000
191.187060,27.378000000
191.188922,27.379000000
191.192353,27.380000000
191.200831,27.381000000
191.206776,27.382000000
191.207973,27.383000000
191.210202,27.384000000
191.212451,27.385000000
191.214837,27.386000000
191.217107,27.387000000
191.219519,27.388000000
191.230591,27.389000000
191.237071,27.390000000
191.241667,27.391000000
191.245465,27.392000000
191.255898,27.393000000
191.258578,27.394000000
191.261809,27.395000000
191.269245,27.396000000
191.272100,27.397000000
191.275131,27.398000000
191.283221,27.399000000
191.285906,27.400000000
191.313044,27.401000000
191.321033,27.402000000
191.325420,27.403000000
191.338964,27.404000000
191.343835,27.405000000
191.349779,27.406000000
191.355250,27.407000000
191.380365,27.408000000
191.383477,27.409000000
191.392558,27.410000000
191.395491,27.411000000
191.407223,27.412000000
191.410039,27.413000000
191.416410,27.414000000
191.422057,27.415000000
191.424416,27.416000000
191.458399,27.417000000
191.464950,27.418000000
191.478723,27.419000000
191.487279,27.420000000
191.501833,27.421000000
191.513891,27.422000000
191.522533,27.423000000
191.540300,27.424000000
191.546970,27.425000000
191.557144,27.426000000
191.571017,27.427000000
191.581576,27.428000000
191.589662,27.429000000
191.593040,27.430000000
191.609383,27.431000000
191.617111,27.432000000
191.622056,27.433000000
191.628121,27.434000000
191.632444,27.435000000
191.634836,27.436000000
191.648432,27.437000000
191.658808,27.438000000
191.665529,27.439000000
191.695503,27.440000000
191.702268,27.441000000
191.711678,27.442000000
191.725319,27.443000000
191.727672,27.444000000
191.734817,27.445000000
191.738387,27.446000000
191.742614,27.447000000
191.745282,27.448000000
191.771361,27.449000000
191.777839,27.450000000
191.783885,27.451000000
191.786325,27.452000000
191.800449,27.453000000
191.805094,27.454000000
191.807427,27.455000000
191.809650,27.456000000
191.847805,27.457000000
191.866090,27.458000000
191.876330,27.459000000
191.888300,27.460000000
191.908635,27.461000000
191.918761,27.462000000
191.931374,27.463000000
191.945080,27.464000000
191.955628,27.465000000
191.963030,27.466000000
191.985198,27.467000000
191.996255,27.468000000
192.007708,27.469000000
192.010671,27.470000000
192.013908,27.471000000
192.020076,27.472000000
192.022491,27.473000000
192.024898,27.474000000
192.027115,27.475000000
192.037150,27.476000000
192.042375,27.477000000
192.062689,27.478000000
192.065353,27.479000000
192.072129,27.480000000
192.075857,27.481000000
192.100815,27.482000000
192.107413,27.483000000
192.111329,27.484000000
192.117729,27.485000000
192.133154,27.486000000
192.138672,27.487000000
192.141162,27.488000000
192.152815,27.489000000
192.182100,27.490000000
192.194149,27.491000000
192.202185,27.492000000
192.216497,27.493000000
192.226955,27.494000000
192.227018,27.495000000
192.235992,27.496000000
192.244891,27.497000000
192.256177,27.498000000
192.256240,27.499000000
192.273866,27.500000000
192.273959,27.501000000
192.274003,27.502000000
192.292289,27.503000000
192.292354,27.504000000
192.304709,27.505000000
192.319119,27.506000000
192.319183,27.507000000
192.328940,27.508000000
192.338142,27.509000000
192.350294,27.510000000
192.354568,27.511000000
192.376699,27.512000000
192.385701,27.513000000
192.389108,27.514000000
192.401006,27.515000000
192.402864,27.516000000
192.421361,27.517000000
192.421841,27.518000000
192.421899,27.519000000
192.434623,27.520000000
192.463450,27.521000000
192.474068,27.522000000
192.474513,27.523000000
192.487214,27.524000000
192.491644,27.525000000
192.503810,27.526000000
192.514157,27.527000000
192.521273,27.528000000
192.521374,27.529000000
192.537908,27.530000000
192.545872,27.531000000
192.553327,27.532000000
192.564141,27.533000000
192.582632,27.534000000
192.582704,27.535000000
192.583251,27.536000000
192.594388,27.537000000
192.594450,27.538000000
192.608883,27.539000000
192.620697,27.540000000
192.620791,27.541000000
192.629301,27.542000000
192.640527,27.543000000
192.655653,27.544000000
192.655723,27.545000000
192.663839,27.546000000
192.663896,27.547000000
192.681699,27.548000000
192.681759,27.549000000
192.697087,27.550000000
192.697174,27.551000000
192.710325,27.552000000
192.710389,27.553000000
192.718017,27.554000000
192.729125,27.555000000
192.734143,27.556000000
192.740391,27.557000000
192.740448,27.558000000
192.755163,27.559000000
192.762081,27.560000000
192.765018,27.561000000
192.775973,27.562000000
192.782104,27.563000000
192.789327,27.564000000
192.791381,27.565000000
192.796663,27.566000000
192.809086,27.567000000
192.812961,27.568000000
192.832037,27.569000000
192.832153,27.570000000
192.832247,27.571000000
192.839504,27.572000000
192.854122,27.573000000
192.854190,27.574000000
192.863283,27.575000000
192.874380,27.576000000
192.881065,27.577000000
192.906153,27.578000000
192.906597,27.579000000
192.921092,27.580000000
192.921216,27.581000000
192.921263,27.582000000
192.921304,27.583000000
192.956250,27.584000000
192.960916,27.585000000
192.965793,27.586000000
192.988055,27.587000000
192.990607,27.588000000
192.995361,27.589000000
193.000577,27.590000000
193.033472,27.591000000
193.033526,27.592000000
193.034512,27.593000000
193.049177,27.594000000
193.068545,27.595000000
193.068615,27.599000000
193.107442,27.600000000
193.124716,27.601000000
193.133170,27.602000000
193.149945,27.603000000
193.158579,27.604000000
193.166202,27.605000000
193.191925,27.606000000
193.192338,27.607000000
193.198269,27.608000000
193.214883,27.609000000
193.215231,27.610000000
193.224365,27.611000000
193.237420,27.612000000
193.246329,27.613000000
193.253767,27.614000000
193.265228,27.615000000
193.265275,27.617000000
193.275691,27.618000000
193.294020,27.619000000
193.294097,27.624000000
193.297404,27.625000000
193.320865,27.626000000
193.320920,27.635000000
193.321717,27.636000000
193.324569,27.637000000
193.332436,27.638000000
193.332489,27.641000000
193.353022,27.642000000
193.357075,27.643000000
193.366106,27.644000000
193.366155,27.645000000
193.379703,27.646000000
193.379753,27.648000000
193.401939,27.649000000
193.415128,27.650000000
193.415179,27.651000000
193.416339,27.652000000
193.428096,27.653000000
193.428153,27.654000000
193.442044,27.655000000
193.442112,27.656000000
193.462222,27.657000000
193.469029,27.658000000
193.475935,27.659000000
193.494080,27.660000000
193.497246,27.661000000
193.504123,27.662000000
193.537003,27.663000000
193.544751,27.664000000
193.556766,27.665000000
193.566944,27.666000000
193.580953,27.667000000
193.598711,27.668000000
193.602198,27.669000000
193.627708,27.670000000
193.644290,27.671000000
193.648412,27.672000000
193.658100,27.673000000
193.664270,27.674000000
193.685835,27.675000000
193.708095,27.676000000
193.726105,27.677000000
193.730592,27.678000000
193.746192,27.679000000
193.759992,27.680000000
193.773758,27.681000000
193.779762,27.682000000
193.786158,27.683000000
193.808047,27.684000000
193.808116,27.686000000
193.815636,27.687000000
193.820174,27.688000000
193.837329,27.689000000
193.837386,27.690000000
193.865922,27.691000000
193.865970,27.692000000
193.869449,27.693000000
193.876084,27.694000000
193.890056,27.695000000
193.904243,27.696000000
193.910835,27.697000000
193.920768,27.698000000
193.939272,27.699000000
193.939321,27.700000000
193.951163,27.701000000
193.966339,27.702000000
193.987113,27.703000000
193.987162,27.706000000
193.990121,27.707000000
193.992378,27.708000000
193.995102,27.709000000
193.997325,27.710000000
194.009196,27.711000000
194.013670,27.712000000
194.034069,27.713000000
194.034138,27.714000000
194.034635,27.715000000
194.034686,27.716000000
194.039352,27.717000000
194.039679,27.718000000
194.040343,27.719000000
194.047264,27.720000000
194.047676,27.721000000
194.047729,27.722000000
194.050005,27.723000000
194.052305,27.724000000
194.052353,27.725000000
194.058190,27.726000000
194.058616,27.727000000
194.058683,27.728000000
194.061779,27.729000000
194.062183,27.730000000
194.067989,27.731000000
194.068070,27.732000000
194.068163,27.733000000
194.074075,27.734000000
194.074131,27.735000000
194.093137,27.736000000
194.093218,27.737000000
194.093592,27.738000000
194.093630,27.742000000
194.113245,27.743000000
194.115431,27.744000000
194.122310,27.745000000
194.144728,27.746000000
194.146794,27.747000000
194.150064,27.748000000
194.178713,27.749000000
194.186971,27.750000000
194.189975,27.751000000
194.210789,27.752000000
194.212881,27.753000000
194.216030,27.754000000
194.253573,27.755000000
194.257225,27.756000000
194.259372,27.757000000
194.264025,27.758000000
194.272281,27.759000000
194.281530,27.760000000
194.288458,27.761000000
194.299214,27.762000000
194.309686,27.763000000
194.321849,27.764000000
194.325336,27.765000000
194.329983,27.766000000
194.334605,27.767000000
194.337713,27.768000000
194.368183,27.769000000
194.377392,27.770000000
194.394500,27.771000000
194.394555,27.772000000
194.400105,27.773000000
194.401218,27.774000000
194.420835,27.775000000
194.431552,27.776000000
194.439030,27.777000000
194.439075,27.778000000
194.448072,27.779000000
194.457862,27.780000000
194.469136,27.781000000
194.469483,27.782000000
194.498033,27.783000000
194.498086,27.787000000
194.530483,27.788000000
194.550215,27.789000000
194.552183,27.790000000
194.563621,27.791000000
194.563671,27.792000000
194.565300,27.793000000
194.582664,27.794000000
194.588101,27.795000000
194.630489,27.796000000
194.634109,27.797000000
194.647235,27.798000000
194.658744,27.799000000
194.662239,27.800000000
194.672087,27.801000000
194.678035,27.802000000
194.694527,27.803000000
194.716083,27.804000000
194.725511,27.805000000
194.732270,27.806000000
194.739808,27.807000000
194.758620,27.808000000
194.767682,27.809000000
194.770727,27.810000000
194.774256,27.811000000
194.783092,27.812000000
194.794621,27.813000000
194.800472,27.814000000
194.803104,27.815000000
194.815956,27.816000000
194.816021,27.817000000
194.816375,27.818000000
194.840690,27.819000000
194.846483,27.820000000
194.864412,27.821000000
194.864482,27.823000000
194.878120,27.824000000
194.878169,27.825000000
194.887255,27.826000000
194.887302,27.827000000
194.891533,27.828000000
194.902644,27.829000000
194.928563,27.830000000
194.935757,27.831000000
194.949475,27.832000000
194.949523,27.834000000
194.966865,27.835000000
194.968960,27.836000000
194.980145,27.837000000
195.006034,27.838000000
195.014438,27.839000000
195.022976,27.840000000
195.036662,27.841000000
195.046567,27.842000000
195.058308,27.843000000
195.071485,27.844000000
195.085327,27.845000000
195.089920,27.846000000
195.099563,27.847000000
195.107651,27.848000000
195.123812,27.849000000
195.130304,27.850000000
195.138583,27.851000000
195.150951,27.852000000
195.154822,27.853000000
195.160362,27.854000000
195.162839,27.855000000
195.175913,27.856000000
195.184741,27.857000000
195.187360,27.858000000
195.207051,27.859000000
195.224690,27.860000000
195.245688,27.861000000
195.250519,27.862000000
195.258478,27.863000000
195.274113,27.864000000
195.279038,27.865000000
195.307091,27.866000000
195.319598,27.867000000
195.326617,27.868000000
195.335335,27.869000000
195.345124,27.870000000
195.353028,27.871000000
195.364500,27.872000000
195.370776,27.873000000
195.381714,27.874000000
195.389421,27.875000000
195.398527,27.876000000
195.406060,27.877000000
195.415777,27.878000000
195.422439,27.879000000
195.431276,27.880000000
195.445916,27.881000000
195.461338,27.882000000
195.477679,27.883000000
195.487814,27.884000000
195.500624,27.885000000
195.507078,27.886000000
195.511093,27.887000000
195.518316,27.888000000
195.539907,27.889000000
195.543167,27.890000000
195.558460,27.891000000
195.563018,27.892000000
195.570744,27.893000000
195.599190,27.894000000
195.605217,27.895000000
195.636195,27.896000000
195.654847,27.897000000
195.678814,27.898000000
195.683860,27.899000000
195.695389,27.900000000
195.705328,27.901000000
195.712685,27.902000000
195.725712,27.903000000
195.736008,27.904000000
195.742551,27.905000000
195.748221,27.906000000
195.767663,27.907000000
195.777416,27.908000000
195.799490,27.909000000
195.808811,27.910000000
195.814269,27.911000000
195.830528,27.912000000
195.832490,27.913000000
195.836652,27.914000000
195.861165,27.915000000
195.871097,27.916000000
195.875803,27.917000000
195.883521,27.918000000
195.885979,27.919000000
195.916270,27.920000000
195.930851,27.921000000
195.942366,27.922000000
195.956125,27.923000000
195.964147,27.924000000
195.982824,27.925000000
195.987489,27.926000000
196.000715,27.927000000
196.031043,27.928000000
196.031109,27.929000000
196.031152,27.930000000
196.031814,27.931000000
196.031864,27.932000000
196.031904,27.933000000
196.032430,27.934000000
196.057126,27.935000000
196.075521,27.936000000
196.075608,27.937000000
196.096900,27.938000000
196.104231,27.939000000
196.112504,27.940000000
196.137984,27.941000000
196.138049,27.942000000
196.152125,27.943000000
196.160051,27.944000000
196.170404,27.945000000
196.209969,27.946000000
196.222132,27.947000000
196.222579,27.948000000
196.228134,27.949000000
196.245015,27.950000000
196.245122,27.951000000
196.245515,27.952000000
196.257267,27.953000000
196.265020,27.954000000
196.265086,27.955000000
196.287452,27.956000000
196.287521,27.957000000
196.298808,27.958000000
196.298882,27.959000000
196.310151,27.960000000
196.317154,27.961000000
196.317217,27.962000000
196.357038,27.963000000
196.365889,27.964000000
196.366021,27.965000000
196.375772,27.966000000
196.376795,27.967000000
196.391994,27.968000000
196.394441,27.969000000
196.405331,27.970000000
196.405431,27.971000000
196.411148,27.972000000
196.416945,27.973000000
196.429813,27.974000000
196.429876,27.975000000
196.429918,27.976000000
196.455236,27.977000000
196.455300,27.978000000
196.455343,27.979000000
196.472347,27.980000000
196.484491,27.981000000
196.484943,27.982000000
196.484997,27.983000000
196.490936,27.984000000
196.493030,27.985000000
196.498963,27.986000000
196.499026,27.987000000
196.511468,27.988000000
196.511529,27.989000000
196.511571,27.990000000
196.519075,27.991000000
196.519129,27.992000000
196.536440,27.993000000
196.547302,27.994000000
196.550587,27.995000000
196.550700,27.996000000
196.551327,27.997000000
196.576585,27.998000000
196.576706,27.999000000
196.577162,28.000000000
196.587942,28.001000000
196.588054,28.002000000
196.599642,28.003000000
196.599771,28.004000000
196.607530,28.005000000
196.612984,28.006000000
196.625986,28.007000000
196.626111,28.008000000
196.628147,28.009000000
196.636599,28.010000000
196.645595,28.011000000
196.654868,28.012000000
196.654986,28.013000000
196.684992,28.014000000
196.685126,28.015000000
196.685577,28.016000000
196.701268,28.017000000
196.701836,28.018000000
196.701891,28.019000000
196.707894,28.020000000
196.708340,28.021000000
196.708392,28.022000000
196.709102,28.023000000
196.714802,28.024000000
196.721012,28.025000000
196.728444,28.026000000
196.744164,28.027000000
196.744228,28.028000000
196.744272,28.029000000
196.747151,28.030000000
196.760022,28.031000000
196.766351,28.032000000
196.780500,28.033000000
196.781179,28.034000000
196.781233,28.035000000
196.811847,28.036000000
196.825430,28.037000000
196.861168,28.038000000
196.870865,28.039000000
196.871337,28.040000000
196.881059,28.041000000
196.892334,28.042000000
196.892812,28.043000000
196.902310,28.044000000
196.909963,28.045000000
196.910552,28.046000000
196.923605,28.047000000
196.923729,28.048000000
196.944617,28.049000000
196.951765,28.050000000
196.957923,28.051000000
196.963885,28.052000000
196.974801,28.053000000
196.981973,28.054000000
196.982670,28.055000000
196.997385,28.056000000
196.998102,28.057000000
196.998183,28.058000000
196.998261,28.059000000
197.015914,28.060000000
197.016013,28.061000000
197.016475,28.062000000
197.023690,28.063000000
197.025035,28.064000000
197.041626,28.065000000
197.041695,28.066000000
197.041738,28.067000000
197.041777,28.068000000
197.049354,28.069000000
197.049755,28.070000000
197.069263,28.071000000
197.082007,28.072000000
197.094468,28.073000000
197.105424,28.074000000
197.125536,28.075000000
197.134394,28.076000000
197.148430,28.077000000
197.160927,28.078000000
197.166519,28.079000000
197.172431,28.080000000
197.182325,28.081000000
197.182413,28.082000000
197.183835,28.083000000
197.196222,28.084000000
197.196315,28.085000000
197.197571,28.086000000
197.225385,28.087000000
197.225470,28.088000000
197.225517,28.089000000
197.253415,28.090000000
197.253535,28.091000000
197.253586,28.092000000
197.253625,28.093000000
197.253663,28.094000000
197.253700,28.095000000
197.254509,28.096000000
197.278983,28.097000000
197.306920,28.098000000
197.310417,28.099000000
197.310475,28.100000000
197.310543,28.101000000
197.310583,28.102000000
197.311499,28.103000000
197.311551,28.104000000
197.311591,28.105000000
197.311629,28.106000000
197.324282,28.107000000
197.329763,28.108000000
197.330183,28.109000000
197.330602,28.110000000
197.353577,28.111000000
197.353641,28.112000000
197.353711,28.113000000
197.353750,28.114000000
197.354450,28.115000000
197.354500,28.116000000
197.377498,28.117000000
197.390121,28.118000000
197.390182,28.119000000
197.390246,28.120000000
197.390316,28.121000000
197.398025,28.122000000
197.398085,28.123000000
197.398125,28.124000000
197.398163,28.125000000
197.405621,28.126000000
197.416272,28.127000000
197.438267,28.128000000
197.453593,28.129000000
197.483968,28.130000000
197.505991,28.131000000
197.516084,28.132000000
197.526434,28.133000000
197.541820,28.134000000
197.569411,28.135000000
197.582355,28.136000000
197.597643,28.137000000
197.605103,28.138000000
197.615635,28.139000000
197.631363,28.140000000
197.635306,28.141000000
197.644856,28.142000000
197.655108,28.143000000
197.660164,28.144000000
197.690847,28.145000000
197.697992,28.146000000
197.703720,28.147000000
197.732849,28.148000000
197.740089,28.149000000
197.761771,28.150000000
197.766761,28.151000000
197.772022,28.152000000
197.784590,28.153000000
197.804085,28.154000000
197.810225,28.155000000
197.821247,28.156000000
197.830348,28.157000000
197.834659,28.158000000
197.855483,28.159000000
197.859079,28.160000000
197.866019,28.161000000
197.876744,28.162000000
197.887341,28.163000000
197.898360,28.164000000
197.913494,28.165000000
197.926762,28.166000000
197.935129,28.167000000
197.945880,28.168000000
197.969532,28.169000000
197.984252,28.170000000
197.991925,28.171000000
198.000928,28.172000000
198.031276,28.173000000
198.035097,28.174000000
198.043040,28.175000000
198.065532,28.176000000
198.071288,28.177000000
198.089246,28.178000000
198.097266,28.179000000
198.107061,28.180000000
198.108300,28.181000000
198.131945,28.182000000
198.141854,28.183000000
198.141898,28.184000000
198.158337,28.185000000
198.161947,28.186000000
198.193629,28.187000000
198.197651,28.188000000
198.213646,28.189000000
198.221192,28.190000000
198.237266,28.191000000
198.237294,28.192000000
198.240691,28.193000000
198.240720,28.194000000
198.246721,28.195000000
198.246749,28.196000000
198.246764,28.197000000
198.256210,28.198000000
198.265185,28.199000000
198.274149,28.200000000
198.282959,28.201000000
198.289163,28.202000000
198.292113,28.203000000
198.311643,28.204000000
198.312380,28.205000000
198.313988,28.206000000
198.328488,28.207000000
198.335160,28.208000000
198.335237,28.209000000
198.335279,28.210000000
198.335922,28.211000000
198.341219,28.212000000
198.350447,28.213000000
198.357885,28.214000000
198.357952,28.215000000
198.360364,28.216000000
198.382648,28.217000000
198.405514,28.218000000
198.421273,28.219000000
198.427051,28.220000000
198.430322,28.221000000
198.445089,28.222000000
198.445150,28.223000000
198.449354,28.224000000
198.457666,28.225000000
198.476571,28.226000000
198.494129,28.227000000
198.502106,28.228000000
198.502738,28.229000000
198.502793,28.230000000
198.502873,28.231000000
198.512543,28.232000000
198.528182,28.233000000
198.537607,28.234000000
198.545507,28.235000000
198.555366,28.236000000
198.563521,28.237000000
198.573349,28.238000000
198.586731,28.239000000
198.601473,28.240000000
198.602033,28.241000000
198.603301,28.242000000
198.605326,28.243000000
198.608693,28.244000000
198.610908,28.245000000
198.617311,28.246000000
198.617864,28.247000000
198.626236,28.248000000
198.629672,28.249000000
198.631951,28.250000000
198.634455,28.251000000
198.637208,28.252000000
198.639394,28.253000000
198.642553,28.254000000
198.644840,28.255000000
198.647233,28.256000000
198.649420,28.257000000
198.651760,28.258000000
198.654017,28.259000000
198.656229,28.260000000
198.658985,28.261000000
198.661221,28.262000000
198.663403,28.263000000
198.665753,28.264000000
198.669001,28.265000000
198.671384,28.266000000
198.673759,28.267000000
198.676066,28.268000000
198.697148,28.269000000
198.700597,28.270000000
198.710646,28.271000000
198.713162,28.272000000
198.724740,28.273000000
198.728757,28.274000000
198.735116,28.275000000
198.737900,28.276000000
198.740242,28.277000000
198.742640,28.278000000
198.746049,28.279000000
198.749141,28.280000000
198.751658,28.281000000
198.753982,28.282000000
198.776152,28.283000000
198.778536,28.284000000
198.780962,28.285000000
198.789893,28.286000000
198.804175,28.287000000
198.806544,28.288000000
198.808825,28.289000000
198.811028,28.290000000
198.813400,28.291000000
198.816017,28.292000000
198.818490,28.293000000
198.820800,28.294000000
198.860210,28.295000000
198.873091,28.296000000
198.897129,28.297000000
198.910494,28.298000000
198.920805,28.299000000
198.932301,28.300000000
198.940481,28.301000000
198.947216,28.302000000
198.954594,28.303000000
198.964085,28.304000000
198.975513,28.305000000
198.979867,28.306000000
198.993288,28.307000000
198.996119,28.308000000
199.002662,28.309000000
199.011635,28.310000000
199.022110,28.311000000
199.031306,28.312000000
199.034089,28.313000000
199.042768,28.314000000
199.057053,28.315000000
199.064657,28.316000000
199.087989,28.317000000
199.090467,28.318000000
199.092642,28.319000000
199.095564,28.320000000
199.099760,28.321000000
199.102157,28.322000000
199.104460,28.323000000
199.106827,28.324000000
199.109088,28.325000000
199.111276,28.326000000
199.113667,28.327000000
199.120558,28.328000000
199.124025,28.329000000
199.126493,28.330000000
199.128897,28.331000000
199.131063,28.332000000
199.133224,28.333000000
199.135526,28.334000000
199.138134,28.335000000
199.140362,28.336000000
199.173212,28.337000000
199.191259,28.338000000
199.201191,28.339000000
199.208243,28.340000000
199.215258,28.341000000
199.218752,28.342000000
199.224113,28.343000000
199.230177,28.344000000
199.235476,28.345000000
199.241493,28.346000000
199.247193,28.347000000
199.250126,28.348000000
199.259415,28.349000000
199.263659,28.350000000
199.268469,28.351000000
199.270143,28.352000000
199.272480,28.353000000
199.274898,28.354000000
199.284038,28.355000000
199.288247,28.356000000
199.293346,28.357000000
199.299816,28.358000000
199.303053,28.359000000
199.307969,28.360000000
199.314148,28.361000000
199.320046,28.362000000
199.322765,28.363000000
199.327587,28.364000000
199.334302,28.365000000
199.336416,28.366000000
199.341950,28.367000000
199.345792,28.368000000
199.350763,28.369000000
199.354907,28.370000000
199.358865,28.371000000
199.364881,28.372000000
199.369105,28.373000000
199.374083,28.374000000
199.387899,28.375000000
199.395781,28.376000000
199.412354,28.377000000
199.424382,28.378000000
199.435403,28.379000000
199.445009,28.380000000
199.455438,28.381000000
199.463910,28.382000000
199.466896,28.383000000
199.479713,28.384000000
199.487600,28.385000000
199.492166,28.386000000
199.497105,28.387000000
199.501232,28.388000000
199.506990,28.389000000
199.510551,28.390000000
199.516652,28.391000000
199.518848,28.392000000
199.526862,28.393000000
199.539628,28.394000000
199.541770,28.395000000
199.544178,28.396000000
199.546464,28.397000000
199.548691,28.398000000
199.567262,28.399000000
199.573904,28.400000000
199.580947,28.401000000
199.588184,28.402000000
199.590661,28.403000000
199.598197,28.404000000
199.603934,28.405000000
199.606675,28.406000000
199.608871,28.407000000
199.611220,28.408000000
199.613590,28.409000000
199.616142,28.410000000
199.619427,28.411000000
199.642128,28.412000000
199.647308,28.413000000
199.653585,28.414000000
199.657055,28.415000000
199.661308,28.416000000
199.665582,28.417000000
199.672240,28.418000000
199.674553,28.419000000
199.679221,28.420000000
199.681393,28.421000000
199.683605,28.422000000
199.686302,28.423000000
199.692885,28.424000000
199.697410,28.425000000
199.719629,28.426000000
199.726039,28.427000000
199.733899,28.428000000
199.742224,28.429000000
199.749329,28.430000000
199.758624,28.431000000
199.766472,28.432000000
199.770638,28.433000000
199.792340,28.434000000
199.799706,28.435000000
199.806783,28.436000000
199.822402,28.437000000
199.837953,28.438000000
199.849785,28.439000000
199.860714,28.440000000
199.865026,28.441000000
199.873182,28.442000000
199.876500,28.443000000
199.880754,28.444000000
199.884880,28.445000000
199.890538,28.446000000
199.895110,28.447000000
199.903019,28.448000000
199.912788,28.449000000
199.914473,28.450000000
199.918427,28.451000000
199.920071,28.452000000
199.923789,28.453000000
199.925139,28.454000000
199.927460,28.455000000
199.947896,28.456000000
199.962336,28.457000000
199.975129,28.458000000
200.002025,28.459000000
200.006203,28.460000000
200.014273,28.461000000
200.040274,28.462000000
200.042767,28.463000000
200.062534,28.464000000
200.062583,28.465000000
200.075691,28.466000000
200.088779,28.467000000
200.089370,28.468000000
200.103647,28.469000000
200.113557,28.470000000
200.142967,28.471000000
200.154463,28.472000000
200.161955,28.473000000
200.184541,28.474000000
200.193598,28.475000000
200.203376,28.476000000
200.218934,28.477000000
200.233464,28.478000000
200.242332,28.479000000
200.244902,28.480000000
200.259381,28.481000000
200.287097,28.482000000
200.311313,28.483000000
200.318258,28.484000000
200.356551,28.485000000
200.356975,28.486000000
200.387918,28.487000000
200.404641,28.488000000
200.418350,28.489000000
200.420750,28.490000000
200.442977,28.491000000
200.462239,28.492000000
200.475821,28.493000000
200.475871,28.494000000
200.491067,28.495000000
200.522825,28.496000000
200.522872,28.497000000
200.529960,28.498000000
200.531142,28.499000000
200.541161,28.500000000
200.545009,28.501000000
200.563941,28.502000000
200.563987,28.503000000
200.566629,28.504000000
200.567387,28.505000000
200.578117,28.506000000
200.578162,28.507000000
200.594543,28.508000000
200.607374,28.509000000
200.619431,28.510000000
200.623865,28.511000000
200.628285,28.512000000
200.628338,28.513000000
200.635561,28.514000000
200.635614,28.516000000
200.639342,28.517000000
200.665797,28.518000000
200.675961,28.519000000
200.677740,28.520000000
200.694007,28.521000000
200.694084,28.523000000
200.715271,28.524000000
200.720138,28.525000000
200.723694,28.526000000
200.747605,28.527000000
200.756127,28.528000000
200.778016,28.529000000
200.778066,28.531000000
200.785772,28.532000000
200.814202,28.533000000
200.826007,28.534000000
200.835971,28.535000000
200.848633,28.536000000
200.848680,28.537000000
200.856318,28.538000000
200.866969,28.539000000
200.869233,28.540000000
200.885989,28.541000000
200.886037,28.542000000
200.892404,28.543000000
200.897520,28.544000000
200.897566,28.545000000
200.906632,28.546000000
200.912641,28.547000000
200.921383,28.548000000
200.923499,28.549000000
200.932451,28.550000000
200.944471,28.551000000
200.944518,28.552000000
200.945585,28.553000000
200.955687,28.554000000
200.965764,28.555000000
200.970218,28.556000000
200.992362,28.557000000
200.997298,28.558000000
201.003221,28.559000000
201.005360,28.560000000
201.019107,28.561000000
201.019176,28.562000000
201.036993,28.563000000
201.051233,28.564000000
201.051281,28.565000000
201.059316,28.566000000
201.072336,28.567000000
201.083280,28.568000000
201.086143,28.569000000
201.088780,28.570000000
201.097717,28.571000000
201.097777,28.572000000
201.106332,28.573000000
201.106420,28.575000000
201.120204,28.576000000
201.121141,28.577000000
201.124779,28.578000000
201.135839,28.579000000
201.135888,28.580000000
201.147048,28.581000000
201.157389,28.582000000
201.166009,28.583000000
201.193886,28.584000000
201.215572,28.585000000
201.228159,28.586000000
201.238025,28.587000000
201.246149,28.588000000
201.246191,28.590000000
201.259091,28.591000000
201.259211,28.592000000
201.262969,28.593000000
201.270921,28.594000000
201.291344,28.595000000
201.295209,28.596000000
201.299386,28.597000000
201.308795,28.598000000
201.314609,28.599000000
201.316575,28.600000000
201.327332,28.601000000
201.327767,28.602000000
201.332915,28.603000000
201.346551,28.604000000
201.346682,28.605000000
201.353173,28.606000000
201.361135,28.607000000
201.361247,28.608000000
201.368852,28.609000000
201.370363,28.610000000
201.394956,28.611000000
201.407526,28.612000000
201.415039,28.613000000
201.418955,28.614000000
201.429764,28.615000000
201.439810,28.616000000
201.440280,28.617000000
201.448696,28.618000000
201.453513,28.619000000
201.466562,28.620000000
201.468385,28.621000000
201.477780,28.622000000
201.485053,28.623000000
201.494401,28.624000000
201.502603,28.625000000
201.502752,28.626000000
201.514428,28.627000000
201.516372,28.628000000
201.525889,28.629000000
201.530458,28.630000000
201.541526,28.631000000
201.543576,28.632000000
201.565433,28.633000000
201.579895,28.634000000
201.580444,28.635000000
201.638323,28.636000000
201.642972,28.637000000
201.657153,28.638000000
201.673992,28.639000000
201.684066,28.640000000
201.686641,28.641000000
201.695336,28.642000000
201.720139,28.643000000
201.736250,28.644000000
201.749764,28.645000000
201.763350,28.646000000
201.764885,28.647000000
201.788079,28.648000000
201.803785,28.649000000
201.810601,28.650000000
201.825142,28.651000000
201.836680,28.652000000
201.857497,28.653000000
201.864778,28.654000000
201.870636,28.655000000
201.887482,28.656000000
201.887979,28.657000000
201.893180,28.658000000
201.902162,28.659000000
201.911567,28.660000000
201.920941,28.661000000
201.925713,28.662000000
201.932177,28.663000000
201.957401,28.664000000
201.964112,28.665000000
201.971025,28.666000000
201.976365,28.667000000
201.988794,28.668000000
201.991398,28.669000000
202.002895,28.670000000
202.006909,28.671000000
202.010897,28.672000000
202.026639,28.673000000
202.030703,28.674000000
202.040020,28.675000000
202.053303,28.676000000
202.070116,28.677000000
202.083850,28.678000000
202.086423,28.679000000
202.086482,28.680000000
202.087162,28.681000000
202.104653,28.682000000
202.105305,28.683000000
202.139269,28.684000000
202.139338,28.685000000
202.139922,28.686000000
202.152434,28.687000000
202.153208,28.688000000
202.164888,28.689000000
202.176010,28.690000000
202.188170,28.691000000
202.198015,28.692000000
202.201878,28.693000000
202.206049,28.694000000
202.217865,28.695000000
202.217953,28.696000000
202.236001,28.697000000
202.236068,28.698000000
202.240840,28.699000000
202.265362,28.700000000
202.265429,28.701000000
202.265473,28.702000000
202.265513,28.703000000
202.266205,28.704000000
202.276067,28.705000000
202.279370,28.706000000
202.279720,28.707000000
202.293250,28.708000000
202.293936,28.709000000
202.293993,28.710000000
202.302404,28.711000000
202.318449,28.712000000
202.325775,28.713000000
202.352425,28.714000000
202.356258,28.715000000
202.377312,28.716000000
202.386332,28.717000000
202.399533,28.718000000
202.405312,28.719000000
202.424984,28.720000000
202.425535,28.721000000
202.447212,28.722000000
202.465142,28.723000000
202.473994,28.724000000
202.510723,28.725000000
202.510815,28.726000000
202.534136,28.727000000
202.543192,28.728000000
202.551788,28.729000000
202.561420,28.730000000
202.574610,28.731000000
202.579683,28.732000000
202.592223,28.733000000
202.610550,28.734000000
202.611095,28.735000000
202.627464,28.736000000
202.633639,28.737000000
202.648159,28.738000000
202.667941,28.739000000
202.688729,28.740000000
202.701113,28.741000000
202.715093,28.742000000
202.719290,28.743000000
202.742537,28.744000000
202.766427,28.745000000
202.766634,28.746000000
202.770305,28.747000000
202.798544,28.748000000
202.810861,28.749000000
202.824950,28.750000000
202.839083,28.751000000
202.861954,28.752000000
202.875627,28.753000000
202.882543,28.754000000
202.902316,28.755000000
202.921841,28.756000000
202.940159,28.757000000
202.955050,28.758000000
202.967487,28.759000000
202.983355,28.760000000
202.992007,28.761000000
203.002085,28.762000000
203.030947,28.763000000
203.044306,28.764000000
203.055696,28.765000000
203.077171,28.766000000
203.083632,28.767000000
203.090916,28.768000000
203.105450,28.769000000
203.110829,28.770000000
203.116076,28.771000000
203.123266,28.772000000
203.129743,28.773000000
203.152011,28.774000000
203.159108,28.775000000
203.170646,28.776000000
203.177941,28.777000000
203.186388,28.778000000
203.202262,28.779000000
203.219413,28.780000000
203.225750,28.781000000
203.231569,28.782000000
203.237940,28.783000000
203.251174,28.784000000
203.262651,28.785000000
203.282662,28.786000000
203.290579,28.787000000
203.299373,28.788000000
203.303347,28.789000000
203.307710,28.790000000
203.314406,28.791000000
203.327208,28.792000000
203.332004,28.793000000
203.335261,28.794000000
203.345157,28.795000000
203.355804,28.796000000
203.364897,28.797000000
203.378468,28.798000000
203.386736,28.799000000
203.392439,28.800000000
203.410811,28.801000000
203.432282,28.802000000
203.445086,28.803000000
203.462785,28.804000000
203.469698,28.805000000
203.479202,28.806000000
203.484811,28.807000000
203.509814,28.808000000
203.520055,28.809000000
203.533567,28.810000000
203.540076,28.811000000
203.544585,28.812000000
203.585733,28.813000000
203.601643,28.814000000
203.616392,28.815000000
203.631924,28.816000000
203.637910,28.817000000
203.653540,28.818000000
203.655850,28.819000000
203.662031,28.820000000
203.669618,28.821000000
203.675688,28.822000000
203.687676,28.823000000
203.691145,28.824000000
203.699142,28.825000000
203.703066,28.826000000
203.708879,28.827000000
203.713940,28.828000000
203.716171,28.829000000
203.719588,28.830000000
203.722115,28.831000000
203.736054,28.832000000
203.757686,28.833000000
203.762436,28.834000000
203.769941,28.835000000
203.794432,28.836000000
203.805763,28.837000000
203.811094,28.838000000
203.827591,28.839000000
203.832734,28.840000000
203.836657,28.841000000
203.865662,28.842000000
203.873431,28.843000000
203.879528,28.844000000
203.898120,28.845000000
203.902736,28.846000000
203.937214,28.847000000
203.956402,28.848000000
203.966302,28.849000000
203.975029,28.850000000
203.986750,28.851000000
203.993506,28.852000000
204.001740,28.853000000
204.014154,28.854000000
204.019048,28.855000000
204.032709,28.856000000
204.041134,28.857000000
204.049652,28.858000000
204.063582,28.859000000
204.067537,28.860000000
204.090394,28.861000000
204.096614,28.862000000
204.114118,28.863000000
204.121274,28.864000000
204.133229,28.865000000
204.138040,28.866000000
204.147630,28.867000000
204.153618,28.868000000
204.169967,28.869000000
204.174070,28.870000000
204.178478,28.871000000
204.188291,28.872000000
204.193288,28.873000000
204.211599,28.874000000
204.217267,28.875000000
204.224191,28.876000000
204.256553,28.877000000
204.263973,28.878000000
204.272523,28.879000000
204.280340,28.880000000
204.292584,28.881000000
204.298774,28.882000000
204.304802,28.883000000
204.312531,28.884000000
204.326739,28.885000000
204.333718,28.886000000
204.339663,28.887000000
204.364469,28.888000000
204.375151,28.889000000
204.380152,28.890000000
204.401342,28.891000000
204.411076,28.892000000
204.415333,28.893000000
204.429246,28.894000000
204.437971,28.895000000
204.443926,28.896000000
204.466918,28.897000000
204.477865,28.898000000
204.503726,28.899000000
204.515210,28.900000000
204.526642,28.901000000
204.528863,28.902000000
204.533113,28.903000000
204.558049,28.904000000
204.566820,28.905000000
204.575142,28.906000000
204.582784,28.907000000
204.587281,28.908000000
204.612112,28.909000000
204.637969,28.910000000
204.648138,28.911000000
204.650522,28.912000000
204.658653,28.913000000
204.667441,28.914000000
204.672226,28.915000000
204.679624,28.916000000
204.686424,28.917000000
204.693986,28.918000000
204.700902,28.919000000
204.706762,28.920000000
204.715460,28.921000000
204.717894,28.922000000
204.729154,28.923000000
204.734819,28.924000000
204.741919,28.925000000
204.746779,28.926000000
204.754716,28.927000000
204.760806,28.928000000
204.770455,28.929000000
204.773701,28.930000000
204.778064,28.931000000
204.785723,28.932000000
204.788075,28.933000000
204.793946,28.934000000
204.799703,28.935000000
204.806468,28.936000000
204.813558,28.937000000
204.820921,28.938000000
204.824284,28.939000000
204.830629,28.940000000
204.836104,28.941000000
204.843426,28.942000000
204.850972,28.943000000
204.853334,28.944000000
204.861703,28.945000000
204.870811,28.946000000
204.873561,28.947000000
204.878808,28.948000000
204.887958,28.949000000
204.895030,28.950000000
204.898960,28.951000000
204.908017,28.952000000
204.910387,28.953000000
204.918831,28.954000000
204.923242,28.955000000
204.931112,28.956000000
204.937469,28.957000000
204.941146,28.958000000
204.949085,28.959000000
204.958398,28.960000000
204.960811,28.961000000
204.965859,28.962000000
204.974494,28.963000000
204.980238,28.964000000
204.998791,28.965000000
205.006913,28.966000000
205.013131,28.967000000
205.017733,28.968000000
205.025824,28.969000000
205.030856,28.970000000
205.038132,28.971000000
205.044274,28.972000000
205.051857,28.973000000
205.056437,28.974000000
205.064689,28.975000000
205.070520,28.976000000
205.076538,28.977000000
205.082440,28.978000000
205.090437,28.979000000
205.095441,28.980000000
205.100194,28.981000000
205.106448,28.982000000
205.114623,28.983000000
205.122167,28.984000000
205.128242,28.985000000
205.134801,28.986000000
205.138458,28.987000000
205.145975,28.988000000
205.153270,28.989000000
205.159375,28.990000000
205.164252,28.991000000
205.171144,28.992000000
205.178986,28.993000000
205.182568,28.994000000
205.185677,28.995000000
205.187872,28.996000000
205.195837,28.997000000
205.198092,28.998000000
205.200826,28.999000000
205.203172,29.000000000
205.205393,29.001000000
205.207768,29.002000000
205.209994,29.003000000
205.212245,29.004000000
205.219318,29.005000000
205.221670,29.006000000
205.227725,29.007000000
205.235389,29.008000000
205.241499,29.009000000
205.247914,29.010000000
205.253521,29.011000000
205.258651,29.012000000
205.261325,29.013000000
205.279806,29.014000000
205.279869,29.015000000
205.287336,29.016000000
205.295580,29.017000000
205.312056,29.018000000
205.322850,29.019000000
205.340807,29.020000000
205.340870,29.021000000
205.369148,29.022000000
205.389747,29.023000000
205.401215,29.024000000
205.401284,29.025000000
205.421322,29.026000000
205.429117,29.027000000
205.437802,29.028000000
205.455745,29.029000000
205.463670,29.030000000
205.473402,29.031000000
205.486904,29.032000000
205.496262,29.033000000
205.508049,29.034000000
205.518047,29.035000000
205.537777,29.036000000
205.541764,29.037000000
205.555891,29.038000000
205.555973,29.039000000
205.582331,29.040000000
205.596339,29.041000000
205.596402,29.042000000
205.619472,29.043000000
205.629709,29.044000000
205.640382,29.045000000
205.651309,29.046000000
205.680054,29.047000000
205.704690,29.048000000
205.704772,29.049000000
205.717931,29.050000000
205.739894,29.051000000
205.756319,29.052000000
205.780884,29.053000000
205.794213,29.054000000
205.807353,29.055000000
205.814755,29.056000000
205.827960,29.057000000
205.833930,29.058000000
205.869564,29.059000000
205.886194,29.060000000
205.905473,29.061000000
205.934108,29.062000000
205.964997,29.063000000
205.965522,29.064000000
205.987040,29.065000000
205.987121,29.066000000
206.005068,29.067000000
206.017572,29.068000000
206.030453,29.069000000
206.045182,29.070000000
206.059466,29.071000000
206.071072,29.072000000
206.079847,29.073000000
206.104741,29.074000000
206.121651,29.075000000
206.130714,29.076000000
206.137058,29.077000000
206.159289,29.078000000
206.172827,29.079000000
206.172884,29.081000000
206.196229,29.082000000
206.196640,29.083000000
206.207693,29.084000000
206.207805,29.085000000
206.207859,29.086000000
206.223783,29.087000000
206.224637,29.088000000
206.248373,29.089000000
206.258182,29.090000000
206.291573,29.091000000
206.304588,29.092000000
206.318279,29.093000000
206.340382,29.094000000
206.346062,29.095000000
206.387043,29.096000000
206.392566,29.097000000
206.402168,29.098000000
206.406210,29.099000000
206.413563,29.100000000
206.425581,29.101000000
206.431931,29.102000000
206.432198,29.103000000
206.446486,29.104000000
206.453000,29.105000000
206.473412,29.106000000
206.490321,29.107000000
206.498469,29.108000000
206.499692,29.109000000
206.499761,29.110000000
206.501844,29.111000000
206.506067,29.112000000
206.506131,29.113000000
206.532911,29.114000000
206.535668,29.115000000
206.556739,29.116000000
206.558055,29.117000000
206.569172,29.118000000
206.577708,29.119000000
206.581767,29.120000000
206.585764,29.121000000
206.585829,29.122000000
206.592687,29.123000000
206.592923,29.124000000
206.592968,29.125000000
206.593893,29.126000000
206.608902,29.127000000
206.609030,29.128000000
206.609072,29.129000000
206.619173,29.130000000
206.620178,29.131000000
206.622209,29.132000000
206.640284,29.133000000
206.641560,29.134000000
206.658608,29.135000000
206.660451,29.136000000
206.660552,29.137000000
206.660595,29.138000000
206.660813,29.139000000
206.664879,29.140000000
206.667374,29.141000000
206.672519,29.142000000
206.678686,29.143000000
206.678748,29.144000000
206.678788,29.145000000
206.709089,29.146000000
206.710479,29.147000000
206.710741,29.148000000
206.724159,29.149000000
206.726835,29.150000000
206.728964,29.151000000
206.743263,29.152000000
206.744487,29.153000000
206.749064,29.154000000
206.759144,29.155000000
206.759220,29.156000000
206.759292,29.157000000
206.763240,29.158000000
206.765011,29.159000000
206.794370,29.160000000
206.814192,29.161000000
206.831791,29.162000000
206.838328,29.163000000
206.848711,29.164000000
206.864021,29.165000000
206.878088,29.166000000
206.892480,29.167000000
206.899611,29.168000000
206.909126,29.169000000
206.917843,29.170000000
206.932886,29.171000000
206.942606,29.172000000
206.948113,29.173000000
206.952556,29.174000000
206.952614,29.175000000
206.954480,29.176000000
206.964884,29.177000000
206.964957,29.178000000
206.970204,29.179000000
206.979953,29.180000000
206.980041,29.181000000
206.980085,29.182000000
207.002248,29.183000000
207.002391,29.184000000
207.002445,29.185000000
207.014964,29.186000000
207.015081,29.187000000
207.015125,29.188000000
207.016484,29.189000000
207.027386,29.190000000
207.027474,29.191000000
207.052849,29.192000000
207.054926,29.193000000
207.067047,29.194000000
207.067131,29.195000000
207.067176,29.196000000
207.067245,29.197000000
207.076140,29.198000000
207.076331,29.199000000
207.099154,29.200000000
207.099364,29.201000000
207.099415,29.202000000
207.099458,29.203000000
207.107124,29.204000000
207.107193,29.205000000
207.108664,29.206000000
207.119879,29.207000000
207.121757,29.208000000
207.121810,29.209000000
207.146210,29.210000000
207.164455,29.211000000
207.168251,29.212000000
207.168306,29.213000000
207.170259,29.214000000
207.178414,29.215000000
207.178566,29.216000000
207.190042,29.217000000
207.190369,29.218000000
207.215894,29.219000000
207.217140,29.220000000
207.217202,29.221000000
207.221703,29.222000000
207.227809,29.223000000
207.229429,29.224000000
207.278879,29.225000000
207.305934,29.226000000
207.330526,29.227000000
207.337801,29.228000000
207.359653,29.229000000
207.367342,29.230000000
207.381940,29.231000000
207.395977,29.232000000
207.425631,29.233000000
207.437330,29.234000000
207.437833,29.235000000
207.448042,29.236000000
207.473863,29.237000000
207.479963,29.238000000
207.500953,29.239000000
207.506886,29.240000000
207.511076,29.241000000
207.536692,29.242000000
207.545125,29.243000000
207.547020,29.244000000
207.553181,29.245000000
207.560990,29.246000000
207.566246,29.247000000
207.600746,29.248000000
207.607028,29.249000000
207.610498,29.250000000
207.617918,29.251000000
207.635528,29.252000000
207.642669,29.253000000
207.649345,29.254000000
207.655963,29.255000000
207.680862,29.256000000
207.698811,29.257000000
207.709008,29.258000000
207.728116,29.259000000
207.739353,29.260000000
207.744527,29.261000000
207.768798,29.262000000
207.774712,29.263000000
207.781758,29.264000000
207.796754,29.265000000
207.804673,29.266000000
207.815247,29.267000000
207.840768,29.268000000
207.852684,29.269000000
207.862611,29.270000000
207.875417,29.271000000
207.887815,29.272000000
207.901581,29.273000000
207.915362,29.274000000
207.935827,29.275000000
207.942430,29.276000000
207.946380,29.277000000
207.949276,29.278000000
207.951862,29.279000000
207.958129,29.280000000
207.960440,29.281000000
207.962659,29.282000000
207.965277,29.283000000
207.967962,29.284000000
207.970608,29.285000000
207.973024,29.286000000
207.995497,29.287000000
208.018255,29.288000000
208.033786,29.289000000
208.034222,29.290000000
208.038605,29.291000000
208.045364,29.292000000
208.045907,29.293000000
208.053362,29.294000000
208.055909,29.295000000
208.057974,29.296000000
208.077774,29.297000000
208.084348,29.298000000
208.094280,29.299000000
208.119982,29.300000000
208.120087,29.301000000
208.122319,29.302000000
208.134466,29.303000000
208.134534,29.304000000
208.142168,29.305000000
208.142256,29.306000000
208.159976,29.307000000
208.165594,29.308000000
208.181151,29.309000000
208.186283,29.310000000
208.202247,29.311000000
208.202578,29.312000000
208.202707,29.313000000
208.211708,29.314000000
208.212297,29.315000000
208.225248,29.316000000
208.225537,29.317000000
208.234744,29.318000000
208.234808,29.319000000
208.242000,29.320000000
208.245251,29.321000000
208.257945,29.322000000
208.263230,29.323000000
208.263498,29.324000000
208.263542,29.325000000
208.263582,29.326000000
208.265502,29.327000000
208.276320,29.328000000
208.276791,29.329000000
208.282893,29.330000000
208.283475,29.331000000
208.302696,29.332000000
208.306747,29.333000000
208.311074,29.334000000
208.318085,29.335000000
208.318157,29.336000000
208.320241,29.337000000
208.343903,29.338000000
208.357590,29.339000000
208.366360,29.340000000
208.370387,29.341000000
208.386006,29.342000000
208.390805,29.343000000
208.412210,29.344000000
208.429067,29.345000000
208.435663,29.346000000
208.446219,29.347000000
208.450153,29.348000000
208.454580,29.349000000
208.458496,29.350000000
208.481770,29.351000000
208.489618,29.352000000
208.505731,29.353000000
208.513076,29.354000000
208.516710,29.355000000
208.549250,29.356000000
208.559399,29.357000000
208.566253,29.358000000
208.578251,29.359000000
208.586250,29.360000000
208.593908,29.361000000
208.606769,29.362000000
208.615709,29.363000000
208.622000,29.364000000
208.634017,29.365000000
208.640248,29.366000000
208.646650,29.367000000
208.658782,29.368000000
208.664182,29.369000000
208.673163,29.370000000
208.675450,29.371000000
208.686059,29.372000000
208.703014,29.373000000
208.706155,29.374000000
208.720643,29.375000000
208.731306,29.376000000
208.731676,29.377000000
208.739870,29.378000000
208.748641,29.379000000
208.758271,29.380000000
208.758329,29.381000000
208.782486,29.382000000
208.795826,29.383000000
208.810831,29.384000000
208.813062,29.385000000
208.817588,29.386000000
208.842711,29.387000000
208.847246,29.388000000
208.851421,29.389000000
208.875011,29.390000000
208.888626,29.391000000
208.897695,29.392000000
208.907528,29.393000000
208.911782,29.394000000
208.930300,29.395000000
208.946144,29.396000000
208.963404,29.397000000
208.985932,29.398000000
208.985973,29.399000000
208.987174,29.400000000
209.024900,29.401000000
209.057052,29.402000000
209.071043,29.403000000
209.091462,29.404000000
209.104320,29.405000000
209.110298,29.406000000
209.124646,29.407000000
209.125316,29.408000000
209.134189,29.409000000
209.154027,29.410000000
209.166384,29.411000000
209.180516,29.412000000
209.195810,29.413000000
209.230586,29.414000000
209.251418,29.415000000
209.257073,29.416000000
209.269166,29.417000000
209.294295,29.418000000
209.312614,29.419000000
209.315902,29.420000000
209.333855,29.421000000
209.339753,29.422000000
209.343905,29.423000000
209.352837,29.424000000
209.367415,29.425000000
209.375786,29.426000000
209.398265,29.427000000
209.411469,29.428000000
209.411528,29.429000000
209.431531,29.430000000
209.431589,29.431000000
209.460802,29.432000000
209.469028,29.433000000
209.486468,29.434000000
209.518367,29.435000000
209.527546,29.436000000
209.538712,29.437000000
209.568350,29.438000000
209.581340,29.439000000
209.592490,29.440000000
209.599340,29.441000000
209.607037,29.442000000
209.615828,29.443000000
209.638442,29.444000000
209.639138,29.445000000
209.639320,29.446000000
209.645284,29.447000000
209.650795,29.448000000
209.655957,29.449000000
209.667415,29.450000000
209.686590,29.451000000
209.694167,29.452000000
209.701373,29.453000000
209.726935,29.454000000
209.732477,29.455000000
209.748875,29.456000000
209.755338,29.457000000
209.761793,29.458000000
209.772691,29.459000000
209.797206,29.460000000
209.803307,29.461000000
209.809396,29.462000000
209.826446,29.463000000
209.841501,29.464000000
209.850731,29.465000000
209.869778,29.466000000
209.879241,29.467000000
209.883292,29.468000000
209.901699,29.469000000
209.905072,29.470000000
209.921209,29.471000000
209.948787,29.472000000
209.965614,29.473000000
209.971986,29.474000000
209.980265,29.475000000
209.980329,29.476000000
210.013535,29.477000000
210.020383,29.478000000
210.025070,29.479000000
210.027659,29.480000000
210.032488,29.481000000
210.035187,29.482000000
210.042248,29.483000000
210.061989,29.484000000
210.069000,29.485000000
210.084074,29.486000000
210.084160,29.487000000
210.095063,29.488000000
210.106140,29.489000000
210.108664,29.490000000
210.116489,29.491000000
210.125663,29.492000000
210.134923,29.493000000
210.138731,29.494000000
210.149697,29.495000000
210.157921,29.496000000
210.162284,29.497000000
210.170351,29.498000000
210.170549,29.499000000
210.179644,29.500000000
210.186619,29.501000000
210.188989,29.502000000
210.202904,29.503000000
210.214656,29.504000000
210.218354,29.505000000
210.228370,29.506000000
210.228648,29.507000000
210.228711,29.508000000
210.232037,29.509000000
210.234221,29.510000000
210.240099,29.511000000
210.265876,29.512000000
210.280459,29.513000000
210.286412,29.514000000
210.323591,29.515000000
210.335916,29.516000000
210.357118,29.517000000
210.365208,29.518000000
210.373542,29.519000000
210.380164,29.520000000
210.407317,29.521000000
210.415647,29.522000000
210.418011,29.523000000
210.431945,29.524000000
210.440736,29.525000000
210.465478,29.526000000
210.480215,29.527000000
210.492018,29.528000000
210.496839,29.529000000
210.507175,29.530000000
210.519691,29.531000000
210.528862,29.532000000
210.537930,29.533000000
210.544880,29.534000000
210.558270,29.535000000
210.564539,29.536000000
210.574665,29.537000000
210.583016,29.538000000
210.591726,29.539000000
210.598063,29.540000000
210.617110,29.541000000
210.631183,29.542000000
210.634900,29.543000000
210.663249,29.544000000
210.670820,29.545000000
210.681017,29.546000000
210.687108,29.547000000
210.712223,29.548000000
210.720255,29.549000000
210.730098,29.550000000
210.736528,29.551000000
210.744308,29.552000000
210.758409,29.553000000
210.769156,29.554000000
210.786142,29.555000000
210.787915,29.556000000
210.802084,29.557000000
210.811830,29.558000000
210.813919,29.559000000
210.839130,29.560000000
210.850334,29.561000000
210.860432,29.562000000
210.875819,29.563000000
210.887369,29.564000000
210.906117,29.565000000
210.917911,29.566000000
210.933979,29.567000000
210.939190,29.568000000
210.984266,29.569000000
210.996869,29.570000000
211.012022,29.571000000
211.027847,29.572000000
211.037942,29.573000000
211.045554,29.574000000
211.085376,29.575000000
211.093877,29.576000000
211.116880,29.577000000
211.117453,29.578000000
211.148867,29.579000000
211.156349,29.580000000
211.169026,29.581000000
211.173700,29.582000000
211.208601,29.583000000
211.208667,29.584000000
211.218360,29.585000000
211.240693,29.586000000
211.255705,29.587000000
211.267813,29.588000000
211.284831,29.589000000
211.295122,29.590000000
211.305017,29.591000000
211.349956,29.592000000
211.359296,29.593000000
211.361236,29.594000000
211.375547,29.595000000
211.388483,29.596000000
211.400125,29.597000000
211.408772,29.598000000
211.419482,29.599000000
211.427824,29.600000000
211.438097,29.601000000
211.440939,29.602000000
211.446648,29.603000000
211.456126,29.604000000
211.462036,29.605000000
211.470205,29.606000000
211.472770,29.607000000
211.481290,29.608000000
211.484931,29.609000000
211.492147,29.610000000
211.499951,29.611000000
211.507293,29.612000000
211.511580,29.613000000
211.520317,29.614000000
211.523830,29.615000000
211.532180,29.616000000
211.537499,29.617000000
211.545201,29.618000000
211.550945,29.619000000
211.554699,29.620000000
211.560280,29.621000000
211.565956,29.622000000
211.574317,29.623000000
211.580477,29.624000000
211.585062,29.625000000
211.590643,29.626000000
211.598196,29.627000000
211.604276,29.628000000
211.613879,29.629000000
211.616213,29.630000000
211.623917,29.631000000
211.628170,29.632000000
211.635528,29.633000000
211.641653,29.634000000
211.646840,29.635000000
211.654532,29.636000000
211.656892,29.637000000
211.662808,29.638000000
211.671358,29.639000000
211.675661,29.640000000
211.681957,29.641000000
211.687803,29.642000000
211.695843,29.643000000
211.702215,29.644000000
211.706618,29.645000000
211.714663,29.646000000
211.717119,29.647000000
211.725309,29.648000000
211.731000,29.649000000
211.737742,29.650000000
211.744461,29.651000000
211.750220,29.652000000
211.768930,29.653000000
211.776769,29.654000000
211.793195,29.655000000
211.799053,29.656000000
211.806338,29.657000000
211.812254,29.658000000
211.819743,29.659000000
211.826330,29.660000000
211.831924,29.661000000
211.838101,29.662000000
211.847228,29.663000000
211.852128,29.664000000
211.860096,29.665000000
211.864625,29.666000000
211.873155,29.667000000
211.880342,29.668000000
211.884268,29.669000000
211.891067,29.670000000
211.898844,29.671000000
211.904377,29.672000000
211.911974,29.673000000
211.916301,29.674000000
211.925880,29.675000000
211.928308,29.676000000
211.935653,29.677000000
211.946319,29.678000000
211.958468,29.679000000
211.962481,29.680000000
211.984251,29.681000000
211.996366,29.682000000
212.002858,29.683000000
212.016087,29.684000000
212.027895,29.685000000
212.030832,29.686000000
212.038005,29.687000000
212.046341,29.688000000
212.052878,29.689000000
212.059694,29.690000000
212.067755,29.691000000
212.103801,29.692000000
212.118856,29.693000000
212.143967,29.694000000
212.156408,29.695000000
212.186388,29.696000000
212.200232,29.697000000
212.224547,29.698000000
212.232016,29.699000000
212.240849,29.700000000
212.254483,29.701000000
212.259512,29.702000000
212.270358,29.703000000
212.304087,29.704000000
212.310630,29.705000000
212.322530,29.706000000
212.331038,29.707000000
212.345859,29.708000000
212.353154,29.709000000
212.364880,29.710000000
212.376011,29.711000000
212.385960,29.712000000
212.394990,29.713000000
212.404489,29.714000000
212.414520,29.715000000
212.424764,29.716000000
212.436011,29.717000000
212.462404,29.718000000
212.480633,29.719000000
212.487531,29.720000000
212.489714,29.721000000
212.503054,29.722000000
212.515274,29.723000000
212.529836,29.724000000
212.535393,29.725000000
212.548580,29.726000000
212.574543,29.727000000
212.580252,29.728000000
212.592125,29.729000000
212.615251,29.730000000
212.623555,29.731000000
212.643503,29.732000000
212.651373,29.733000000
212.673691,29.734000000
212.679244,29.735000000
212.693946,29.736000000
212.707925,29.737000000
212.722308,29.738000000
212.740900,29.739000000
212.740945,29.742000000
212.742959,29.743000000
212.750194,29.744000000
212.750236,29.745000000
212.758259,29.746000000
212.758300,29.748000000
212.760999,29.749000000
212.769976,29.750000000
212.770019,29.751000000
212.781106,29.752000000
212.781154,29.755000000
212.787845,29.756000000
212.792550,29.757000000
212.802480,29.758000000
212.802525,29.760000000
212.804742,29.761000000
212.820470,29.762000000
212.820549,29.764000000
212.826189,29.765000000
212.831984,29.766000000
212.842283,29.767000000
212.842333,29.768000000
212.851432,29.769000000
212.862421,29.770000000
212.862467,29.771000000
212.870016,29.772000000
212.870057,29.773000000
212.887247,29.774000000
212.887315,29.775000000
212.927158,29.776000000
212.933655,29.777000000
212.947382,29.778000000
212.971851,29.779000000
212.978765,29.780000000
212.987006,29.781000000
212.991225,29.782000000
213.029806,29.783000000
213.034732,29.784000000
213.042487,29.785000000
213.044404,29.786000000
213.060377,29.787000000
213.060418,29.788000000
213.070033,29.789000000
213.087327,29.790000000
213.101393,29.791000000
213.118567,29.792000000
213.136174,29.793000000
213.150295,29.794000000
213.161497,29.795000000
213.168698,29.796000000
213.182301,29.797000000
213.182345,29.798000000
213.189989,29.799000000
213.202614,29.800000000
213.202656,29.801000000
213.216487,29.802000000
213.222497,29.803000000
213.222570,29.804000000
213.235889,29.805000000
213.245052,29.806000000
213.249055,29.807000000
213.259693,29.808000000
213.274307,29.809000000
213.274349,29.810000000
213.287156,29.811000000
213.295108,29.812000000
213.305649,29.813000000
213.314572,29.814000000
213.314611,29.815000000
213.329869,29.816000000
213.329906,29.817000000
213.356781,29.818000000
213.364779,29.819000000
213.379850,29.820000000
213.379891,29.821000000
213.386637,29.822000000
213.386678,29.823000000
213.410107,29.824000000
213.410149,29.826000000
213.425423,29.827000000
213.435658,29.828000000
213.435698,29.829000000
213.445591,29.830000000
213.455713,29.831000000
213.455779,29.832000000
213.479176,29.833000000
213.479223,29.835000000
213.495050,29.836000000
213.520353,29.837000000
213.520395,29.838000000
213.537584,29.839000000
213.547250,29.840000000
213.558283,29.841000000
213.566322,29.842000000
213.581101,29.843000000
213.591787,29.844000000
213.595795,29.845000000
213.601525,29.846000000
213.601570,29.848000000
213.602559,29.849000000
213.606943,29.850000000
213.613708,29.851000000
213.629244,29.852000000
213.629303,29.853000000
213.632461,29.854000000
213.647344,29.855000000
213.647399,29.856000000
213.666773,29.857000000
213.670636,29.858000000
213.676908,29.859000000
213.689372,29.860000000
213.689658,29.861000000
213.693478,29.862000000
213.693514,29.863000000
213.700215,29.864000000
213.700254,29.865000000
213.715223,29.866000000
213.724479,29.867000000
213.738796,29.868000000
213.749785,29.869000000
213.776250,29.870000000
213.788346,29.871000000
213.807101,29.872000000
213.833394,29.873000000
213.849071,29.874000000
213.861553,29.875000000
213.872584,29.876000000
213.883313,29.877000000
213.885449,29.878000000
213.888657,29.879000000
213.890813,29.880000000
213.896461,29.881000000
213.898857,29.882000000
213.906499,29.883000000
213.908460,29.884000000
213.910441,29.885000000
213.912432,29.886000000
213.915201,29.887000000
213.917711,29.888000000
213.922925,29.889000000
213.928851,29.890000000
213.931814,29.891000000
213.934144,29.892000000
213.937774,29.893000000
213.939936,29.894000000
213.942122,29.895000000
213.955027,29.896000000
213.974442,29.897000000
214.003234,29.898000000
214.016582,29.899000000
214.029205,29.900000000
214.048559,29.901000000
214.054464,29.902000000
214.069128,29.903000000
214.083633,29.904000000
214.089728,29.905000000
214.094733,29.906000000
214.123238,29.907000000
214.129223,29.908000000
214.134722,29.909000000
214.150578,29.910000000
214.155831,29.911000000
214.160408,29.912000000
214.196184,29.913000000
214.205797,29.914000000
214.214822,29.915000000
214.225709,29.916000000
214.231726,29.917000000
214.246758,29.918000000
214.254611,29.919000000
214.261891,29.920000000
214.278083,29.921000000
214.286256,29.922000000
214.292738,29.923000000
214.306232,29.924000000
214.316366,29.925000000
214.327174,29.926000000
214.346864,29.927000000
214.364106,29.928000000
214.380674,29.929000000
214.404540,29.930000000
214.419594,29.931000000
214.425957,29.932000000
214.440974,29.933000000
214.448469,29.934000000
214.457925,29.935000000
214.486612,29.936000000
214.495418,29.937000000
214.500062,29.938000000
214.515535,29.939000000
214.527771,29.940000000
214.566937,29.941000000
214.581338,29.942000000
214.596358,29.943000000
214.603942,29.944000000
214.612241,29.945000000
214.628783,29.946000000
214.639964,29.947000000
214.655636,29.948000000
214.670913,29.949000000
214.684099,29.950000000
214.694024,29.951000000
214.699589,29.952000000
214.708485,29.953000000
214.710428,29.954000000
214.715640,29.955000000
214.737918,29.956000000
214.760255,29.957000000
214.762763,29.958000000
214.765700,29.959000000
214.767849,29.960000000
214.769805,29.961000000
214.798924,29.962000000
214.802977,29.963000000
214.804989,29.964000000
214.809306,29.965000000
214.811264,29.966000000
214.841066,29.967000000
214.847277,29.968000000
214.856682,29.969000000
214.856815,29.970000000
214.866010,29.971000000
214.876340,29.972000000
214.881072,29.973000000
214.890416,29.974000000
214.892447,29.975000000
214.896888,29.976000000
214.899877,29.977000000
214.934352,29.978000000
214.951655,29.979000000
214.964726,29.980000000
214.982298,29.981000000
214.992520,29.982000000
214.999534,29.983000000
215.006245,29.984000000
215.015269,29.985000000
215.018348,29.986000000
215.027952,29.987000000
215.035202,29.988000000
215.046665,29.989000000
215.055872,29.990000000
215.066577,29.991000000
215.072838,29.992000000
215.096903,29.993000000
215.104566,29.994000000
215.110807,29.995000000
215.113506,29.996000000
215.117213,29.997000000
215.122115,29.998000000
215.124944,29.999000000
215.127802,30.000000000
215.130746,30.001000000
215.132929,30.002000000
215.135226,30.003000000
215.137649,30.004000000
215.139934,30.005000000
215.161175,30.006000000
215.184790,30.007000000
215.187447,30.008000000
215.196690,30.009000000
215.201277,30.010000000
215.203560,30.011000000
215.206632,30.012000000
215.208929,30.013000000
215.261263,30.014000000
215.268988,30.015000000
215.281383,30.016000000
215.286371,30.017000000
215.300921,30.018000000
215.300969,30.019000000
215.314422,30.020000000
215.349902,30.021000000
215.349957,30.022000000
215.351928,30.023000000
215.361988,30.024000000
215.377093,30.025000000
215.378846,30.026000000
215.391984,30.027000000
215.401472,30.028000000
215.414680,30.029000000
215.424585,30.030000000
215.425216,30.031000000
215.442297,30.032000000
215.444200,30.033000000
215.464517,30.034000000
215.464566,30.035000000
215.479523,30.036000000
215.486261,30.037000000
215.493450,30.038000000
215.536193,30.039000000
215.545379,30.040000000
215.555046,30.041000000
215.560143,30.042000000
215.577146,30.043000000
215.583795,30.044000000
215.609931,30.045000000
215.631721,30.046000000
215.633880,30.047000000
215.650626,30.048000000
215.670980,30.049000000
215.688172,30.050000000
215.704005,30.051000000
215.711313,30.052000000
215.721545,30.053000000
215.743556,30.054000000
215.764846,30.055000000
215.777696,30.056000000
215.792324,30.057000000
215.804346,30.058000000
215.815057,30.059000000
215.825445,30.060000000
215.842290,30.061000000
215.858946,30.062000000
215.870802,30.063000000
215.893010,30.064000000
215.898346,30.065000000
215.930158,30.066000000
215.944212,30.067000000
215.953183,30.068000000
215.972922,30.069000000
215.978998,30.070000000
215.990238,30.071000000
215.999435,30.072000000
216.024571,30.073000000
216.040455,30.074000000
216.047395,30.075000000
216.051931,30.076000000
216.054928,30.077000000
216.089945,30.078000000
216.097113,30.079000000
216.105331,30.080000000
216.115711,30.081000000
216.123809,30.082000000
216.133946,30.083000000
216.142062,30.084000000
216.146283,30.085000000
216.156268,30.086000000
216.166636,30.087000000
216.176660,30.088000000
216.184134,30.089000000
216.191421,30.090000000
216.202246,30.091000000
216.226992,30.092000000
216.231716,30.093000000
216.251860,30.094000000
216.261717,30.095000000
216.298109,30.096000000
216.307656,30.097000000
216.316919,30.098000000
216.327344,30.099000000
216.329247,30.100000000
216.347015,30.101000000
216.360415,30.102000000
216.376250,30.103000000
216.388543,30.104000000
216.396584,30.105000000
216.404742,30.106000000
216.423133,30.107000000
216.428056,30.108000000
216.451234,30.109000000
216.457959,30.110000000
216.465766,30.111000000
216.480873,30.112000000
216.488091,30.113000000
216.499553,30.114000000
216.508320,30.115000000
216.518429,30.116000000
216.528965,30.117000000
216.540837,30.118000000
216.567525,30.119000000
216.570540,30.120000000
216.591646,30.121000000
216.599046,30.122000000
216.614223,30.123000000
216.632601,30.124000000
216.637685,30.125000000
216.661397,30.126000000
216.669570,30.127000000
216.680318,30.128000000
216.710427,30.129000000
216.715462,30.130000000
216.727965,30.131000000
216.743845,30.132000000
216.751636,30.133000000
216.776074,30.134000000
216.796244,30.135000000
216.802303,30.136000000
216.813796,30.137000000
216.820589,30.138000000
216.835104,30.139000000
216.849988,30.140000000
216.861116,30.141000000
216.877516,30.142000000
216.884626,30.143000000
216.915498,30.144000000
216.941932,30.145000000
216.955169,30.146000000
216.962123,30.147000000
216.962672,30.148000000
216.971357,30.149000000
216.978745,30.150000000
216.992912,30.151000000
217.034610,30.152000000
217.048337,30.153000000
217.066806,30.154000000
217.073173,30.155000000
217.085531,30.156000000
217.091806,30.157000000
217.127269,30.158000000
217.138044,30.159000000
217.144116,30.160000000
217.169820,30.161000000
217.170775,30.162000000
217.179034,30.163000000
217.189417,30.164000000
217.196218,30.165000000
217.204237,30.166000000
217.214557,30.167000000
217.224305,30.168000000
217.234696,30.169000000
217.246148,30.170000000
217.256272,30.171000000
217.268607,30.172000000
217.282895,30.173000000
217.295853,30.174000000
217.306308,30.175000000
217.319307,30.176000000
217.334614,30.177000000
217.362936,30.178000000
217.370580,30.179000000
217.416466,30.180000000
217.418202,30.181000000
217.427098,30.182000000
217.435406,30.183000000
217.442058,30.184000000
217.484255,30.185000000
217.494364,30.186000000
217.498498,30.187000000
217.501883,30.188000000
217.506982,30.189000000
217.512477,30.190000000
217.515390,30.191000000
217.522167,30.192000000
217.528378,30.193000000
217.530539,30.194000000
217.550700,30.195000000
217.569109,30.196000000
217.585309,30.197000000
217.595403,30.198000000
217.623646,30.199000000
217.634336,30.200000000
217.649565,30.201000000
217.663983,30.202000000
217.673627,30.203000000
217.706396,30.204000000
217.706455,30.211000000
217.715612,30.212000000
217.715697,30.214000000
217.725238,30.215000000
217.725297,30.216000000
217.728914,30.217000000
217.738375,30.218000000
217.747302,30.219000000
217.755280,30.220000000
217.781518,30.221000000
217.788006,30.222000000
217.794249,30.223000000
217.819566,30.224000000
217.828234,30.225000000
217.833301,30.226000000
217.841260,30.227000000
217.867470,30.228000000
217.875087,30.229000000
217.880784,30.230000000
217.896772,30.231000000
217.900827,30.232000000
217.928812,30.233000000
217.940863,30.234000000
217.953004,30.235000000
217.967262,30.236000000
217.970697,30.237000000
217.981865,30.238000000
217.990392,30.239000000
218.001882,30.240000000
218.012507,30.241000000
218.018239,30.242000000
218.030420,30.243000000
218.037250,30.244000000
218.047588,30.245000000
218.054053,30.246000000
218.062791,30.247000000
218.076613,30.248000000
218.094271,30.249000000
218.110783,30.250000000
218.122598,30.251000000
218.126536,30.252000000
218.138773,30.253000000
218.146349,30.254000000
218.153985,30.255000000
218.157791,30.256000000
218.178058,30.257000000
218.198930,30.258000000
218.209108,30.259000000
218.226499,30.260000000
218.233941,30.261000000
218.263420,30.262000000
218.275187,30.263000000
218.283436,30.264000000
218.293471,30.265000000
218.308089,30.266000000
218.320158,30.267000000
218.328136,30.268000000
218.341887,30.269000000
218.349888,30.270000000
218.365575,30.271000000
218.370526,30.272000000
218.374672,30.273000000
218.378814,30.274000000
218.383513,30.275000000
218.390066,30.276000000
218.407022,30.277000000
218.415421,30.278000000
218.434409,30.279000000
218.440104,30.280000000
218.459684,30.281000000
218.473516,30.282000000
218.480889,30.283000000
218.484140,30.284000000
218.505843,30.285000000
218.522923,30.286000000
218.529043,30.287000000
218.554304,30.288000000
218.560092,30.289000000
218.574994,30.290000000
218.582572,30.291000000
218.591804,30.292000000
218.602598,30.293000000
218.604744,30.294000000
218.606975,30.295000000
218.614252,30.296000000
218.616611,30.297000000
218.618946,30.298000000
218.621236,30.299000000
218.625600,30.300000000
218.628500,30.301000000
218.649919,30.302000000
218.652121,30.303000000
218.663273,30.304000000
218.674157,30.305000000
218.677123,30.306000000
218.683526,30.307000000
218.695253,30.308000000
218.696832,30.309000000
218.709737,30.310000000
218.727485,30.311000000
218.744237,30.312000000
218.752620,30.313000000
218.752711,30.314000000
218.755529,30.315000000
218.761352,30.316000000
218.776649,30.317000000
218.781815,30.318000000
218.784113,30.319000000
218.787057,30.320000000
218.790040,30.321000000
218.799313,30.322000000
218.801681,30.323000000
218.804107,30.324000000
218.806615,30.325000000
218.808969,30.326000000
218.811100,30.327000000
218.813289,30.328000000
218.815624,30.329000000
218.817924,30.330000000
218.822195,30.331000000
218.828977,30.332000000
218.831923,30.333000000
218.838068,30.334000000
218.840487,30.335000000
218.842782,30.336000000
218.845051,30.337000000
218.862948,30.338000000
218.863003,30.339000000
218.889546,30.340000000
218.914394,30.341000000
218.934128,30.342000000
218.949836,30.343000000
218.971474,30.344000000
218.984937,30.345000000
218.997991,30.346000000
219.034138,30.347000000
219.034184,30.350000000
219.063291,30.351000000
219.072140,30.352000000
219.099225,30.353000000
219.099269,30.354000000
219.131682,30.355000000
219.132816,30.356000000
219.156663,30.357000000
219.181204,30.358000000
219.181244,30.359000000
219.220646,30.360000000
219.233165,30.361000000
219.248062,30.362000000
219.270312,30.363000000
219.279568,30.364000000
219.297858,30.365000000
219.314445,30.366000000
219.337520,30.367000000
219.343278,30.368000000
219.351200,30.369000000
219.353255,30.370000000
219.359350,30.371000000
219.368665,30.372000000
219.374435,30.373000000
219.391498,30.374000000
219.397063,30.375000000
219.403607,30.376000000
219.425479,30.377000000
219.431784,30.378000000
219.436750,30.379000000
219.446229,30.380000000
219.464231,30.381000000
219.471805,30.382000000
219.479678,30.383000000
219.483984,30.384000000
219.497960,30.385000000
219.510455,30.386000000
219.528098,30.387000000
219.565899,30.388000000
219.581713,30.389000000
219.592823,30.390000000
219.604215,30.391000000
219.612574,30.392000000
219.622710,30.393000000
219.628334,30.394000000
219.637272,30.395000000
219.650290,30.396000000
219.661048,30.397000000
219.671086,30.398000000
219.684986,30.399000000
219.688285,30.400000000
219.695909,30.401000000
219.703885,30.402000000
219.708349,30.403000000
219.736336,30.404000000
219.743964,30.405000000
219.777888,30.406000000
219.785968,30.407000000
219.800588,30.408000000
219.810305,30.409000000
219.827406,30.410000000
219.844542,30.411000000
219.850362,30.412000000
219.852704,30.413000000
219.868168,30.414000000
219.873141,30.415000000
219.878663,30.416000000
219.894649,30.417000000
219.898813,30.418000000
219.916361,30.419000000
219.930251,30.420000000
219.941029,30.421000000
219.952545,30.422000000
219.973081,30.423000000
219.983490,30.424000000
219.993634,30.425000000
220.001246,30.426000000
220.006168,30.427000000
220.024509,30.428000000
220.032213,30.429000000
220.036089,30.430000000
220.043714,30.431000000
220.048684,30.432000000
220.050861,30.433000000
220.058081,30.434000000
220.076471,30.435000000
220.099066,30.436000000
220.106548,30.437000000
220.137516,30.438000000
220.142065,30.439000000
220.150951,30.440000000
220.163280,30.441000000
220.174972,30.442000000
220.193403,30.443000000
220.196717,30.444000000
220.200845,30.445000000
220.203523,30.446000000
220.206318,30.447000000
220.225804,30.448000000
220.227889,30.449000000
220.249386,30.450000000
220.249451,30.451000000
220.257398,30.452000000
220.276118,30.453000000
220.276166,30.454000000
220.280037,30.455000000
220.288903,30.456000000
220.290625,30.457000000
220.296178,30.458000000
220.332585,30.459000000
220.339360,30.460000000
220.350320,30.461000000
220.350886,30.462000000
220.364240,30.463000000
220.377115,30.464000000
220.383588,30.465000000
220.392716,30.466000000
220.398534,30.467000000
220.411508,30.468000000
220.436236,30.469000000
220.461132,30.470000000
220.489372,30.471000000
220.497309,30.472000000
220.497558,30.473000000
220.536789,30.474000000
220.543325,30.475000000
220.557781,30.476000000
220.584244,30.477000000
220.584299,30.481000000
220.586172,30.482000000
220.591998,30.483000000
220.592051,30.484000000
220.598240,30.485000000
220.598685,30.486000000
220.599193,30.487000000
220.605821,30.488000000
220.610100,30.489000000
220.622603,30.490000000
220.635658,30.491000000
220.636236,30.492000000
220.654289,30.493000000
220.668858,30.494000000
220.676651,30.495000000
220.685566,30.496000000
220.696680,30.497000000
220.711458,30.498000000
220.729635,30.499000000
220.754884,30.500000000
220.759883,30.501000000
220.775626,30.502000000
220.787934,30.503000000
220.787987,30.504000000
220.797924,30.505000000
220.797978,30.507000000
220.805152,30.508000000
220.805222,30.510000000
220.807516,30.511000000
220.817358,30.512000000
220.819212,30.513000000
220.824202,30.514000000
220.844522,30.515000000
220.854785,30.516000000
220.858528,30.517000000
220.858867,30.518000000
220.864623,30.519000000
220.870831,30.520000000
220.887193,30.521000000
220.890584,30.522000000
220.898883,30.523000000
220.921988,30.524000000
220.926200,30.525000000
220.947408,30.526000000
220.956966,30.527000000
220.968182,30.528000000
220.972661,30.529000000
220.978334,30.530000000
220.983907,30.531000000
220.990556,30.532000000
220.994830,30.533000000
221.016834,30.534000000
221.039868,30.535000000
221.046042,30.536000000
221.052217,30.537000000
221.057895,30.538000000
221.064221,30.539000000
221.071708,30.540000000
221.077869,30.541000000
221.085211,30.542000000
221.092744,30.543000000
221.100796,30.544000000
221.110321,30.545000000
221.121523,30.546000000
221.139018,30.547000000
221.152504,30.548000000
221.164958,30.549000000
221.167732,30.550000000
221.171121,30.551000000
221.187299,30.552000000
221.195181,30.553000000
221.201939,30.554000000
221.210952,30.555000000
221.219030,30.556000000
221.227601,30.557000000
221.235423,30.558000000
221.245318,30.559000000
221.253514,30.560000000
221.268290,30.561000000
221.289496,30.562000000
221.294104,30.563000000
221.298934,30.564000000
221.322506,30.565000000
221.326378,30.566000000
221.330716,30.567000000
221.335508,30.568000000
221.341649,30.569000000
221.345921,30.570000000
221.365003,30.571000000
221.370121,30.572000000
221.395576,30.573000000
221.403325,30.574000000
221.407728,30.575000000
221.413002,30.576000000
221.420063,30.577000000
221.425257,30.578000000
221.446399,30.579000000
221.452231,30.580000000
221.459511,30.581000000
221.469867,30.582000000
221.476883,30.583000000
221.528245,30.584000000
221.543994,30.585000000
221.551882,30.586000000
221.566125,30.587000000
221.583118,30.588000000
221.586938,30.589000000
221.593635,30.590000000
221.598979,30.591000000
221.610839,30.592000000
221.614070,30.593000000
221.616497,30.594000000
221.619213,30.595000000
221.623187,30.596000000
221.625891,30.597000000
221.628624,30.598000000
221.631444,30.599000000
221.637841,30.600000000
221.651369,30.601000000
221.661113,30.602000000
221.700065,30.603000000
221.705810,30.604000000
221.724495,30.605000000
221.755187,30.606000000
221.772896,30.607000000
221.806766,30.608000000
221.827720,30.609000000
221.840266,30.610000000
221.851349,30.611000000
221.861586,30.612000000
221.866393,30.613000000
221.871956,30.614000000
221.880528,30.615000000
221.889984,30.616000000
221.896757,30.617000000
221.905123,30.618000000
221.916358,30.619000000
221.918474,30.620000000
221.925292,30.621000000
221.928652,30.622000000
221.950011,30.623000000
221.952276,30.624000000
221.955499,30.625000000
221.961170,30.626000000
221.979732,30.627000000
221.986691,30.628000000
222.021806,30.629000000
222.029138,30.630000000
222.038954,30.631000000
222.041997,30.632000000
222.044296,30.633000000
222.046422,30.634000000
222.051081,30.635000000
222.053952,30.636000000
222.056209,30.637000000
222.058403,30.638000000
222.061059,30.639000000
222.063509,30.640000000
222.065889,30.641000000
222.068166,30.642000000
222.070349,30.643000000
222.072518,30.644000000
222.075068,30.645000000
222.077487,30.646000000
222.080340,30.647000000
222.082552,30.648000000
222.084894,30.649000000
222.087368,30.650000000
222.089727,30.651000000
222.091884,30.652000000
222.101451,30.653000000
222.103722,30.654000000
222.106139,30.655000000
222.109069,30.656000000
222.111676,30.657000000
222.114196,30.658000000
222.117052,30.659000000
222.119332,30.660000000
222.121568,30.661000000
222.123692,30.662000000
222.126976,30.663000000
222.129370,30.664000000
222.131570,30.665000000
222.145793,30.666000000
222.152428,30.667000000
222.160453,30.668000000
222.170621,30.669000000
222.213570,30.670000000
222.213927,30.671000000
222.225245,30.672000000
222.241584,30.673000000
222.241669,30.674000000
222.262110,30.675000000
222.288615,30.676000000
222.288680,30.677000000
222.300157,30.678000000
222.300351,30.679000000
222.302581,30.680000000
222.312668,30.681000000
222.314964,30.682000000
222.337499,30.683000000
222.339713,30.684000000
222.343490,30.685000000
222.345732,30.686000000
222.347935,30.687000000
222.349961,30.688000000
222.353036,30.689000000
222.355578,30.690000000
222.358360,30.691000000
222.361165,30.692000000
222.363360,30.693000000
222.366971,30.694000000
222.369648,30.695000000
222.372193,30.696000000
222.375014,30.697000000
222.377281,30.698000000
222.390889,30.699000000
222.393141,30.700000000
222.395865,30.701000000
222.426186,30.702000000
222.428620,30.703000000
222.434781,30.704000000
222.441187,30.705000000
222.446023,30.706000000
222.474253,30.707000000
222.485011,30.708000000
222.492581,30.709000000
222.496911,30.710000000
222.499464,30.711000000
222.503016,30.712000000
222.509735,30.713000000
222.515645,30.714000000
222.518071,30.715000000
222.520878,30.716000000
222.530020,30.717000000
222.533287,30.718000000
222.535758,30.719000000
222.569192,30.720000000
222.581817,30.721000000
222.594373,30.722000000
222.607025,30.723000000
222.617538,30.724000000
222.632130,30.725000000
222.647869,30.726000000
222.648184,30.727000000
222.660173,30.728000000
222.660233,30.729000000
222.675233,30.730000000
222.677037,30.731000000
222.689698,30.732000000
222.695433,30.733000000
222.738308,30.734000000
222.747784,30.735000000
222.747883,30.736000000
222.747927,30.737000000
222.780200,30.738000000
222.793770,30.739000000
222.793832,30.740000000
222.810493,30.741000000
222.810536,30.742000000
222.811963,30.743000000
222.819448,30.744000000
222.823874,30.745000000
222.826172,30.746000000
222.845824,30.747000000
222.851955,30.748000000
222.856316,30.749000000
222.861565,30.750000000
222.865961,30.751000000
222.922369,30.752000000
222.950699,30.753000000
222.964154,30.754000000
222.997231,30.755000000
223.017748,30.756000000
223.027174,30.757000000
223.037648,30.758000000
223.046711,30.759000000
223.057608,30.760000000
223.066099,30.761000000
223.075681,30.762000000
223.081779,30.763000000
223.092036,30.764000000
223.096338,30.765000000
223.100579,30.766000000
223.112752,30.767000000
223.119695,30.768000000
223.127737,30.769000000
223.138271,30.770000000
223.142829,30.771000000
223.145807,30.772000000
223.165810,30.773000000
223.168066,30.774000000
223.185884,30.775000000
223.203464,30.776000000
223.206230,30.777000000
223.215005,30.778000000
223.217552,30.779000000
223.224592,30.780000000
223.241393,30.781000000
223.262267,30.782000000
223.267587,30.783000000
223.274253,30.784000000
223.298410,30.785000000
223.311482,30.786000000
223.336557,30.787000000
223.338765,30.788000000
223.361218,30.789000000
223.374243,30.790000000
223.381943,30.791000000
223.393621,30.792000000
223.417471,30.793000000
223.425653,30.794000000
223.443672,30.795000000
223.456488,30.796000000
223.480309,30.797000000
223.491292,30.798000000
223.494337,30.799000000
223.526047,30.800000000
223.526562,30.801000000
223.553327,30.802000000
223.566231,30.803000000
223.600925,30.804000000
223.601233,30.805000000
223.611364,30.806000000
223.634607,30.807000000
223.634907,30.808000000
223.647744,30.809000000
223.658185,30.810000000
223.669670,30.811000000
223.701103,30.812000000
223.711082,30.813000000
223.743603,30.814000000
223.760400,30.815000000
223.771729,30.816000000
223.799482,30.817000000
223.811582,30.818000000
223.827671,30.819000000
223.843579,30.820000000
223.857115,30.821000000
223.866899,30.822000000
223.887411,30.823000000
223.894349,30.824000000
223.900663,30.825000000
223.900719,30.826000000
223.923436,30.827000000
223.934716,30.828000000
223.934866,30.829000000
223.942408,30.830000000
223.964967,30.831000000
223.965125,30.832000000
223.978841,30.833000000
223.985205,30.834000000
224.001838,30.835000000
224.010135,30.836000000
224.022699,30.837000000
224.023095,30.838000000
224.023142,30.839000000
224.055218,30.840000000
224.055682,30.841000000
224.066374,30.842000000
224.084331,30.843000000
224.093589,30.844000000
224.093655,30.845000000
224.114195,30.846000000
224.124131,30.847000000
224.138215,30.848000000
224.147371,30.849000000
224.158621,30.850000000
224.165133,30.851000000
224.168924,30.852000000
224.171798,30.853000000
224.186478,30.854000000
224.205321,30.855000000
224.211838,30.856000000
224.219993,30.857000000
224.225814,30.858000000
224.242636,30.859000000
224.246516,30.860000000
224.251781,30.861000000
224.259830,30.862000000
224.264967,30.863000000
224.287064,30.864000000
224.302506,30.865000000
224.308813,30.866000000
224.313125,30.867000000
224.340263,30.868000000
224.347207,30.869000000
224.364527,30.870000000
224.371134,30.871000000
224.381874,30.872000000
224.394950,30.873000000
224.397345,30.874000000
224.415530,30.875000000
224.432711,30.876000000
224.444949,30.877000000
224.461874,30.878000000
224.472569,30.879000000
224.484527,30.880000000
224.500036,30.881000000
224.502534,30.882000000
224.504796,30.883000000
224.507152,30.884000000
224.514110,30.885000000
224.516699,30.886000000
224.521147,30.887000000
224.527391,30.888000000
224.529836,30.889000000
224.532090,30.890000000
224.534357,30.891000000
224.537828,30.892000000
224.540088,30.893000000
224.542429,30.894000000
224.544639,30.895000000
224.546942,30.896000000
224.551751,30.897000000
224.554233,30.898000000
224.556541,30.899000000
224.559501,30.900000000
224.563390,30.901000000
224.570031,30.902000000
224.586726,30.903000000
224.593264,30.904000000
224.606075,30.905000000
224.630077,30.906000000
224.635550,30.907000000
224.661642,30.908000000
224.674371,30.909000000
224.685637,30.910000000
224.695072,30.911000000
224.704775,30.912000000
224.716702,30.913000000
224.731235,30.914000000
224.735995,30.915000000
224.752211,30.916000000
224.759509,30.917000000
224.764190,30.918000000
224.797009,30.919000000
224.802942,30.920000000
224.807533,30.921000000
224.811819,30.922000000
224.816239,30.923000000
224.821220,30.924000000
224.826200,30.925000000
224.831203,30.926000000
224.834868,30.927000000
224.839765,30.928000000
224.843654,30.929000000
224.847923,30.930000000
224.852576,30.931000000
224.855729,30.932000000
224.860443,30.933000000
224.865427,30.934000000
224.869298,30.935000000
224.871645,30.936000000
224.873882,30.937000000
224.876122,30.938000000
224.879864,30.939000000
224.885334,30.940000000
224.893740,30.941000000
224.897868,30.942000000
224.900307,30.943000000
224.903336,30.944000000
224.907490,30.945000000
224.926863,30.946000000
224.929789,30.947000000
224.942668,30.948000000
224.945573,30.949000000
224.953680,30.950000000
224.955945,30.951000000
224.958155,30.952000000
224.970463,30.953000000
224.980332,30.954000000
224.983849,30.955000000
224.986781,30.956000000
224.989249,30.957000000
224.992313,30.958000000
224.994762,30.959000000
225.004804,30.960000000
225.007348,30.961000000
225.012121,30.962000000
225.020895,30.963000000
225.033678,30.964000000
225.052884,30.965000000
225.063358,30.966000000
225.088503,30.967000000
225.088567,30.968000000
225.088607,30.969000000
225.102669,30.970000000
225.122941,30.971000000
225.123005,30.972000000
225.128825,30.973000000
225.147370,30.974000000
225.173220,30.975000000
225.173285,30.976000000
225.181364,30.977000000
225.192883,30.978000000
225.224250,30.979000000
225.235683,30.980000000
225.259855,30.981000000
225.263609,30.982000000
225.279202,30.983000000
225.279520,30.984000000
225.283287,30.985000000
225.298134,30.986000000
225.307505,30.987000000
225.309329,30.988000000
225.337888,30.989000000
225.347553,30.990000000
225.349900,30.991000000
225.367524,30.992000000
225.424023,30.993000000
225.435648,30.994000000
225.465088,30.995000000
225.465431,30.996000000
225.470983,30.997000000
225.489223,30.998000000
225.526966,30.999000000
225.529793,31.000000000
225.537645,31.001000000
225.552971,31.002000000
225.564361,31.003000000
225.567010,31.004000000
225.586611,31.005000000
225.589286,31.006000000
225.623287,31.007000000
225.624233,31.008000000
225.633108,31.009000000
225.633170,31.010000000
225.655097,31.011000000
225.658859,31.012000000
225.671434,31.013000000
225.690934,31.014000000
225.692443,31.015000000
225.704525,31.016000000
225.729161,31.017000000
225.729449,31.018000000
225.781528,31.019000000
225.781595,31.020000000
225.781669,31.021000000
225.823540,31.022000000
225.823811,31.023000000
225.836100,31.024000000
225.867265,31.025000000
225.879000,31.026000000
225.879059,31.027000000
225.903251,31.028000000
225.903331,31.029000000
225.940020,31.030000000
225.941243,31.031000000
225.962964,31.032000000
225.963264,31.033000000
225.979079,31.034000000
225.979146,31.035000000
226.004169,31.036000000
226.012072,31.037000000
226.020588,31.038000000
226.020651,31.039000000
226.059886,31.040000000
226.097496,31.041000000
226.104402,31.042000000
226.104478,31.043000000
226.149157,31.044000000
226.151072,31.045000000
226.160960,31.046000000
226.179585,31.047000000
226.204456,31.048000000
226.205359,31.049000000
226.217837,31.050000000
226.217937,31.051000000
226.240478,31.052000000
226.243514,31.053000000
226.272957,31.054000000
226.273079,31.055000000
226.283615,31.056000000
226.285639,31.057000000
226.303192,31.058000000
226.305116,31.059000000
226.314999,31.060000000
226.342441,31.061000000
226.342506,31.062000000
226.349623,31.063000000
226.370280,31.064000000
226.370577,31.065000000
226.374726,31.066000000
226.429909,31.067000000
226.441500,31.068000000
226.441563,31.069000000
226.464567,31.070000000
226.484274,31.071000000
226.498815,31.072000000
226.519951,31.073000000
226.530655,31.074000000
226.532543,31.075000000
226.538653,31.076000000
226.563280,31.077000000
226.564162,31.078000000
226.566169,31.079000000
226.580520,31.080000000
226.600170,31.081000000
226.600260,31.082000000
226.614760,31.083000000
226.637051,31.084000000
226.640493,31.085000000
226.665065,31.086000000
226.668479,31.087000000
226.674846,31.088000000
226.696498,31.089000000
226.704900,31.090000000
226.704995,31.091000000
226.769409,31.092000000
226.769477,31.093000000
226.770846,31.094000000
226.786639,31.095000000
226.826268,31.096000000
226.836791,31.097000000
226.836886,31.098000000
226.837878,31.099000000
226.843090,31.100000000
226.843184,31.101000000
226.845142,31.102000000
226.848140,31.103000000
226.852168,31.104000000
226.853776,31.105000000
226.889710,31.106000000
226.902172,31.107000000
226.930406,31.108000000
226.945268,31.109000000
226.969015,31.110000000
226.978838,31.111000000
226.980979,31.112000000
226.988590,31.113000000
226.992888,31.114000000
226.996929,31.115000000
227.001326,31.116000000
227.005728,31.117000000
227.009355,31.118000000
227.014879,31.119000000
227.019453,31.120000000
227.022072,31.121000000
227.024260,31.122000000
227.027849,31.123000000
227.043169,31.124000000
227.045424,31.125000000
227.048127,31.126000000
227.056602,31.127000000
227.061095,31.128000000
227.077903,31.129000000
227.082782,31.130000000
227.085078,31.131000000
227.129588,31.132000000
227.140500,31.133000000
227.148494,31.134000000
227.155709,31.135000000
227.167548,31.136000000
227.174987,31.137000000
227.181177,31.138000000
227.196544,31.139000000
227.207752,31.140000000
227.214687,31.141000000
227.220426,31.142000000
227.231617,31.143000000
227.241281,31.144000000
227.247019,31.145000000
227.250974,31.146000000
227.254925,31.147000000
227.261532,31.148000000
227.263861,31.149000000
227.269833,31.150000000
227.282583,31.151000000
227.285396,31.152000000
227.291405,31.153000000
227.295406,31.154000000
227.301578,31.155000000
227.306090,31.156000000
227.312400,31.157000000
227.316839,31.158000000
227.341521,31.159000000
227.345144,31.160000000
227.352186,31.161000000
227.362253,31.162000000
227.368015,31.163000000
227.375757,31.164000000
227.383249,31.165000000
227.390927,31.166000000
227.395838,31.167000000
227.401787,31.168000000
227.408799,31.169000000
227.419470,31.170000000
227.433577,31.171000000
227.441149,31.172000000
227.445654,31.173000000
227.450133,31.174000000
227.457289,31.175000000
227.460893,31.176000000
227.473350,31.177000000
227.477890,31.178000000
227.483451,31.179000000
227.489039,31.180000000
227.494350,31.181000000
227.507577,31.182000000
227.512100,31.183000000
227.518653,31.184000000
227.533878,31.185000000
227.550396,31.186000000
227.561510,31.187000000
227.570626,31.188000000
227.580424,31.189000000
227.588350,31.190000000
227.592154,31.191000000
227.616576,31.192000000
227.625342,31.193000000
227.636840,31.194000000
227.641199,31.195000000
227.643519,31.196000000
227.656030,31.197000000
227.667832,31.198000000
227.673383,31.199000000
227.676874,31.200000000
227.682720,31.201000000
227.703861,31.202000000
227.714636,31.203000000
227.728056,31.204000000
227.740409,31.205000000
227.749628,31.206000000
227.767038,31.207000000
227.779732,31.208000000
227.785794,31.209000000
227.818263,31.210000000
227.827216,31.211000000
227.838855,31.212000000
227.854272,31.213000000
227.858395,31.214000000
227.897381,31.215000000
227.907241,31.216000000
227.925779,31.217000000
227.929420,31.218000000
227.942710,31.219000000
227.953478,31.220000000
227.972309,31.221000000
227.995038,31.222000000
228.012260,31.223000000
228.024185,31.224000000
228.048865,31.225000000
228.053339,31.226000000
228.056065,31.227000000
228.059690,31.228000000
228.075575,31.229000000
228.075644,31.230000000
228.077925,31.231000000
228.083485,31.232000000
228.088842,31.233000000
228.091375,31.234000000
228.094020,31.235000000
228.101445,31.236000000
228.105949,31.237000000
228.108633,31.238000000
228.120832,31.239000000
228.123548,31.240000000
228.127590,31.241000000
228.134878,31.242000000
228.138947,31.243000000
228.142103,31.244000000
228.144455,31.245000000
228.154644,31.246000000
228.159774,31.247000000
228.164365,31.248000000
228.166661,31.249000000
228.168914,31.250000000
228.174983,31.251000000
228.199603,31.252000000
228.215894,31.253000000
228.218939,31.254000000
228.222544,31.255000000
228.228463,31.256000000
228.230764,31.257000000
228.233083,31.258000000
228.237949,31.259000000
228.244614,31.260000000
228.246748,31.261000000
228.249546,31.262000000
228.252949,31.263000000
228.273880,31.264000000
228.284794,31.265000000
228.302039,31.266000000
228.314458,31.267000000
228.322342,31.268000000
228.335746,31.269000000
228.354752,31.270000000
228.354848,31.271000000
228.365008,31.272000000
228.369009,31.273000000
228.376380,31.274000000
228.386886,31.275000000
228.390831,31.276000000
228.392627,31.277000000
228.411754,31.278000000
228.419611,31.279000000
228.423977,31.280000000
228.432931,31.281000000
228.434684,31.282000000
228.438948,31.283000000
228.461532,31.284000000
228.468264,31.285000000
228.475651,31.286000000
228.483509,31.287000000
228.494629,31.288000000
228.504362,31.289000000
228.516430,31.290000000
228.521830,31.291000000
228.527892,31.292000000
228.538301,31.293000000
228.548359,31.294000000
228.555383,31.295000000
228.564686,31.296000000
228.569858,31.297000000
228.588504,31.298000000
228.602420,31.299000000
228.611236,31.300000000
228.622290,31.301000000
228.631511,31.302000000
228.644543,31.303000000
228.654726,31.304000000
228.664419,31.305000000
228.673923,31.306000000
228.683763,31.307000000
228.693559,31.308000000
228.707643,31.309000000
228.717369,31.310000000
228.727571,31.311000000
228.737553,31.312000000
228.757207,31.313000000
228.768490,31.314000000
228.777091,31.315000000
228.794489,31.316000000
228.805168,31.317000000
228.819512,31.318000000
228.831999,31.319000000
228.850123,31.320000000
228.857627,31.321000000
228.867026,31.322000000
228.888422,31.323000000
228.907636,31.324000000
228.930518,31.325000000
228.938118,31.326000000
228.951865,31.327000000
228.960310,31.328000000
228.964942,31.329000000
228.977456,31.330000000
228.984342,31.331000000
228.994864,31.332000000
229.004187,31.333000000
229.010892,31.334000000
229.019946,31.335000000
229.029569,31.336000000
229.040852,31.337000000
229.048584,31.338000000
229.056551,31.339000000
229.062883,31.340000000
229.079008,31.341000000
229.091371,31.342000000
229.107145,31.343000000
229.118659,31.344000000
229.129733,31.345000000
229.134108,31.346000000
229.140967,31.347000000
229.162448,31.348000000
229.168220,31.349000000
229.174385,31.350000000
229.189703,31.351000000
229.194276,31.352000000
229.199873,31.353000000
229.232701,31.354000000
229.252126,31.355000000
229.260623,31.356000000
229.268879,31.357000000
229.276458,31.358000000
229.291114,31.359000000
229.299393,31.360000000
229.307111,31.361000000
229.320699,31.362000000
229.326495,31.363000000
229.332180,31.364000000
229.334162,31.365000000
229.365714,31.366000000
229.374682,31.367000000
229.377068,31.368000000
229.394689,31.369000000
229.399151,31.370000000
229.414984,31.371000000
229.425492,31.372000000
229.431371,31.373000000
229.437228,31.374000000
229.461402,31.375000000
229.468076,31.376000000
229.479392,31.377000000
229.484251,31.378000000
229.489897,31.379000000
229.522237,31.380000000
229.523966,31.381000000
229.539414,31.382000000
229.546229,31.383000000
229.565417,31.384000000
229.571472,31.385000000
229.590725,31.386000000
229.598281,31.387000000
229.608008,31.388000000
229.615220,31.389000000
229.618249,31.390000000
229.621010,31.391000000
229.623441,31.392000000
229.627343,31.393000000
229.630414,31.394000000
229.637577,31.395000000
229.640785,31.396000000
229.646610,31.397000000
229.651345,31.398000000
229.671837,31.399000000
229.674379,31.400000000
229.689325,31.401000000
229.695303,31.402000000
229.702202,31.403000000
229.727656,31.404000000
229.738241,31.405000000
229.751099,31.406000000
229.754831,31.407000000
229.768772,31.408000000
229.792892,31.409000000
229.811127,31.410000000
229.814522,31.411000000
229.834547,31.412000000
229.853845,31.413000000
229.861784,31.414000000
229.875484,31.415000000
229.875920,31.416000000
229.879494,31.417000000
229.892882,31.418000000
229.893927,31.419000000
229.911289,31.420000000
229.951624,31.421000000
229.952544,31.422000000
229.962275,31.423000000
229.976967,31.424000000
229.982278,31.425000000
229.990423,31.426000000
229.991256,31.427000000
229.997548,31.428000000
230.025746,31.429000000
230.037075,31.430000000
230.044980,31.431000000
230.058737,31.432000000
230.058826,31.433000000
230.058870,31.434000000
230.058911,31.435000000
230.059531,31.436000000
230.062360,31.437000000
230.073307,31.438000000
230.073366,31.439000000
230.073407,31.440000000
230.073475,31.441000000
230.073514,31.442000000
230.074587,31.443000000
230.083319,31.444000000
230.095925,31.445000000
230.097325,31.446000000
230.110319,31.447000000
230.122503,31.448000000
230.133792,31.449000000
230.161248,31.450000000
230.167202,31.451000000
230.173916,31.452000000
230.177975,31.453000000
230.178134,31.454000000
230.189139,31.455000000
230.189211,31.456000000
230.189906,31.457000000
230.193558,31.458000000
230.193756,31.459000000
230.205549,31.460000000
230.205642,31.461000000
230.209914,31.462000000
230.212138,31.463000000
230.215368,31.464000000
230.236431,31.465000000
230.263273,31.466000000
230.266484,31.467000000
230.270122,31.468000000
230.275989,31.469000000
230.280467,31.470000000
230.286532,31.471000000
230.289368,31.472000000
230.293710,31.473000000
230.297565,31.474000000
230.302251,31.475000000
230.304746,31.476000000
230.309480,31.477000000
230.312085,31.478000000
230.340682,31.479000000
230.352311,31.480000000
230.365968,31.481000000
230.374894,31.482000000
230.404251,31.483000000
230.421014,31.484000000
230.433456,31.485000000
230.445183,31.486000000
230.461670,31.487000000
230.477773,31.488000000
230.489872,31.489000000
230.499708,31.490000000
230.505970,31.491000000
230.549463,31.492000000
230.568251,31.493000000
230.574151,31.494000000
230.589228,31.495000000
230.597746,31.496000000
230.606997,31.497000000
230.610058,31.498000000
230.615092,31.499000000
230.622106,31.500000000
230.638180,31.501000000
230.651523,31.502000000
230.682359,31.503000000
230.692456,31.504000000
230.703264,31.505000000
230.707726,31.506000000
230.719586,31.507000000
230.728895,31.508000000
230.741116,31.509000000
230.747770,31.510000000
230.756872,31.511000000
230.767337,31.512000000
230.778143,31.513000000
230.785749,31.514000000
230.789632,31.515000000
230.795680,31.516000000
230.815452,31.517000000
230.822567,31.518000000
230.824834,31.519000000
230.844651,31.520000000
230.849481,31.521000000
230.864312,31.522000000
230.868096,31.523000000
230.877300,31.524000000
230.882452,31.525000000
230.905897,31.526000000
230.911752,31.527000000
230.917907,31.528000000
230.931229,31.529000000
230.941401,31.530000000
230.967393,31.531000000
230.980875,31.532000000
230.988527,31.533000000
230.996230,31.534000000
231.006951,31.535000000
231.016238,31.536000000
231.020749,31.537000000
231.032184,31.538000000
231.040589,31.539000000
231.052729,31.540000000
231.057766,31.541000000
231.071516,31.542000000
231.076743,31.543000000
231.083204,31.544000000
231.106453,31.545000000
231.110504,31.546000000
231.129749,31.547000000
231.136513,31.548000000
231.139847,31.549000000
231.148450,31.550000000
231.153571,31.551000000
231.157564,31.552000000
231.172947,31.553000000
231.179359,31.554000000
231.183428,31.555000000
231.191086,31.556000000
231.194704,31.557000000
231.215287,31.558000000
231.222614,31.559000000
231.228310,31.560000000
231.243787,31.561000000
231.253119,31.562000000
231.269034,31.563000000
231.274862,31.564000000
231.280496,31.565000000
231.280782,31.566000000
231.286722,31.567000000
231.286783,31.568000000
231.301821,31.569000000
231.312804,31.570000000
231.316868,31.571000000
231.321858,31.572000000
231.333249,31.573000000
231.339563,31.574000000
231.364475,31.575000000
231.380879,31.576000000
231.383156,31.577000000
231.419314,31.578000000
231.426040,31.579000000
231.449750,31.580000000
231.468024,31.581000000
231.476233,31.582000000
231.483492,31.583000000
231.492459,31.584000000
231.511939,31.585000000
231.512391,31.586000000
231.531269,31.587000000
231.531818,31.588000000
231.550173,31.589000000
231.575245,31.590000000
231.575343,31.591000000
231.582687,31.592000000
231.583074,31.593000000
231.602209,31.594000000
231.602280,31.595000000
231.617369,31.596000000
231.624527,31.597000000
231.632775,31.598000000
231.641735,31.599000000
231.654832,31.600000000
231.664644,31.601000000
231.678170,31.602000000
231.685043,31.603000000
231.690123,31.604000000
231.714200,31.605000000
231.735491,31.606000000
231.742782,31.607000000
231.747864,31.608000000
231.770831,31.609000000
231.792290,31.610000000
231.814174,31.611000000
231.814270,31.612000000
231.814748,31.613000000
231.851175,31.614000000
231.856580,31.615000000
231.863634,31.616000000
231.881311,31.617000000
231.886715,31.618000000
231.904641,31.619000000
231.927654,31.620000000
231.939447,31.621000000
231.949458,31.622000000
231.965893,31.623000000
231.978286,31.624000000
231.988755,31.625000000
232.001662,31.626000000
232.015722,31.627000000
232.021626,31.628000000
232.029880,31.629000000
232.035568,31.630000000
232.052358,31.631000000
232.058386,31.632000000
232.065509,31.633000000
232.121077,31.634000000
232.141708,31.635000000
232.153199,31.636000000
232.163312,31.637000000
232.177761,31.638000000
232.188234,31.639000000
232.200060,31.640000000
232.209702,31.641000000
232.222824,31.642000000
232.229768,31.643000000
232.241717,31.644000000
232.252202,31.645000000
232.261220,31.646000000
232.298260,31.647000000
232.315869,31.648000000
232.318817,31.649000000
232.330752,31.650000000
232.364233,31.651000000
232.375918,31.652000000
232.380032,31.653000000
232.382984,31.654000000
232.393533,31.655000000
232.393580,31.656000000
232.397764,31.657000000
232.400318,31.658000000
232.405495,31.659000000
232.407840,31.660000000
232.410413,31.661000000
232.418269,31.662000000
232.439570,31.663000000
232.443244,31.664000000
232.446027,31.665000000
232.453408,31.666000000
232.457701,31.667000000
232.462486,31.668000000
232.466513,31.669000000
232.469121,31.670000000
232.471665,31.671000000
232.479357,31.672000000
232.484639,31.673000000
232.494166,31.674000000
232.523955,31.675000000
232.528088,31.676000000
232.539410,31.677000000
232.545459,31.678000000
232.547805,31.679000000
232.550440,31.680000000
232.558918,31.681000000
232.565266,31.682000000
232.567965,31.683000000
232.577245,31.684000000
232.582806,31.685000000
232.586736,31.686000000
232.589961,31.687000000
232.597148,31.688000000
232.602988,31.689000000
232.610752,31.690000000
232.613304,31.691000000
232.622162,31.692000000
232.624499,31.693000000
232.630120,31.694000000
232.637180,31.695000000
232.643496,31.696000000
232.651913,31.697000000
232.657443,31.698000000
232.667675,31.699000000
232.671790,31.700000000
232.679971,31.701000000
232.693213,31.702000000
232.702400,31.703000000
232.708032,31.704000000
232.727989,31.705000000
232.737751,31.706000000
232.742636,31.707000000
232.746891,31.708000000
232.765832,31.709000000
232.772059,31.710000000
232.783217,31.711000000
232.792826,31.712000000
232.796637,31.713000000
232.801279,31.714000000
232.809388,31.715000000
232.818084,31.716000000
232.826506,31.717000000
232.829796,31.718000000
232.832629,31.719000000
232.836516,31.720000000
232.841518,31.721000000
232.845618,31.722000000
232.847870,31.723000000
232.857137,31.724000000
232.859601,31.725000000
232.862091,31.726000000
232.864696,31.727000000
232.877891,31.728000000
232.893818,31.729000000
232.899500,31.730000000
232.915873,31.731000000
232.920506,31.732000000
232.922958,31.733000000
232.927464,31.734000000
232.950105,31.735000000
232.955191,31.736000000
232.960010,31.737000000
232.965041,31.738000000
232.974324,31.739000000
232.979135,31.740000000
232.987431,31.741000000
232.993976,31.742000000
232.996855,31.743000000
233.001587,31.744000000
233.006334,31.745000000
233.011681,31.746000000
233.016379,31.747000000
233.019299,31.748000000
233.023576,31.749000000
233.027650,31.750000000
233.033063,31.751000000
233.037812,31.752000000
233.042208,31.753000000
233.045703,31.754000000
233.048306,31.755000000
233.050576,31.756000000
233.073678,31.757000000
233.086011,31.758000000
233.092449,31.759000000
233.129236,31.760000000
233.140533,31.761000000
233.148245,31.762000000
233.160045,31.763000000
233.174707,31.764000000
233.182642,31.765000000
233.218211,31.766000000
233.222061,31.767000000
233.222432,31.768000000
233.228066,31.769000000
233.228163,31.770000000
233.230172,31.771000000
233.230549,31.772000000
233.242435,31.773000000
233.242504,31.774000000
233.242546,31.775000000
233.242584,31.776000000
233.242622,31.777000000
233.243178,31.778000000
233.244667,31.779000000
233.251827,31.780000000
233.270488,31.781000000
233.272366,31.782000000
233.289633,31.783000000
233.297267,31.784000000
233.306353,31.785000000
233.336915,31.786000000
233.337002,31.787000000
233.337056,31.788000000
233.343443,31.789000000
233.343998,31.790000000
233.369929,31.791000000
233.372119,31.792000000
233.386208,31.793000000
233.400045,31.794000000
233.406022,31.795000000
233.413810,31.796000000
233.423379,31.797000000
233.444709,31.798000000
233.458023,31.799000000
233.458091,31.800000000
233.458161,31.801000000
233.479588,31.802000000
233.479657,31.803000000
233.479699,31.804000000
233.479738,31.805000000
233.479775,31.806000000
233.479812,31.807000000
233.487947,31.808000000
233.495708,31.809000000
233.495767,31.810000000
233.495836,31.811000000
233.505666,31.812000000
233.523068,31.813000000
233.523479,31.814000000
233.541361,31.815000000
233.557026,31.816000000
233.557090,31.817000000
233.557132,31.818000000
233.593834,31.819000000
233.593899,31.820000000
233.605534,31.821000000
233.612740,31.822000000
233.625833,31.823000000
233.625894,31.824000000
233.635789,31.825000000
233.636279,31.826000000
233.642616,31.827000000
233.660552,31.828000000
233.660626,31.829000000
233.673924,31.830000000
233.674367,31.831000000
233.688492,31.832000000
233.688525,31.833000000
233.688540,31.834000000
233.688553,31.835000000
233.692870,31.836000000
233.713541,31.837000000
233.720079,31.838000000
233.742333,31.839000000
233.750854,31.840000000
233.764327,31.841000000
233.764400,31.842000000
233.777017,31.843000000
233.791823,31.844000000
233.791896,31.845000000
233.791940,31.846000000
233.842188,31.847000000
233.842254,31.850000000
233.842299,31.851000000
233.842339,31.852000000
233.842406,31.853000000
233.842467,31.854000000
233.842544,31.855000000
233.842582,31.856000000
233.842618,31.857000000
233.842655,31.858000000
233.842692,31.859000000
233.843840,31.860000000
233.843889,31.861000000
233.843927,31.862000000
233.844613,31.863000000
233.853953,31.864000000
233.878089,31.865000000
233.882361,31.866000000
233.905570,31.867000000
233.910708,31.868000000
233.925091,31.869000000
233.931778,31.870000000
233.931839,31.871000000
233.950404,31.872000000
233.950844,31.873000000
233.966150,31.874000000
233.966217,31.875000000
233.972233,31.876000000
233.977891,31.877000000
233.983915,31.878000000
234.003733,31.879000000
234.003802,31.880000000
234.028170,31.881000000
234.028286,31.882000000
234.028944,31.883000000
234.043435,31.884000000
234.043496,31.885000000
234.043538,31.886000000
234.043577,31.887000000
234.044212,31.888000000
234.050030,31.889000000
234.050557,31.890000000
234.050606,31.891000000
234.076425,31.892000000
234.086525,31.893000000
234.094506,31.894000000
234.117217,31.895000000
234.117283,31.896000000
234.117357,31.897000000
234.117450,31.898000000
234.117508,31.899000000
234.120360,31.900000000
234.121297,31.901000000
234.137492,31.902000000
234.137978,31.903000000
234.141962,31.904000000
234.151169,31.905000000
234.166194,31.906000000
234.166259,31.907000000
234.166304,31.908000000
234.166344,31.909000000
234.179968,31.910000000
234.188778,31.911000000
234.189184,31.912000000
234.194806,31.913000000
234.208133,31.914000000
234.208200,31.915000000
234.208242,31.916000000
234.208773,31.917000000
234.239593,31.918000000
234.239661,31.919000000
234.246939,31.920000000
234.247036,31.921000000
234.253322,31.922000000
234.253481,31.923000000
234.259183,31.924000000
234.272528,31.925000000
234.277473,31.926000000
234.277914,31.927000000
234.286024,31.928000000
234.313868,31.929000000
234.328034,31.930000000
234.333548,31.931000000
234.347322,31.932000000
234.347886,31.933000000
234.347941,31.934000000
234.354206,31.935000000
234.362556,31.936000000
234.367501,31.937000000
234.388295,31.938000000
234.388362,31.939000000
234.388407,31.940000000
234.404287,31.941000000
234.404353,31.942000000
234.404967,31.943000000
234.405020,31.944000000
234.406657,31.945000000
234.418916,31.946000000
234.419536,31.947000000
234.419599,31.948000000
234.429186,31.949000000
234.436978,31.950000000
234.448974,31.951000000
234.449044,31.952000000
234.468736,31.953000000
234.472235,31.954000000
234.478607,31.955000000
234.478678,31.956000000
234.479259,31.957000000
234.491281,31.958000000
234.491804,31.959000000
234.501885,31.960000000
234.501946,31.961000000
234.513714,31.962000000
234.513808,31.963000000
234.529355,31.964000000
234.529418,31.965000000
234.529459,31.966000000
234.538940,31.967000000
234.539005,31.968000000
234.547076,31.969000000
234.550810,31.970000000
234.550875,31.971000000
234.551433,31.972000000
234.557171,31.973000000
234.559629,31.974000000
234.569641,31.975000000
234.570088,31.976000000
234.570139,31.977000000
234.589083,31.978000000
234.589153,31.979000000
234.589195,31.980000000
234.589233,31.981000000
234.607833,31.982000000
234.607926,31.983000000
234.607970,31.984000000
234.630137,31.985000000
234.641436,31.986000000
234.641972,31.987000000
234.648501,31.988000000
234.659897,31.989000000
234.671208,31.990000000
234.671276,31.991000000
234.686140,31.992000000
234.686228,31.993000000
234.706465,31.994000000
234.706532,31.995000000
234.725108,31.996000000
234.725204,31.997000000
234.725712,31.998000000
234.737916,31.999000000
234.738434,32.000000000
234.744048,32.001000000
234.756557,32.002000000
234.756650,32.003000000
234.781828,32.004000000
234.802671,32.005000000
234.810524,32.006000000
234.822824,32.007000000
234.858551,32.008000000
234.858620,32.009000000
234.860319,32.010000000
234.873002,32.011000000
234.892137,32.012000000
234.896399,32.013000000
234.911788,32.014000000
234.915983,32.015000000
234.921144,32.016000000
234.925790,32.017000000
234.925851,32.018000000
234.937474,32.019000000
234.939026,32.020000000
234.939537,32.021000000
234.948446,32.022000000
234.948533,32.023000000
234.959162,32.024000000
234.959613,32.025000000
234.966968,32.026000000
234.978943,32.027000000
234.979005,32.028000000
234.979503,32.029000000
234.997789,32.030000000
234.997856,32.031000000
234.997898,32.032000000
235.037019,32.033000000
235.037085,32.034000000
235.037130,32.035000000
235.037719,32.036000000
235.039586,32.037000000
235.058906,32.038000000
235.058968,32.039000000
235.059010,32.040000000
235.059050,32.041000000
235.059694,32.042000000
235.069322,32.043000000
235.088042,32.044000000
235.088077,32.045000000
235.088093,32.046000000
235.088106,32.047000000
235.088119,32.048000000
235.088131,32.049000000
235.088143,32.050000000
235.088156,32.051000000
235.088614,32.052000000
235.098034,32.053000000
235.098068,32.054000000
235.098083,32.055000000
235.120917,32.056000000
235.130623,32.057000000
235.130915,32.058000000
235.132107,32.059000000
235.137059,32.060000000
235.137089,32.061000000
235.139687,32.062000000
235.139730,32.063000000
235.145329,32.064000000
235.145359,32.065000000
235.160317,32.066000000
235.160389,32.067000000
235.160434,32.068000000
235.161018,32.069000000
235.162778,32.070000000
235.174935,32.071000000
235.175005,32.072000000
235.175076,32.073000000
235.175116,32.074000000
235.182990,32.075000000
235.222288,32.076000000
235.222353,32.077000000
235.222982,32.078000000
235.223033,32.079000000
235.238157,32.080000000
235.243986,32.081000000
235.254124,32.082000000
235.276886,32.083000000
235.276950,32.084000000
235.277449,32.085000000
235.288366,32.086000000
235.297606,32.087000000
235.306515,32.088000000
235.324855,32.089000000
235.324918,32.090000000
235.324962,32.091000000
235.328491,32.092000000
235.333780,32.093000000
235.341124,32.094000000
235.341623,32.095000000
235.364151,32.096000000
235.364227,32.097000000
235.364319,32.098000000
235.373863,32.099000000
235.381289,32.100000000
235.388576,32.101000000
235.417926,32.102000000
235.422189,32.103000000
235.441947,32.104000000
235.444052,32.105000000
235.455974,32.106000000
235.456020,32.107000000
235.468124,32.108000000
235.472096,32.109000000
235.480505,32.110000000
235.491640,32.111000000
235.505940,32.112000000
235.534323,32.113000000
235.554466,32.114000000
235.562782,32.115000000
235.577373,32.116000000
235.589903,32.117000000
235.600104,32.118000000
235.612263,32.119000000
235.626300,32.120000000
235.640937,32.121000000
235.650442,32.122000000
235.663224,32.123000000
235.673798,32.124000000
235.684771,32.125000000
235.700957,32.126000000
235.711399,32.127000000
235.721484,32.128000000
235.732910,32.129000000
235.744147,32.130000000
235.758868,32.131000000
235.766718,32.132000000
235.781518,32.133000000
235.790255,32.134000000
235.806752,32.135000000
235.817028,32.136000000
235.822489,32.137000000
235.828735,32.138000000
235.834650,32.139000000
235.839983,32.140000000
235.861899,32.141000000
235.874300,32.142000000
235.883318,32.143000000
235.895808,32.144000000
235.917784,32.145000000
235.917858,32.146000000
235.918906,32.147000000
235.918961,32.148000000
235.921457,32.149000000
235.926458,32.150000000
235.927157,32.151000000
235.938542,32.152000000
235.938636,32.153000000
235.939123,32.154000000
235.941969,32.155000000
235.943153,32.156000000
235.950084,32.157000000
235.960492,32.158000000
235.960599,32.159000000
235.967397,32.160000000
235.967456,32.161000000
235.983522,32.162000000
235.995189,32.163000000
236.010575,32.164000000
236.012074,32.165000000
236.021390,32.166000000
236.028971,32.167000000
236.035041,32.168000000
236.039424,32.169000000
236.062654,32.170000000
236.063065,32.171000000
236.064072,32.172000000
236.078820,32.173000000
236.078883,32.174000000
236.102821,32.175000000
236.107810,32.176000000
236.108419,32.177000000
236.120079,32.178000000
236.132036,32.179000000
236.139320,32.180000000
236.143009,32.181000000
236.160121,32.182000000
236.166869,32.183000000
236.171119,32.184000000
236.171177,32.185000000
236.189622,32.186000000
236.190123,32.187000000
236.192287,32.188000000
236.211992,32.189000000
236.214310,32.190000000
236.220192,32.191000000
236.247458,32.192000000
236.252221,32.193000000
236.257502,32.194000000
236.260971,32.195000000
236.288936,32.196000000
236.300201,32.197000000
236.308517,32.198000000
236.317530,32.199000000
236.322651,32.200000000
236.330306,32.201000000
236.341597,32.202000000
236.347637,32.203000000
236.357636,32.204000000
236.367447,32.205000000
236.371003,32.206000000
236.379466,32.207000000
236.383000,32.208000000
236.402827,32.209000000
236.409345,32.210000000
236.422177,32.211000000
236.440050,32.212000000
236.442920,32.213000000
236.448014,32.214000000
236.465887,32.215000000
236.468376,32.216000000
236.486221,32.217000000
236.501459,32.218000000
236.506265,32.219000000
236.508482,32.220000000
236.522735,32.221000000
236.539101,32.222000000
236.559026,32.223000000
236.568083,32.224000000
236.577970,32.225000000
236.586571,32.226000000
236.588940,32.227000000
236.591089,32.228000000
236.594000,32.229000000
236.598395,32.230000000
236.601721,32.231000000
236.608629,32.232000000
236.610897,32.233000000
236.613219,32.234000000
236.623075,32.235000000
236.640878,32.236000000
236.644830,32.237000000
236.670155,32.238000000
236.677011,32.239000000
236.692421,32.240000000
236.698993,32.241000000
236.706599,32.242000000
236.710531,32.243000000
236.715260,32.244000000
236.717807,32.245000000
236.720523,32.246000000
236.722966,32.247000000
236.729074,32.248000000
236.734277,32.249000000
236.740062,32.250000000
236.742424,32.251000000
236.759073,32.252000000
236.762046,32.253000000
236.766119,32.254000000
236.782959,32.255000000
236.785446,32.256000000
236.790179,32.257000000
236.792518,32.258000000
236.797109,32.259000000
236.801538,32.260000000
236.804801,32.261000000
236.821268,32.262000000
236.827328,32.263000000
236.831722,32.264000000
236.837666,32.265000000
236.850837,32.266000000
236.853714,32.267000000
236.863333,32.268000000
236.868191,32.269000000
236.870892,32.270000000
236.875950,32.271000000
236.878564,32.272000000
236.882177,32.273000000
236.885935,32.274000000
236.890809,32.275000000
236.893067,32.276000000
236.897890,32.277000000
236.905081,32.278000000
236.908678,32.279000000
236.913099,32.280000000
236.915538,32.281000000
236.924855,32.282000000
236.927205,32.283000000
236.931931,32.284000000
236.937496,32.285000000
236.943063,32.286000000
236.949090,32.287000000
236.951577,32.288000000
236.961155,32.289000000
236.967616,32.290000000
236.970472,32.291000000
236.977935,32.292000000
236.982681,32.293000000
236.989059,32.294000000
236.994892,32.295000000
236.999190,32.296000000
237.006173,32.297000000
237.012097,32.298000000
237.019213,32.299000000
237.025728,32.300000000
237.030925,32.301000000
237.035599,32.302000000
237.042865,32.303000000
237.048063,32.304000000
237.055073,32.305000000
237.057701,32.306000000
237.069802,32.307000000
237.072014,32.308000000
237.074436,32.309000000
237.104212,32.310000000
237.118986,32.311000000
237.125360,32.312000000
237.129950,32.313000000
237.139675,32.314000000
237.162058,32.315000000
237.164518,32.316000000
237.167692,32.317000000
237.172961,32.318000000
237.175574,32.319000000
237.179222,32.320000000
237.181828,32.321000000
237.184167,32.322000000
237.193695,32.323000000
237.202688,32.324000000
237.211475,32.325000000
237.231832,32.326000000
237.245753,32.327000000
237.250013,32.328000000
237.275897,32.329000000
237.283257,32.330000000
237.291142,32.331000000
237.297126,32.332000000
237.305726,32.333000000
237.315020,32.334000000
237.322249,32.335000000
237.329930,32.336000000
237.341863,32.337000000
237.346439,32.338000000
237.352124,32.339000000
237.358791,32.340000000
237.367290,32.341000000
237.374604,32.342000000
237.383228,32.343000000
237.391674,32.344000000
237.397202,32.345000000
237.413712,32.346000000
237.429149,32.347000000
237.429581,32.348000000
237.462929,32.349000000
237.471298,32.350000000
237.479287,32.351000000
237.502240,32.352000000
237.513626,32.353000000
237.522346,32.354000000
237.534661,32.355000000
237.563754,32.356000000
237.566892,32.357000000
237.587193,32.358000000
237.593401,32.359000000
237.624533,32.360000000
237.635856,32.361000000
237.642755,32.362000000
237.655916,32.363000000
237.667345,32.364000000
237.672552,32.365000000
237.681768,32.366000000
237.691373,32.367000000
237.700173,32.368000000
237.710192,32.369000000
237.720410,32.370000000
237.730392,32.371000000
237.737510,32.372000000
237.746667,32.373000000
237.753137,32.374000000
237.778596,32.375000000
237.785544,32.376000000
237.804770,32.377000000
237.816238,32.378000000
237.828238,32.379000000
237.837570,32.380000000
237.846270,32.381000000
237.852652,32.382000000
237.879279,32.383000000
237.883109,32.384000000
237.914472,32.385000000
237.919308,32.386000000
237.928635,32.387000000
237.944546,32.388000000
237.950479,32.389000000
237.979692,32.390000000
237.979748,32.391000000
238.003259,32.392000000
238.025641,32.393000000
238.029542,32.394000000
238.047459,32.395000000
238.063210,32.396000000
238.072482,32.397000000
238.079413,32.398000000
238.101528,32.399000000
238.101587,32.400000000
238.130911,32.401000000
238.135859,32.402000000
238.147606,32.403000000
238.162569,32.404000000
238.172348,32.405000000
238.180837,32.406000000
238.197404,32.407000000
238.211315,32.408000000
238.222938,32.409000000
238.223050,32.410000000
238.244056,32.411000000
238.249941,32.412000000
238.268788,32.413000000
238.276520,32.414000000
238.297981,32.415000000
238.307692,32.416000000
238.339089,32.417000000
238.340021,32.418000000
238.356744,32.419000000
238.371448,32.420000000
238.380655,32.421000000
238.394771,32.422000000
238.402395,32.423000000
238.412365,32.424000000
238.426325,32.425000000
238.426386,32.426000000
238.446219,32.427000000
238.458004,32.428000000
238.462589,32.429000000
238.472399,32.430000000
238.478979,32.431000000
238.494560,32.432000000
238.504166,32.433000000
238.509131,32.434000000
238.518371,32.435000000
238.527565,32.436000000
238.536363,32.437000000
238.547832,32.438000000
238.556912,32.439000000
238.562173,32.440000000
238.586453,32.441000000
238.598245,32.442000000
238.603504,32.443000000
238.632665,32.444000000
238.639392,32.445000000
238.643536,32.446000000
238.654268,32.447000000
238.660037,32.448000000
238.667989,32.449000000
238.671793,32.450000000
238.695538,32.451000000
238.700354,32.452000000
238.711139,32.453000000
238.728379,32.454000000
238.733771,32.455000000
238.773165,32.456000000
238.780027,32.457000000
238.787652,32.458000000
238.793471,32.459000000
238.800501,32.460000000
238.810502,32.461000000
238.818973,32.462000000
238.830335,32.463000000
238.839120,32.464000000
238.846524,32.465000000
238.855672,32.466000000
238.863444,32.467000000
238.871791,32.468000000
238.878410,32.469000000
238.911588,32.470000000
238.918732,32.471000000
238.952101,32.472000000
238.961196,32.473000000
238.968945,32.474000000
238.986752,32.475000000
238.991354,32.476000000
239.002339,32.477000000
239.009807,32.478000000
239.022562,32.479000000
239.031773,32.480000000
239.043160,32.481000000
239.049901,32.482000000
239.071064,32.483000000
239.072920,32.484000000
239.077774,32.485000000
239.097787,32.486000000
239.112267,32.487000000
239.122100,32.488000000
239.136045,32.489000000
239.136122,32.490000000
239.147012,32.491000000
239.156219,32.492000000
239.169022,32.493000000
239.179320,32.494000000
239.183046,32.495000000
239.193913,32.496000000
239.200739,32.497000000
239.203594,32.498000000
239.223897,32.499000000
239.227674,32.500000000
239.233352,32.501000000
239.240502,32.502000000
239.249420,32.503000000
239.272270,32.504000000
239.272375,32.505000000
239.273067,32.506000000
239.273353,32.507000000
239.273399,32.508000000
239.273438,32.509000000
239.278903,32.510000000
239.278964,32.511000000
239.279452,32.512000000
239.279533,32.513000000
239.279572,32.514000000
239.280071,32.515000000
239.283666,32.516000000
239.292163,32.517000000
239.292229,32.518000000
239.303440,32.519000000
239.303514,32.520000000
239.303792,32.521000000
239.303870,32.522000000
239.342076,32.523000000
239.344291,32.524000000
239.375153,32.525000000
239.380609,32.526000000
239.392214,32.527000000
239.392300,32.528000000
239.400894,32.529000000
239.409632,32.530000000
239.413744,32.531000000
239.413803,32.532000000
239.414720,32.533000000
239.436069,32.534000000
239.437045,32.535000000
239.454134,32.536000000
239.454818,32.537000000
239.465598,32.538000000
239.474447,32.539000000
239.490551,32.540000000
239.514004,32.541000000
239.514590,32.542000000
239.515578,32.543000000
239.527591,32.544000000
239.536827,32.545000000
239.543368,32.546000000
239.554824,32.547000000
239.568956,32.548000000
239.578905,32.549000000
239.590795,32.550000000
239.598704,32.551000000
239.607089,32.552000000
239.622886,32.553000000
239.632728,32.554000000
239.643127,32.555000000
239.647489,32.556000000
239.658548,32.557000000
239.659416,32.558000000
239.666445,32.559000000
239.670738,32.560000000
239.682457,32.561000000
239.684716,32.562000000
239.695555,32.563000000
239.696391,32.564000000
239.704193,32.565000000
239.718292,32.566000000
239.718837,32.567000000
239.730251,32.568000000
239.730783,32.569000000
239.743163,32.570000000
239.743620,32.571000000
239.760480,32.572000000
239.762383,32.573000000
239.774658,32.574000000
239.783042,32.575000000
239.789936,32.576000000
239.801380,32.577000000
239.802335,32.578000000
239.809078,32.579000000
239.816814,32.580000000
239.826871,32.581000000
239.836468,32.582000000
239.843049,32.583000000
239.852783,32.584000000
239.866780,32.585000000
239.866861,32.586000000
239.866907,32.587000000
239.866968,32.588000000
239.868794,32.589000000
239.870123,32.590000000
239.904296,32.591000000
239.904363,32.592000000
239.909204,32.593000000
239.925950,32.594000000
239.926152,32.595000000
239.949435,32.596000000
239.965857,32.597000000
239.969875,32.598000000
239.978148,32.599000000
239.989276,32.600000000
240.001338,32.601000000
240.010156,32.602000000
240.019302,32.603000000
240.033352,32.604000000
240.039079,32.605000000
240.049232,32.606000000
240.063393,32.607000000
240.083355,32.608000000
240.092462,32.609000000
240.106978,32.610000000
240.121079,32.611000000
240.142391,32.612000000
240.156559,32.613000000
240.172909,32.614000000
240.175787,32.615000000
240.178308,32.616000000
240.180426,32.617000000
240.186865,32.618000000
240.189921,32.619000000
240.192138,32.620000000
240.194909,32.621000000
240.197137,32.622000000
240.200284,32.623000000
240.206443,32.624000000
240.209097,32.625000000
240.211753,32.626000000
240.213914,32.627000000
240.217547,32.628000000
240.222130,32.629000000
240.225296,32.630000000
240.234226,32.631000000
240.237518,32.632000000
240.239706,32.633000000
240.241893,32.634000000
240.263592,32.635000000
240.275687,32.636000000
240.281108,32.637000000
240.305857,32.638000000
240.311902,32.639000000
240.340692,32.640000000
240.345237,32.641000000
240.352014,32.642000000
240.362240,32.643000000
240.384723,32.644000000
240.390488,32.645000000
240.392815,32.646000000
240.409348,32.647000000
240.415553,32.648000000
240.424341,32.649000000
240.452193,32.650000000
240.466866,32.651000000
240.473942,32.652000000
240.485785,32.653000000
240.498870,32.654000000
240.508462,32.655000000
240.523740,32.656000000
240.537994,32.657000000
240.546203,32.658000000
240.564425,32.659000000
240.574188,32.660000000
240.580185,32.661000000
240.603694,32.662000000
240.613833,32.663000000
240.619436,32.664000000
240.635542,32.665000000
240.654931,32.666000000
240.662142,32.667000000
240.669263,32.668000000
240.680044,32.669000000
240.687920,32.670000000
240.696419,32.671000000
240.714455,32.672000000
240.720970,32.673000000
240.738524,32.674000000
240.746658,32.675000000
240.762180,32.676000000
240.776173,32.677000000
240.791071,32.678000000
240.804349,32.679000000
240.816661,32.680000000
240.832666,32.681000000
240.862326,32.682000000
240.878910,32.683000000
240.881804,32.684000000
240.909119,32.685000000
240.919201,32.686000000
240.929183,32.687000000
240.941839,32.688000000
240.945080,32.689000000
240.962792,32.690000000
240.966923,32.691000000
240.975363,32.692000000
241.013922,32.693000000
241.039058,32.694000000
241.046575,32.695000000
241.052757,32.696000000
241.055707,32.697000000
241.063367,32.698000000
241.073637,32.699000000
241.078720,32.700000000
241.081780,32.701000000
241.084113,32.702000000
241.087016,32.703000000
241.118613,32.704000000
241.121800,32.705000000
241.142570,32.706000000
241.156563,32.707000000
241.166347,32.708000000
241.186842,32.709000000
241.209882,32.710000000
241.237717,32.711000000
241.245811,32.712000000
241.255056,32.713000000
241.292654,32.714000000
241.295990,32.715000000
241.300348,32.716000000
241.302904,32.717000000
241.305099,32.718000000
241.308220,32.719000000
241.310578,32.720000000
241.316019,32.721000000
241.335816,32.722000000
241.343149,32.723000000
241.359719,32.724000000
241.371242,32.725000000
241.385402,32.726000000
241.385889,32.727000000
241.385941,32.728000000
241.400252,32.729000000
241.447817,32.730000000
241.456786,32.731000000
241.491229,32.732000000
241.491350,32.733000000
241.502228,32.734000000
241.511194,32.735000000
241.537322,32.736000000
241.542385,32.737000000
241.547230,32.738000000
241.571542,32.739000000
241.580316,32.740000000
241.594989,32.741000000
241.599071,32.742000000
241.610173,32.743000000
241.614842,32.744000000
241.641495,32.745000000
241.644525,32.746000000
241.671944,32.747000000
241.676642,32.748000000
241.690034,32.749000000
241.713114,32.750000000
241.721527,32.751000000
241.725089,32.752000000
241.735017,32.753000000
241.739775,32.754000000
241.751307,32.755000000
241.760860,32.756000000
241.768408,32.757000000
241.785324,32.758000000
241.789842,32.759000000
241.800715,32.760000000
241.814229,32.761000000
241.841509,32.762000000
241.846605,32.763000000
241.848907,32.764000000
241.858663,32.765000000
241.872218,32.766000000
241.872704,32.767000000
241.878843,32.768000000
241.886238,32.769000000
241.892045,32.770000000
241.908195,32.771000000
241.908262,32.772000000
241.908358,32.773000000
241.908398,32.774000000
241.908436,32.775000000
241.911925,32.776000000
241.917303,32.777000000
241.917356,32.778000000
241.917422,32.779000000
241.919263,32.780000000
241.919767,32.781000000
241.924896,32.782000000
241.924980,32.783000000
241.935826,32.784000000
241.935887,32.785000000
241.935929,32.786000000
241.935968,32.787000000
241.936006,32.788000000
241.936043,32.789000000
241.937006,32.790000000
241.946514,32.791000000
241.981529,32.792000000
241.981642,32.793000000
241.985535,32.794000000
242.014077,32.795000000
242.014143,32.796000000
242.014188,32.797000000
242.014863,32.798000000
242.046828,32.799000000
242.046891,32.800000000
242.071098,32.801000000
242.077199,32.802000000
242.088581,32.803000000
242.094688,32.804000000
242.106403,32.805000000
242.117923,32.806000000
242.118004,32.807000000
242.137879,32.808000000
242.137989,32.809000000
242.157131,32.810000000
242.163832,32.811000000
242.169755,32.812000000
242.182269,32.813000000
242.182364,32.814000000
242.182409,32.815000000
242.183102,32.816000000
242.184092,32.817000000
242.188331,32.818000000
242.192694,32.819000000
242.200371,32.820000000
242.200514,32.821000000
242.205431,32.822000000
242.209910,32.823000000
242.214812,32.824000000
242.217750,32.825000000
242.224163,32.826000000
242.226583,32.827000000
242.229420,32.828000000
242.234914,32.829000000
242.241063,32.830000000
242.243349,32.831000000
242.246547,32.832000000
242.249290,32.833000000
242.252948,32.834000000
242.258375,32.835000000
242.262147,32.836000000
242.269441,32.837000000
242.277543,32.838000000
242.284109,32.839000000
242.298717,32.840000000
242.298805,32.841000000
242.320996,32.842000000
242.327749,32.843000000
242.356618,32.844000000
242.356656,32.845000000
242.360142,32.846000000
242.373691,32.847000000
242.381880,32.848000000
242.395997,32.849000000
242.398950,32.850000000
242.424205,32.851000000
242.437600,32.852000000
242.445426,32.853000000
242.454660,32.854000000
242.465566,32.855000000
242.474820,32.856000000
242.484809,32.857000000
242.500216,32.858000000
242.517506,32.859000000
242.535348,32.860000000
242.550075,32.861000000
242.559129,32.862000000
242.573223,32.863000000
242.580984,32.864000000
242.588949,32.865000000
242.593731,32.866000000
242.598176,32.867000000
242.605115,32.868000000
242.629629,32.869000000
242.641205,32.870000000
242.647695,32.871000000
242.670899,32.872000000
242.675722,32.873000000
242.679156,32.874000000
242.686186,32.875000000
242.697791,32.876000000
242.706552,32.877000000
242.715141,32.878000000
242.720817,32.879000000
242.726150,32.880000000
242.734854,32.881000000
242.737316,32.882000000
242.744997,32.883000000
242.752850,32.884000000
242.756344,32.885000000
242.760576,32.886000000
242.785322,32.887000000
242.793719,32.888000000
242.799114,32.889000000
242.809132,32.890000000
242.813250,32.891000000
242.821551,32.892000000
242.828295,32.893000000
242.834611,32.894000000
242.843072,32.895000000
242.849497,32.896000000
242.855940,32.897000000
242.861684,32.898000000
242.869272,32.899000000
242.875695,32.900000000
242.883228,32.901000000
242.892192,32.902000000
242.898216,32.903000000
242.914618,32.904000000
242.922459,32.905000000
242.937351,32.906000000
242.948726,32.907000000
242.952552,32.908000000
242.958123,32.909000000
242.960889,32.910000000
242.970080,32.911000000
242.975451,32.912000000
242.984906,32.913000000
242.987847,32.914000000
243.004411,32.915000000
243.016783,32.916000000
243.021534,32.917000000
243.023864,32.918000000
243.047700,32.919000000
243.051662,32.920000000
243.060684,32.921000000
243.077231,32.922000000
243.086372,32.923000000
243.092274,32.924000000
243.096773,32.925000000
243.102489,32.926000000
243.109058,32.927000000
243.118975,32.928000000
243.124562,32.929000000
243.134158,32.930000000
243.138994,32.931000000
243.144186,32.932000000
243.148146,32.933000000
243.152725,32.934000000
243.160664,32.935000000
243.168936,32.936000000
243.179640,32.937000000
243.185865,32.938000000
243.197793,32.939000000
243.213552,32.940000000
243.217311,32.941000000
243.247112,32.942000000
243.255783,32.943000000
243.270172,32.944000000
243.294976,32.945000000
243.296845,32.946000000
243.300249,32.947000000
243.309307,32.948000000
243.343828,32.949000000
243.347626,32.950000000
243.364132,32.951000000
243.365999,32.952000000
243.369854,32.953000000
243.370561,32.954000000
243.371801,32.955000000
243.381309,32.956000000
243.382674,32.957000000
243.382738,32.958000000
243.383411,32.959000000
243.386773,32.960000000
243.392124,32.961000000
243.427461,32.962000000
243.433190,32.963000000
243.440647,32.964000000
243.448963,32.965000000
243.455020,32.966000000
243.463545,32.967000000
243.468959,32.968000000
243.474254,32.969000000
243.481661,32.970000000
243.492233,32.971000000
243.502322,32.972000000
243.504919,32.973000000
243.521104,32.974000000
243.537812,32.975000000
243.547193,32.976000000
243.556559,32.977000000
243.559321,32.978000000
243.579300,32.979000000
243.598968,32.980000000
243.603042,32.981000000
243.606163,32.982000000
243.622135,32.983000000
243.625605,32.984000000
243.643781,32.985000000
243.646494,32.986000000
243.663338,32.987000000
243.667887,32.988000000
243.683553,32.989000000
243.687332,32.990000000
243.689598,32.991000000
243.704563,32.992000000
243.718050,32.993000000
243.722229,32.994000000
243.729772,32.995000000
243.743176,32.996000000
243.749538,32.997000000
243.759301,32.998000000
243.763849,32.999000000
243.771422,33.000000000
243.780431,33.001000000
243.786531,33.002000000
243.800589,33.003000000
243.809064,33.004000000
243.820465,33.005000000
243.832120,33.006000000
243.841895,33.007000000
243.872079,33.008000000
243.877833,33.009000000
243.877896,33.010000000
243.882936,33.011000000
243.892760,33.012000000
243.892862,33.013000000
243.892903,33.014000000
243.892942,33.015000000
243.893765,33.016000000
243.900127,33.017000000
243.900190,33.018000000
243.915586,33.019000000
243.923017,33.020000000
243.942167,33.021000000
243.951512,33.022000000
243.970089,33.023000000
243.989649,33.024000000
243.996399,33.025000000
244.001144,33.026000000
244.025313,33.027000000
244.029513,33.028000000
244.033399,33.029000000
244.049817,33.030000000
244.055590,33.031000000
244.079055,33.032000000
244.088126,33.033000000
244.100290,33.034000000
244.108733,33.035000000
244.121369,33.036000000
244.128892,33.037000000
244.139139,33.038000000
244.147306,33.039000000
244.156873,33.040000000
244.166482,33.041000000
244.178292,33.042000000
244.185867,33.043000000
244.191326,33.044000000
244.201391,33.045000000
244.206402,33.046000000
244.230765,33.047000000
244.236246,33.048000000
244.253035,33.049000000
244.258411,33.050000000
244.263355,33.051000000
244.271963,33.052000000
244.279534,33.053000000
244.285647,33.054000000
244.309368,33.055000000
244.314027,33.056000000
244.320485,33.057000000
244.332294,33.058000000
244.345088,33.059000000
244.380127,33.060000000
244.386381,33.061000000
244.400196,33.062000000
244.408198,33.063000000
244.414584,33.064000000
244.421342,33.065000000
244.431981,33.066000000
244.439336,33.067000000
244.447781,33.068000000
244.456701,33.069000000
244.465258,33.070000000
244.474704,33.071000000
244.496515,33.072000000
244.503528,33.073000000
244.521105,33.074000000
244.530711,33.075000000
244.543642,33.076000000
244.549665,33.077000000
244.554421,33.078000000
244.563543,33.079000000
244.568284,33.080000000
244.572863,33.081000000
244.600765,33.082000000
244.605352,33.083000000
244.616066,33.084000000
244.630749,33.085000000
244.637241,33.086000000
244.641178,33.087000000
244.672845,33.088000000
244.687129,33.089000000
244.697652,33.090000000
244.698059,33.091000000
244.715852,33.092000000
244.723777,33.093000000
244.742500,33.094000000
244.742667,33.095000000
244.756308,33.096000000
244.772020,33.097000000
244.790648,33.098000000
244.792099,33.099000000
244.792163,33.100000000
244.804772,33.101000000
244.817532,33.102000000
244.817754,33.103000000
244.822820,33.104000000
244.827033,33.105000000
244.848928,33.106000000
244.849384,33.107000000
244.859357,33.108000000
244.882826,33.109000000
244.904916,33.110000000
244.906093,33.111000000
244.918188,33.112000000
244.923929,33.113000000
244.932408,33.114000000
244.939949,33.115000000
244.946384,33.116000000
244.954214,33.117000000
244.963593,33.118000000
244.972062,33.119000000
244.978564,33.120000000
244.984167,33.121000000
244.991760,33.122000000
244.997959,33.123000000
245.004519,33.124000000
245.013909,33.125000000
245.022817,33.126000000
245.029202,33.127000000
245.037868,33.128000000
245.043695,33.129000000
245.048674,33.130000000
245.055270,33.131000000
245.059976,33.132000000
245.079321,33.133000000
245.087391,33.134000000
245.091519,33.135000000
245.098237,33.136000000
245.106367,33.137000000
245.109254,33.138000000
245.115335,33.139000000
245.123887,33.140000000
245.132061,33.141000000
245.136221,33.142000000
245.147426,33.143000000
245.153984,33.144000000
245.164211,33.145000000
245.169483,33.146000000
245.187488,33.147000000
245.192590,33.148000000
245.196065,33.149000000
245.207330,33.150000000
245.212680,33.151000000
245.222102,33.152000000
245.226651,33.153000000
245.230978,33.154000000
245.233696,33.155000000
245.236099,33.156000000
245.238579,33.157000000
245.254498,33.158000000
245.257730,33.159000000
245.264057,33.160000000
245.272580,33.161000000
245.279259,33.162000000
245.285015,33.163000000
245.292922,33.164000000
245.302068,33.165000000
245.309001,33.166000000
245.315434,33.167000000
245.320690,33.168000000
245.334230,33.169000000
245.337550,33.170000000
245.351733,33.171000000
245.355953,33.172000000
245.372112,33.173000000
245.392814,33.174000000
245.399526,33.175000000
245.402290,33.176000000
245.419237,33.177000000
245.421767,33.178000000
245.424976,33.179000000
245.450493,33.180000000
245.453507,33.181000000
245.460404,33.182000000
245.483031,33.183000000
245.492584,33.184000000
245.497061,33.185000000
245.506412,33.186000000
245.514435,33.187000000
245.523847,33.188000000
245.534360,33.189000000
245.543139,33.190000000
245.552280,33.191000000
245.560565,33.192000000
245.567302,33.193000000
245.575881,33.194000000
245.583218,33.195000000
245.595557,33.196000000
245.610775,33.197000000
245.628402,33.198000000
245.633309,33.199000000
245.636021,33.200000000
245.639134,33.201000000
245.641679,33.202000000
245.644152,33.203000000
245.650545,33.204000000
245.662397,33.205000000
245.666112,33.206000000
245.668452,33.207000000
245.683464,33.208000000
245.686031,33.209000000
245.688297,33.210000000
245.692059,33.211000000
245.696122,33.212000000
245.704090,33.213000000
245.720550,33.214000000
245.728356,33.215000000
245.733169,33.216000000
245.746814,33.217000000
245.753958,33.218000000
245.762785,33.219000000
245.762844,33.220000000
245.772370,33.221000000
245.786194,33.222000000
245.795632,33.223000000
245.816973,33.224000000
245.835400,33.225000000
245.844068,33.226000000
245.851288,33.227000000
245.863247,33.228000000
245.874275,33.229000000
245.884289,33.230000000
245.902442,33.231000000
245.909191,33.232000000
245.909271,33.233000000
245.930529,33.234000000
245.930585,33.235000000
245.947491,33.236000000
245.958429,33.237000000
245.970398,33.238000000
245.974497,33.239000000
245.992365,33.240000000
246.012829,33.241000000
246.016699,33.242000000
246.026861,33.243000000
246.047041,33.244000000
246.064230,33.245000000
246.077378,33.246000000
246.089756,33.247000000
246.111669,33.248000000
246.118628,33.249000000
246.126456,33.250000000
246.133949,33.251000000
246.139794,33.252000000
246.153242,33.253000000
246.161114,33.254000000
246.171558,33.255000000
246.182741,33.256000000
246.191203,33.257000000
246.200019,33.258000000
246.208871,33.259000000
246.217304,33.260000000
246.225948,33.261000000
246.247179,33.262000000
246.255279,33.263000000
246.273942,33.264000000
246.286923,33.265000000
246.307222,33.266000000
246.314862,33.267000000
246.332141,33.268000000
246.338906,33.269000000
246.345632,33.270000000
246.352012,33.271000000
246.367656,33.272000000
246.371767,33.273000000
246.377929,33.274000000
246.393287,33.275000000
246.397122,33.276000000
246.427555,33.277000000
246.435585,33.278000000
246.439419,33.279000000
246.460632,33.280000000
246.467953,33.281000000
246.484862,33.282000000
246.489650,33.283000000
246.502293,33.284000000
246.504756,33.285000000
246.508711,33.286000000
246.514349,33.287000000
246.517527,33.288000000
246.523163,33.289000000
246.526480,33.290000000
246.530889,33.291000000
246.534403,33.292000000
246.537154,33.293000000
246.540768,33.294000000
246.552670,33.295000000
246.555221,33.296000000
246.564340,33.297000000
246.573079,33.298000000
246.583152,33.299000000
246.594546,33.300000000
246.597457,33.301000000
246.611258,33.302000000
246.617051,33.303000000
246.634418,33.304000000
246.645108,33.305000000
246.662020,33.306000000
246.670910,33.307000000
246.675324,33.308000000
246.695140,33.309000000
246.714976,33.310000000
246.725422,33.311000000
246.738091,33.312000000
246.748482,33.313000000
246.756514,33.314000000
246.762524,33.315000000
246.771928,33.316000000
246.780102,33.317000000
246.791941,33.318000000
246.802235,33.319000000
246.813766,33.320000000
246.823722,33.321000000
246.830520,33.322000000
246.835190,33.323000000
246.849042,33.324000000
246.882948,33.325000000
246.893283,33.326000000
246.904928,33.327000000
246.917062,33.328000000
246.920804,33.329000000
246.923303,33.330000000
246.926062,33.331000000
246.928452,33.332000000
246.933083,33.333000000
246.945663,33.334000000
246.949171,33.335000000
246.972219,33.336000000
246.978762,33.337000000
246.982383,33.338000000
246.995534,33.339000000
247.007428,33.340000000
247.013017,33.341000000
247.029422,33.342000000
247.037622,33.343000000
247.046943,33.344000000
247.054352,33.345000000
247.062217,33.346000000
247.070615,33.347000000
247.079331,33.348000000
247.087660,33.349000000
247.095760,33.350000000
247.105255,33.351000000
247.115139,33.352000000
247.123535,33.353000000
247.130301,33.354000000
247.138700,33.355000000
247.149374,33.356000000
247.156830,33.357000000
247.174427,33.358000000
247.191897,33.359000000
247.198423,33.360000000
247.224649,33.361000000
247.252285,33.362000000
247.274809,33.363000000
247.287095,33.364000000
247.295933,33.365000000
247.318914,33.366000000
247.345341,33.367000000
247.352008,33.368000000
247.355993,33.369000000
247.379302,33.370000000
247.390431,33.371000000
247.403593,33.372000000
247.409261,33.373000000
247.413839,33.374000000
247.426471,33.375000000
247.452456,33.376000000
247.455443,33.377000000
247.462931,33.378000000
247.479248,33.379000000
247.485337,33.380000000
247.502411,33.381000000
247.504875,33.382000000
247.514102,33.383000000
247.521839,33.384000000
247.527907,33.385000000
247.534990,33.386000000
247.538732,33.387000000
247.555636,33.388000000
247.560295,33.389000000
247.562777,33.390000000
247.566189,33.391000000
247.570533,33.392000000
247.577681,33.393000000
247.583336,33.394000000
247.587871,33.395000000
247.607724,33.396000000
247.619828,33.397000000
247.627479,33.398000000
247.630375,33.399000000
247.652329,33.400000000
247.655556,33.401000000
247.671103,33.402000000
247.677330,33.403000000
247.679787,33.404000000
247.691768,33.405000000
247.721576,33.406000000
247.721627,33.407000000
247.727692,33.408000000
247.748960,33.409000000
247.749001,33.411000000
247.757575,33.412000000
247.757615,33.413000000
247.780913,33.414000000
247.796542,33.415000000
247.810629,33.416000000
247.819582,33.417000000
247.832538,33.418000000
247.848593,33.419000000
247.861455,33.420000000
247.862110,33.421000000
247.888717,33.422000000
247.900562,33.423000000
247.900648,33.424000000
247.906677,33.425000000
247.917788,33.426000000
247.963773,33.427000000
247.977477,33.428000000
247.987255,33.429000000
247.991455,33.430000000
247.996302,33.431000000
248.006064,33.432000000
248.016341,33.433000000
248.025982,33.434000000
248.035598,33.435000000
248.038623,33.436000000
248.050472,33.437000000
248.062779,33.438000000
248.065279,33.439000000
248.070158,33.440000000
248.072921,33.441000000
248.075268,33.442000000
248.081472,33.443000000
248.087010,33.444000000
248.127496,33.445000000
248.133242,33.446000000
248.139995,33.447000000
248.146158,33.448000000
248.157613,33.449000000
248.163813,33.450000000
248.172562,33.451000000
248.176920,33.452000000
248.184836,33.453000000
248.192889,33.454000000
248.198935,33.455000000
248.214059,33.456000000
248.222011,33.457000000
248.227478,33.458000000
248.239220,33.459000000
248.244025,33.460000000
248.259283,33.461000000
248.271925,33.462000000
248.271999,33.463000000
248.283363,33.464000000
248.290891,33.465000000
248.290947,33.466000000
248.299010,33.467000000
248.305964,33.468000000
248.339378,33.469000000
248.358024,33.470000000
248.367707,33.471000000
248.406285,33.472000000
248.416006,33.473000000
248.431031,33.474000000
248.431319,33.475000000
248.454034,33.476000000
248.460426,33.477000000
248.460786,33.478000000
248.475895,33.479000000
248.475953,33.480000000
248.479231,33.481000000
248.488057,33.482000000
248.496434,33.483000000
248.496815,33.484000000
248.505815,33.485000000
248.512827,33.486000000
248.521857,33.487000000
248.521916,33.488000000
248.533565,33.489000000
248.543375,33.490000000
248.543510,33.491000000
248.553856,33.492000000
248.559492,33.493000000
248.565388,33.494000000
248.572916,33.495000000
248.573272,33.496000000
248.583520,33.497000000
248.598240,33.498000000
248.598295,33.499000000
248.610022,33.500000000
248.610077,33.501000000
248.617929,33.502000000
248.624852,33.503000000
248.634142,33.504000000
248.646499,33.505000000
248.646560,33.506000000
248.654552,33.507000000
248.676044,33.508000000
248.676103,33.509000000
248.699080,33.510000000
248.720256,33.511000000
248.731762,33.512000000
248.734408,33.513000000
248.744626,33.514000000
248.747048,33.515000000
248.753946,33.516000000
248.797927,33.517000000
248.801662,33.518000000
248.807268,33.519000000
248.811333,33.520000000
248.814465,33.521000000
248.816945,33.522000000
248.824208,33.523000000
248.828370,33.524000000
248.841660,33.525000000
248.852811,33.526000000
248.862387,33.527000000
248.865509,33.528000000
248.883447,33.529000000
248.908236,33.530000000
248.922137,33.531000000
248.928456,33.532000000
248.956701,33.533000000
248.958612,33.534000000
248.965439,33.535000000
248.978673,33.536000000
248.990812,33.537000000
248.998181,33.538000000
249.007165,33.539000000
249.026308,33.540000000
249.028454,33.541000000
249.032566,33.542000000
249.035032,33.543000000
249.064174,33.544000000
249.078122,33.545000000
249.100853,33.546000000
249.100929,33.547000000
249.133003,33.548000000
249.133084,33.549000000
249.133132,33.550000000
249.133172,33.551000000
249.133481,33.552000000
249.155971,33.553000000
249.178354,33.554000000
249.178425,33.555000000
249.195419,33.556000000
249.211733,33.557000000
249.224836,33.558000000
249.254512,33.559000000
249.257666,33.560000000
249.257731,33.561000000
249.257775,33.562000000
249.257814,33.563000000
249.257879,33.564000000
249.258200,33.565000000
249.282398,33.566000000
249.285832,33.567000000
249.322965,33.568000000
249.323097,33.569000000
249.323422,33.570000000
249.343455,33.571000000
249.343520,33.572000000
249.347062,33.573000000
249.358286,33.574000000
249.375915,33.575000000
249.376102,33.576000000
249.395271,33.577000000
249.406984,33.578000000
249.416750,33.579000000
249.437241,33.580000000
249.446725,33.581000000
249.454433,33.582000000
249.471401,33.583000000
249.488251,33.584000000
249.502943,33.585000000
249.513262,33.586000000
249.528312,33.587000000
249.536242,33.588000000
249.548673,33.589000000
249.557271,33.590000000
249.566210,33.591000000
249.575204,33.592000000
249.585504,33.593000000
249.595089,33.594000000
249.606093,33.595000000
249.614601,33.596000000
249.624566,33.597000000
249.633933,33.598000000
249.641365,33.599000000
249.649808,33.600000000
249.658351,33.601000000
249.666285,33.602000000
249.674257,33.603000000
249.685608,33.604000000
249.700333,33.605000000
249.712298,33.606000000
249.721727,33.607000000
249.726855,33.608000000
249.733783,33.609000000
249.739836,33.610000000
249.753067,33.611000000
249.760177,33.612000000
249.766678,33.613000000
249.774426,33.614000000
249.803519,33.615000000
249.804622,33.616000000
249.814528,33.617000000
249.825026,33.618000000
249.827787,33.619000000
249.830107,33.620000000
249.832346,33.621000000
249.836254,33.622000000
249.838583,33.623000000
249.840916,33.624000000
249.848269,33.625000000
249.850819,33.626000000
249.853169,33.627000000
249.855582,33.628000000
249.857893,33.629000000
249.860454,33.630000000
249.864409,33.631000000
249.870897,33.632000000
249.873924,33.633000000
249.877414,33.634000000
249.884689,33.635000000
249.886891,33.636000000
249.889227,33.637000000
249.892077,33.638000000
249.894433,33.639000000
249.899580,33.640000000
249.903747,33.641000000
249.906585,33.642000000
249.909338,33.643000000
249.916154,33.644000000
249.918379,33.645000000
249.966247,33.646000000
249.975128,33.647000000
249.980289,33.648000000
249.985510,33.649000000
249.988594,33.650000000
249.994715,33.651000000
249.997517,33.652000000
250.002696,33.653000000
250.008020,33.654000000
250.019260,33.655000000
250.023517,33.656000000
250.037421,33.657000000
250.039981,33.658000000
250.046326,33.659000000
250.048872,33.660000000
250.059110,33.661000000
250.066085,33.662000000
250.068208,33.663000000
250.070407,33.664000000
250.072613,33.665000000
250.074806,33.666000000
250.077165,33.667000000
250.080039,33.668000000
250.084565,33.669000000
250.093827,33.670000000
250.098107,33.671000000
250.121268,33.672000000
250.128290,33.673000000
250.146983,33.674000000
250.163290,33.675000000
250.181838,33.676000000
250.185263,33.677000000
250.204854,33.678000000
250.208091,33.679000000
250.216153,33.680000000
250.237983,33.681000000
250.248842,33.682000000
250.252871,33.683000000
250.267847,33.684000000
250.276474,33.685000000
250.279732,33.686000000
250.283293,33.687000000
250.296420,33.688000000
250.315334,33.689000000
250.317950,33.690000000
250.331871,33.691000000
250.339834,33.692000000
250.352074,33.693000000
250.360718,33.694000000
250.366831,33.695000000
250.370065,33.696000000
250.398811,33.697000000
250.400693,33.698000000
250.415752,33.699000000
250.424093,33.700000000
250.424151,33.701000000
250.424374,33.702000000
250.429105,33.703000000
250.439803,33.704000000
250.443318,33.705000000
250.451958,33.706000000
250.455656,33.707000000
250.457388,33.708000000
250.468008,33.709000000
250.468070,33.710000000
250.468113,33.711000000
250.471511,33.712000000
250.471810,33.713000000
250.475486,33.714000000
250.492963,33.715000000
250.498008,33.716000000
250.515238,33.717000000
250.515307,33.718000000
250.542519,33.719000000
250.548986,33.720000000
250.558512,33.721000000
250.572317,33.722000000
250.582000,33.723000000
250.590065,33.724000000
250.611397,33.725000000
250.626212,33.726000000
250.636096,33.727000000
250.645574,33.728000000
250.651706,33.729000000
250.691865,33.730000000
250.706852,33.731000000
250.720321,33.732000000
250.733836,33.733000000
250.734157,33.734000000
250.749945,33.735000000
250.762774,33.736000000
250.773658,33.737000000
250.774565,33.738000000
250.791045,33.739000000
250.793500,33.740000000
250.803278,33.741000000
250.809569,33.742000000
250.823572,33.743000000
250.845564,33.744000000
250.854830,33.745000000
250.861553,33.746000000
250.864935,33.747000000
250.878739,33.748000000
250.887614,33.749000000
250.892521,33.750000000
250.922061,33.751000000
250.934663,33.752000000
250.946769,33.753000000
250.956891,33.754000000
250.964383,33.755000000
250.990249,33.756000000
251.008251,33.757000000
251.021764,33.758000000
251.023085,33.759000000
251.045363,33.760000000
251.069496,33.761000000
251.070000,33.762000000
251.070065,33.763000000
251.077197,33.764000000
251.087167,33.765000000
251.087239,33.766000000
251.092493,33.767000000
251.092553,33.768000000
251.094981,33.769000000
251.095266,33.770000000
251.101494,33.771000000
251.102535,33.772000000
251.102588,33.773000000
251.104776,33.774000000
251.108547,33.775000000
251.110560,33.776000000
251.112656,33.777000000
251.113433,33.778000000
251.115583,33.779000000
251.120567,33.780000000
251.122445,33.781000000
251.122738,33.782000000
251.130085,33.783000000
251.130456,33.784000000
251.131502,33.785000000
251.136059,33.786000000
251.136115,33.787000000
251.140133,33.788000000
251.140189,33.789000000
251.142357,33.790000000
251.164110,33.791000000
251.181432,33.792000000
251.212107,33.793000000
251.219545,33.794000000
251.228649,33.795000000
251.240700,33.796000000
251.250698,33.797000000
251.260473,33.798000000
251.284463,33.799000000
251.293409,33.800000000
251.296677,33.801000000
251.321556,33.802000000
251.325658,33.803000000
251.332356,33.804000000
251.362429,33.805000000
251.370028,33.806000000
251.378434,33.807000000
251.386748,33.808000000
251.394778,33.809000000
251.402583,33.810000000
251.410380,33.811000000
251.421606,33.812000000
251.425886,33.813000000
251.436496,33.814000000
251.446116,33.815000000
251.452680,33.816000000
251.460989,33.817000000
251.467714,33.818000000
251.473660,33.819000000
251.494958,33.820000000
251.501190,33.821000000
251.518239,33.822000000
251.528908,33.823000000
251.539928,33.824000000
251.545808,33.825000000
251.553715,33.826000000
251.561140,33.827000000
251.566105,33.828000000
251.593355,33.829000000
251.599168,33.830000000
251.615342,33.831000000
251.623309,33.832000000
251.643500,33.833000000
251.643599,33.834000000
251.653612,33.835000000
251.664891,33.836000000
251.677304,33.837000000
251.690053,33.838000000
251.694999,33.839000000
251.706117,33.840000000
251.706188,33.841000000
251.721185,33.842000000
251.722402,33.843000000
251.731836,33.844000000
251.737191,33.845000000
251.742686,33.846000000
251.749742,33.847000000
251.749797,33.848000000
251.767287,33.849000000
251.779148,33.850000000
251.790508,33.851000000
251.805422,33.852000000
251.810286,33.853000000
251.833888,33.854000000
251.854578,33.855000000
251.863773,33.856000000
251.882280,33.857000000
251.889963,33.858000000
251.893838,33.859000000
251.895474,33.860000000
251.924944,33.861000000
251.935561,33.862000000
251.946907,33.863000000
251.957285,33.864000000
251.988659,33.865000000
251.998755,33.866000000
252.007309,33.867000000
252.038666,33.868000000
252.047247,33.869000000
252.085678,33.870000000
252.097464,33.871000000
252.108447,33.872000000
252.119083,33.873000000
252.128688,33.874000000
252.134727,33.875000000
252.143062,33.876000000
252.154618,33.877000000
252.164905,33.878000000
252.174421,33.879000000
252.184116,33.880000000
252.197326,33.881000000
252.205373,33.882000000
252.235119,33.883000000
252.245728,33.884000000
252.252714,33.885000000
252.280240,33.886000000
252.287879,33.887000000
252.308146,33.888000000
252.340837,33.889000000
252.340937,33.890000000
252.341273,33.891000000
252.370497,33.892000000
252.370561,33.893000000
252.392965,33.894000000
252.425926,33.895000000
252.454165,33.896000000
252.475546,33.897000000
252.476343,33.898000000
252.507593,33.899000000
252.507683,33.900000000
252.508041,33.901000000
252.523996,33.902000000
252.547435,33.903000000
252.549135,33.904000000
252.549510,33.905000000
252.560178,33.906000000
252.564251,33.907000000
252.564318,33.908000000
252.586373,33.909000000
252.604837,33.910000000
252.631046,33.911000000
252.648130,33.912000000
252.648333,33.913000000
252.658892,33.914000000
252.663636,33.915000000
252.671435,33.916000000
252.694563,33.917000000
252.694613,33.918000000
252.698408,33.919000000
252.731693,33.920000000
252.736297,33.921000000
252.753342,33.922000000
252.754554,33.923000000
252.766758,33.924000000
252.775824,33.925000000
252.801682,33.926000000
252.801734,33.927000000
252.818356,33.928000000
252.838991,33.929000000
252.854560,33.930000000
252.872371,33.931000000
252.885172,33.932000000
252.900318,33.933000000
252.915386,33.934000000
252.923788,33.935000000
252.932069,33.936000000
252.942558,33.937000000
252.950726,33.938000000
252.979351,33.939000000
252.993534,33.940000000
252.997506,33.941000000
253.009367,33.942000000
253.009417,33.943000000
253.035647,33.944000000
253.049100,33.945000000
253.049203,33.946000000
253.076000,33.947000000
253.076051,33.949000000
253.097909,33.950000000
253.101861,33.951000000
253.120736,33.952000000
253.131243,33.953000000
253.181142,33.954000000
253.192803,33.955000000
253.204577,33.956000000
253.222997,33.957000000
253.244486,33.958000000
253.244543,33.959000000
253.256820,33.960000000
253.270618,33.961000000
253.278251,33.962000000
253.281616,33.963000000
253.296781,33.964000000
253.305600,33.965000000
253.309470,33.966000000
253.338713,33.967000000
253.338766,33.968000000
253.343223,33.969000000
253.360815,33.970000000
253.374692,33.971000000
253.374744,33.972000000
253.409199,33.973000000
253.409250,33.975000000
253.421085,33.976000000
253.438500,33.977000000
253.468703,33.978000000
253.500557,33.979000000
253.500609,33.982000000
253.501332,33.983000000
253.511689,33.984000000
253.511732,33.985000000
253.512117,33.986000000
253.522919,33.987000000
253.523005,33.989000000
253.528176,33.990000000
253.536356,33.991000000
253.536401,33.992000000
253.544024,33.993000000
253.544069,33.995000000
253.586458,33.996000000
253.590889,33.997000000
253.602596,33.998000000
253.622884,33.999000000
253.628615,34.000000000
253.632034,34.001000000
253.646403,34.002000000
253.655739,34.003000000
253.659990,34.004000000
253.664204,34.005000000
253.686568,34.006000000
253.691651,34.007000000
253.698904,34.008000000
253.711879,34.009000000
253.716065,34.010000000
253.726144,34.011000000
253.753397,34.012000000
253.769336,34.013000000
253.776328,34.014000000
253.790554,34.015000000
253.794749,34.016000000
253.804772,34.017000000
253.814174,34.018000000
253.828175,34.019000000
253.833943,34.020000000
253.845113,34.021000000
253.854841,34.022000000
253.867838,34.023000000
253.876537,34.024000000
253.885263,34.025000000
253.898098,34.026000000
253.906702,34.027000000
253.927494,34.028000000
253.931705,34.029000000
253.942843,34.030000000
253.948988,34.031000000
253.964160,34.032000000
253.969234,34.033000000
253.979494,34.034000000
253.983942,34.035000000
254.000926,34.036000000
254.005645,34.037000000
254.015805,34.038000000
254.025242,34.039000000
254.030350,34.040000000
254.058608,34.041000000
254.069140,34.042000000
254.079509,34.043000000
254.085505,34.044000000
254.097682,34.045000000
254.111006,34.046000000
254.115390,34.047000000
254.133700,34.048000000
254.143391,34.049000000
254.151428,34.050000000
254.165411,34.051000000
254.172778,34.052000000
254.180145,34.053000000
254.202355,34.054000000
254.211582,34.055000000
254.223563,34.056000000
254.223617,34.057000000
254.246079,34.058000000
254.256332,34.059000000
254.256450,34.060000000
254.258633,34.061000000
254.263774,34.062000000
254.266392,34.063000000
254.268623,34.064000000
254.272347,34.065000000
254.285531,34.066000000
254.298999,34.067000000
254.303627,34.068000000
254.309128,34.069000000
254.311427,34.070000000
254.313865,34.071000000
254.336613,34.072000000
254.360806,34.073000000
254.364598,34.074000000
254.375191,34.075000000
254.390758,34.076000000
254.393062,34.077000000
254.408509,34.078000000
254.417715,34.079000000
254.431528,34.080000000
254.442732,34.081000000
254.455221,34.082000000
254.467306,34.083000000
254.480534,34.084000000
254.489402,34.085000000
254.513031,34.086000000
254.515585,34.087000000
254.539099,34.088000000
254.539151,34.089000000
254.561417,34.090000000
254.587079,34.091000000
254.600658,34.092000000
254.608939,34.093000000
254.618346,34.094000000
254.643970,34.095000000
254.654666,34.096000000
254.663213,34.097000000
254.676905,34.098000000
254.682424,34.099000000
254.699309,34.100000000
254.719814,34.101000000
254.732122,34.102000000
254.741058,34.103000000
254.761230,34.104000000
254.771271,34.105000000
254.783073,34.106000000
254.796407,34.107000000
254.811074,34.108000000
254.811158,34.109000000
254.849876,34.110000000
254.857359,34.111000000
254.887885,34.112000000
254.900548,34.113000000
254.909246,34.114000000
254.925612,34.115000000
254.935312,34.116000000
254.943182,34.117000000
254.951499,34.118000000
254.984879,34.119000000
254.994041,34.120000000
255.019543,34.121000000
255.030156,34.122000000
255.040594,34.123000000
255.052465,34.124000000
255.066196,34.125000000
255.078672,34.126000000
255.085878,34.127000000
255.095649,34.128000000
255.103645,34.129000000
255.117136,34.130000000
255.119482,34.131000000
255.131752,34.132000000
255.137633,34.133000000
255.143428,34.134000000
255.151587,34.135000000
255.161384,34.136000000
255.167630,34.137000000
255.177207,34.138000000
255.185469,34.139000000
255.187665,34.140000000
255.197893,34.141000000
255.206515,34.142000000
255.215989,34.143000000
255.222653,34.144000000
255.228826,34.145000000
255.238742,34.146000000
255.252620,34.147000000
255.255028,34.148000000
255.267868,34.149000000
255.270733,34.150000000
255.282838,34.151000000
255.292778,34.152000000
255.297482,34.153000000
255.306823,34.154000000
255.314960,34.155000000
255.329030,34.156000000
255.331573,34.157000000
255.343775,34.158000000
255.353080,34.159000000
255.364152,34.160000000
255.380200,34.161000000
255.392672,34.162000000
255.401784,34.163000000
255.415291,34.164000000
255.421596,34.165000000
255.432348,34.166000000
255.442650,34.167000000
255.454478,34.168000000
255.457889,34.169000000
255.482533,34.170000000
255.484771,34.171000000
255.496519,34.172000000
255.498891,34.173000000
255.510280,34.174000000
255.512474,34.175000000
255.526581,34.176000000
255.526836,34.177000000
255.538933,34.178000000
255.538997,34.179000000
255.552346,34.180000000
255.564125,34.181000000
255.564190,34.182000000
255.568185,34.183000000
255.579808,34.184000000
255.579871,34.185000000
255.588639,34.186000000
255.595954,34.187000000
255.602259,34.188000000
255.619779,34.189000000
255.628387,34.190000000
255.636633,34.191000000
255.645124,34.192000000
255.666273,34.193000000
255.691612,34.194000000
255.702056,34.195000000
255.709878,34.196000000
255.720481,34.197000000
255.734702,34.198000000
255.752931,34.199000000
255.770333,34.200000000
255.775929,34.201000000
255.776184,34.202000000
255.791737,34.203000000
255.797760,34.204000000
255.812169,34.205000000
255.818323,34.206000000
255.828618,34.207000000
255.836206,34.208000000
255.850016,34.209000000
255.850355,34.210000000
255.863828,34.211000000
255.867614,34.212000000
255.891796,34.213000000
255.913984,34.214000000
255.925842,34.215000000
255.927914,34.216000000
255.939493,34.217000000
255.970752,34.218000000
255.982815,34.219000000
255.984945,34.220000000
256.002652,34.221000000
256.017395,34.222000000
256.038673,34.223000000
256.062595,34.224000000
256.091113,34.225000000
256.117253,34.226000000
256.128205,34.227000000
256.133456,34.228000000
256.161427,34.229000000
256.165452,34.230000000
256.181477,34.231000000
256.193377,34.232000000
256.212626,34.233000000
256.218369,34.234000000
256.240326,34.235000000
256.249054,34.236000000
256.267235,34.237000000
256.276726,34.238000000
256.302476,34.239000000
256.302634,34.240000000
256.344053,34.241000000
256.357459,34.242000000
256.367881,34.243000000
256.375496,34.244000000
256.391590,34.245000000
256.400596,34.246000000
256.410816,34.247000000
256.434035,34.248000000
256.455332,34.249000000
256.457374,34.250000000
256.481798,34.251000000
256.502072,34.252000000
256.521645,34.253000000
256.549198,34.254000000
256.559127,34.255000000
256.571318,34.256000000
256.586781,34.257000000
256.604415,34.258000000
256.610276,34.259000000
256.622270,34.260000000
256.631973,34.261000000
256.646667,34.262000000
256.655966,34.263000000
256.706752,34.264000000
256.730402,34.265000000
256.738426,34.266000000
256.747255,34.267000000
256.759207,34.268000000
256.765818,34.269000000
256.771588,34.270000000
256.777591,34.271000000
256.783902,34.272000000
256.805042,34.273000000
256.825155,34.274000000
256.828242,34.275000000
256.839781,34.276000000
256.874609,34.277000000
256.913961,34.278000000
256.914309,34.279000000
256.922303,34.280000000
256.944353,34.281000000
256.944617,34.282000000
256.972766,34.283000000
256.987111,34.284000000
256.998437,34.285000000
257.010227,34.286000000
257.019871,34.287000000
257.020828,34.288000000
257.028322,34.289000000
257.040041,34.290000000
257.056485,34.291000000
257.064260,34.292000000
257.069676,34.293000000
257.076635,34.294000000
257.099448,34.295000000
257.106037,34.296000000
257.110146,34.297000000
257.116501,34.298000000
257.120929,34.299000000
257.136513,34.300000000
257.140946,34.301000000
257.146503,34.302000000
257.151788,34.303000000
257.163835,34.304000000
257.182019,34.305000000
257.186520,34.306000000
257.191928,34.307000000
257.196115,34.308000000
257.221964,34.309000000
257.227943,34.310000000
257.236601,34.311000000
257.267790,34.312000000
257.274949,34.313000000
257.286114,34.314000000
257.296746,34.315000000
257.306134,34.316000000
257.316488,34.317000000
257.326031,34.318000000
257.335729,34.319000000
257.347197,34.320000000
257.356828,34.321000000
257.365309,34.322000000
257.375298,34.323000000
257.387169,34.324000000
257.392328,34.325000000
257.399879,34.326000000
257.414376,34.327000000
257.419955,34.328000000
257.427340,34.329000000
257.434199,34.330000000
257.460908,34.331000000
257.467275,34.332000000
257.481302,34.333000000
257.489019,34.334000000
257.496964,34.335000000
257.522181,34.336000000
257.537056,34.337000000
257.544044,34.338000000
257.572752,34.339000000
257.583299,34.340000000
257.602552,34.341000000
257.616862,34.342000000
257.629963,34.343000000
257.637854,34.344000000
257.651442,34.345000000
257.655747,34.346000000
257.659641,34.347000000
257.665760,34.348000000
257.668171,34.349000000
257.672980,34.350000000
257.677065,34.351000000
257.681801,34.352000000
257.686199,34.353000000
257.688507,34.354000000
257.690649,34.355000000
257.730019,34.356000000
257.739759,34.357000000
257.742807,34.358000000
257.764586,34.359000000
257.772466,34.360000000
257.782834,34.361000000
257.783192,34.362000000
257.794481,34.363000000
257.801638,34.364000000
257.812640,34.365000000
257.812769,34.366000000
257.835484,34.367000000
257.839647,34.368000000
257.850598,34.369000000
257.851042,34.370000000
257.869366,34.371000000
257.873897,34.372000000
257.907389,34.373000000
257.907520,34.374000000
257.914046,34.375000000
257.923797,34.376000000
257.932179,34.377000000
257.940512,34.378000000
257.949552,34.379000000
257.967323,34.380000000
257.976332,34.381000000
257.989576,34.382000000
257.995694,34.383000000
258.001528,34.384000000
258.011541,34.385000000
258.022121,34.386000000
258.027134,34.387000000
258.040812,34.388000000
258.047137,34.389000000
258.061404,34.390000000
258.061560,34.391000000
258.070762,34.392000000
258.078073,34.393000000
258.085903,34.394000000
258.096581,34.395000000
258.104130,34.396000000
258.114319,34.397000000
258.120065,34.398000000
258.129047,34.399000000
258.135948,34.400000000
258.144578,34.401000000
258.151977,34.402000000
258.168220,34.403000000
258.181871,34.404000000
258.182276,34.405000000
258.194053,34.406000000
258.200639,34.407000000
258.211022,34.408000000
258.225887,34.409000000
258.226034,34.410000000
258.238573,34.411000000
258.253670,34.412000000
258.253828,34.413000000
258.259672,34.414000000
258.268042,34.415000000
258.289551,34.416000000
258.293824,34.417000000
258.309990,34.418000000
258.327164,34.419000000
258.336384,34.420000000
258.343311,34.421000000
258.350766,34.422000000
258.355450,34.423000000
258.362219,34.424000000
258.368182,34.425000000
258.375058,34.426000000
258.381584,34.427000000
258.387764,34.428000000
258.393504,34.429000000
258.399602,34.430000000
258.423729,34.431000000
258.438034,34.432000000
258.456305,34.433000000
258.478205,34.434000000
258.482336,34.435000000
258.486320,34.436000000
258.508612,34.437000000
258.517305,34.438000000
258.544809,34.439000000
258.548830,34.440000000
258.558720,34.441000000
258.558814,34.442000000
258.566084,34.443000000
258.577313,34.444000000
258.611440,34.445000000
258.617507,34.446000000
258.642560,34.447000000
258.660798,34.448000000
258.671134,34.449000000
258.684990,34.450000000
258.705479,34.451000000
258.713167,34.452000000
258.729468,34.453000000
258.740654,34.454000000
258.751554,34.455000000
258.757159,34.456000000
258.764853,34.457000000
258.772328,34.458000000
258.778084,34.459000000
258.785970,34.460000000
258.792389,34.461000000
258.799408,34.462000000
258.812086,34.463000000
258.817058,34.464000000
258.828885,34.465000000
258.833432,34.466000000
258.839239,34.467000000
258.844995,34.468000000
258.851970,34.469000000
258.864396,34.470000000
258.870231,34.471000000
258.877331,34.472000000
258.882999,34.473000000
258.889647,34.474000000
258.927466,34.475000000
258.927607,34.476000000
258.953021,34.477000000
258.963541,34.478000000
258.982154,34.479000000
258.985113,34.480000000
259.023615,34.481000000
259.023679,34.482000000
259.023722,34.483000000
259.033827,34.484000000
259.056395,34.485000000
259.080244,34.486000000
259.080389,34.487000000
259.099595,34.488000000
259.099801,34.489000000
259.126091,34.490000000
259.126293,34.491000000
259.143385,34.492000000
259.143506,34.493000000
259.165328,34.494000000
259.165462,34.495000000
259.165510,34.496000000
259.202099,34.497000000
259.226322,34.498000000
259.237873,34.499000000
259.252812,34.500000000
259.270555,34.501000000
259.274100,34.502000000
259.287328,34.503000000
259.289021,34.504000000
259.326130,34.505000000
259.331082,34.506000000
259.344214,34.507000000
259.344378,34.508000000
259.355457,34.509000000
259.355925,34.510000000
259.357958,34.511000000
259.385798,34.512000000
259.393882,34.513000000
259.412974,34.514000000
259.413357,34.515000000
259.421471,34.516000000
259.426365,34.517000000
259.432307,34.518000000
259.432637,34.519000000
259.443921,34.520000000
259.444340,34.521000000
259.460673,34.522000000
259.460819,34.523000000
259.470617,34.524000000
259.478909,34.525000000
259.486155,34.526000000
259.496822,34.527000000
259.497777,34.528000000
259.510331,34.529000000
259.533578,34.530000000
259.533646,34.531000000
259.533985,34.532000000
259.545097,34.533000000
259.551735,34.534000000
259.565535,34.535000000
259.565601,34.536000000
259.584449,34.537000000
259.590151,34.538000000
259.598244,34.539000000
259.606514,34.540000000
259.606657,34.541000000
259.645416,34.542000000
259.645558,34.543000000
259.666564,34.544000000
259.680095,34.545000000
259.711201,34.546000000
259.723144,34.547000000
259.736482,34.548000000
259.743459,34.549000000
259.751206,34.550000000
259.763764,34.551000000
259.779716,34.552000000
259.787125,34.553000000
259.795449,34.554000000
259.808569,34.555000000
259.814870,34.556000000
259.824996,34.557000000
259.855346,34.558000000
259.865122,34.559000000
259.878757,34.560000000
259.890165,34.561000000
259.903221,34.562000000
259.914886,34.563000000
259.927110,34.564000000
259.938082,34.565000000
259.947589,34.566000000
259.955356,34.567000000
259.962395,34.568000000
259.976280,34.569000000
259.983869,34.570000000
259.992281,34.571000000
259.998220,34.572000000
260.022266,34.573000000
260.041626,34.574000000
260.063056,34.575000000
260.076476,34.576000000
260.083477,34.577000000
260.113755,34.578000000
260.122732,34.579000000
260.127897,34.580000000
260.128245,34.581000000
260.154218,34.582000000
260.155756,34.583000000
260.189083,34.584000000
260.189701,34.585000000
260.197131,34.586000000
260.209163,34.587000000
260.230804,34.588000000
260.230875,34.589000000
260.232784,34.590000000
260.238037,34.591000000
260.249959,34.592000000
260.251967,34.593000000
260.269038,34.594000000
260.270932,34.595000000
260.280808,34.596000000
260.292914,34.597000000
260.299179,34.598000000
260.307889,34.599000000
260.336244,34.600000000
260.336401,34.601000000
260.336452,34.602000000
260.336493,34.603000000
260.359825,34.604000000
260.386268,34.605000000
260.395680,34.606000000
260.408004,34.607000000
260.408185,34.608000000
260.425910,34.609000000
260.460338,34.610000000
260.466446,34.611000000
260.481928,34.612000000
260.489760,34.613000000
260.525166,34.614000000
260.541033,34.615000000
260.552966,34.616000000
260.568783,34.617000000
260.583479,34.618000000
260.595155,34.619000000
260.608842,34.620000000
260.619755,34.621000000
260.628981,34.622000000
260.645339,34.623000000
260.655241,34.624000000
260.690292,34.625000000
260.704182,34.626000000
260.712199,34.627000000
260.719478,34.628000000
260.744650,34.629000000
260.752207,34.630000000
260.766383,34.631000000
260.774169,34.632000000
260.814413,34.633000000
260.842386,34.634000000
260.856991,34.635000000
260.872279,34.636000000
260.891063,34.637000000
260.905671,34.638000000
260.915547,34.639000000
260.923210,34.640000000
260.939142,34.641000000
260.946934,34.642000000
260.954433,34.643000000
260.980342,34.644000000
260.998888,34.645000000
261.007133,34.646000000
261.013849,34.647000000
261.019843,34.648000000
261.046015,34.649000000
261.046107,34.650000000
261.046149,34.651000000
261.046187,34.652000000
261.047675,34.653000000
261.072101,34.654000000
261.072169,34.655000000
261.072211,34.656000000
261.109812,34.657000000
261.109954,34.658000000
261.110006,34.659000000
261.131707,34.660000000
261.131782,34.661000000
261.134047,34.662000000
261.150340,34.663000000
261.151841,34.664000000
261.160183,34.665000000
261.174489,34.666000000
261.195257,34.667000000
261.195321,34.668000000
261.195366,34.669000000
261.195765,34.670000000
261.204957,34.671000000
261.216509,34.672000000
261.218006,34.673000000
261.225521,34.674000000
261.248591,34.675000000
261.248932,34.676000000
261.260752,34.677000000
261.284986,34.678000000
261.288896,34.679000000
261.300379,34.680000000
261.313746,34.681000000
261.318373,34.682000000
261.328431,34.683000000
261.352504,34.684000000
261.356463,34.685000000
261.363462,34.686000000
261.377858,34.687000000
261.385953,34.688000000
261.389332,34.689000000
261.426124,34.690000000
261.430861,34.691000000
261.442524,34.692000000
261.452416,34.693000000
261.464831,34.694000000
261.472655,34.695000000
261.474619,34.696000000
261.482849,34.697000000
261.487431,34.698000000
261.497140,34.699000000
261.501056,34.700000000
261.521922,34.701000000
261.522356,34.702000000
261.539266,34.703000000
261.544359,34.704000000
261.555208,34.705000000
261.573851,34.706000000
261.582644,34.707000000
261.589957,34.708000000
261.598154,34.709000000
261.604025,34.710000000
261.609283,34.711000000
261.635773,34.712000000
261.643022,34.713000000
261.654492,34.714000000
261.658824,34.715000000
261.686648,34.716000000
261.694642,34.717000000
261.706459,34.718000000
261.714573,34.719000000
261.723353,34.720000000
261.731898,34.721000000
261.740046,34.722000000
261.752356,34.723000000
261.754303,34.724000000
261.768782,34.725000000
261.778976,34.726000000
261.787207,34.727000000
261.792291,34.728000000
261.801387,34.729000000
261.817157,34.730000000
261.833914,34.731000000
261.851535,34.732000000
261.855407,34.733000000
261.869631,34.734000000
261.882840,34.735000000
261.893281,34.736000000
261.897392,34.737000000
261.901396,34.738000000
261.921415,34.739000000
261.924542,34.740000000
261.927759,34.741000000
261.940090,34.742000000
261.951852,34.743000000
261.984715,34.744000000
261.995442,34.745000000
262.011966,34.746000000
262.018984,34.747000000
262.024622,34.748000000
262.028801,34.749000000
262.034894,34.750000000
262.042700,34.751000000
262.050623,34.752000000
262.057329,34.753000000
262.079952,34.754000000
262.084021,34.755000000
262.098775,34.756000000
262.101947,34.757000000
262.103137,34.758000000
262.105396,34.759000000
262.108209,34.760000000
262.110455,34.761000000
262.112891,34.762000000
262.135473,34.763000000
262.139697,34.764000000
262.148118,34.765000000
262.150629,34.766000000
262.162691,34.767000000
262.167582,34.768000000
262.180018,34.769000000
262.193331,34.770000000
262.198030,34.771000000
262.223381,34.772000000
262.246799,34.773000000
262.250589,34.774000000
262.253104,34.775000000
262.259276,34.776000000
262.275223,34.777000000
262.284512,34.778000000
262.289033,34.779000000
262.296142,34.780000000
262.302817,34.781000000
262.306731,34.782000000
262.313733,34.783000000
262.337180,34.784000000
262.350935,34.785000000
262.362283,34.786000000
262.373508,34.787000000
262.387060,34.788000000
262.387742,34.789000000
262.393828,34.790000000
262.397605,34.791000000
262.412971,34.792000000
262.415642,34.793000000
262.431213,34.794000000
262.436174,34.795000000
262.469307,34.796000000
262.469376,34.797000000
262.469419,34.798000000
262.469873,34.799000000
262.469965,34.800000000
262.472299,34.801000000
262.473660,34.802000000
262.492138,34.803000000
262.502667,34.804000000
262.502756,34.805000000
262.510250,34.806000000
262.521295,34.807000000
262.528895,34.808000000
262.550862,34.809000000
262.557659,34.810000000
262.557994,34.811000000
262.565759,34.812000000
262.570050,34.813000000
262.571214,34.814000000
262.604519,34.815000000
262.623219,34.816000000
262.635496,34.817000000
262.658607,34.818000000
262.675372,34.819000000
262.685016,34.820000000
262.698115,34.821000000
262.711079,34.822000000
262.726545,34.823000000
262.740044,34.824000000
262.753245,34.825000000
262.773453,34.826000000
262.787110,34.827000000
262.796388,34.828000000
262.804183,34.829000000
262.814348,34.830000000
262.825039,34.831000000
262.833475,34.832000000
262.848371,34.833000000
262.859560,34.834000000
262.874885,34.835000000
262.888638,34.836000000
262.899420,34.837000000
262.908112,34.838000000
262.925833,34.839000000
262.937867,34.840000000
262.954492,34.841000000
262.972089,34.842000000
262.984511,34.843000000
262.998271,34.844000000
263.018544,34.845000000
263.025548,34.846000000
263.034259,34.847000000
263.044506,34.848000000
263.053647,34.849000000
263.082341,34.850000000
263.091503,34.851000000
263.101005,34.852000000
263.125831,34.853000000
263.133665,34.854000000
263.161186,34.855000000
263.167030,34.856000000
263.174783,34.857000000
263.210174,34.858000000
263.219690,34.859000000
263.223133,34.860000000
263.229055,34.861000000
263.252201,34.862000000
263.260042,34.863000000
263.265822,34.864000000
263.313047,34.865000000
263.335800,34.866000000
263.344340,34.867000000
263.355864,34.868000000
263.368086,34.869000000
263.384102,34.870000000
263.394673,34.871000000
263.410067,34.872000000
263.420002,34.873000000
263.437545,34.874000000
263.446765,34.875000000
263.455021,34.876000000
263.483840,34.877000000
263.490730,34.878000000
263.504117,34.879000000
263.511928,34.880000000
263.519603,34.881000000
263.541844,34.882000000
263.549126,34.883000000
263.565856,34.884000000
263.574650,34.885000000
263.610944,34.886000000
263.621060,34.887000000
263.625547,34.888000000
263.629267,34.889000000
263.633631,34.890000000
263.637939,34.891000000
263.642219,34.892000000
263.647532,34.893000000
263.651341,34.894000000
263.655916,34.895000000
263.660335,34.896000000
263.664665,34.897000000
263.669369,34.898000000
263.673619,34.899000000
263.677902,34.900000000
263.683727,34.901000000
263.686127,34.902000000
263.689838,34.903000000
263.702283,34.904000000
263.721013,34.905000000
263.738883,34.906000000
263.743651,34.907000000
263.752568,34.908000000
263.782584,34.909000000
263.793334,34.910000000
263.796075,34.911000000
263.814401,34.912000000
263.814525,34.913000000
263.822133,34.914000000
263.841555,34.915000000
263.850834,34.916000000
263.867831,34.917000000
263.875865,34.918000000
263.916902,34.919000000
263.917488,34.920000000
263.938053,34.921000000
263.945974,34.922000000
263.966055,34.923000000
263.990338,34.924000000
264.007230,34.925000000
264.014026,34.926000000
264.021545,34.927000000
264.026464,34.928000000
264.039742,34.929000000
264.048481,34.930000000
264.058492,34.931000000
264.082066,34.932000000
264.082318,34.933000000
264.087238,34.934000000
264.101067,34.935000000
264.109563,34.936000000
264.116817,34.937000000
264.127088,34.938000000
264.156221,34.939000000
264.162764,34.940000000
264.173842,34.941000000
264.181562,34.942000000
264.212333,34.943000000
264.232117,34.944000000
264.237012,34.945000000
264.258555,34.946000000
264.268587,34.947000000
264.274283,34.948000000
264.294377,34.949000000
264.323317,34.950000000
264.336457,34.951000000
264.336525,34.952000000
264.348762,34.953000000
264.376477,34.954000000
264.382419,34.955000000
264.382502,34.956000000
264.392942,34.957000000
264.403179,34.958000000
264.403250,34.959000000
264.403322,34.960000000
264.415074,34.961000000
264.426895,34.962000000
264.428407,34.963000000
264.444762,34.964000000
264.447633,34.965000000
264.453893,34.966000000
264.469344,34.967000000
264.477862,34.968000000
264.508160,34.969000000
264.522172,34.970000000
264.538232,34.971000000
264.543094,34.972000000
264.550615,34.973000000
264.565222,34.974000000
264.582312,34.975000000
264.587712,34.976000000
264.601294,34.977000000
264.613613,34.978000000
264.617384,34.979000000
264.627243,34.980000000
264.630997,34.981000000
264.656539,34.982000000
264.661232,34.983000000
264.675461,34.984000000
264.685924,34.985000000
264.710604,34.986000000
264.725663,34.987000000
264.755547,34.988000000
264.778675,34.989000000
264.790308,34.990000000
264.801120,34.991000000
264.805348,34.992000000
264.812054,34.993000000
264.826156,34.994000000
264.840095,34.995000000
264.843080,34.996000000
264.847360,34.997000000
264.851760,34.998000000
264.856569,34.999000000
264.877449,35.000000000
264.879783,35.001000000
264.902572,35.002000000
264.906897,35.003000000
264.915030,35.004000000
264.919019,35.005000000
264.926409,35.006000000
264.931406,35.007000000
264.977297,35.008000000
264.996232,35.009000000
264.996340,35.010000000
264.996384,35.011000000
265.012786,35.012000000
265.031415,35.013000000
265.054928,35.014000000
265.068234,35.015000000
265.086024,35.016000000
265.092800,35.017000000
265.102553,35.018000000
265.104824,35.019000000
265.107030,35.020000000
265.109153,35.021000000
265.111985,35.022000000
265.114665,35.023000000
265.126001,35.024000000
265.130447,35.025000000
265.134131,35.026000000
265.147623,35.027000000
265.171954,35.028000000
265.222497,35.029000000
265.243239,35.030000000
265.260330,35.031000000
265.260413,35.032000000
265.262694,35.033000000
265.270200,35.034000000
265.284244,35.035000000
265.296295,35.036000000
265.296358,35.037000000
265.298337,35.038000000
265.309013,35.039000000
265.309193,35.040000000
265.314123,35.041000000
265.316846,35.042000000
265.347568,35.043000000
265.347638,35.044000000
265.348000,35.045000000
265.358240,35.046000000
265.358312,35.047000000
265.358701,35.048000000
265.371856,35.049000000
265.372006,35.050000000
265.372094,35.051000000
265.373690,35.052000000
265.382468,35.053000000
265.394540,35.054000000
265.394612,35.055000000
265.397609,35.056000000
265.408589,35.057000000
265.408781,35.058000000
265.410274,35.059000000
265.418288,35.060000000
265.418422,35.061000000
265.424711,35.062000000
265.424801,35.063000000
265.431200,35.064000000
265.434803,35.065000000
265.435070,35.066000000
265.445651,35.067000000
265.445719,35.068000000
265.446038,35.069000000
265.476850,35.070000000
265.489086,35.071000000
265.500625,35.072000000
265.520762,35.073000000
265.522504,35.074000000
265.528505,35.075000000
265.544890,35.076000000
265.558998,35.077000000
265.569294,35.078000000
265.586179,35.079000000
265.589534,35.080000000
265.601990,35.081000000
265.607088,35.082000000
265.627457,35.083000000
265.655689,35.084000000
265.657896,35.085000000
265.666206,35.086000000
265.686063,35.087000000
265.692443,35.088000000
265.713346,35.089000000
265.725413,35.090000000
265.734339,35.091000000
265.746993,35.092000000
265.758235,35.093000000
265.766974,35.094000000
265.779930,35.095000000
265.783588,35.096000000
265.798800,35.097000000
265.806373,35.098000000
265.828168,35.099000000
265.838295,35.100000000
265.848472,35.101000000
265.858993,35.102000000
265.870560,35.103000000
265.883954,35.104000000
265.894212,35.105000000
265.904260,35.106000000
265.909619,35.107000000
265.923984,35.108000000
265.927568,35.109000000
265.938057,35.110000000
265.945337,35.111000000
265.958131,35.112000000
265.982287,35.113000000
266.005159,35.114000000
266.022691,35.115000000
266.035650,35.116000000
266.036528,35.117000000
266.041533,35.118000000
266.042814,35.119000000
266.044949,35.120000000
266.048693,35.121000000
266.055843,35.122000000
266.058108,35.123000000
266.060267,35.124000000
266.063177,35.125000000
266.065285,35.126000000
266.067582,35.127000000
266.069669,35.128000000
266.071894,35.129000000
266.074317,35.130000000
266.094290,35.131000000
266.094338,35.132000000
266.095155,35.133000000
266.097456,35.134000000
266.099587,35.135000000
266.101957,35.136000000
266.104073,35.137000000
266.107561,35.138000000
266.109375,35.139000000
266.111737,35.140000000
266.115230,35.141000000
266.116444,35.142000000
266.118543,35.143000000
266.120561,35.144000000
266.122663,35.145000000
266.124851,35.146000000
266.126948,35.147000000
266.128989,35.148000000
266.131546,35.149000000
266.133415,35.150000000
266.135989,35.151000000
266.138210,35.152000000
266.140968,35.153000000
266.143018,35.154000000
266.150669,35.155000000
266.152865,35.156000000
266.154910,35.157000000
266.158191,35.158000000
266.160307,35.159000000
266.162431,35.160000000
266.166138,35.161000000
266.167144,35.162000000
266.169404,35.163000000
266.171656,35.164000000
266.173755,35.165000000
266.178431,35.166000000
266.182753,35.167000000
266.192023,35.168000000
266.197205,35.169000000
266.201633,35.170000000
266.206474,35.171000000
266.212343,35.172000000
266.222404,35.173000000
266.224563,35.174000000
266.230918,35.175000000
266.235113,35.176000000
266.239984,35.177000000
266.246312,35.178000000
266.253267,35.179000000
266.261808,35.180000000
266.264038,35.181000000
266.271017,35.182000000
266.278251,35.183000000
266.283920,35.184000000
266.300481,35.185000000
266.306700,35.186000000
266.310901,35.187000000
266.318838,35.188000000
266.326455,35.189000000
266.335314,35.190000000
266.339460,35.191000000
266.346838,35.192000000
266.354152,35.193000000
266.363367,35.194000000
266.368041,35.195000000
266.372220,35.196000000
266.379637,35.197000000
266.387089,35.198000000
266.392591,35.199000000
266.399957,35.200000000
266.406860,35.201000000
266.424964,35.202000000
266.432236,35.203000000
266.469400,35.204000000
266.473807,35.205000000
266.483178,35.206000000
266.489224,35.207000000
266.494941,35.208000000
266.501502,35.209000000
266.505961,35.210000000
266.512857,35.211000000
266.531238,35.212000000
266.538741,35.213000000
266.550009,35.214000000
266.551599,35.215000000
266.565007,35.216000000
266.565054,35.217000000
266.602082,35.218000000
266.614839,35.219000000
266.621894,35.220000000
266.634238,35.221000000
266.634285,35.222000000
266.674426,35.223000000
266.694457,35.224000000
266.697336,35.225000000
266.702376,35.226000000
266.704500,35.227000000
266.708941,35.228000000
266.713034,35.229000000
266.717134,35.230000000
266.723565,35.231000000
266.729802,35.232000000
266.731956,35.233000000
266.737339,35.234000000
266.741483,35.235000000
266.745430,35.236000000
266.756262,35.237000000
266.764199,35.238000000
266.783859,35.239000000
266.791232,35.240000000
266.801364,35.241000000
266.838450,35.242000000
266.850947,35.243000000
266.850998,35.244000000
266.854478,35.245000000
266.854978,35.246000000
266.866374,35.247000000
266.876059,35.248000000
266.882132,35.249000000
266.883635,35.250000000
266.888856,35.251000000
266.895495,35.252000000
266.895607,35.253000000
266.929261,35.254000000
266.941453,35.255000000
266.942548,35.256000000
266.969042,35.257000000
266.978690,35.258000000
266.978804,35.259000000
266.979288,35.260000000
266.981211,35.261000000
266.995870,35.262000000
267.009833,35.263000000
267.022490,35.264000000
267.038313,35.265000000
267.057301,35.266000000
267.068596,35.267000000
267.082703,35.268000000
267.082831,35.269000000
267.082910,35.270000000
267.082952,35.271000000
267.082990,35.272000000
267.084580,35.273000000
267.088460,35.274000000
267.113759,35.275000000
267.126437,35.276000000
267.142106,35.277000000
267.152155,35.278000000
267.167114,35.279000000
267.182891,35.280000000
267.187956,35.281000000
267.200378,35.282000000
267.213314,35.283000000
267.224433,35.284000000
267.238454,35.285000000
267.245114,35.286000000
267.258627,35.287000000
267.268188,35.288000000
267.287311,35.289000000
267.315294,35.290000000
267.333613,35.291000000
267.340803,35.292000000
267.356812,35.293000000
267.373566,35.294000000
267.390667,35.295000000
267.390928,35.296000000
267.419688,35.297000000
267.439209,35.298000000
267.443654,35.299000000
267.454560,35.300000000
267.463058,35.301000000
267.491418,35.302000000
267.498588,35.303000000
267.501153,35.304000000
267.508690,35.305000000
267.512068,35.306000000
267.523815,35.307000000
267.528781,35.308000000
267.531296,35.309000000
267.533030,35.310000000
267.534474,35.311000000
267.535930,35.312000000
267.538874,35.313000000
267.540380,35.314000000
267.545317,35.315000000
267.546952,35.316000000
267.548389,35.317000000
267.550160,35.318000000
267.551528,35.319000000
267.553057,35.320000000
267.555667,35.321000000
267.559515,35.322000000
267.563183,35.323000000
267.578678,35.324000000
267.579906,35.325000000
267.587183,35.326000000
267.589792,35.327000000
267.592095,35.328000000
267.595328,35.329000000
267.597570,35.330000000
267.599727,35.331000000
267.602824,35.332000000
267.615294,35.333000000
267.629820,35.334000000
267.632206,35.335000000
267.653726,35.336000000
267.665922,35.337000000
267.677130,35.338000000
267.693128,35.339000000
267.696422,35.340000000
267.704372,35.341000000
267.716933,35.342000000
267.723622,35.343000000
267.733622,35.344000000
267.740224,35.345000000
267.744779,35.346000000
267.749137,35.347000000
267.753345,35.348000000
267.775404,35.349000000
267.790430,35.350000000
267.808970,35.351000000
267.820147,35.352000000
267.838041,35.353000000
267.850827,35.354000000
267.867395,35.355000000
267.871901,35.356000000
267.876249,35.357000000
267.883627,35.358000000
267.894559,35.359000000
267.896857,35.360000000
267.910586,35.361000000
267.910730,35.362000000
267.910777,35.363000000
267.921878,35.364000000
267.922075,35.365000000
267.922149,35.366000000
267.926054,35.367000000
267.931777,35.368000000
267.943304,35.369000000
267.943449,35.370000000
267.943496,35.371000000
267.944452,35.372000000
267.953389,35.373000000
267.966428,35.374000000
267.983870,35.375000000
267.984015,35.376000000
267.984164,35.377000000
267.984696,35.378000000
267.994262,35.379000000
267.994594,35.380000000
268.002230,35.381000000
268.010689,35.382000000
268.025998,35.383000000
268.066380,35.384000000
268.076229,35.385000000
268.081776,35.386000000
268.089565,35.387000000
268.089940,35.388000000
268.098438,35.389000000
268.099577,35.390000000
268.149674,35.391000000
268.152079,35.392000000
268.154457,35.393000000
268.162061,35.394000000
268.168478,35.395000000
268.170657,35.396000000
268.180321,35.397000000
268.182459,35.398000000
268.184537,35.399000000
268.192360,35.400000000
268.200644,35.401000000
268.202776,35.402000000
268.224927,35.403000000
268.225047,35.404000000
268.233969,35.405000000
268.236394,35.406000000
268.237749,35.407000000
268.263532,35.408000000
268.271164,35.409000000
268.278143,35.410000000
268.286114,35.411000000
268.288359,35.412000000
268.297456,35.413000000
268.334192,35.414000000
268.334334,35.415000000
268.335279,35.416000000
268.335331,35.417000000
268.344064,35.418000000
268.344486,35.419000000
268.366174,35.420000000
268.375184,35.421000000
268.375321,35.422000000
268.385401,35.423000000
268.385506,35.424000000
268.388619,35.425000000
268.417537,35.426000000
268.419631,35.427000000
268.428993,35.428000000
268.429101,35.429000000
268.444505,35.430000000
268.446928,35.431000000
268.447360,35.432000000
268.462226,35.433000000
268.462377,35.434000000
268.462427,35.435000000
268.462466,35.436000000
268.469409,35.437000000
268.472427,35.438000000
268.502681,35.439000000
268.508693,35.440000000
268.521418,35.441000000
268.532158,35.442000000
268.542339,35.443000000
268.547963,35.444000000
268.559641,35.445000000
268.565451,35.446000000
268.578839,35.447000000
268.587131,35.448000000
268.598810,35.449000000
268.604046,35.450000000
268.613132,35.451000000
268.618693,35.452000000
268.627899,35.453000000
268.628013,35.454000000
268.633958,35.455000000
268.634020,35.456000000
268.653977,35.457000000
268.655130,35.458000000
268.655213,35.459000000
268.655355,35.460000000
268.655402,35.461000000
268.669629,35.462000000
268.680336,35.463000000
268.683061,35.464000000
268.683164,35.465000000
268.694421,35.466000000
268.694789,35.467000000
268.694854,35.468000000
268.694896,35.469000000
268.711449,35.470000000
268.719322,35.471000000
268.749900,35.472000000
268.754934,35.473000000
268.760616,35.474000000
268.778718,35.475000000
268.782994,35.476000000
268.791660,35.477000000
268.815952,35.478000000
268.821105,35.479000000
268.847129,35.480000000
268.852414,35.481000000
268.885643,35.482000000
268.894173,35.483000000
268.898742,35.484000000
268.908427,35.485000000
268.918955,35.486000000
268.929489,35.487000000
268.935759,35.488000000
268.947035,35.489000000
268.953235,35.490000000
268.962992,35.491000000
268.970607,35.492000000
268.981326,35.493000000
268.988915,35.494000000
268.997321,35.495000000
269.016455,35.496000000
269.030572,35.497000000
269.052992,35.498000000
269.058415,35.499000000
269.062080,35.500000000
269.095877,35.501000000
269.103135,35.502000000
269.114210,35.503000000
269.120152,35.504000000
269.144950,35.505000000
269.158106,35.506000000
269.171228,35.507000000
269.175373,35.508000000
269.181299,35.509000000
269.210896,35.510000000
269.217560,35.511000000
269.230473,35.512000000
269.235879,35.513000000
269.246234,35.514000000
269.253201,35.515000000
269.265148,35.516000000
269.272027,35.517000000
269.282164,35.518000000
269.297868,35.519000000
269.305312,35.520000000
269.311994,35.521000000
269.320030,35.522000000
269.324307,35.523000000
269.347523,35.524000000
269.353337,35.525000000
269.371641,35.526000000
269.376510,35.527000000
269.387555,35.528000000
269.412439,35.529000000
269.421826,35.530000000
269.428888,35.531000000
269.451862,35.532000000
269.454896,35.533000000
269.463188,35.534000000
269.497513,35.535000000
269.500571,35.536000000
269.535482,35.537000000
269.546357,35.538000000
269.552088,35.539000000
269.565672,35.540000000
269.576815,35.541000000
269.577387,35.542000000
269.592270,35.543000000
269.592762,35.544000000
269.601307,35.545000000
269.631640,35.546000000
269.631705,35.547000000
269.631749,35.548000000
269.631790,35.549000000
269.647295,35.550000000
269.647357,35.551000000
269.647400,35.552000000
269.680947,35.553000000
269.691142,35.554000000
269.701476,35.555000000
269.710362,35.556000000
269.737416,35.557000000
269.739792,35.558000000
269.748836,35.559000000
269.767652,35.560000000
269.767782,35.561000000
269.767833,35.562000000
269.770247,35.563000000
269.785621,35.564000000
269.786440,35.565000000
269.789557,35.566000000
269.789614,35.567000000
269.790257,35.568000000
269.790309,35.569000000
269.795661,35.570000000
269.797933,35.571000000
269.803835,35.572000000
269.823214,35.573000000
269.827523,35.574000000
269.862286,35.575000000
269.875240,35.576000000
269.889285,35.577000000
269.889334,35.578000000
269.891845,35.579000000
269.892324,35.580000000
269.900398,35.581000000
269.900843,35.582000000
269.900947,35.583000000
269.901697,35.584000000
269.904215,35.585000000
269.906088,35.586000000
269.908327,35.587000000
269.910222,35.588000000
269.917607,35.589000000
269.917725,35.590000000
269.917771,35.591000000
269.922917,35.592000000
269.927551,35.593000000
269.943932,35.594000000
269.963051,35.595000000
269.989332,35.596000000
270.004625,35.597000000
270.018761,35.598000000
270.030647,35.599000000
270.059899,35.600000000
270.067897,35.601000000
270.072792,35.602000000
270.096631,35.603000000
270.108220,35.604000000
270.110711,35.605000000
270.144048,35.606000000
270.144770,35.607000000
270.156260,35.608000000
270.162891,35.609000000
270.173888,35.610000000
270.181608,35.611000000
270.188126,35.612000000
270.202702,35.613000000
270.208345,35.614000000
270.219448,35.615000000
270.225438,35.616000000
270.235640,35.617000000
270.246211,35.618000000
270.255146,35.619000000
270.279594,35.620000000
270.279704,35.621000000
270.291270,35.622000000
270.296996,35.623000000
270.309504,35.624000000
270.309596,35.625000000
270.327488,35.626000000
270.343481,35.627000000
270.353925,35.628000000
270.371197,35.629000000
270.393250,35.630000000
270.411810,35.631000000
270.437326,35.632000000
270.454652,35.633000000
270.462747,35.634000000
270.472380,35.635000000
270.487399,35.636000000
270.500526,35.637000000
270.502983,35.638000000
270.507718,35.639000000
270.514275,35.640000000
270.518461,35.641000000
270.522496,35.642000000
270.528550,35.643000000
270.533092,35.644000000
270.542332,35.645000000
270.563337,35.646000000
270.608310,35.647000000
270.616448,35.648000000
270.627796,35.649000000
270.646456,35.650000000
270.661760,35.651000000
270.683334,35.652000000
270.683603,35.653000000
270.699368,35.654000000
270.710678,35.655000000
270.712620,35.656000000
270.726338,35.657000000
270.736430,35.658000000
270.754297,35.659000000
270.756244,35.660000000
270.772381,35.661000000
270.780355,35.662000000
270.790133,35.663000000
270.790382,35.664000000
270.790433,35.665000000
270.810918,35.666000000
270.819068,35.667000000
270.828828,35.668000000
270.836792,35.669000000
270.842914,35.670000000
270.851523,35.671000000
270.865329,35.672000000
270.869204,35.673000000
270.878930,35.674000000
270.885365,35.675000000
270.902950,35.676000000
270.914398,35.677000000
270.926932,35.678000000
270.930519,35.679000000
270.952075,35.680000000
270.952531,35.681000000
270.968042,35.682000000
270.987312,35.683000000
270.989340,35.684000000
270.997330,35.685000000
271.005074,35.686000000
271.015879,35.687000000
271.017313,35.688000000
271.021147,35.689000000
271.023212,35.690000000
271.026838,35.691000000
271.029240,35.692000000
271.033279,35.693000000
271.035717,35.694000000
271.039841,35.695000000
271.042222,35.696000000
271.047230,35.697000000
271.049248,35.698000000
271.051270,35.699000000
271.055133,35.700000000
271.057255,35.701000000
271.061991,35.702000000
271.064128,35.703000000
271.066426,35.704000000
271.082347,35.705000000
271.087523,35.706000000
271.118978,35.707000000
271.144359,35.708000000
271.146726,35.709000000
271.152877,35.710000000
271.162571,35.711000000
271.165002,35.712000000
271.191768,35.713000000
271.196690,35.714000000
271.199430,35.715000000
271.230591,35.716000000
271.234555,35.717000000
271.260829,35.718000000
271.267821,35.719000000
271.276789,35.720000000
271.302170,35.721000000
271.308250,35.722000000
271.316007,35.723000000
271.317239,35.724000000
271.384448,35.725000000
271.393157,35.726000000
271.414222,35.727000000
271.414671,35.728000000
271.414741,35.729000000
271.414819,35.730000000
271.428854,35.731000000
271.449123,35.732000000
271.462615,35.733000000
271.473857,35.734000000
271.498860,35.735000000
271.503900,35.736000000
271.519823,35.737000000
271.520235,35.738000000
271.537553,35.739000000
271.540857,35.740000000
271.549151,35.741000000
271.549583,35.742000000
271.554610,35.743000000
271.579262,35.744000000
271.586218,35.745000000
271.593558,35.746000000
271.595073,35.747000000
271.603526,35.748000000
271.603579,35.749000000
271.614908,35.750000000
271.624058,35.751000000
271.630835,35.752000000
271.631268,35.753000000
271.636547,35.754000000
271.678869,35.755000000
271.686995,35.756000000
271.707728,35.757000000
271.708619,35.758000000
271.716374,35.759000000
271.729954,35.760000000
271.741645,35.761000000
271.745810,35.762000000
271.762578,35.763000000
271.769945,35.764000000
271.776162,35.765000000
271.796576,35.766000000
271.800255,35.767000000
271.800306,35.768000000
271.808986,35.769000000
271.817534,35.770000000
271.817595,35.771000000
271.822691,35.772000000
271.830294,35.773000000
271.842308,35.774000000
271.844366,35.775000000
271.857730,35.776000000
271.857785,35.777000000
271.866366,35.778000000
271.866421,35.779000000
271.873115,35.780000000
271.891414,35.781000000
271.901871,35.782000000
271.902317,35.783000000
271.912075,35.784000000
271.922783,35.785000000
271.926134,35.786000000
271.945952,35.787000000
271.946449,35.788000000
271.949914,35.789000000
271.955588,35.790000000
271.961333,35.791000000
271.966366,35.792000000
271.972274,35.793000000
271.972811,35.794000000
272.005894,35.795000000
272.015831,35.796000000
272.028708,35.797000000
272.059022,35.798000000
272.090803,35.799000000
272.103897,35.800000000
272.119678,35.801000000
272.127280,35.802000000
272.142844,35.803000000
272.155117,35.804000000
272.161527,35.805000000
272.172623,35.806000000
272.176172,35.807000000
272.180826,35.808000000
272.196105,35.809000000
272.196246,35.810000000
272.205482,35.811000000
272.216232,35.812000000
272.216895,35.813000000
272.225184,35.814000000
272.229493,35.815000000
272.229563,35.816000000
272.234475,35.817000000
272.241132,35.818000000
272.278558,35.819000000
272.295827,35.820000000
272.304007,35.821000000
272.311486,35.822000000
272.339750,35.823000000
272.343498,35.824000000
272.348472,35.825000000
272.350286,35.826000000
272.354439,35.827000000
272.354887,35.828000000
272.355531,35.829000000
272.357316,35.830000000
272.359433,35.831000000
272.374744,35.832000000
272.377999,35.833000000
272.391193,35.834000000
272.410474,35.835000000
272.411994,35.836000000
272.419409,35.837000000
272.419755,35.838000000
272.420598,35.839000000
272.422417,35.840000000
272.424482,35.841000000
272.434263,35.842000000
272.452036,35.843000000
272.463820,35.844000000
272.484871,35.845000000
272.499683,35.846000000
272.508033,35.847000000
272.516621,35.848000000
272.522466,35.849000000
272.523272,35.850000000
272.523321,35.851000000
272.524533,35.852000000
272.536127,35.853000000
272.536474,35.854000000
272.542447,35.855000000
272.557219,35.856000000
272.557283,35.857000000
272.566966,35.858000000
272.574286,35.859000000
272.594264,35.860000000
272.604635,35.861000000
272.608780,35.862000000
272.614499,35.863000000
272.620885,35.864000000
272.627459,35.865000000
272.632151,35.866000000
272.635987,35.867000000
272.641276,35.868000000
272.647327,35.869000000
272.659415,35.870000000
272.662894,35.871000000
272.665555,35.872000000
272.671056,35.873000000
272.690961,35.874000000
272.696829,35.875000000
272.699141,35.876000000
272.703853,35.877000000
272.706123,35.878000000
272.709042,35.879000000
272.711386,35.880000000
272.714804,35.881000000
272.720133,35.882000000
272.728469,35.883000000
272.731445,35.884000000
272.734178,35.885000000
272.737027,35.886000000
272.745776,35.887000000
272.765994,35.888000000
272.782515,35.889000000
272.787853,35.890000000
272.796064,35.891000000
272.803122,35.892000000
272.808745,35.893000000
272.812505,35.894000000
272.829331,35.895000000
272.842098,35.896000000
272.851491,35.897000000
272.856312,35.898000000
272.867260,35.899000000
272.874044,35.900000000
272.887233,35.901000000
272.888685,35.902000000
272.900432,35.903000000
272.901974,35.904000000
272.906833,35.905000000
272.906897,35.906000000
272.912819,35.907000000
272.913104,35.908000000
272.916433,35.909000000
272.916817,35.910000000
272.917473,35.911000000
272.929306,35.912000000
272.935770,35.913000000
272.943284,35.914000000
272.947146,35.915000000
272.950487,35.916000000
272.953051,35.917000000
272.955621,35.918000000
272.957877,35.919000000
272.960212,35.920000000
272.962827,35.921000000
272.967190,35.922000000
273.001259,35.923000000
273.003509,35.924000000
273.022137,35.925000000
273.026741,35.926000000
273.034294,35.927000000
273.051877,35.928000000
273.071156,35.929000000
273.088789,35.930000000
273.091089,35.931000000
273.099776,35.932000000
273.115083,35.933000000
273.119316,35.934000000
273.125034,35.935000000
273.145500,35.936000000
273.145981,35.937000000
273.160463,35.938000000
273.171111,35.939000000
273.180981,35.940000000
273.196683,35.941000000
273.206278,35.942000000
273.219795,35.943000000
273.228696,35.944000000
273.236586,35.945000000
273.247153,35.946000000
273.252567,35.947000000
273.255722,35.948000000
273.285376,35.949000000
273.298208,35.950000000
273.304986,35.951000000
273.317858,35.952000000
273.351050,35.953000000
273.359242,35.954000000
273.381262,35.955000000
273.389110,35.956000000
273.397221,35.957000000
273.414721,35.958000000
273.431446,35.959000000
273.439113,35.960000000
273.451687,35.961000000
273.469868,35.962000000
273.481012,35.963000000
273.491681,35.964000000
273.508220,35.965000000
273.513948,35.966000000
273.523497,35.967000000
273.533211,35.968000000
273.546016,35.969000000
273.557238,35.970000000
273.569088,35.971000000
273.577229,35.972000000
273.587612,35.973000000
273.598134,35.974000000
273.607939,35.975000000
273.617229,35.976000000
273.641526,35.977000000
273.646390,35.978000000
273.672697,35.979000000
273.682308,35.980000000
273.684752,35.981000000
273.696194,35.982000000
273.700923,35.983000000
273.705157,35.984000000
273.742191,35.985000000
273.750735,35.986000000
273.756484,35.987000000
273.775873,35.988000000
273.778398,35.989000000
273.782730,35.990000000
273.785624,35.991000000
273.788277,35.992000000
273.790884,35.993000000
273.821735,35.994000000
273.829325,35.995000000
273.834451,35.996000000
273.848742,35.997000000
273.862509,35.998000000
273.873341,35.999000000
273.882869,36.000000000
273.899485,36.001000000
273.907691,36.002000000
273.919091,36.003000000
273.934562,36.004000000
273.946319,36.005000000
273.954044,36.006000000
273.958902,36.007000000
273.961990,36.008000000
273.964657,36.009000000
273.970306,36.010000000
273.973802,36.011000000
273.976012,36.012000000
273.980204,36.013000000
273.993053,36.014000000
273.995542,36.015000000
274.001205,36.016000000
274.003484,36.017000000
274.007697,36.018000000
274.010742,36.019000000
274.016590,36.020000000
274.020422,36.021000000
274.024330,36.022000000
274.026698,36.023000000
274.029069,36.024000000
274.034746,36.025000000
274.060040,36.026000000
274.063241,36.027000000
274.066117,36.028000000
274.074414,36.029000000
274.083601,36.030000000
274.089431,36.031000000
274.095614,36.032000000
274.100641,36.033000000
274.122247,36.034000000
274.126862,36.035000000
274.133809,36.036000000
274.151474,36.037000000
274.159095,36.038000000
274.168633,36.039000000
274.178020,36.040000000
274.178086,36.041000000
274.202625,36.042000000
274.202681,36.043000000
274.202719,36.044000000
274.206137,36.045000000
274.207543,36.046000000
274.209149,36.047000000
274.212198,36.048000000
274.216169,36.049000000
274.230913,36.050000000
274.233741,36.051000000
274.240036,36.052000000
274.247491,36.053000000
274.253245,36.054000000
274.269721,36.055000000
274.270258,36.056000000
274.279359,36.057000000
274.285878,36.058000000
274.291501,36.059000000
274.293482,36.060000000
274.300718,36.061000000
274.300772,36.062000000
274.311151,36.063000000
274.351167,36.064000000
274.387699,36.065000000
274.394579,36.066000000
274.408401,36.067000000
274.414032,36.068000000
274.426710,36.069000000
274.430694,36.070000000
274.458470,36.071000000
274.460913,36.072000000
274.482481,36.073000000
274.494423,36.074000000
274.499074,36.075000000
274.528732,36.076000000
274.536346,36.077000000
274.547825,36.078000000
274.557150,36.079000000
274.563460,36.080000000
274.575622,36.081000000
274.581578,36.082000000
274.591567,36.083000000
274.602934,36.084000000
274.610931,36.085000000
274.620050,36.086000000
274.629974,36.087000000
274.638751,36.088000000
274.645365,36.089000000
274.664001,36.090000000
274.673968,36.091000000
274.696283,36.092000000
274.708956,36.093000000
274.722596,36.094000000
274.727293,36.095000000
274.735704,36.096000000
274.739087,36.097000000
274.749037,36.098000000
274.749098,36.099000000
274.759617,36.100000000
274.774275,36.101000000
274.774332,36.102000000
274.783100,36.103000000
274.792348,36.104000000
274.804297,36.105000000
274.812422,36.106000000
274.814571,36.107000000
274.835045,36.108000000
274.844517,36.109000000
274.847662,36.110000000
274.860027,36.111000000
274.866101,36.112000000
274.879850,36.113000000
274.879907,36.114000000
274.879949,36.115000000
274.901312,36.116000000
274.908846,36.117000000
274.914793,36.118000000
274.929160,36.119000000
274.929255,36.120000000
274.946553,36.121000000
274.962864,36.122000000
274.962920,36.123000000
274.976656,36.124000000
274.990818,36.125000000
274.995209,36.126000000
275.008711,36.127000000
275.020817,36.128000000
275.022500,36.129000000
275.039995,36.130000000
275.040073,36.131000000
275.051195,36.132000000
275.064427,36.133000000
275.064482,36.134000000
275.064523,36.135000000
275.088735,36.136000000
275.096182,36.137000000
275.096239,36.138000000
275.112330,36.139000000
275.118069,36.140000000
275.128705,36.141000000
275.136361,36.142000000
275.149012,36.143000000
275.162659,36.144000000
275.162719,36.145000000
275.171098,36.146000000
275.179556,36.147000000
275.179609,36.148000000
275.201203,36.149000000
275.201288,36.150000000
275.212036,36.151000000
275.218139,36.152000000
275.218189,36.153000000
275.237250,36.154000000
275.247874,36.155000000
275.247930,36.156000000
275.247970,36.157000000
275.263462,36.158000000
275.273129,36.159000000
275.283031,36.160000000
275.295058,36.161000000
275.298967,36.162000000
275.320040,36.163000000
275.322681,36.164000000
275.332357,36.165000000
275.335116,36.166000000
275.342391,36.167000000
275.350920,36.168000000
275.354466,36.169000000
275.389814,36.170000000
275.389868,36.171000000
275.389907,36.172000000
275.398502,36.173000000
275.409006,36.174000000
275.424913,36.175000000
275.427963,36.176000000
275.430467,36.177000000
275.437589,36.178000000
275.440052,36.179000000
275.453321,36.180000000
275.455808,36.181000000
275.459479,36.182000000
275.470678,36.183000000
275.476606,36.184000000
275.479240,36.185000000
275.485294,36.186000000
275.490260,36.187000000
275.493063,36.188000000
275.499256,36.189000000
275.503996,36.190000000
275.507760,36.191000000
275.516902,36.192000000
275.524452,36.193000000
275.532586,36.194000000
275.539224,36.195000000
275.547438,36.196000000
275.557655,36.197000000
275.565711,36.198000000
275.573731,36.199000000
275.582055,36.200000000
275.592208,36.201000000
275.600319,36.202000000
275.606216,36.203000000
275.614816,36.204000000
275.620372,36.205000000
275.638147,36.206000000
275.649328,36.207000000
275.656675,36.208000000
275.678259,36.209000000
275.681107,36.210000000
275.683455,36.211000000
275.700346,36.212000000
275.703362,36.213000000
275.707606,36.214000000
275.714405,36.215000000
275.717361,36.216000000
275.720053,36.217000000
275.723217,36.218000000
275.729662,36.219000000
275.732908,36.220000000
275.739950,36.221000000
275.755540,36.222000000
275.758641,36.223000000
275.763049,36.224000000
275.771763,36.225000000
275.781610,36.226000000
275.799582,36.227000000
275.799643,36.228000000
275.833154,36.229000000
275.842324,36.230000000
275.845831,36.231000000
275.865229,36.232000000
275.872549,36.233000000
275.877012,36.234000000
275.884394,36.235000000
275.888709,36.236000000
275.896130,36.237000000
275.902488,36.238000000
275.908825,36.239000000
275.914383,36.240000000
275.924805,36.241000000
275.930543,36.242000000
275.936928,36.243000000
275.945759,36.244000000
275.948292,36.245000000
275.950821,36.246000000
275.959461,36.247000000
275.962205,36.248000000
275.964437,36.249000000
275.967351,36.250000000
275.969724,36.251000000
275.971994,36.252000000
275.986329,36.253000000
275.988765,36.254000000
275.992773,36.255000000
276.002696,36.256000000
276.005077,36.257000000
276.007754,36.258000000
276.010062,36.259000000
276.012448,36.260000000
276.014832,36.261000000
276.042165,36.262000000
276.044635,36.263000000
276.047084,36.264000000
276.054673,36.265000000
276.057209,36.266000000
276.063144,36.267000000
276.070430,36.268000000
276.078430,36.269000000
276.080755,36.270000000
276.086214,36.271000000
276.088969,36.272000000
276.103159,36.273000000
276.109876,36.274000000
276.128082,36.275000000
276.131062,36.276000000
276.133326,36.277000000
276.136308,36.278000000
276.138677,36.279000000
276.141021,36.280000000
276.143294,36.281000000
276.151772,36.282000000
276.154208,36.283000000
276.156416,36.284000000
276.158819,36.285000000
276.162238,36.286000000
276.164648,36.287000000
276.172594,36.288000000
276.174783,36.289000000
276.177178,36.290000000
276.204615,36.291000000
276.220208,36.292000000
276.237172,36.293000000
276.247621,36.294000000
276.260220,36.295000000
276.266908,36.296000000
276.273024,36.297000000
276.278736,36.298000000
276.285061,36.299000000
276.291353,36.300000000
276.298961,36.301000000
276.305896,36.302000000
276.313557,36.303000000
276.318227,36.304000000
276.321184,36.305000000
276.323646,36.306000000
276.330392,36.307000000
276.332636,36.308000000
276.336161,36.309000000
276.340601,36.310000000
276.345949,36.311000000
276.362454,36.312000000
276.364678,36.313000000
276.374642,36.314000000
276.384278,36.315000000
276.392345,36.316000000
276.430492,36.317000000
276.430899,36.318000000
276.443244,36.319000000
276.445841,36.320000000
276.467800,36.321000000
276.480541,36.322000000
276.490318,36.323000000
276.492654,36.324000000
276.496286,36.325000000
276.500636,36.326000000
276.528292,36.327000000
276.535465,36.328000000
276.560394,36.329000000
276.562453,36.330000000
276.588779,36.331000000
276.601074,36.332000000
276.610358,36.333000000
276.619934,36.334000000
276.627672,36.335000000
276.638707,36.336000000
276.657600,36.337000000
276.658128,36.338000000
276.667626,36.339000000
276.680224,36.340000000
276.699322,36.341000000
276.705667,36.342000000
276.714835,36.343000000
276.736290,36.344000000
276.764520,36.345000000
276.764607,36.346000000
276.795536,36.347000000
276.807667,36.348000000
276.816248,36.349000000
276.819972,36.350000000
276.829002,36.351000000
276.860700,36.352000000
276.870269,36.353000000
276.872108,36.354000000
276.874515,36.355000000
276.880426,36.356000000
276.880739,36.357000000
276.883065,36.358000000
276.889707,36.359000000
276.895728,36.360000000
276.896081,36.361000000
276.905091,36.362000000
276.911648,36.363000000
276.915493,36.364000000
276.931643,36.365000000
276.931702,36.366000000
276.958818,36.367000000
276.972333,36.368000000
276.994016,36.369000000
277.017803,36.370000000
277.017862,36.371000000
277.048742,36.372000000
277.048799,36.373000000
277.095814,36.374000000
277.095871,36.375000000
277.112496,36.376000000
277.112692,36.377000000
277.154970,36.378000000
277.168073,36.379000000
277.187527,36.380000000
277.199342,36.381000000
277.199405,36.382000000
277.199447,36.383000000
277.233690,36.384000000
277.263196,36.385000000
277.264934,36.386000000
277.285771,36.387000000
277.307812,36.388000000
277.338704,36.389000000
277.363024,36.390000000
277.374713,36.391000000
277.398466,36.392000000
277.411539,36.393000000
277.434354,36.394000000
277.469688,36.395000000
277.469745,36.396000000
277.491896,36.397000000
277.499488,36.398000000
277.520890,36.399000000
277.536655,36.400000000
277.553766,36.401000000
277.576921,36.402000000
277.577421,36.403000000
277.600893,36.404000000
277.628969,36.405000000
277.629030,36.406000000
277.646183,36.407000000
277.659322,36.408000000
277.671175,36.409000000
277.689390,36.410000000
277.690039,36.411000000
277.715017,36.412000000
277.754911,36.413000000
277.776611,36.414000000
277.807521,36.415000000
277.812020,36.416000000
277.828649,36.417000000
277.835170,36.418000000
277.842479,36.419000000
277.852378,36.420000000
277.855223,36.421000000
277.857781,36.422000000
277.863937,36.423000000
277.866731,36.424000000
277.870576,36.425000000
277.875055,36.426000000
277.878268,36.427000000
277.880590,36.428000000
277.893393,36.429000000
277.896199,36.430000000
277.898502,36.431000000
277.903120,36.432000000
277.907359,36.433000000
277.912684,36.434000000
277.914935,36.435000000
277.917666,36.436000000
277.922586,36.437000000
277.927394,36.438000000
277.931930,36.439000000
277.945486,36.440000000
277.948084,36.441000000
277.955138,36.442000000
277.959432,36.443000000
277.965703,36.444000000
277.968331,36.445000000
277.972177,36.446000000
277.977793,36.447000000
277.996312,36.448000000
277.998853,36.449000000
278.001238,36.450000000
278.007250,36.451000000
278.011513,36.452000000
278.017027,36.453000000
278.021475,36.454000000
278.024015,36.455000000
278.026543,36.456000000
278.034329,36.457000000
278.036661,36.458000000
278.040859,36.459000000
278.047025,36.460000000
278.052209,36.461000000
278.054670,36.462000000
278.056964,36.463000000
278.061311,36.464000000
278.069393,36.465000000
278.071975,36.466000000
278.078424,36.467000000
278.099994,36.468000000
278.102443,36.469000000
278.105202,36.470000000
278.107685,36.471000000
278.114688,36.472000000
278.129118,36.473000000
278.136322,36.474000000
278.146404,36.475000000
278.148919,36.476000000
278.162048,36.477000000
278.165151,36.478000000
278.167440,36.479000000
278.170312,36.480000000
278.172681,36.481000000
278.174976,36.482000000
278.183828,36.483000000
278.194021,36.484000000
278.201219,36.485000000
278.216715,36.486000000
278.219253,36.487000000
278.226122,36.488000000
278.230785,36.489000000
278.235714,36.490000000
278.240983,36.491000000
278.243383,36.492000000
278.248147,36.493000000
278.258880,36.494000000
278.266253,36.495000000
278.272679,36.496000000
278.281481,36.497000000
278.286669,36.498000000
278.297012,36.499000000
278.302532,36.500000000
278.309718,36.501000000
278.319431,36.502000000
278.325100,36.503000000
278.333471,36.504000000
278.340669,36.505000000
278.349775,36.506000000
278.357680,36.507000000
278.363305,36.508000000
278.371969,36.509000000
278.383162,36.510000000
278.393142,36.511000000
278.397146,36.512000000
278.403329,36.513000000
278.405600,36.514000000
278.409075,36.515000000
278.429361,36.516000000
278.447054,36.517000000
278.458696,36.518000000
278.469560,36.519000000
278.473396,36.520000000
278.476268,36.521000000
278.497385,36.522000000
278.504065,36.523000000
278.520113,36.524000000
278.524585,36.525000000
278.527297,36.526000000
278.563900,36.527000000
278.570400,36.528000000
278.616360,36.529000000
278.620515,36.530000000
278.632062,36.531000000
278.645526,36.532000000
278.653213,36.533000000
278.660867,36.534000000
278.671170,36.535000000
278.677139,36.536000000
278.686594,36.537000000
278.691678,36.538000000
278.697125,36.539000000
278.707621,36.540000000
278.713353,36.541000000
278.721473,36.542000000
278.730173,36.543000000
278.734691,36.544000000
278.746938,36.545000000
278.749990,36.546000000
278.754681,36.547000000
278.757115,36.548000000
278.777157,36.549000000
278.780796,36.550000000
278.799197,36.551000000
278.808792,36.552000000
278.822590,36.553000000
278.835437,36.554000000
278.840194,36.555000000
278.845948,36.556000000
278.861553,36.557000000
278.865114,36.558000000
278.880556,36.559000000
278.882921,36.560000000
278.888838,36.561000000
278.916834,36.562000000
278.926947,36.563000000
278.958188,36.564000000
278.968824,36.565000000
278.976801,36.566000000
278.985800,36.567000000
278.991188,36.568000000
278.996406,36.569000000
279.000367,36.570000000
279.006404,36.571000000
279.022688,36.572000000
279.029460,36.573000000
279.044595,36.574000000
279.053143,36.575000000
279.066759,36.576000000
279.074605,36.577000000
279.086424,36.578000000
279.110681,36.579000000
279.125202,36.580000000
279.147826,36.581000000
279.168795,36.582000000
279.177690,36.583000000
279.197004,36.584000000
279.210701,36.585000000
279.218902,36.586000000
279.229093,36.587000000
279.239919,36.588000000
279.249848,36.589000000
279.262779,36.590000000
279.265594,36.591000000
279.279322,36.592000000
279.294931,36.593000000
279.315156,36.594000000
279.322847,36.595000000
279.329371,36.596000000
279.339559,36.597000000
279.347791,36.598000000
279.355455,36.599000000
279.360900,36.600000000
279.364936,36.601000000
279.381223,36.602000000
279.396041,36.603000000
279.409622,36.604000000
279.421485,36.605000000
279.430037,36.606000000
279.439717,36.607000000
279.448422,36.608000000
279.458926,36.609000000
279.471460,36.610000000
279.474631,36.611000000
279.483623,36.612000000
279.504150,36.613000000
279.530061,36.614000000
279.541188,36.615000000
279.551235,36.616000000
279.558196,36.617000000
279.566651,36.618000000
279.585768,36.619000000
279.596096,36.620000000
279.603087,36.621000000
279.611523,36.622000000
279.615604,36.623000000
279.621331,36.624000000
279.646013,36.625000000
279.665013,36.626000000
279.675400,36.627000000
279.684139,36.628000000
279.696447,36.629000000
279.701199,36.630000000
279.715367,36.631000000
279.721004,36.632000000
279.732576,36.633000000
279.741066,36.634000000
279.744258,36.635000000
279.769607,36.636000000
279.783742,36.637000000
279.792241,36.638000000
279.799973,36.639000000
279.831615,36.640000000
279.841994,36.641000000
279.845458,36.642000000
279.864650,36.643000000
279.882132,36.644000000
279.897449,36.645000000
279.903334,36.646000000
279.911789,36.647000000
279.920766,36.648000000
279.937082,36.649000000
279.939677,36.650000000
279.961867,36.651000000
279.964382,36.652000000
279.989146,36.653000000
279.997491,36.654000000
280.004731,36.655000000
280.016147,36.656000000
280.024824,36.657000000
280.032475,36.658000000
280.040642,36.659000000
280.047492,36.660000000
280.058991,36.661000000
280.071215,36.662000000
280.080040,36.663000000
280.095040,36.664000000
280.101598,36.665000000
280.115980,36.666000000
280.157040,36.667000000
280.161134,36.668000000
280.180015,36.669000000
280.186918,36.670000000
280.207127,36.671000000
280.225742,36.672000000
280.227726,36.673000000
280.252291,36.674000000
280.252630,36.675000000
280.291407,36.676000000
280.291836,36.677000000
280.295620,36.678000000
280.311146,36.679000000
280.324143,36.680000000
280.331484,36.681000000
280.348600,36.682000000
280.357413,36.683000000
280.365557,36.684000000
280.373330,36.685000000
280.377671,36.686000000
280.387973,36.687000000
280.394377,36.688000000
280.401000,36.689000000
280.412580,36.690000000
280.420488,36.691000000
280.425338,36.692000000
280.428931,36.693000000
280.440066,36.694000000
280.449289,36.695000000
280.455517,36.696000000
280.481621,36.697000000
280.489409,36.698000000
280.519195,36.699000000
280.537898,36.700000000
280.545248,36.701000000
280.555051,36.702000000
280.569990,36.703000000
280.577053,36.704000000
280.584840,36.705000000
280.600938,36.706000000
280.608819,36.707000000
280.627273,36.708000000
280.640590,36.709000000
280.654209,36.710000000
280.663113,36.711000000
280.681322,36.712000000
280.693130,36.713000000
280.699680,36.714000000
280.708174,36.715000000
280.711932,36.716000000
280.723561,36.717000000
280.731255,36.718000000
280.737979,36.719000000
280.748913,36.720000000
280.754842,36.721000000
280.766137,36.722000000
280.774793,36.723000000
280.782096,36.724000000
280.792791,36.725000000
280.803068,36.726000000
280.807665,36.727000000
280.846729,36.728000000
280.850250,36.729000000
280.862402,36.730000000
280.866164,36.731000000
280.881773,36.732000000
280.881857,36.733000000
280.915001,36.734000000
280.934633,36.735000000
280.938246,36.736000000
280.955075,36.737000000
280.967711,36.738000000
280.970354,36.739000000
280.973133,36.740000000
280.975639,36.741000000
280.978100,36.742000000
280.985364,36.743000000
280.988867,36.744000000
280.991597,36.745000000
280.993912,36.746000000
280.996207,36.747000000
281.000734,36.748000000
281.021469,36.749000000
281.027344,36.750000000
281.033929,36.751000000
281.040365,36.752000000
281.047389,36.753000000
281.052020,36.754000000
281.059268,36.755000000
281.069052,36.756000000
281.079680,36.757000000
281.089166,36.758000000
281.099315,36.759000000
281.105863,36.760000000
281.112884,36.761000000
281.117135,36.762000000
281.121649,36.763000000
281.139299,36.764000000
281.143058,36.765000000
281.156399,36.766000000
281.163384,36.767000000
281.172085,36.768000000
281.176689,36.769000000
281.182667,36.770000000
281.186539,36.771000000
281.203426,36.772000000
281.206515,36.773000000
281.216784,36.774000000
281.221394,36.775000000
281.225006,36.776000000
281.259907,36.777000000
281.264788,36.778000000
281.277516,36.779000000
281.291486,36.780000000
281.301896,36.781000000
281.313294,36.782000000
281.326679,36.783000000
281.333022,36.784000000
281.346930,36.785000000
281.362233,36.786000000
281.374422,36.787000000
281.387856,36.788000000
281.394031,36.789000000
281.398412,36.790000000
281.402286,36.791000000
281.405960,36.792000000
281.433334,36.793000000
281.436635,36.794000000
281.443543,36.795000000
281.453129,36.796000000
281.467548,36.797000000
281.471831,36.798000000
281.474960,36.799000000
281.484524,36.800000000
281.486876,36.801000000
281.489198,36.802000000
281.501544,36.803000000
281.523714,36.804000000
281.531641,36.805000000
281.536557,36.806000000
281.550292,36.807000000
281.557437,36.808000000
281.568213,36.809000000
281.572160,36.810000000
281.576057,36.811000000
281.595523,36.812000000
281.602506,36.813000000
281.609112,36.814000000
281.614766,36.815000000
281.621762,36.816000000
281.628703,36.817000000
281.634845,36.818000000
281.640670,36.819000000
281.647256,36.820000000
281.658161,36.821000000
281.668070,36.822000000
281.676473,36.823000000
281.687147,36.824000000
281.690606,36.825000000
281.708049,36.826000000
281.715349,36.827000000
281.730863,36.828000000
281.734453,36.829000000
281.741729,36.830000000
281.746258,36.831000000
281.748632,36.832000000
281.758271,36.833000000
281.762576,36.834000000
281.767065,36.835000000
281.769407,36.836000000
281.786132,36.837000000
281.788578,36.838000000
281.794152,36.839000000
281.796566,36.840000000
281.827052,36.841000000
281.829798,36.842000000
281.838754,36.843000000
281.844223,36.844000000
281.850423,36.845000000
281.854923,36.846000000
281.862239,36.847000000
281.865024,36.848000000
281.868191,36.849000000
281.870519,36.850000000
281.884886,36.851000000
281.896330,36.852000000
281.898755,36.853000000
281.915566,36.854000000
281.917987,36.855000000
281.923340,36.856000000
281.927571,36.857000000
281.931187,36.858000000
281.935932,36.859000000
281.938936,36.860000000
281.945382,36.861000000
281.950760,36.862000000
281.953052,36.863000000
281.955490,36.864000000
281.961771,36.865000000
281.966326,36.866000000
281.971003,36.867000000
281.976230,36.868000000
281.978617,36.869000000
281.980901,36.870000000
281.987851,36.871000000
281.992208,36.872000000
281.996632,36.873000000
281.999103,36.874000000
282.017010,36.875000000
282.021618,36.876000000
282.024070,36.877000000
282.031407,36.878000000
282.035895,36.879000000
282.040245,36.880000000
282.042719,36.881000000
282.049350,36.882000000
282.055175,36.883000000
282.057564,36.884000000
282.060240,36.885000000
282.066226,36.886000000
282.070358,36.887000000
282.074832,36.888000000
282.078427,36.889000000
282.081056,36.890000000
282.088660,36.891000000
282.093934,36.892000000
282.098073,36.893000000
282.100503,36.894000000
282.107013,36.895000000
282.110233,36.896000000
282.112602,36.897000000
282.115112,36.898000000
282.124197,36.899000000
282.127676,36.900000000
282.136097,36.901000000
282.138872,36.902000000
282.145617,36.903000000
282.150102,36.904000000
282.154809,36.905000000
282.161263,36.906000000
282.163729,36.907000000
282.168700,36.908000000
282.172948,36.909000000
282.177330,36.910000000
282.180033,36.911000000
282.184740,36.912000000
282.187271,36.913000000
282.208920,36.914000000
282.213288,36.915000000
282.221113,36.916000000
282.240754,36.917000000
282.248467,36.918000000
282.253660,36.919000000
282.259228,36.920000000
282.277414,36.921000000
282.284833,36.922000000
282.289977,36.923000000
282.293594,36.924000000
282.298085,36.925000000
282.300549,36.926000000
282.306232,36.927000000
282.312544,36.928000000
282.314947,36.929000000
282.320470,36.930000000
282.333617,36.931000000
282.336641,36.932000000
282.354958,36.933000000
282.357970,36.934000000
282.368005,36.935000000
282.372518,36.936000000
282.374944,36.937000000
282.380656,36.938000000
282.385755,36.939000000
282.391821,36.940000000
282.394222,36.941000000
282.403349,36.942000000
282.412254,36.943000000
282.414892,36.944000000
282.419839,36.945000000
282.432114,36.946000000
282.434486,36.947000000
282.442137,36.948000000
282.447155,36.949000000
282.449478,36.950000000
282.451767,36.951000000
282.459047,36.952000000
282.461275,36.953000000
282.465180,36.954000000
282.468103,36.955000000
282.474385,36.956000000
282.477997,36.957000000
282.482723,36.958000000
282.485070,36.959000000
282.487564,36.960000000
282.495037,36.961000000
282.499420,36.962000000
282.502154,36.963000000
282.510121,36.964000000
282.515172,36.965000000
282.522083,36.966000000
282.533361,36.967000000
282.549281,36.968000000
282.560145,36.969000000
282.575863,36.970000000
282.591930,36.971000000
282.599562,36.972000000
282.611456,36.973000000
282.619191,36.974000000
282.627841,36.975000000
282.631628,36.976000000
282.645731,36.977000000
282.649546,36.978000000
282.650288,36.979000000
282.660063,36.980000000
282.666344,36.981000000
282.666446,36.982000000
282.668432,36.983000000
282.670229,36.984000000
282.719036,36.985000000
282.726260,36.986000000
282.746201,36.987000000
282.752474,36.988000000
282.754489,36.989000000
282.786069,36.990000000
282.794904,36.991000000
282.795342,36.992000000
282.850480,36.993000000
282.873992,36.994000000
282.874463,36.995000000
282.887225,36.996000000
282.913045,36.997000000
282.922473,36.998000000
282.929234,36.999000000
282.933703,37.000000000
282.940350,37.001000000
282.953136,37.002000000
282.983025,37.003000000
282.988940,37.004000000
282.998868,37.005000000
283.020229,37.006000000
283.030061,37.007000000
283.030129,37.008000000
283.039321,37.009000000
283.063666,37.010000000
283.072357,37.011000000
283.072419,37.012000000
283.091358,37.013000000
283.100315,37.014000000
283.124089,37.015000000
283.136121,37.016000000
283.136538,37.017000000
283.175723,37.018000000
283.209048,37.019000000
283.209157,37.020000000
283.220306,37.021000000
283.235823,37.022000000
283.255629,37.023000000
283.280233,37.024000000
283.294234,37.025000000
283.299863,37.026000000
283.307511,37.027000000
283.337037,37.028000000
283.353703,37.029000000
283.372959,37.030000000
283.379158,37.031000000
283.411665,37.032000000
283.412769,37.033000000
283.431591,37.034000000
283.448361,37.035000000
283.464160,37.036000000
283.492300,37.037000000
283.501915,37.038000000
283.509331,37.039000000
283.542854,37.040000000
283.542935,37.041000000
283.554185,37.042000000
283.558122,37.043000000
283.570998,37.044000000
283.581511,37.045000000
283.590528,37.046000000
283.625082,37.047000000
283.625532,37.048000000
283.628561,37.049000000
283.633245,37.050000000
283.647765,37.051000000
283.660955,37.052000000
283.661432,37.053000000
283.666089,37.054000000
283.712267,37.055000000
283.735237,37.056000000
283.750087,37.057000000
283.760897,37.058000000
283.799494,37.059000000
283.799963,37.060000000
283.810259,37.061000000
283.822294,37.062000000
283.843248,37.063000000
283.869517,37.064000000
283.880485,37.065000000
283.891630,37.066000000
283.897485,37.067000000
283.904477,37.068000000
283.911176,37.069000000
283.935923,37.070000000
283.945936,37.071000000
283.966666,37.072000000
283.967365,37.073000000
283.974930,37.074000000
284.003021,37.075000000
284.004446,37.076000000
284.050807,37.077000000
284.070486,37.078000000
284.079650,37.079000000
284.093368,37.080000000
284.115743,37.081000000
284.115808,37.082000000
284.137347,37.083000000
284.172741,37.084000000
284.175898,37.085000000
284.181064,37.086000000
284.200924,37.087000000
284.201798,37.088000000
284.221957,37.089000000
284.232477,37.090000000
284.239786,37.091000000
284.255396,37.092000000
284.265704,37.093000000
284.279569,37.094000000
284.280119,37.095000000
284.295900,37.096000000
284.303587,37.097000000
284.326386,37.098000000
284.333230,37.099000000
284.338923,37.100000000
284.376102,37.101000000
284.377705,37.102000000
284.390635,37.103000000
284.405088,37.104000000
284.416935,37.105000000
284.428169,37.106000000
284.438290,37.107000000
284.448434,37.108000000
284.473911,37.109000000
284.477368,37.110000000
284.488096,37.111000000
284.501113,37.112000000
284.515810,37.113000000
284.523287,37.114000000
284.541191,37.115000000
284.552327,37.116000000
284.564938,37.117000000
284.570132,37.118000000
284.586674,37.119000000
284.589197,37.120000000
284.602801,37.121000000
284.616502,37.122000000
284.622136,37.123000000
284.640687,37.124000000
284.640756,37.125000000
284.656716,37.126000000
284.659267,37.127000000
284.691231,37.128000000
284.703258,37.129000000
284.713378,37.130000000
284.732515,37.131000000
284.733195,37.132000000
284.752410,37.133000000
284.768108,37.134000000
284.776436,37.135000000
284.792039,37.136000000
284.806121,37.137000000
284.833855,37.138000000
284.854850,37.139000000
284.868283,37.140000000
284.881103,37.141000000
284.908287,37.142000000
284.921402,37.143000000
284.934104,37.144000000
284.946497,37.145000000
284.958529,37.146000000
284.979375,37.147000000
284.985049,37.148000000
284.994954,37.149000000
285.007314,37.150000000
285.015451,37.151000000
285.025199,37.152000000
285.035572,37.153000000
285.060022,37.154000000
285.079525,37.155000000
285.083580,37.156000000
285.091007,37.157000000
285.091330,37.158000000
285.091977,37.159000000
285.095765,37.160000000
285.113582,37.161000000
285.114137,37.162000000
285.114190,37.163000000
285.115654,37.164000000
285.117008,37.165000000
285.118323,37.166000000
285.166122,37.167000000
285.173486,37.168000000
285.193528,37.169000000
285.198112,37.170000000
285.202358,37.171000000
285.223731,37.172000000
285.227746,37.173000000
285.246126,37.174000000
285.258095,37.175000000
285.266828,37.176000000
285.273206,37.177000000
285.285899,37.178000000
285.298852,37.179000000
285.302568,37.180000000
285.313156,37.181000000
285.326260,37.182000000
285.330519,37.183000000
285.337878,37.184000000
285.351074,37.185000000
285.362941,37.186000000
285.372379,37.187000000
285.376641,37.188000000
285.394628,37.189000000
285.421795,37.190000000
285.435100,37.191000000
285.435164,37.192000000
285.438884,37.193000000
285.439615,37.194000000
285.449442,37.195000000
285.449522,37.196000000
285.461539,37.197000000
285.470969,37.198000000
285.474083,37.199000000
285.491367,37.200000000
285.491455,37.201000000
285.493318,37.202000000
285.493376,37.203000000
285.498866,37.204000000
285.507093,37.205000000
285.515987,37.206000000
285.516986,37.207000000
285.532948,37.208000000
285.540293,37.209000000
285.541421,37.210000000
285.550377,37.211000000
285.550490,37.212000000
285.550540,37.213000000
285.551587,37.214000000
285.562966,37.215000000
285.569843,37.216000000
285.573045,37.217000000
285.581941,37.218000000
285.588239,37.219000000
285.590682,37.220000000
285.599378,37.221000000
285.605569,37.222000000
285.613271,37.223000000
285.619192,37.224000000
285.625338,37.225000000
285.631651,37.226000000
285.638330,37.227000000
285.644885,37.228000000
285.665615,37.229000000
285.671657,37.230000000
285.681491,37.231000000
285.684289,37.232000000
285.695777,37.233000000
285.702091,37.234000000
285.708928,37.235000000
285.717095,37.236000000
285.723235,37.237000000
285.729282,37.238000000
285.736653,37.239000000
285.743341,37.240000000
285.750546,37.241000000
285.756134,37.242000000
285.764938,37.243000000
285.769611,37.244000000
285.778508,37.245000000
285.794640,37.246000000
285.799139,37.247000000
285.824563,37.248000000
285.832173,37.249000000
285.838401,37.250000000
285.844947,37.251000000
285.848850,37.252000000
285.861413,37.253000000
285.876961,37.254000000
285.881413,37.255000000
285.920472,37.256000000
285.923001,37.257000000
285.933614,37.258000000
285.942251,37.259000000
285.944969,37.260000000
285.954477,37.261000000
285.959248,37.262000000
285.981021,37.263000000
285.983530,37.264000000
285.992655,37.265000000
285.998324,37.266000000
286.004778,37.267000000
286.010376,37.268000000
286.016856,37.269000000
286.026214,37.270000000
286.029436,37.271000000
286.037726,37.272000000
286.044113,37.273000000
286.050055,37.274000000
286.060920,37.275000000
286.067481,37.276000000
286.074877,37.277000000
286.081439,37.278000000
286.089386,37.279000000
286.097224,37.280000000
286.105196,37.281000000
286.114205,37.282000000
286.120581,37.283000000
286.127757,37.284000000
286.134286,37.285000000
286.141559,37.286000000
286.150062,37.287000000
286.152438,37.288000000
286.162079,37.289000000
286.168493,37.290000000
286.182199,37.291000000
286.223439,37.292000000
286.229410,37.293000000
286.237364,37.294000000
286.243912,37.295000000
286.251376,37.296000000
286.255198,37.297000000
286.276033,37.298000000
286.282865,37.299000000
286.321631,37.300000000
286.331135,37.301000000
286.339305,37.302000000
286.342038,37.303000000
286.350530,37.304000000
286.355912,37.305000000
286.361616,37.306000000
286.382312,37.307000000
286.390058,37.308000000
286.396186,37.309000000
286.402657,37.310000000
286.410107,37.311000000
286.415943,37.312000000
286.421931,37.313000000
286.428270,37.314000000
286.434363,37.315000000
286.443508,37.316000000
286.449863,37.317000000
286.456110,37.318000000
286.463179,37.319000000
286.470992,37.320000000
286.476739,37.321000000
286.483080,37.322000000
286.491059,37.323000000
286.499209,37.324000000
286.505172,37.325000000
286.511554,37.326000000
286.521163,37.327000000
286.530838,37.328000000
286.541588,37.329000000
286.547442,37.330000000
286.554366,37.331000000
286.561514,37.332000000
286.570016,37.333000000
286.585978,37.334000000
286.613194,37.335000000
286.617055,37.336000000
286.624930,37.337000000
286.631460,37.338000000
286.637396,37.339000000
286.644168,37.340000000
286.671623,37.341000000
286.701108,37.342000000
286.713253,37.343000000
286.718663,37.344000000
286.723161,37.345000000
286.731758,37.346000000
286.747700,37.347000000
286.758282,37.348000000
286.765973,37.349000000
286.766080,37.350000000
286.775995,37.351000000
286.776072,37.352000000
286.818262,37.353000000
286.836720,37.354000000
286.852780,37.355000000
286.866284,37.356000000
286.871892,37.357000000
286.886727,37.358000000
286.907303,37.359000000
286.916726,37.360000000
286.931284,37.361000000
286.944302,37.362000000
286.957067,37.363000000
286.957127,37.364000000
286.977619,37.365000000
286.977684,37.366000000
287.006217,37.367000000
287.006281,37.368000000
287.006739,37.369000000
287.042157,37.370000000
287.042229,37.371000000
287.050400,37.372000000
287.071237,37.373000000
287.071308,37.374000000
287.071356,37.375000000
287.080352,37.376000000
287.112657,37.377000000
287.112743,37.378000000
287.126145,37.379000000
287.126238,37.380000000
287.154955,37.381000000
287.169791,37.382000000
287.185479,37.383000000
287.185549,37.384000000
287.202193,37.385000000
287.211604,37.386000000
287.221544,37.387000000
287.236941,37.388000000
287.244089,37.389000000
287.256284,37.390000000
287.259164,37.391000000
287.283797,37.392000000
287.313999,37.393000000
287.339930,37.394000000
287.361134,37.395000000
287.363852,37.396000000
287.380789,37.397000000
287.414629,37.398000000
287.417195,37.399000000
287.425315,37.400000000
287.432934,37.401000000
287.435472,37.402000000
287.443266,37.403000000
287.454996,37.404000000
287.470480,37.405000000
287.476138,37.406000000
287.485313,37.407000000
287.489855,37.408000000
287.495325,37.409000000
287.501682,37.410000000
287.509614,37.411000000
287.515713,37.412000000
287.522096,37.413000000
287.532587,37.414000000
287.540432,37.415000000
287.546711,37.416000000
287.553172,37.417000000
287.561020,37.418000000
287.568701,37.419000000
287.575057,37.420000000
287.581555,37.421000000
287.589315,37.422000000
287.594744,37.423000000
287.601694,37.424000000
287.608810,37.425000000
287.616280,37.426000000
287.621971,37.427000000
287.630096,37.428000000
287.638243,37.429000000
287.644787,37.430000000
287.654532,37.431000000
287.666760,37.432000000
287.674820,37.433000000
287.701743,37.434000000
287.706315,37.435000000
287.713135,37.436000000
287.719169,37.437000000
287.726804,37.438000000
287.729925,37.439000000
287.752838,37.440000000
287.771812,37.441000000
287.782999,37.442000000
287.807299,37.443000000
287.814939,37.444000000
287.817632,37.445000000
287.824497,37.446000000
287.829100,37.447000000
287.831742,37.448000000
287.840619,37.449000000
287.845273,37.450000000
287.861050,37.451000000
287.876356,37.452000000
287.879602,37.453000000
287.886724,37.454000000
287.891191,37.455000000
287.895152,37.456000000
287.900712,37.457000000
287.903245,37.458000000
287.910385,37.459000000
287.912803,37.460000000
287.917696,37.461000000
287.920115,37.462000000
287.930562,37.463000000
287.942057,37.464000000
287.945414,37.465000000
287.957691,37.466000000
287.971292,37.467000000
287.976834,37.468000000
287.996047,37.469000000
288.008500,37.470000000
288.022018,37.471000000
288.030084,37.472000000
288.033115,37.473000000
288.040187,37.474000000
288.040248,37.475000000
288.042901,37.476000000
288.050833,37.477000000
288.057783,37.478000000
288.065209,37.479000000
288.070940,37.480000000
288.071000,37.481000000
288.074355,37.482000000
288.078407,37.483000000
288.105816,37.484000000
288.105885,37.485000000
288.112030,37.486000000
288.125047,37.487000000
288.125171,37.488000000
288.125215,37.489000000
288.145581,37.490000000
288.145679,37.491000000
288.159567,37.492000000
288.159631,37.493000000
288.159672,37.494000000
288.160179,37.495000000
288.180188,37.496000000
288.181757,37.497000000
288.196019,37.498000000
288.203419,37.499000000
288.212528,37.500000000
288.218700,37.501000000
288.222368,37.502000000
288.228560,37.503000000
288.231436,37.504000000
288.234337,37.505000000
288.239969,37.506000000
288.251770,37.507000000
288.258968,37.508000000
288.265239,37.509000000
288.273099,37.510000000
288.279154,37.511000000
288.289001,37.512000000
288.298361,37.513000000
288.310770,37.514000000
288.316967,37.515000000
288.335049,37.516000000
288.340618,37.517000000
288.352151,37.518000000
288.375408,37.519000000
288.380175,37.520000000
288.389621,37.521000000
288.401145,37.522000000
288.410126,37.523000000
288.415220,37.524000000
288.428302,37.525000000
288.469007,37.526000000
288.474850,37.527000000
288.494807,37.528000000
288.508214,37.529000000
288.512178,37.530000000
288.520663,37.531000000
288.537999,37.532000000
288.547017,37.533000000
288.558461,37.534000000
288.574104,37.535000000
288.578158,37.536000000
288.584715,37.537000000
288.592093,37.538000000
288.604135,37.539000000
288.617527,37.540000000
288.625102,37.541000000
288.636874,37.542000000
288.646523,37.543000000
288.652661,37.544000000
288.658555,37.545000000
288.671153,37.546000000
288.677742,37.547000000
288.685831,37.548000000
288.691452,37.549000000
288.701988,37.550000000
288.708674,37.551000000
288.735967,37.552000000
288.741263,37.553000000
288.741855,37.554000000
288.744900,37.555000000
288.748988,37.556000000
288.749551,37.557000000
288.759332,37.558000000
288.765598,37.559000000
288.768147,37.560000000
288.771359,37.561000000
288.774006,37.562000000
288.774417,37.563000000
288.777462,37.564000000
288.779887,37.565000000
288.783423,37.566000000
288.788974,37.567000000
288.799931,37.568000000
288.806230,37.569000000
288.809408,37.570000000
288.824362,37.571000000
288.832599,37.572000000
288.836090,37.573000000
288.844023,37.574000000
288.870026,37.575000000
288.876865,37.576000000
288.905188,37.577000000
288.913347,37.578000000
288.923100,37.579000000
288.935828,37.580000000
288.948002,37.581000000
288.952800,37.582000000
288.965015,37.583000000
288.975107,37.584000000
288.988831,37.585000000
288.992824,37.586000000
289.000485,37.587000000
289.012272,37.588000000
289.018849,37.589000000
289.048031,37.590000000
289.048162,37.591000000
289.050678,37.592000000
289.071625,37.593000000
289.077445,37.594000000
289.103555,37.595000000
289.113343,37.596000000
289.117735,37.597000000
289.121147,37.598000000
289.123478,37.599000000
289.129019,37.600000000
289.142734,37.601000000
289.145402,37.602000000
289.147756,37.603000000
289.150166,37.604000000
289.152843,37.605000000
289.156019,37.606000000
289.159417,37.607000000
289.161924,37.608000000
289.164430,37.609000000
289.166805,37.610000000
289.169105,37.611000000
289.171536,37.612000000
289.173817,37.613000000
289.176162,37.614000000
289.178673,37.615000000
289.181644,37.616000000
289.184088,37.617000000
289.186421,37.618000000
289.188805,37.619000000
289.213318,37.620000000
289.220279,37.621000000
289.223117,37.622000000
289.225621,37.623000000
289.239067,37.624000000
289.276941,37.625000000
289.288058,37.626000000
289.302678,37.627000000
289.317251,37.628000000
289.332902,37.629000000
289.342846,37.630000000
289.352391,37.631000000
289.363213,37.632000000
289.372368,37.633000000
289.377002,37.634000000
289.379410,37.635000000
289.382028,37.636000000
289.390835,37.637000000
289.393653,37.638000000
289.396121,37.639000000
289.398499,37.640000000
289.401630,37.641000000
289.404009,37.642000000
289.406239,37.643000000
289.408704,37.644000000
289.411178,37.645000000
289.413505,37.646000000
289.415770,37.647000000
289.422879,37.648000000
289.428928,37.649000000
289.434268,37.650000000
289.438835,37.651000000
289.444265,37.652000000
289.474377,37.653000000
289.482064,37.654000000
289.489487,37.655000000
289.498498,37.656000000
289.509191,37.657000000
289.525677,37.658000000
289.528618,37.659000000
289.533394,37.660000000
289.539368,37.661000000
289.541871,37.662000000
289.544330,37.663000000
289.546757,37.664000000
289.549167,37.665000000
289.551666,37.666000000
289.554122,37.667000000
289.558158,37.668000000
289.563478,37.669000000
289.567462,37.670000000
289.580316,37.671000000
289.586298,37.672000000
289.589682,37.673000000
289.593709,37.674000000
289.596031,37.675000000
289.599393,37.676000000
289.602872,37.677000000
289.606742,37.678000000
289.609666,37.679000000
289.612448,37.680000000
289.615462,37.681000000
289.619892,37.682000000
289.622339,37.683000000
289.625397,37.684000000
289.629688,37.685000000
289.631954,37.686000000
289.636636,37.687000000
289.647118,37.688000000
289.649547,37.689000000
289.654129,37.690000000
289.658482,37.691000000
289.702870,37.692000000
289.717506,37.693000000
289.724582,37.694000000
289.732724,37.695000000
289.741545,37.696000000
289.750338,37.697000000
289.763975,37.698000000
289.768544,37.699000000
289.776256,37.700000000
289.788604,37.701000000
289.794502,37.702000000
289.801334,37.703000000
289.805333,37.704000000
289.808052,37.705000000
289.816354,37.706000000
289.820089,37.707000000
289.824735,37.708000000
289.828086,37.709000000
289.832395,37.710000000
289.844419,37.711000000
289.848819,37.712000000
289.852216,37.713000000
289.856610,37.714000000
289.862214,37.715000000
289.865758,37.716000000
289.870667,37.717000000
289.873827,37.718000000
289.880550,37.719000000
289.884079,37.720000000
289.907780,37.721000000
289.913854,37.722000000
289.918336,37.723000000
289.923918,37.724000000
289.934647,37.725000000
289.948197,37.726000000
289.953749,37.727000000
289.957451,37.728000000
289.966346,37.729000000
289.969635,37.730000000
289.976264,37.731000000
289.980382,37.732000000
289.982887,37.733000000
289.986043,37.734000000
289.988398,37.735000000
289.990603,37.736000000
289.992885,37.737000000
289.995276,37.738000000
289.997579,37.739000000
289.999968,37.740000000
290.002439,37.741000000
290.010603,37.742000000
290.028559,37.743000000
290.035484,37.744000000
290.037899,37.745000000
290.042503,37.746000000
290.047158,37.747000000
290.054167,37.748000000
290.064554,37.749000000
290.069766,37.750000000
290.074182,37.751000000
290.080023,37.752000000
290.085469,37.753000000
290.121950,37.754000000
290.144780,37.755000000
290.169536,37.756000000
290.180589,37.757000000
290.189302,37.758000000
290.199557,37.759000000
290.214609,37.760000000
290.229064,37.761000000
290.245807,37.762000000
290.262351,37.763000000
290.267629,37.764000000
290.272952,37.765000000
290.277592,37.766000000
290.279698,37.767000000
290.286103,37.768000000
290.289794,37.769000000
290.318575,37.770000000
290.321491,37.771000000
290.338323,37.772000000
290.345531,37.773000000
290.362177,37.774000000
290.389689,37.775000000
290.391407,37.776000000
290.406289,37.777000000
290.414480,37.778000000
290.414717,37.779000000
290.424682,37.780000000
290.428467,37.781000000
290.466419,37.782000000
290.483534,37.783000000
290.500019,37.784000000
290.513479,37.785000000
290.529735,37.786000000
290.543945,37.787000000
290.544011,37.788000000
290.549733,37.789000000
290.550682,37.790000000
290.556412,37.791000000
290.575589,37.792000000
290.581093,37.793000000
290.581147,37.794000000
290.596751,37.795000000
290.596867,37.796000000
290.616497,37.797000000
290.620817,37.798000000
290.626330,37.799000000
290.634805,37.800000000
290.642314,37.801000000
290.647211,37.802000000
290.650731,37.803000000
290.660623,37.804000000
290.663512,37.805000000
290.668910,37.806000000
290.672183,37.807000000
290.677913,37.808000000
290.687849,37.809000000
290.696011,37.810000000
290.703496,37.811000000
290.707767,37.812000000
290.717721,37.813000000
290.746883,37.814000000
290.760726,37.815000000
290.764563,37.816000000
290.767442,37.817000000
290.772167,37.818000000
290.774426,37.819000000
290.780487,37.820000000
290.783195,37.821000000
290.815948,37.822000000
290.839243,37.823000000
290.839289,37.824000000
290.843047,37.825000000
290.852707,37.826000000
290.855417,37.827000000
290.862465,37.828000000
290.887187,37.829000000
290.902799,37.830000000
290.909374,37.831000000
290.921416,37.832000000
290.925251,37.833000000
290.925940,37.834000000
290.930890,37.835000000
290.931681,37.836000000
290.941147,37.837000000
290.941194,37.839000000
290.942807,37.840000000
290.944841,37.841000000
290.949022,37.842000000
290.952354,37.843000000
290.965600,37.844000000
290.965651,37.846000000
291.012256,37.847000000
291.023526,37.848000000
291.038001,37.849000000
291.052713,37.850000000
291.061779,37.851000000
291.075888,37.852000000
291.093842,37.853000000
291.106517,37.854000000
291.106570,37.855000000
291.122964,37.856000000
291.128325,37.857000000
291.149807,37.858000000
291.159671,37.859000000
291.163251,37.860000000
291.173737,37.861000000
291.192068,37.862000000
291.207655,37.863000000
291.223595,37.864000000
291.234091,37.865000000
291.241844,37.866000000
291.246027,37.867000000
291.261406,37.868000000
291.269486,37.869000000
291.272705,37.870000000
291.299551,37.871000000
291.306296,37.872000000
291.310344,37.873000000
291.337768,37.874000000
291.341045,37.875000000
291.346473,37.876000000
291.356130,37.877000000
291.360989,37.878000000
291.392080,37.879000000
291.402975,37.880000000
291.420808,37.881000000
291.429464,37.882000000
291.440616,37.883000000
291.451050,37.884000000
291.462671,37.885000000
291.475477,37.886000000
291.484673,37.887000000
291.494746,37.888000000
291.515611,37.889000000
291.521273,37.890000000
291.533283,37.891000000
291.558307,37.892000000
291.587410,37.893000000
291.612490,37.894000000
291.617962,37.895000000
291.625111,37.896000000
291.632756,37.897000000
291.637483,37.898000000
291.643964,37.899000000
291.667043,37.900000000
291.668944,37.901000000
291.687475,37.902000000
291.698398,37.903000000
291.705803,37.904000000
291.727312,37.905000000
291.733528,37.906000000
291.761652,37.907000000
291.771281,37.908000000
291.786641,37.909000000
291.796568,37.910000000
291.801897,37.911000000
291.817132,37.912000000
291.831397,37.913000000
291.839963,37.914000000
291.845417,37.915000000
291.869984,37.916000000
291.880738,37.917000000
291.880786,37.918000000
291.904195,37.919000000
291.911379,37.920000000
291.911422,37.921000000
291.939827,37.922000000
291.939900,37.925000000
291.968251,37.926000000
291.977791,37.927000000
291.977839,37.929000000
291.996047,37.930000000
292.001806,37.931000000
292.001866,37.932000000
292.052783,37.933000000
292.062730,37.934000000
292.075311,37.935000000
292.075450,37.936000000
292.123335,37.937000000
292.143019,37.938000000
292.167683,37.939000000
292.177490,37.940000000
292.187928,37.941000000
292.210490,37.942000000
292.222870,37.943000000
292.233321,37.944000000
292.263511,37.945000000
292.265474,37.946000000
292.291267,37.947000000
292.297317,37.948000000
292.327050,37.949000000
292.335112,37.950000000
292.362113,37.951000000
292.369593,37.952000000
292.413581,37.953000000
292.430557,37.954000000
292.446561,37.955000000
292.466791,37.956000000
292.490046,37.957000000
292.492130,37.958000000
292.495253,37.959000000
292.547325,37.960000000
292.552701,37.961000000
292.560763,37.962000000
292.562747,37.963000000
292.568328,37.964000000
292.575341,37.965000000
292.596690,37.966000000
292.606251,37.967000000
292.612989,37.968000000
292.618833,37.969000000
292.623303,37.970000000
292.632180,37.971000000
292.643145,37.972000000
292.650403,37.973000000
292.652474,37.974000000
292.656522,37.975000000
292.659208,37.976000000
292.661548,37.977000000
292.663834,37.978000000
292.670890,37.979000000
292.677157,37.980000000
292.684366,37.981000000
292.688488,37.982000000
292.719887,37.983000000
292.723031,37.984000000
292.732258,37.985000000
292.734215,37.986000000
292.741721,37.987000000
292.743817,37.988000000
292.750736,37.989000000
292.756670,37.990000000
292.771430,37.991000000
292.781590,37.992000000
292.791935,37.993000000
292.800506,37.994000000
292.820553,37.995000000
292.827770,37.996000000
292.843973,37.997000000
292.851981,37.998000000
292.861956,37.999000000
292.866579,38.000000000
292.873428,38.001000000
292.880797,38.002000000
292.894683,38.003000000
292.909091,38.004000000
292.916029,38.005000000
292.926951,38.006000000
292.933720,38.007000000
292.941743,38.008000000
292.956722,38.009000000
292.971768,38.010000000
292.985038,38.011000000
293.020518,38.012000000
293.041184,38.013000000
293.051047,38.014000000
293.096059,38.015000000
293.112807,38.016000000
293.129820,38.017000000
293.141615,38.018000000
293.143743,38.019000000
293.167828,38.020000000
293.171529,38.021000000
293.174999,38.022000000
293.190340,38.023000000
293.194094,38.024000000
293.220863,38.025000000
293.229208,38.026000000
293.242273,38.027000000
293.255693,38.028000000
293.267548,38.029000000
293.279891,38.030000000
293.289306,38.031000000
293.297330,38.032000000
293.306512,38.033000000
293.316010,38.034000000
293.330188,38.035000000
293.336307,38.036000000
293.361391,38.037000000
293.366440,38.038000000
293.392190,38.039000000
293.413234,38.040000000
293.417383,38.041000000
293.445386,38.042000000
293.450908,38.043000000
293.458333,38.044000000
293.462571,38.045000000
293.472505,38.046000000
293.475508,38.047000000
293.477637,38.048000000
293.479747,38.049000000
293.482616,38.050000000
293.484661,38.051000000
293.486921,38.052000000
293.522040,38.053000000
293.534384,38.054000000
293.549691,38.055000000
293.581081,38.056000000
293.593931,38.057000000
293.618230,38.058000000
293.640739,38.059000000
293.647290,38.060000000
293.671130,38.061000000
293.671185,38.062000000
293.671791,38.063000000
293.680421,38.064000000
293.716070,38.065000000
293.716124,38.066000000
293.732890,38.067000000
293.762692,38.068000000
293.780094,38.069000000
293.794334,38.070000000
293.798655,38.071000000
293.800910,38.072000000
293.818529,38.073000000
293.834757,38.074000000
293.848387,38.075000000
293.865714,38.076000000
293.873473,38.077000000
293.875637,38.078000000
293.878081,38.079000000
293.881811,38.080000000
293.884308,38.081000000
293.888252,38.082000000
293.903050,38.083000000
293.915973,38.084000000
293.919452,38.085000000
293.925402,38.086000000
293.958644,38.087000000
293.972679,38.088000000
293.990166,38.089000000
293.992103,38.090000000
293.994169,38.091000000
293.998200,38.092000000
294.005855,38.093000000
294.016660,38.094000000
294.022945,38.095000000
294.030276,38.096000000
294.052909,38.097000000
294.056352,38.098000000
294.061965,38.099000000
294.073764,38.100000000
294.078071,38.101000000
294.123747,38.102000000
294.139413,38.103000000
294.144711,38.104000000
294.154748,38.105000000
294.154799,38.107000000
294.195125,38.108000000
294.200727,38.109000000
294.223281,38.110000000
294.241834,38.111000000
294.249406,38.112000000
294.257283,38.113000000
294.281865,38.114000000
294.282752,38.115000000
294.303025,38.116000000
294.303088,38.117000000
294.312447,38.118000000
294.319090,38.119000000
294.328031,38.120000000
294.340662,38.121000000
294.361233,38.122000000
294.367430,38.123000000
294.378246,38.124000000
294.393199,38.125000000
294.411320,38.126000000
294.411385,38.127000000
294.411426,38.128000000
294.443359,38.129000000
294.443427,38.130000000
294.465033,38.131000000
294.490875,38.132000000
294.500043,38.133000000
294.502500,38.134000000
294.507756,38.135000000
294.514706,38.136000000
294.534839,38.137000000
294.539772,38.138000000
294.547021,38.139000000
294.555856,38.140000000
294.594991,38.141000000
294.607422,38.142000000
294.625173,38.143000000
294.633018,38.144000000
294.639624,38.145000000
294.652959,38.146000000
294.665803,38.147000000
294.675881,38.148000000
294.690570,38.149000000
294.696563,38.150000000
294.706896,38.151000000
294.720402,38.152000000
294.730768,38.153000000
294.734254,38.154000000
294.743215,38.155000000
294.762213,38.156000000
294.762267,38.157000000
294.775214,38.158000000
294.777586,38.159000000
294.790309,38.160000000
294.794134,38.161000000
294.807482,38.162000000
294.814870,38.163000000
294.823736,38.164000000
294.828835,38.165000000
294.839764,38.166000000
294.839816,38.167000000
294.845675,38.168000000
294.878109,38.169000000
294.883279,38.170000000
294.889792,38.171000000
294.907880,38.172000000
294.911665,38.173000000
294.934659,38.174000000
294.945015,38.175000000
294.951093,38.176000000
294.968251,38.177000000
294.968632,38.178000000
295.028122,38.179000000
295.043266,38.180000000
295.053398,38.181000000
295.061585,38.182000000
295.070902,38.183000000
295.084602,38.184000000
295.091986,38.185000000
295.102109,38.186000000
295.110738,38.187000000
295.120901,38.188000000
295.130700,38.189000000
295.154776,38.190000000
295.172996,38.191000000
295.191137,38.192000000
295.197000,38.193000000
295.199214,38.194000000
295.205222,38.195000000
295.211073,38.196000000
295.213318,38.197000000
295.216633,38.198000000
295.219943,38.199000000
295.224229,38.200000000
295.231732,38.201000000
295.235118,38.202000000
295.248615,38.203000000
295.256381,38.204000000
295.258586,38.205000000
295.262703,38.206000000
295.266880,38.207000000
295.271012,38.208000000
295.275466,38.209000000
295.301258,38.210000000
295.306376,38.211000000
295.309619,38.212000000
295.313800,38.213000000
295.316135,38.214000000
295.320518,38.215000000
295.333875,38.216000000
295.337842,38.217000000
295.341948,38.218000000
295.346343,38.219000000
295.377434,38.220000000
295.401024,38.221000000
295.410657,38.222000000
295.416303,38.223000000
295.423055,38.224000000
295.432487,38.225000000
295.441905,38.226000000
295.449317,38.227000000
295.449369,38.229000000
295.452131,38.230000000
295.453295,38.231000000
295.455718,38.232000000
295.458172,38.233000000
295.460278,38.234000000
295.469562,38.235000000
295.471336,38.236000000
295.488958,38.237000000
295.489016,38.238000000
295.492744,38.239000000
295.501512,38.240000000
295.501580,38.242000000
295.503706,38.243000000
295.516272,38.244000000
295.516320,38.249000000
295.524786,38.250000000
295.554790,38.251000000
295.562492,38.252000000
295.575145,38.253000000
295.594501,38.254000000
295.603847,38.255000000
295.614672,38.256000000
295.617132,38.257000000
295.627537,38.258000000
295.654982,38.259000000
295.673800,38.260000000
295.680879,38.261000000
295.691249,38.262000000
295.701788,38.263000000
295.723609,38.264000000
295.738127,38.265000000
295.746207,38.266000000
295.759925,38.267000000
295.770471,38.268000000
295.777439,38.269000000
295.791864,38.270000000
295.806869,38.271000000
295.823289,38.272000000
295.864813,38.273000000
295.887277,38.274000000
295.900226,38.275000000
295.925581,38.276000000
295.940701,38.277000000
295.944171,38.278000000
295.965774,38.279000000
295.971729,38.280000000
295.976005,38.281000000
295.978236,38.282000000
295.982503,38.283000000
295.984708,38.284000000
296.014025,38.285000000
296.018631,38.286000000
296.032419,38.287000000
296.041997,38.288000000
296.070663,38.289000000
296.083427,38.290000000
296.095766,38.291000000
296.108677,38.292000000
296.121475,38.293000000
296.133363,38.294000000
296.143970,38.295000000
296.148180,38.296000000
296.151885,38.297000000
296.159101,38.298000000
296.166235,38.299000000
296.174831,38.300000000
296.177480,38.301000000
296.179684,38.302000000
296.204994,38.303000000
296.207379,38.304000000
296.210218,38.305000000
296.212863,38.306000000
296.215972,38.307000000
296.218355,38.308000000
296.225145,38.309000000
296.227382,38.310000000
296.229572,38.311000000
296.231758,38.312000000
296.248544,38.313000000
296.257187,38.314000000
296.268854,38.315000000
296.268930,38.316000000
296.268976,38.317000000
296.283556,38.318000000
296.310233,38.319000000
296.316439,38.320000000
296.325412,38.321000000
296.347541,38.322000000
296.350991,38.323000000
296.359506,38.324000000
296.401054,38.325000000
296.415527,38.326000000
296.428400,38.327000000
296.438426,38.328000000
296.450721,38.329000000
296.456010,38.330000000
296.462142,38.331000000
296.466446,38.332000000
296.473959,38.333000000
296.479621,38.334000000
296.490117,38.335000000
296.492563,38.336000000
296.498885,38.337000000
296.506462,38.338000000
296.511978,38.339000000
296.516243,38.340000000
296.523936,38.341000000
296.528881,38.342000000
296.535259,38.343000000
296.541969,38.344000000
296.545740,38.345000000
296.552312,38.346000000
296.577402,38.347000000
296.590235,38.348000000
296.597649,38.349000000
296.603815,38.350000000
296.640409,38.351000000
296.647623,38.352000000
296.655054,38.353000000
296.670202,38.354000000
296.676697,38.355000000
296.681725,38.356000000
296.703953,38.357000000
296.706639,38.358000000
296.708961,38.359000000
296.712306,38.360000000
296.714703,38.361000000
296.719306,38.362000000
296.723997,38.363000000
296.729699,38.364000000
296.731945,38.365000000
296.734362,38.366000000
296.742957,38.367000000
296.749866,38.368000000
296.754808,38.369000000
296.758140,38.370000000
296.760539,38.371000000
296.786182,38.372000000
296.797355,38.373000000
296.804650,38.374000000
296.815010,38.375000000
296.829139,38.376000000
296.836005,38.377000000
296.844884,38.378000000
296.856878,38.379000000
296.870217,38.380000000
296.878618,38.381000000
296.899559,38.382000000
296.908514,38.383000000
296.910998,38.384000000
296.913482,38.385000000
296.915826,38.386000000
296.918507,38.387000000
296.920743,38.388000000
296.923077,38.389000000
296.925477,38.390000000
296.927717,38.391000000
296.930151,38.392000000
296.933165,38.393000000
296.935590,38.394000000
296.939475,38.395000000
296.941959,38.396000000
296.944321,38.397000000
296.957392,38.398000000
296.970495,38.399000000
296.977133,38.400000000
296.990305,38.401000000
296.996706,38.402000000
297.021061,38.403000000
297.035882,38.404000000
297.039613,38.405000000
297.043411,38.406000000
297.046240,38.407000000
297.054092,38.408000000
297.056706,38.409000000
297.063912,38.410000000
297.066988,38.411000000
297.076883,38.412000000
297.092987,38.413000000
297.102309,38.414000000
297.107568,38.415000000
297.114887,38.416000000
297.119332,38.417000000
297.124540,38.418000000
297.134252,38.419000000
297.145649,38.420000000
297.150469,38.421000000
297.157361,38.422000000
297.170096,38.423000000
297.174413,38.424000000
297.202451,38.425000000
297.213917,38.426000000
297.223330,38.427000000
297.233804,38.428000000
297.245303,38.429000000
297.256253,38.430000000
297.268116,38.431000000
297.288390,38.432000000
297.296767,38.433000000
297.307689,38.434000000
297.318158,38.435000000
297.329504,38.436000000
297.334364,38.437000000
297.347771,38.438000000
297.351171,38.439000000
297.353811,38.440000000
297.361514,38.441000000
297.367202,38.442000000
297.369584,38.443000000
297.374599,38.444000000
297.380673,38.445000000
297.383111,38.446000000
297.385281,38.447000000
297.400105,38.448000000
297.403401,38.449000000
297.409250,38.450000000
297.411588,38.451000000
297.424253,38.452000000
297.431502,38.453000000
297.442005,38.454000000
297.444772,38.455000000
297.475066,38.456000000
297.481890,38.457000000
297.485001,38.458000000
297.492530,38.459000000
297.498825,38.460000000
297.511320,38.461000000
297.515637,38.462000000
297.522732,38.463000000
297.525157,38.464000000
297.532093,38.465000000
297.534683,38.466000000
297.540258,38.467000000
297.544670,38.468000000
297.557990,38.469000000
297.572212,38.470000000
297.579687,38.471000000
297.586443,38.472000000
297.588899,38.473000000
297.593321,38.474000000
297.598515,38.475000000
297.600757,38.476000000
297.615776,38.477000000
297.619713,38.478000000
297.623996,38.479000000
297.626727,38.480000000
297.630641,38.481000000
297.635782,38.482000000
297.664831,38.483000000
297.675350,38.484000000
297.685363,38.485000000
297.691356,38.486000000
297.698110,38.487000000
297.706248,38.488000000
297.716035,38.489000000
297.723097,38.490000000
297.735253,38.491000000
297.743591,38.492000000
297.752398,38.493000000
297.760915,38.494000000
297.766722,38.495000000
297.769159,38.496000000
297.772037,38.497000000
297.774265,38.498000000
297.776366,38.499000000
297.777796,38.500000000
297.779371,38.501000000
297.780949,38.502000000
297.782908,38.503000000
297.784536,38.504000000
297.786242,38.505000000
297.787784,38.506000000
297.789390,38.507000000
297.790858,38.508000000
297.792278,38.509000000
297.793675,38.510000000
297.795269,38.511000000
297.797068,38.512000000
297.798707,38.513000000
297.823264,38.514000000
297.842643,38.515000000
297.842715,38.516000000
297.842759,38.517000000
297.850600,38.518000000
297.850669,38.519000000
297.850710,38.520000000
297.852945,38.521000000
297.869418,38.522000000
297.883148,38.523000000
297.883229,38.524000000
297.883270,38.525000000
297.897215,38.526000000
297.897264,38.527000000
297.899162,38.528000000
297.914125,38.529000000
297.918904,38.530000000
297.922386,38.531000000
297.929770,38.532000000
297.932139,38.533000000
297.936570,38.534000000
297.941924,38.535000000
297.951600,38.536000000
297.954685,38.537000000
297.960673,38.538000000
297.966489,38.539000000
297.972077,38.540000000
297.975777,38.541000000
298.012535,38.542000000
298.018886,38.543000000
298.023015,38.544000000
298.031485,38.545000000
298.036624,38.546000000
298.044860,38.547000000
298.048850,38.548000000
298.057003,38.549000000
298.064225,38.550000000
298.072256,38.551000000
298.079854,38.552000000
298.092268,38.553000000
298.094766,38.554000000
298.096837,38.555000000
298.098856,38.556000000
298.101104,38.557000000
298.103154,38.558000000
298.105220,38.559000000
298.108391,38.560000000
298.110492,38.561000000
298.112716,38.562000000
298.119594,38.563000000
298.127406,38.564000000
298.127454,38.565000000
298.129233,38.566000000
298.141718,38.567000000
298.151022,38.568000000
298.158218,38.569000000
298.161574,38.570000000
298.168158,38.571000000
298.174935,38.572000000
298.183256,38.573000000
298.189108,38.574000000
298.207237,38.575000000
298.229125,38.576000000
298.236789,38.577000000
298.238712,38.578000000
298.251915,38.579000000
298.258154,38.580000000
298.271410,38.581000000
298.271489,38.584000000
298.295471,38.585000000
298.295532,38.588000000
298.298284,38.589000000
298.304889,38.590000000
298.317328,38.591000000
298.322713,38.592000000
298.339243,38.593000000
298.344483,38.594000000
298.350571,38.595000000
298.366137,38.596000000
298.370232,38.597000000
298.374224,38.598000000
298.420682,38.599000000
298.432687,38.600000000
298.447288,38.601000000
298.460086,38.602000000
298.462431,38.603000000
298.477811,38.604000000
298.491004,38.605000000
298.499195,38.606000000
298.515805,38.607000000
298.533325,38.608000000
298.543485,38.609000000
298.580470,38.610000000
298.608555,38.611000000
298.618397,38.612000000
298.642689,38.613000000
298.643990,38.614000000
298.662649,38.615000000
298.671931,38.616000000
298.686559,38.617000000
298.696520,38.618000000
298.703080,38.619000000
298.733280,38.620000000
298.735314,38.621000000
298.740055,38.622000000
298.743147,38.623000000
298.747140,38.624000000
298.775832,38.625000000
298.784928,38.626000000
298.796274,38.627000000
298.809247,38.628000000
298.820945,38.629000000
298.835979,38.630000000
298.845272,38.631000000
298.860761,38.632000000
298.887206,38.633000000
298.903597,38.634000000
298.915622,38.635000000
298.918453,38.636000000
298.926599,38.637000000
298.933660,38.638000000
298.936142,38.639000000
298.958389,38.640000000
298.961055,38.641000000
298.969803,38.642000000
298.972145,38.643000000
298.980639,38.644000000
299.008955,38.645000000
299.017491,38.646000000
299.019837,38.647000000
299.039034,38.648000000
299.039613,38.649000000
299.039663,38.650000000
299.082052,38.651000000
299.113991,38.652000000
299.116778,38.653000000
299.140145,38.654000000
299.142751,38.655000000
299.194032,38.656000000
299.217302,38.657000000
299.220387,38.658000000
299.251156,38.659000000
299.261922,38.660000000
299.266067,38.661000000
299.276498,38.662000000
299.294986,38.663000000
299.309058,38.664000000
299.326949,38.665000000
299.330515,38.666000000
299.341044,38.667000000
299.363648,38.668000000
299.370439,38.669000000
299.381744,38.670000000
299.389377,38.671000000
299.419595,38.672000000
299.426858,38.673000000
299.442597,38.674000000
299.467361,38.675000000
299.488036,38.676000000
299.490563,38.677000000
299.509622,38.678000000
299.527544,38.679000000
299.532482,38.680000000
299.551054,38.681000000
299.561939,38.682000000
299.572449,38.683000000
299.598279,38.684000000
299.607924,38.685000000
299.616154,38.686000000
299.666602,38.687000000
299.674332,38.688000000
299.684682,38.689000000
299.693188,38.690000000
299.722894,38.691000000
299.731970,38.692000000
299.739104,38.693000000
299.748103,38.694000000
299.752286,38.695000000
299.757674,38.696000000
299.771797,38.697000000
299.771916,38.698000000
299.771965,38.699000000
299.772007,38.700000000
299.772651,38.701000000
299.798838,38.702000000
299.806553,38.703000000
299.813360,38.704000000
299.818022,38.705000000
299.827919,38.706000000
299.834424,38.707000000
299.844441,38.708000000
299.849405,38.709000000
299.857586,38.710000000
299.865918,38.711000000
299.873230,38.712000000
299.887019,38.713000000
299.889265,38.714000000
299.897985,38.715000000
299.910366,38.716000000
299.916142,38.717000000
299.925751,38.718000000
299.936257,38.719000000
299.970792,38.720000000
299.970954,38.721000000
299.986894,38.722000000
299.995653,38.723000000
300.022879,38.724000000
300.038342,38.725000000
300.045400,38.726000000
300.048511,38.727000000
300.057641,38.728000000
300.060342,38.729000000
300.062777,38.730000000
300.065412,38.731000000
300.075826,38.732000000
300.093740,38.733000000
300.096834,38.734000000
300.099396,38.735000000
300.101724,38.736000000
300.114917,38.737000000
300.117947,38.738000000
300.120246,38.739000000
300.125443,38.740000000
300.132640,38.741000000
300.135131,38.742000000
300.147775,38.743000000
300.150095,38.744000000
300.155752,38.745000000
300.166365,38.746000000
300.168696,38.747000000
300.172553,38.748000000
300.177125,38.749000000
300.179374,38.750000000
300.185628,38.751000000
300.193128,38.752000000
300.198311,38.753000000
300.204559,38.754000000
300.209822,38.755000000
300.217030,38.756000000
300.222120,38.757000000
300.256819,38.758000000
300.274538,38.759000000
300.294336,38.760000000
300.306628,38.761000000
300.311896,38.762000000
300.316732,38.763000000
300.320680,38.764000000
300.327054,38.765000000
300.346704,38.766000000
300.359289,38.767000000
300.366922,38.768000000
300.369570,38.769000000
300.376773,38.770000000
300.383229,38.771000000
300.387784,38.772000000
300.421491,38.773000000
300.431450,38.774000000
300.433734,38.775000000
300.442579,38.776000000
300.444489,38.777000000
300.448417,38.778000000
300.470792,38.779000000
300.476964,38.780000000
300.483372,38.781000000
300.489373,38.782000000
300.495360,38.783000000
300.501099,38.784000000
300.507791,38.785000000
300.516647,38.786000000
300.526651,38.787000000
300.532109,38.788000000
300.540444,38.789000000
300.548870,38.790000000
300.556538,38.791000000
300.563298,38.792000000
300.571873,38.793000000
300.584442,38.794000000
300.588615,38.795000000
300.597416,38.796000000
300.613110,38.797000000
300.620756,38.798000000
300.626576,38.799000000
300.633611,38.800000000
300.643352,38.801000000
300.683408,38.802000000
300.694140,38.803000000
300.716178,38.804000000
300.725150,38.805000000
300.733039,38.806000000
300.735045,38.807000000
300.741130,38.808000000
300.746465,38.809000000
300.754560,38.810000000
300.780005,38.811000000
300.783966,38.812000000
300.787648,38.813000000
300.791651,38.814000000
300.829403,38.815000000
300.843151,38.816000000
300.847309,38.817000000
300.870220,38.818000000
300.878990,38.819000000
300.900566,38.820000000
300.906540,38.821000000
300.912649,38.822000000
300.918787,38.823000000
300.923176,38.824000000
300.929858,38.825000000
300.939658,38.826000000
300.945652,38.827000000
300.955113,38.828000000
300.961165,38.829000000
300.969509,38.830000000
300.977515,38.831000000
300.984734,38.832000000
300.991140,38.833000000
300.997163,38.834000000
301.005917,38.835000000
301.014143,38.836000000
301.021903,38.837000000
301.035194,38.838000000
301.047184,38.839000000
301.063968,38.840000000
301.071388,38.841000000
301.079966,38.842000000
301.086138,38.843000000
301.115743,38.844000000
301.121103,38.845000000
301.137485,38.846000000
301.148819,38.847000000
301.175828,38.848000000
301.194205,38.849000000
301.211640,38.850000000
301.216796,38.851000000
301.220675,38.852000000
301.226307,38.853000000
301.250564,38.854000000
301.257668,38.855000000
301.272034,38.856000000
301.277082,38.857000000
301.305257,38.858000000
301.316672,38.859000000
301.332314,38.860000000
301.339024,38.861000000
301.357967,38.862000000
301.365167,38.863000000
301.388016,38.864000000
301.395631,38.865000000
301.413754,38.866000000
301.434235,38.867000000
301.451140,38.868000000
301.457880,38.869000000
301.468017,38.870000000
301.502728,38.871000000
301.507703,38.872000000
301.535077,38.873000000
301.543404,38.874000000
301.553723,38.875000000
301.574013,38.876000000
301.579208,38.877000000
301.591615,38.878000000
301.621773,38.879000000
301.628413,38.880000000
301.653242,38.881000000
301.667401,38.882000000
301.682340,38.883000000
301.720674,38.884000000
301.734109,38.885000000
301.746118,38.886000000
301.756200,38.887000000
301.768091,38.888000000
301.784232,38.889000000
301.788932,38.890000000
301.800107,38.891000000
301.809206,38.892000000
301.818028,38.893000000
301.830507,38.894000000
301.838086,38.895000000
301.843748,38.896000000
301.853050,38.897000000
301.870922,38.898000000
301.882965,38.899000000
301.889544,38.900000000
301.913665,38.901000000
301.923589,38.902000000
301.934347,38.903000000
301.941783,38.904000000
301.946477,38.905000000
301.959610,38.906000000
301.989809,38.907000000
301.995850,38.908000000
302.007805,38.909000000
302.018198,38.910000000
302.023841,38.911000000
302.058345,38.912000000
302.064574,38.913000000
302.073511,38.914000000
302.082957,38.915000000
302.094544,38.916000000
302.104338,38.917000000
302.117689,38.918000000
302.124660,38.919000000
302.136272,38.920000000
302.152827,38.921000000
302.162892,38.922000000
302.168540,38.923000000
302.174986,38.924000000
302.194872,38.925000000
302.197918,38.926000000
302.230846,38.927000000
302.233415,38.928000000
302.241792,38.929000000
302.257403,38.930000000
302.263648,38.931000000
302.269582,38.932000000
302.277519,38.933000000
302.298465,38.934000000
302.305899,38.935000000
302.320352,38.936000000
302.328256,38.937000000
302.332731,38.938000000
302.357517,38.939000000
302.373809,38.940000000
302.396808,38.941000000
302.406662,38.942000000
302.414740,38.943000000
302.425240,38.944000000
302.437813,38.945000000
302.448588,38.946000000
302.458563,38.947000000
302.468101,38.948000000
302.476054,38.949000000
302.483800,38.950000000
302.490969,38.951000000
302.516004,38.952000000
302.523877,38.953000000
302.544639,38.954000000
302.553783,38.955000000
302.563220,38.956000000
302.577220,38.957000000
302.584673,38.958000000
302.594186,38.959000000
302.617198,38.960000000
302.620806,38.961000000
302.638118,38.962000000
302.643375,38.963000000
302.651630,38.964000000
302.680340,38.965000000
302.694263,38.966000000
302.700511,38.967000000
302.712569,38.968000000
302.724981,38.969000000
302.733635,38.970000000
302.746473,38.971000000
302.753050,38.972000000
302.764803,38.973000000
302.775921,38.974000000
302.785357,38.975000000
302.797342,38.976000000
302.808049,38.977000000
302.845592,38.978000000
302.861758,38.979000000
302.875390,38.980000000
302.886934,38.981000000
302.891731,38.982000000
302.899086,38.983000000
302.923057,38.984000000
302.928895,38.985000000
302.941853,38.986000000
302.953669,38.987000000
302.957747,38.988000000
302.992268,38.989000000
302.999024,38.990000000
303.005483,38.991000000
303.018013,38.992000000
303.025513,38.993000000
303.034697,38.994000000
303.046518,38.995000000
303.057293,38.996000000
303.066792,38.997000000
303.074358,38.998000000
303.086339,38.999000000
303.095487,39.000000000
303.122092,39.001000000
303.132954,39.002000000
303.140016,39.003000000
303.162647,39.004000000
303.169871,39.005000000
303.179478,39.006000000
303.204842,39.007000000
303.218681,39.008000000
303.224656,39.009000000
303.254695,39.010000000
303.260803,39.011000000
303.268691,39.012000000
303.284069,39.013000000
303.284113,39.014000000
303.301549,39.015000000
303.339999,39.016000000
303.348179,39.017000000
303.357929,39.018000000
303.374327,39.019000000
303.381061,39.020000000
303.396811,39.021000000
303.403262,39.022000000
303.414267,39.023000000
303.421604,39.024000000
303.430569,39.025000000
303.439960,39.026000000
303.444499,39.027000000
303.454129,39.028000000
303.474413,39.029000000
303.487628,39.030000000
303.508947,39.031000000
303.516112,39.032000000
303.523263,39.033000000
303.541704,39.034000000
303.546226,39.035000000
303.550536,39.036000000
303.580554,39.037000000
303.602094,39.038000000
303.610335,39.039000000
303.631608,39.040000000
303.640022,39.041000000
303.666135,39.042000000
303.679057,39.043000000
303.688322,39.044000000
303.698665,39.045000000
303.704243,39.046000000
303.715349,39.047000000
303.726543,39.048000000
303.740824,39.049000000
303.750456,39.050000000
303.764396,39.051000000
303.769753,39.052000000
303.778729,39.053000000
303.789189,39.054000000
303.817463,39.055000000
303.831551,39.056000000
303.846887,39.057000000
303.869721,39.058000000
303.869773,39.059000000
303.879069,39.060000000
303.899197,39.061000000
303.912084,39.062000000
303.917945,39.063000000
303.927403,39.064000000
303.946674,39.065000000
303.954249,39.066000000
303.961964,39.067000000
303.974133,39.068000000
303.985527,39.069000000
304.008915,39.070000000
304.015655,39.071000000
304.029653,39.072000000
304.038764,39.073000000
304.052797,39.074000000
304.063347,39.075000000
304.069526,39.076000000
304.081751,39.077000000
304.088145,39.078000000
304.101380,39.079000000
304.109460,39.080000000
304.119946,39.081000000
304.132096,39.082000000
304.132136,39.083000000
304.137916,39.084000000
304.167615,39.085000000
304.171528,39.086000000
304.177585,39.087000000
304.201045,39.088000000
304.207776,39.089000000
304.219678,39.090000000
304.225543,39.091000000
304.234682,39.092000000
304.241403,39.093000000
304.243704,39.094000000
304.265982,39.095000000
304.274467,39.096000000
304.296276,39.097000000
304.296319,39.099000000
304.298817,39.100000000
304.335493,39.101000000
304.339469,39.102000000
304.358148,39.103000000
304.358191,39.105000000
304.364163,39.106000000
304.381801,39.107000000
304.381961,39.108000000
304.384793,39.109000000
304.401395,39.110000000
304.401437,39.112000000
304.408994,39.113000000
304.409687,39.114000000
304.421414,39.115000000
304.430748,39.116000000
304.443629,39.117000000
304.468876,39.118000000
304.471480,39.119000000
304.492159,39.120000000
304.508728,39.121000000
304.516562,39.122000000
304.528686,39.123000000
304.542898,39.124000000
304.547774,39.125000000
304.555975,39.126000000
304.562588,39.127000000
304.587393,39.128000000
304.592614,39.129000000
304.592657,39.130000000
304.609482,39.131000000
304.609555,39.134000000
304.622592,39.135000000
304.629763,39.136000000
304.637437,39.137000000
304.637473,39.138000000
304.638554,39.139000000
304.642972,39.140000000
304.643229,39.141000000
304.683348,39.142000000
304.693736,39.143000000
304.703086,39.144000000
304.711390,39.145000000
304.724709,39.146000000
304.737515,39.147000000
304.741812,39.148000000
304.749536,39.149000000
304.755624,39.150000000
304.767807,39.151000000
304.775419,39.152000000
304.786509,39.153000000
304.788794,39.154000000
304.802935,39.155000000
304.802977,39.156000000
304.812393,39.157000000
304.817220,39.158000000
304.817261,39.159000000
304.832892,39.160000000
304.843327,39.161000000
304.843367,39.162000000
304.849674,39.163000000
304.857493,39.164000000
304.863395,39.165000000
304.863432,39.166000000
304.875109,39.167000000
304.875153,39.169000000
304.897340,39.170000000
304.907358,39.171000000
304.908963,39.172000000
304.915075,39.173000000
304.920843,39.174000000
304.920882,39.175000000
304.930240,39.176000000
304.930293,39.177000000
304.930322,39.178000000
304.943720,39.179000000
304.959088,39.180000000
304.959130,39.183000000
304.966630,39.184000000
304.970617,39.185000000
304.978172,39.186000000
304.978215,39.187000000
305.003499,39.188000000
305.016544,39.189000000
305.016588,39.192000000
305.030295,39.193000000
305.030337,39.196000000
305.043627,39.197000000
305.049841,39.198000000
305.059080,39.199000000
305.059146,39.200000000
305.064287,39.201000000
305.082577,39.202000000
305.088578,39.203000000
305.098790,39.204000000
305.104656,39.205000000
305.123474,39.206000000
305.137058,39.207000000
305.151280,39.208000000
305.157044,39.209000000
305.163318,39.210000000
305.173587,39.211000000
305.178569,39.212000000
305.183463,39.213000000
305.195688,39.214000000
305.211293,39.215000000
305.213323,39.216000000
305.217703,39.217000000
305.226165,39.218000000
305.232946,39.219000000
305.238201,39.220000000
305.244417,39.221000000
305.246876,39.222000000
305.273043,39.223000000
305.283000,39.224000000
305.285406,39.225000000
305.289650,39.226000000
305.313879,39.227000000
305.316296,39.228000000
305.321469,39.229000000
305.333991,39.230000000
305.337032,39.231000000
305.340795,39.232000000
305.346674,39.233000000
305.354300,39.234000000
305.373768,39.235000000
305.375803,39.236000000
305.391411,39.237000000
305.392216,39.238000000
305.406924,39.239000000
305.417036,39.240000000
305.424490,39.241000000
305.424540,39.242000000
305.433122,39.243000000
305.433495,39.244000000
305.452854,39.245000000
305.458714,39.246000000
305.482391,39.247000000
305.482462,39.249000000
305.501425,39.250000000
305.501472,39.254000000
305.550670,39.255000000
305.560618,39.256000000
305.574195,39.257000000
305.583236,39.258000000
305.594794,39.259000000
305.605482,39.260000000
305.608671,39.261000000
305.623205,39.262000000
305.634454,39.263000000
305.643493,39.264000000
305.654113,39.265000000
305.666555,39.266000000
305.672252,39.267000000
305.686324,39.268000000
305.695507,39.269000000
305.710958,39.270000000
305.722927,39.271000000
305.730778,39.272000000
305.747116,39.273000000
305.759226,39.274000000
305.772779,39.275000000
305.783348,39.276000000
305.787351,39.277000000
305.809102,39.278000000
305.822826,39.279000000
305.823195,39.280000000
305.843481,39.281000000
305.847912,39.282000000
305.858025,39.283000000
305.882569,39.284000000
305.911829,39.285000000
305.911877,39.286000000
305.915509,39.287000000
305.926010,39.288000000
305.928656,39.289000000
305.932796,39.290000000
305.936634,39.291000000
305.945203,39.292000000
305.945246,39.293000000
305.949466,39.294000000
305.955931,39.295000000
305.958199,39.296000000
305.960366,39.297000000
305.970917,39.298000000
305.972086,39.299000000
305.982948,39.300000000
305.982990,39.301000000
305.993068,39.302000000
306.011652,39.303000000
306.013624,39.304000000
306.029308,39.305000000
306.037398,39.306000000
306.049616,39.307000000
306.053398,39.308000000
306.064604,39.309000000
306.076510,39.310000000
306.080910,39.311000000
306.085010,39.312000000
306.088090,39.313000000
306.099565,39.314000000
306.112422,39.315000000
306.138569,39.316000000
306.144508,39.317000000
306.150465,39.318000000
306.158946,39.319000000
306.163052,39.320000000
306.171603,39.321000000
306.176929,39.322000000
306.188517,39.323000000
306.198287,39.324000000
306.202300,39.325000000
306.213721,39.326000000
306.219860,39.327000000
306.234293,39.328000000
306.263823,39.329000000
306.269227,39.330000000
306.306587,39.331000000
306.311278,39.332000000
306.322074,39.333000000
306.336932,39.334000000
306.336984,39.335000000
306.346687,39.336000000
306.379371,39.337000000
306.404378,39.338000000
306.410472,39.339000000
306.422140,39.340000000
306.426212,39.341000000
306.434311,39.342000000
306.444628,39.343000000
306.444674,39.344000000
306.454160,39.345000000
306.475104,39.346000000
306.478996,39.347000000
306.500030,39.348000000
306.502289,39.349000000
306.519526,39.350000000
306.519604,39.351000000
306.523423,39.352000000
306.531688,39.353000000
306.539613,39.354000000
306.549354,39.355000000
306.555111,39.356000000
306.560643,39.357000000
306.574626,39.358000000
306.581238,39.359000000
306.593622,39.360000000
306.625658,39.361000000
306.642230,39.362000000
306.653980,39.363000000
306.671350,39.364000000
306.673467,39.365000000
306.685063,39.366000000
306.691199,39.367000000
306.697354,39.368000000
306.706447,39.369000000
306.708913,39.370000000
306.716591,39.371000000
306.721856,39.372000000
306.727643,39.373000000
306.733849,39.374000000
306.740731,39.375000000
306.746491,39.376000000
306.752881,39.377000000
306.757302,39.378000000
306.762563,39.379000000
306.768827,39.380000000
306.774569,39.381000000
306.780264,39.382000000
306.787398,39.383000000
306.793463,39.384000000
306.795684,39.385000000
306.805048,39.386000000
306.811673,39.387000000
306.815950,39.388000000
306.823188,39.389000000
306.829454,39.390000000
306.833422,39.391000000
306.841285,39.392000000
306.847715,39.393000000
306.853942,39.394000000
306.857686,39.395000000
306.865435,39.396000000
306.871266,39.397000000
306.877497,39.398000000
306.883559,39.399000000
306.890117,39.400000000
306.896571,39.401000000
306.903185,39.402000000
306.907242,39.403000000
306.916191,39.404000000
306.920671,39.405000000
306.931106,39.406000000
306.936084,39.407000000
306.949398,39.408000000
306.959788,39.409000000
306.967195,39.410000000
306.983774,39.411000000
306.995732,39.412000000
307.003587,39.413000000
307.016727,39.414000000
307.022836,39.415000000
307.028003,39.416000000
307.034138,39.417000000
307.041463,39.418000000
307.048601,39.419000000
307.051149,39.420000000
307.060451,39.421000000
307.066570,39.422000000
307.072130,39.423000000
307.078665,39.424000000
307.084535,39.425000000
307.091762,39.426000000
307.095738,39.427000000
307.101681,39.428000000
307.111375,39.429000000
307.118589,39.430000000
307.122999,39.431000000
307.128542,39.432000000
307.134549,39.433000000
307.140583,39.434000000
307.150156,39.435000000
307.155710,39.436000000
307.161776,39.437000000
307.167255,39.438000000
307.180408,39.439000000
307.185000,39.440000000
307.192490,39.441000000
307.200633,39.442000000
307.202827,39.443000000
307.209907,39.444000000
307.216136,39.445000000
307.224474,39.446000000
307.226563,39.447000000
307.232061,39.448000000
307.237627,39.449000000
307.244257,39.450000000
307.250215,39.451000000
307.252341,39.452000000
307.261233,39.453000000
307.267311,39.454000000
307.273298,39.455000000
307.280890,39.456000000
307.285318,39.457000000
307.291919,39.458000000
307.299516,39.459000000
307.306529,39.460000000
307.314638,39.461000000
307.320213,39.462000000
307.327583,39.463000000
307.345285,39.464000000
307.354246,39.465000000
307.369568,39.466000000
307.380080,39.467000000
307.386290,39.468000000
307.393098,39.469000000
307.399527,39.470000000
307.405388,39.471000000
307.411651,39.472000000
307.417135,39.473000000
307.428831,39.474000000
307.430857,39.475000000
307.437837,39.476000000
307.445783,39.477000000
307.451027,39.478000000
307.456728,39.479000000
307.462721,39.480000000
307.468578,39.481000000
307.476892,39.482000000
307.483085,39.483000000
307.488749,39.484000000
307.494763,39.485000000
307.501722,39.486000000
307.510233,39.487000000
307.514399,39.488000000
307.520499,39.489000000
307.532442,39.490000000
307.536410,39.491000000
307.538620,39.492000000
307.546414,39.493000000
307.556424,39.494000000
307.568714,39.495000000
307.582025,39.496000000
307.587471,39.497000000
307.594408,39.498000000
307.599547,39.499000000
307.608984,39.500000000
307.615334,39.501000000
307.619123,39.502000000
307.626146,39.503000000
307.631221,39.504000000
307.637368,39.505000000
307.642415,39.506000000
307.648963,39.507000000
307.662524,39.508000000
307.666765,39.509000000
307.675632,39.510000000
307.685742,39.511000000
307.693589,39.512000000
307.697632,39.513000000
307.704334,39.514000000
307.712196,39.515000000
307.718720,39.516000000
307.734344,39.517000000
307.744453,39.518000000
307.762729,39.519000000
307.779123,39.520000000
307.786499,39.521000000
307.807441,39.522000000
307.818377,39.523000000
307.829476,39.524000000
307.854791,39.525000000
307.856960,39.526000000
307.868190,39.527000000
307.874488,39.528000000
307.881989,39.529000000
307.888101,39.530000000
307.894289,39.531000000
307.903452,39.532000000
307.909630,39.533000000
307.915733,39.534000000
307.921843,39.535000000
307.929611,39.536000000
307.936213,39.537000000
307.943396,39.538000000
307.949615,39.539000000
307.960308,39.540000000
307.964520,39.541000000
307.974590,39.542000000
307.984778,39.543000000
307.994017,39.544000000
307.999690,39.545000000
308.008055,39.546000000
308.017613,39.547000000
308.030969,39.548000000
308.044235,39.549000000
308.050608,39.550000000
308.061831,39.551000000
308.070913,39.552000000
308.080247,39.553000000
308.084495,39.554000000
308.090766,39.555000000
308.098162,39.556000000
308.103087,39.557000000
308.110189,39.558000000
308.118404,39.559000000
308.130404,39.560000000
308.136077,39.561000000
308.146856,39.562000000
308.151145,39.563000000
308.158432,39.564000000
308.165084,39.565000000
308.169199,39.566000000
308.178648,39.567000000
308.184827,39.568000000
308.190946,39.569000000
308.209559,39.570000000
308.216942,39.571000000
308.224865,39.572000000
308.232089,39.573000000
308.234604,39.574000000
308.243283,39.575000000
308.249699,39.576000000
308.254003,39.577000000
308.263044,39.578000000
308.268433,39.579000000
308.273548,39.580000000
308.283247,39.581000000
308.289007,39.582000000
308.294897,39.583000000
308.303306,39.584000000
308.308431,39.585000000
308.317277,39.586000000
308.317320,39.587000000
308.323904,39.588000000
308.328277,39.589000000
308.340432,39.590000000
308.346193,39.591000000
308.370882,39.592000000
308.376643,39.593000000
308.388303,39.594000000
308.393253,39.595000000
308.400628,39.596000000
308.424857,39.597000000
308.436544,39.598000000
308.454224,39.599000000
308.467712,39.600000000
308.474689,39.601000000
308.485650,39.602000000
308.500074,39.603000000
308.513097,39.604000000
308.524741,39.605000000
308.527391,39.606000000
308.552192,39.607000000
308.555473,39.608000000
308.569623,39.609000000
308.578252,39.610000000
308.586685,39.611000000
308.601172,39.612000000
308.630244,39.613000000
308.640523,39.614000000
308.645102,39.615000000
308.662070,39.616000000
308.670632,39.617000000
308.678205,39.618000000
308.695031,39.619000000
308.704464,39.620000000
308.714120,39.621000000
308.733335,39.622000000
308.734104,39.623000000
308.744980,39.624000000
308.761173,39.625000000
308.772868,39.626000000
308.780106,39.627000000
308.797848,39.628000000
308.819021,39.629000000
308.841939,39.630000000
308.859074,39.631000000
308.873786,39.632000000
308.874156,39.633000000
308.893873,39.634000000
308.893922,39.635000000
308.909947,39.636000000
308.909997,39.637000000
308.932405,39.638000000
308.936464,39.639000000
308.944311,39.640000000
308.966606,39.641000000
308.976047,39.642000000
308.985493,39.643000000
309.000054,39.644000000
309.000101,39.645000000
309.022557,39.646000000
309.034814,39.647000000
309.049702,39.648000000
309.055274,39.649000000
309.067203,39.650000000
309.075699,39.651000000
309.083567,39.652000000
309.090121,39.653000000
309.116358,39.654000000
309.131659,39.655000000
309.134890,39.656000000
309.166133,39.657000000
309.186244,39.658000000
309.197468,39.659000000
309.202102,39.660000000
309.211165,39.661000000
309.215486,39.662000000
309.243624,39.663000000
309.251968,39.664000000
309.270705,39.665000000
309.272953,39.666000000
309.281897,39.667000000
309.314200,39.668000000
309.330101,39.669000000
309.336536,39.670000000
309.347885,39.671000000
309.357574,39.672000000
309.379021,39.673000000
309.388273,39.674000000
309.398097,39.675000000
309.404747,39.676000000
309.417296,39.677000000
309.430416,39.678000000
309.438805,39.679000000
309.447063,39.680000000
309.452892,39.681000000
309.479445,39.682000000
309.486170,39.683000000
309.489690,39.684000000
309.516719,39.685000000
309.530370,39.686000000
309.542704,39.687000000
309.549413,39.688000000
309.553616,39.689000000
309.575974,39.690000000
309.606753,39.691000000
309.616988,39.692000000
309.619808,39.693000000
309.636733,39.694000000
309.651800,39.695000000
309.651847,39.696000000
309.664452,39.697000000
309.682034,39.698000000
309.707052,39.699000000
309.724754,39.700000000
309.730030,39.701000000
309.736434,39.702000000
309.752330,39.703000000
309.760085,39.704000000
309.777252,39.705000000
309.782497,39.706000000
309.799353,39.707000000
309.809469,39.708000000
309.817366,39.709000000
309.833219,39.710000000
309.848753,39.711000000
309.875666,39.712000000
309.876555,39.713000000
309.890349,39.714000000
309.907402,39.715000000
309.924664,39.716000000
309.945492,39.717000000
309.964138,39.718000000
309.968720,39.719000000
309.984867,39.720000000
309.997642,39.721000000
310.015271,39.722000000
310.027647,39.723000000
310.033306,39.724000000
310.054791,39.725000000
310.059246,39.726000000
310.075091,39.727000000
310.082390,39.728000000
310.102707,39.729000000
310.108939,39.730000000
310.116229,39.731000000
310.133566,39.732000000
310.137819,39.733000000
310.141872,39.734000000
310.147658,39.735000000
310.154681,39.736000000
310.160142,39.737000000
310.163588,39.738000000
310.167295,39.739000000
310.195047,39.740000000
310.198411,39.741000000
310.207039,39.742000000
310.219651,39.743000000
310.232154,39.744000000
310.263021,39.745000000
310.273559,39.746000000
310.276870,39.747000000
310.296564,39.748000000
310.316955,39.749000000
310.329237,39.750000000
310.350318,39.751000000
310.364110,39.752000000
310.407397,39.753000000
310.419114,39.754000000
310.427396,39.755000000
310.438756,39.756000000
310.438806,39.758000000
310.450804,39.759000000
310.452806,39.760000000
310.479830,39.761000000
310.500300,39.762000000
310.511209,39.763000000
310.520509,39.764000000
310.529644,39.765000000
310.535241,39.766000000
310.543558,39.767000000
310.543826,39.768000000
310.551936,39.769000000
310.555594,39.770000000
310.579865,39.771000000
310.587529,39.772000000
310.608404,39.773000000
310.611799,39.774000000
310.618326,39.775000000
310.621447,39.776000000
310.630865,39.777000000
310.641164,39.778000000
310.642167,39.779000000
310.653374,39.780000000
310.662963,39.781000000
310.663173,39.782000000
310.671925,39.783000000
310.685231,39.784000000
310.696224,39.785000000
310.696270,39.786000000
310.713063,39.787000000
310.721395,39.788000000
310.731439,39.789000000
310.744052,39.790000000
310.752569,39.791000000
310.758421,39.792000000
310.766325,39.793000000
310.767420,39.794000000
310.777799,39.795000000
310.791101,39.796000000
310.793405,39.797000000
310.804856,39.798000000
310.829012,39.799000000
310.847471,39.800000000
310.861148,39.801000000
310.868939,39.802000000
310.880714,39.803000000
310.881249,39.804000000
310.891243,39.805000000
310.891310,39.806000000
310.902128,39.807000000
310.921807,39.808000000
310.930264,39.809000000
310.932227,39.810000000
310.964790,39.811000000
310.964849,39.813000000
310.972766,39.814000000
310.979796,39.815000000
310.985188,39.816000000
310.995095,39.817000000
310.997959,39.818000000
311.008473,39.819000000
311.011083,39.820000000
311.013525,39.821000000
311.031646,39.822000000
311.073847,39.823000000
311.099706,39.824000000
311.124078,39.825000000
311.139106,39.826000000
311.154891,39.827000000
311.171583,39.828000000
311.182523,39.829000000
311.192617,39.830000000
311.192989,39.831000000
311.203082,39.832000000
311.203402,39.833000000
311.221340,39.834000000
311.243052,39.835000000
311.255849,39.836000000
311.259935,39.837000000
311.264370,39.838000000
311.266540,39.839000000
311.268700,39.840000000
311.276413,39.841000000
311.280777,39.842000000
311.282882,39.843000000
311.285124,39.844000000
311.303629,39.845000000
311.309966,39.846000000
311.313912,39.847000000
311.317354,39.848000000
311.321289,39.849000000
311.323510,39.850000000
311.349438,39.851000000
311.356383,39.852000000
311.361651,39.853000000
311.366481,39.854000000
311.376934,39.855000000
311.383696,39.856000000
311.387816,39.857000000
311.395074,39.858000000
311.418249,39.859000000
311.422501,39.860000000
311.427792,39.861000000
311.431976,39.862000000
311.434198,39.863000000
311.448963,39.864000000
311.454334,39.865000000
311.507479,39.866000000
311.519454,39.867000000
311.523010,39.868000000
311.530229,39.869000000
311.540045,39.870000000
311.548317,39.871000000
311.555660,39.872000000
311.559906,39.873000000
311.577539,39.874000000
311.577874,39.875000000
311.583354,39.876000000
311.596293,39.877000000
311.602732,39.878000000
311.610013,39.879000000
311.610059,39.880000000
311.647596,39.881000000
311.651191,39.882000000
311.659473,39.883000000
311.663682,39.884000000
311.687399,39.885000000
311.706851,39.886000000
311.722820,39.887000000
311.748582,39.888000000
311.761159,39.889000000
311.772747,39.890000000
311.778255,39.891000000
311.782535,39.892000000
311.810110,39.893000000
311.812393,39.894000000
311.820736,39.895000000
311.824995,39.896000000
311.829273,39.897000000
311.856192,39.898000000
311.866282,39.899000000
311.868606,39.900000000
311.914330,39.901000000
311.930332,39.902000000
311.938727,39.903000000
311.949907,39.904000000
311.957492,39.905000000
311.965774,39.906000000
311.976902,39.907000000
311.986947,39.908000000
311.996402,39.909000000
312.006733,39.910000000
312.016985,39.911000000
312.024030,39.912000000
312.031885,39.913000000
312.037733,39.914000000
312.050613,39.915000000
312.057791,39.916000000
312.063935,39.917000000
312.072889,39.918000000
312.094245,39.919000000
312.101546,39.920000000
312.122859,39.921000000
312.129032,39.922000000
312.156030,39.923000000
312.165364,39.924000000
312.194436,39.925000000
312.195614,39.926000000
312.205575,39.927000000
312.258765,39.928000000
312.277380,39.929000000
312.291958,39.930000000
312.311832,39.931000000
312.311882,39.932000000
312.312362,39.933000000
312.315201,39.934000000
312.323035,39.935000000
312.325534,39.936000000
312.327869,39.937000000
312.331152,39.938000000
312.333374,39.939000000
312.346742,39.940000000
312.354659,39.941000000
312.363862,39.942000000
312.369029,39.943000000
312.375664,39.944000000
312.384555,39.945000000
312.396291,39.946000000
312.399239,39.947000000
312.408577,39.948000000
312.412490,39.949000000
312.414872,39.950000000
312.418729,39.951000000
312.422861,39.952000000
312.425185,39.953000000
312.429658,39.954000000
312.432766,39.955000000
312.442060,39.956000000
312.445252,39.957000000
312.447518,39.958000000
312.449623,39.959000000
312.451709,39.960000000
312.453830,39.961000000
312.456111,39.962000000
312.460258,39.963000000
312.462683,39.964000000
312.465042,39.965000000
312.473372,39.966000000
312.476943,39.967000000
312.479483,39.968000000
312.493377,39.969000000
312.513920,39.970000000
312.517719,39.971000000
312.538613,39.972000000
312.551992,39.973000000
312.554394,39.974000000
312.571970,39.975000000
312.572603,39.977000000
312.574374,39.978000000
312.582915,39.979000000
312.594232,39.980000000
312.594286,39.981000000
312.606514,39.982000000
312.615844,39.983000000
312.619891,39.984000000
312.664469,39.985000000
312.664520,39.986000000
312.672532,39.987000000
312.692614,39.988000000
312.692685,39.989000000
312.692717,39.990000000
312.712187,39.991000000
312.728799,39.992000000
312.738663,39.993000000
312.755307,39.994000000
312.755379,39.995000000
312.766073,39.996000000
312.776249,39.997000000
312.776545,39.998000000
312.776583,39.999000000
312.811779,40.000000000
312.811833,40.001000000
312.826175,40.002000000
312.828350,40.003000000
312.850443,40.004000000
312.860603,40.005000000
312.879566,40.006000000
312.882406,40.007000000
312.882448,40.008000000
312.902388,40.009000000
312.909366,40.010000000
312.909414,40.011000000
312.937667,40.012000000
312.944961,40.013000000
312.945024,40.014000000
312.951504,40.015000000
312.962966,40.016000000
312.965188,40.017000000
312.972792,40.018000000
312.983307,40.019000000
313.015840,40.020000000
313.028583,40.021000000
313.045137,40.022000000
313.057082,40.023000000
313.060684,40.024000000
313.077903,40.025000000
313.087912,40.026000000
313.087956,40.027000000
313.105917,40.028000000
313.105966,40.029000000
313.127492,40.030000000
313.129835,40.031000000
313.137355,40.032000000
313.137401,40.033000000
313.144696,40.034000000
313.161128,40.035000000
313.167536,40.036000000
313.167578,40.037000000
313.176180,40.038000000
313.176228,40.039000000
313.182715,40.040000000
313.192780,40.041000000
313.198948,40.042000000
313.218702,40.043000000
313.225089,40.044000000
313.225163,40.045000000
313.235854,40.046000000
313.235904,40.047000000
313.248704,40.048000000
313.266848,40.049000000
313.266898,40.051000000
313.275008,40.052000000
313.312423,40.053000000
313.342032,40.054000000
313.365554,40.055000000
313.390733,40.056000000
313.404613,40.057000000
313.417664,40.058000000
313.424659,40.059000000
313.430928,40.060000000
313.436722,40.061000000
313.452655,40.062000000
313.460753,40.063000000
313.473600,40.064000000
313.485627,40.065000000
313.495815,40.066000000
313.507350,40.067000000
313.517686,40.068000000
313.517739,40.069000000
313.548875,40.070000000
313.548925,40.071000000
313.560247,40.072000000
313.565224,40.073000000
313.567553,40.074000000
313.580752,40.075000000
313.610787,40.076000000
313.623606,40.077000000
313.633572,40.078000000
313.663767,40.079000000
313.667895,40.080000000
313.674432,40.081000000
313.678962,40.082000000
313.692941,40.083000000
313.700311,40.084000000
313.702748,40.085000000
313.743240,40.086000000
313.755954,40.087000000
313.766731,40.088000000
313.774554,40.089000000
313.792415,40.090000000
313.811810,40.091000000
313.815609,40.092000000
313.840186,40.093000000
313.850694,40.094000000
313.860286,40.095000000
313.882882,40.096000000
313.889787,40.097000000
313.895217,40.098000000
313.909962,40.099000000
313.915952,40.100000000
313.916001,40.101000000
313.920444,40.102000000
313.946529,40.103000000
313.951553,40.104000000
313.967654,40.105000000
313.975409,40.106000000
314.006951,40.107000000
314.011714,40.108000000
314.025402,40.109000000
314.037303,40.110000000
314.040282,40.111000000
314.056823,40.112000000
314.061292,40.113000000
314.072722,40.114000000
314.081432,40.115000000
314.087882,40.116000000
314.096519,40.117000000
314.102205,40.118000000
314.112280,40.119000000
314.119199,40.120000000
314.125767,40.121000000
314.140495,40.122000000
314.147814,40.123000000
314.154136,40.124000000
314.158152,40.125000000
314.187050,40.126000000
314.195599,40.127000000
314.207102,40.128000000
314.207497,40.129000000
314.216548,40.130000000
314.239632,40.131000000
314.239684,40.132000000
314.248285,40.133000000
314.276687,40.134000000
314.287261,40.135000000
314.297565,40.136000000
314.297636,40.137000000
314.313501,40.138000000
314.340563,40.139000000
314.351493,40.140000000
314.362223,40.141000000
314.379841,40.142000000
314.379891,40.143000000
314.407164,40.144000000
314.416472,40.145000000
314.423054,40.146000000
314.430601,40.147000000
314.449871,40.148000000
314.454798,40.149000000
314.474233,40.150000000
314.474289,40.152000000
314.484166,40.153000000
314.512844,40.154000000
314.519516,40.155000000
314.519567,40.156000000
314.538275,40.157000000
314.538331,40.158000000
314.566210,40.159000000
314.566267,40.160000000
314.574631,40.161000000
314.584273,40.162000000
314.584324,40.163000000
314.597564,40.164000000
314.597615,40.165000000
314.614390,40.166000000
314.622835,40.167000000
314.668036,40.168000000
314.673455,40.169000000
314.686736,40.170000000
314.696582,40.171000000
314.709494,40.172000000
314.714714,40.173000000
314.724545,40.174000000
314.732497,40.175000000
314.744731,40.176000000
314.754626,40.177000000
314.764398,40.178000000
314.776078,40.179000000
314.776128,40.180000000
314.797114,40.181000000
314.797164,40.182000000
314.815959,40.183000000
314.816005,40.184000000
314.832921,40.185000000
314.848532,40.186000000
314.852521,40.187000000
314.870469,40.188000000
314.875376,40.189000000
314.886217,40.190000000
314.894304,40.191000000
314.894354,40.192000000
314.900193,40.193000000
314.906159,40.194000000
314.914783,40.195000000
314.925347,40.196000000
314.930487,40.197000000
314.940182,40.198000000
314.943605,40.199000000
314.950625,40.200000000
314.957823,40.201000000
314.974646,40.202000000
314.974693,40.203000000
314.989482,40.204000000
314.989535,40.205000000
315.000380,40.206000000
315.001042,40.207000000
315.011041,40.208000000
315.022695,40.209000000
315.022746,40.210000000
315.035135,40.211000000
315.041817,40.212000000
315.050486,40.213000000
315.062670,40.214000000
315.062724,40.215000000
315.091157,40.216000000
315.091232,40.218000000
315.107787,40.219000000
315.117267,40.220000000
315.127967,40.221000000
315.135927,40.222000000
315.139052,40.223000000
315.145134,40.224000000
315.150221,40.225000000
315.156792,40.226000000
315.161827,40.227000000
315.181734,40.228000000
315.185380,40.229000000
315.187623,40.230000000
315.213899,40.231000000
315.216845,40.232000000
315.222817,40.233000000
315.226250,40.234000000
315.230834,40.235000000
315.237048,40.236000000
315.243253,40.237000000
315.263767,40.238000000
315.270950,40.239000000
315.296198,40.240000000
315.300163,40.241000000
315.307456,40.242000000
315.309868,40.243000000
315.312106,40.244000000
315.316726,40.245000000
315.319557,40.246000000
315.322628,40.247000000
315.330739,40.248000000
315.333032,40.249000000
315.335667,40.250000000
315.350559,40.251000000
315.367785,40.252000000
315.370877,40.253000000
315.382059,40.254000000
315.387014,40.255000000
315.389235,40.256000000
315.391800,40.257000000
315.416146,40.258000000
315.423917,40.259000000
315.439642,40.260000000
315.445930,40.261000000
315.457444,40.262000000
315.457514,40.263000000
315.461046,40.264000000
315.463320,40.265000000
315.472816,40.266000000
315.487447,40.267000000
315.510405,40.268000000
315.527848,40.269000000
315.543330,40.270000000
315.553585,40.271000000
315.563112,40.272000000
315.589251,40.273000000
315.601205,40.274000000
315.605595,40.275000000
315.627530,40.276000000
315.655930,40.277000000
315.669985,40.278000000
315.682765,40.279000000
315.697920,40.280000000
315.704799,40.281000000
315.726130,40.282000000
315.737666,40.283000000
315.748525,40.284000000
315.757815,40.285000000
315.772853,40.286000000
315.781138,40.287000000
315.803399,40.288000000
315.823098,40.289000000
315.828629,40.290000000
315.843852,40.291000000
315.853252,40.292000000
315.860288,40.293000000
315.876627,40.294000000
315.886675,40.295000000
315.891979,40.296000000
315.919955,40.297000000
315.929272,40.298000000
315.934883,40.299000000
315.951100,40.300000000
315.957426,40.301000000
315.989707,40.302000000
315.999691,40.303000000
316.015473,40.304000000
316.021297,40.305000000
316.031946,40.306000000
316.043351,40.307000000
316.052808,40.308000000
316.065951,40.309000000
316.074485,40.310000000
316.088286,40.311000000
316.097306,40.312000000
316.107814,40.313000000
316.113976,40.314000000
316.140721,40.315000000
316.155965,40.316000000
316.162526,40.317000000
316.188584,40.318000000
316.196424,40.319000000
316.207518,40.320000000
316.213752,40.321000000
316.223356,40.322000000
316.251777,40.323000000
316.259466,40.324000000
316.268961,40.325000000
316.281552,40.326000000
316.287669,40.327000000
316.321898,40.328000000
316.330347,40.329000000
316.338201,40.330000000
316.355074,40.331000000
316.365540,40.332000000
316.374524,40.333000000
316.386612,40.334000000
316.399817,40.335000000
316.413959,40.336000000
316.430196,40.337000000
316.438156,40.338000000
316.458572,40.339000000
316.469202,40.340000000
316.477477,40.341000000
316.496089,40.342000000
316.510189,40.343000000
316.521029,40.344000000
316.533267,40.345000000
316.537114,40.346000000
316.546639,40.347000000
316.571919,40.348000000
316.578469,40.349000000
316.592205,40.350000000
316.601319,40.351000000
316.605369,40.352000000
316.634731,40.353000000
316.640452,40.354000000
316.651238,40.355000000
316.668622,40.356000000
316.673258,40.357000000
316.684330,40.358000000
316.697758,40.359000000
316.708857,40.360000000
316.715792,40.361000000
316.726960,40.362000000
316.738824,40.363000000
316.754092,40.364000000
316.758395,40.365000000
316.778970,40.366000000
316.783429,40.367000000
316.799516,40.368000000
316.825668,40.369000000
316.832410,40.370000000
316.836295,40.371000000
316.838884,40.372000000
316.850595,40.373000000
316.858844,40.374000000
316.876453,40.375000000
316.884603,40.376000000
316.886885,40.377000000
316.896987,40.378000000
316.899889,40.379000000
316.902140,40.380000000
316.904285,40.381000000
316.910881,40.382000000
316.913265,40.383000000
316.916379,40.384000000
316.926052,40.385000000
316.952322,40.386000000
316.963240,40.387000000
316.971373,40.388000000
316.973967,40.389000000
316.976250,40.390000000
316.978553,40.391000000
317.008870,40.392000000
317.026431,40.393000000
317.035383,40.394000000
317.039191,40.395000000
317.047979,40.396000000
317.055120,40.397000000
317.063448,40.398000000
317.070891,40.399000000
317.074389,40.400000000
317.083545,40.401000000
317.088342,40.402000000
317.092270,40.403000000
317.098487,40.404000000
317.103594,40.405000000
317.110565,40.406000000
317.115620,40.407000000
317.119012,40.408000000
317.121468,40.409000000
317.124104,40.410000000
317.126954,40.411000000
317.129181,40.412000000
317.138708,40.413000000
317.145058,40.414000000
317.147557,40.415000000
317.182255,40.416000000
317.182325,40.417000000
317.182418,40.418000000
317.206996,40.419000000
317.216687,40.420000000
317.227603,40.421000000
317.236711,40.422000000
317.255371,40.423000000
317.262693,40.424000000
317.281202,40.425000000
317.297367,40.426000000
317.305138,40.427000000
317.318974,40.428000000
317.334762,40.429000000
317.347211,40.430000000
317.357539,40.431000000
317.364267,40.432000000
317.372695,40.433000000
317.385156,40.434000000
317.402933,40.435000000
317.416596,40.436000000
317.427627,40.437000000
317.439147,40.438000000
317.450074,40.439000000
317.459509,40.440000000
317.487675,40.441000000
317.495456,40.442000000
317.515471,40.443000000
317.541206,40.444000000
317.541271,40.445000000
317.542147,40.446000000
317.548818,40.447000000
317.551832,40.448000000
317.562624,40.449000000
317.575044,40.450000000
317.581012,40.451000000
317.588123,40.452000000
317.618273,40.453000000
317.626206,40.454000000
317.631215,40.455000000
317.642336,40.456000000
317.652254,40.457000000
317.679101,40.458000000
317.694638,40.459000000
317.707015,40.460000000
317.716408,40.461000000
317.721887,40.462000000
317.736531,40.463000000
317.749478,40.464000000
317.754956,40.465000000
317.767955,40.466000000
317.778177,40.467000000
317.782886,40.468000000
317.785321,40.469000000
317.787521,40.470000000
317.789699,40.471000000
317.791820,40.472000000
317.794452,40.473000000
317.797441,40.474000000
317.799776,40.475000000
317.803167,40.476000000
317.805375,40.477000000
317.840481,40.478000000
317.844074,40.479000000
317.852154,40.480000000
317.856478,40.481000000
317.859393,40.482000000
317.861655,40.483000000
317.864062,40.484000000
317.866890,40.485000000
317.869101,40.486000000
317.885075,40.487000000
317.892623,40.488000000
317.897853,40.489000000
317.905484,40.490000000
317.913160,40.491000000
317.921165,40.492000000
317.923528,40.493000000
317.932717,40.494000000
317.945318,40.495000000
317.953660,40.496000000
317.956284,40.497000000
317.967977,40.498000000
317.970503,40.499000000
317.982457,40.500000000
317.984912,40.501000000
317.994167,40.502000000
318.003501,40.503000000
318.005874,40.504000000
318.013795,40.505000000
318.022145,40.506000000
318.030495,40.507000000
318.039127,40.508000000
318.041540,40.509000000
318.050398,40.510000000
318.055584,40.511000000
318.065855,40.512000000
318.072675,40.513000000
318.077677,40.514000000
318.089139,40.515000000
318.091397,40.516000000
318.100412,40.517000000
318.109734,40.518000000
318.117199,40.519000000
318.124933,40.520000000
318.133269,40.521000000
318.144186,40.522000000
318.148519,40.523000000
318.160284,40.524000000
318.163284,40.525000000
318.174697,40.526000000
318.182859,40.527000000
318.189917,40.528000000
318.198555,40.529000000
318.202036,40.530000000
318.212610,40.531000000
318.219857,40.532000000
318.227770,40.533000000
318.236485,40.534000000
318.250112,40.535000000
318.258469,40.536000000
318.260874,40.537000000
318.268150,40.538000000
318.285911,40.539000000
318.288382,40.540000000
318.296087,40.541000000
318.298644,40.542000000
318.307253,40.543000000
318.331795,40.544000000
318.334185,40.545000000
318.339354,40.546000000
318.344338,40.547000000
318.346815,40.548000000
318.352357,40.549000000
318.364766,40.550000000
318.367257,40.551000000
318.373987,40.552000000
318.376372,40.553000000
318.381875,40.554000000
318.384158,40.555000000
318.399743,40.556000000
318.415200,40.557000000
318.417580,40.558000000
318.422895,40.559000000
318.425321,40.560000000
318.428853,40.561000000
318.439298,40.562000000
318.441815,40.563000000
318.444192,40.564000000
318.446505,40.565000000
318.449322,40.566000000
318.464382,40.567000000
318.483377,40.568000000
318.486680,40.569000000
318.499109,40.570000000
318.500181,40.571000000
318.509912,40.572000000
318.521228,40.573000000
318.529364,40.574000000
318.542339,40.575000000
318.561189,40.576000000
318.574491,40.577000000
318.583635,40.578000000
318.599682,40.579000000
318.612482,40.580000000
318.624484,40.581000000
318.634170,40.582000000
318.640426,40.583000000
318.645929,40.584000000
318.652282,40.585000000
318.654821,40.586000000
318.668991,40.587000000
318.677918,40.588000000
318.684122,40.589000000
318.687829,40.590000000
318.695642,40.591000000
318.702034,40.592000000
318.708019,40.593000000
318.710208,40.594000000
318.745183,40.595000000
318.750153,40.596000000
318.754663,40.597000000
318.757813,40.598000000
318.773916,40.599000000
318.777836,40.600000000
318.782585,40.601000000
318.788709,40.602000000
318.794020,40.603000000
318.823689,40.604000000
318.830833,40.605000000
318.834731,40.606000000
318.838826,40.607000000
318.859879,40.608000000
318.862758,40.609000000
318.902343,40.610000000
318.912851,40.611000000
318.923952,40.612000000
318.933739,40.613000000
318.962046,40.614000000
318.975093,40.615000000
318.986336,40.616000000
319.011870,40.617000000
319.024167,40.618000000
319.027485,40.619000000
319.029982,40.620000000
319.034399,40.621000000
319.044996,40.622000000
319.055116,40.623000000
319.061743,40.624000000
319.066805,40.625000000
319.075071,40.626000000
319.077456,40.627000000
319.102575,40.628000000
319.105078,40.629000000
319.112259,40.630000000
319.115548,40.631000000
319.124066,40.632000000
319.136184,40.633000000
319.138582,40.634000000
319.148258,40.635000000
319.154061,40.636000000
319.178715,40.637000000
319.181102,40.638000000
319.189328,40.639000000
319.194870,40.640000000
319.197185,40.641000000
319.212794,40.642000000
319.218913,40.643000000
319.242651,40.644000000
319.253678,40.645000000
319.263939,40.646000000
319.275191,40.647000000
319.285341,40.648000000
319.295578,40.649000000
319.308761,40.650000000
319.320837,40.651000000
319.327729,40.652000000
319.339953,40.653000000
319.348734,40.654000000
319.361229,40.655000000
319.371661,40.656000000
319.377220,40.657000000
319.379749,40.658000000
319.391619,40.659000000
319.410552,40.660000000
319.416447,40.661000000
319.429130,40.662000000
319.439088,40.663000000
319.441875,40.664000000
319.444386,40.665000000
319.446720,40.666000000
319.450157,40.667000000
319.452463,40.668000000
319.465633,40.669000000
319.482775,40.670000000
319.490954,40.671000000
319.501980,40.672000000
319.511561,40.673000000
319.521046,40.674000000
319.549051,40.675000000
319.565531,40.676000000
319.571307,40.677000000
319.573880,40.678000000
319.576096,40.679000000
319.578581,40.680000000
319.581860,40.681000000
319.597888,40.682000000
319.604385,40.683000000
319.607527,40.684000000
319.611999,40.685000000
319.620179,40.686000000
319.631511,40.687000000
319.638083,40.688000000
319.646174,40.689000000
319.650952,40.690000000
319.656555,40.691000000
319.664188,40.692000000
319.668968,40.693000000
319.678368,40.694000000
319.684222,40.695000000
319.690930,40.696000000
319.696459,40.697000000
319.706960,40.698000000
319.734185,40.699000000
319.753898,40.700000000
319.766156,40.701000000
319.766578,40.702000000
319.766689,40.703000000
319.768561,40.704000000
319.774886,40.705000000
319.775362,40.706000000
319.777822,40.707000000
319.791917,40.708000000
319.794950,40.709000000
319.808956,40.710000000
319.815814,40.711000000
319.821584,40.712000000
319.831943,40.713000000
319.837295,40.714000000
319.851421,40.715000000
319.854123,40.716000000
319.858198,40.717000000
319.860598,40.718000000
319.862862,40.719000000
319.865323,40.720000000
319.868427,40.721000000
319.877168,40.722000000
319.879544,40.723000000
319.882776,40.724000000
319.885158,40.725000000
319.914237,40.726000000
319.922606,40.727000000
319.931987,40.728000000
319.961689,40.729000000
319.967858,40.730000000
319.992503,40.731000000
320.008119,40.732000000
320.024184,40.733000000
320.041054,40.734000000
320.044105,40.735000000
320.059966,40.736000000
320.068026,40.737000000
320.078389,40.738000000
320.087429,40.739000000
320.090109,40.740000000
320.093541,40.741000000
320.096105,40.742000000
320.099742,40.743000000
320.109926,40.744000000
320.113259,40.745000000
320.120581,40.746000000
320.123051,40.747000000
320.126970,40.748000000
320.129829,40.749000000
320.132780,40.750000000
320.139028,40.751000000
320.141655,40.752000000
320.150228,40.753000000
320.157552,40.754000000
320.164240,40.755000000
320.187765,40.756000000
320.190197,40.757000000
320.208919,40.758000000
320.212225,40.759000000
320.234471,40.760000000
320.241963,40.761000000
320.245237,40.762000000
320.245924,40.763000000
320.254186,40.764000000
320.254247,40.765000000
320.254291,40.766000000
320.254884,40.767000000
320.258019,40.768000000
320.258618,40.769000000
320.266589,40.770000000
320.266673,40.771000000
320.266724,40.772000000
320.266763,40.773000000
320.268298,40.774000000
320.320001,40.775000000
320.329549,40.776000000
320.343413,40.777000000
320.345387,40.778000000
320.367529,40.779000000
320.380733,40.780000000
320.384677,40.781000000
320.394442,40.782000000
320.404652,40.783000000
320.407865,40.784000000
320.420321,40.785000000
320.430955,40.786000000
320.443178,40.787000000
320.450451,40.788000000
320.460165,40.789000000
320.487377,40.790000000
320.502575,40.791000000
320.506599,40.792000000
320.534441,40.793000000
320.534525,40.794000000
320.537695,40.795000000
320.544353,40.796000000
320.553991,40.797000000
320.566799,40.798000000
320.575603,40.799000000
320.583125,40.800000000
320.622974,40.801000000
320.633558,40.802000000
320.639205,40.803000000
320.654258,40.804000000
320.658166,40.805000000
320.662985,40.806000000
320.682314,40.807000000
320.702605,40.808000000
320.707597,40.809000000
320.726508,40.810000000
320.738731,40.811000000
320.746611,40.812000000
320.757995,40.813000000
320.772143,40.814000000
320.781790,40.815000000
320.794711,40.816000000
320.803609,40.817000000
320.807479,40.818000000
320.827458,40.819000000
320.829869,40.820000000
320.834188,40.821000000
320.840237,40.822000000
320.848217,40.823000000
320.861324,40.824000000
320.879279,40.825000000
320.881702,40.826000000
320.895786,40.827000000
320.901646,40.828000000
320.907804,40.829000000
320.913946,40.830000000
320.943882,40.831000000
320.946818,40.832000000
320.957633,40.833000000
320.960440,40.834000000
320.977353,40.835000000
320.979988,40.836000000
320.989664,40.837000000
320.998109,40.838000000
321.031759,40.839000000
321.049588,40.840000000
321.055933,40.841000000
321.066224,40.842000000
321.080817,40.843000000
321.092313,40.844000000
321.106352,40.845000000
321.121320,40.846000000
321.127821,40.847000000
321.135241,40.848000000
321.141360,40.849000000
321.149477,40.850000000
321.166693,40.851000000
321.175129,40.852000000
321.178772,40.853000000
321.187155,40.854000000
321.210914,40.855000000
321.216896,40.856000000
321.224096,40.857000000
321.236146,40.858000000
321.238657,40.859000000
321.245317,40.860000000
321.252167,40.861000000
321.258141,40.862000000
321.279121,40.863000000
321.284258,40.864000000
321.292627,40.865000000
321.302929,40.866000000
321.310658,40.867000000
321.317636,40.868000000
321.323028,40.869000000
321.329331,40.870000000
321.354576,40.871000000
321.367273,40.872000000
321.382390,40.873000000
321.396483,40.874000000
321.410591,40.875000000
321.426568,40.876000000
321.446939,40.877000000
321.457142,40.878000000
321.470398,40.879000000
321.489861,40.880000000
321.489934,40.881000000
321.489977,40.882000000
321.518362,40.883000000
321.520632,40.884000000
321.543813,40.885000000
321.577456,40.886000000
321.591613,40.887000000
321.605232,40.888000000
321.613730,40.889000000
321.618751,40.890000000
321.627852,40.891000000
321.628390,40.892000000
321.642004,40.893000000
321.670000,40.894000000
321.689963,40.895000000
321.700799,40.896000000
321.700866,40.897000000
321.755619,40.898000000
321.769253,40.899000000
321.777657,40.900000000
321.806808,40.901000000
321.806872,40.902000000
321.817347,40.903000000
321.817418,40.904000000
321.840764,40.905000000
321.841240,40.906000000
321.854723,40.907000000
321.855212,40.908000000
321.869822,40.909000000
321.869909,40.910000000
321.877438,40.911000000
321.881092,40.912000000
321.892472,40.913000000
321.892534,40.914000000
321.907262,40.915000000
321.914865,40.916000000
321.914937,40.917000000
321.922554,40.918000000
321.932673,40.919000000
321.932755,40.920000000
321.956692,40.921000000
321.960230,40.922000000
321.970458,40.923000000
321.971246,40.924000000
321.983953,40.925000000
321.984403,40.926000000
321.997288,40.927000000
321.997756,40.928000000
322.005862,40.929000000
322.007164,40.930000000
322.015365,40.931000000
322.015424,40.932000000
322.015464,40.933000000
322.025414,40.934000000
322.032890,40.935000000
322.032953,40.936000000
322.035495,40.937000000
322.041992,40.938000000
322.053154,40.939000000
322.061736,40.940000000
322.068770,40.941000000
322.075305,40.942000000
322.081542,40.943000000
322.121901,40.944000000
322.133830,40.945000000
322.150053,40.946000000
322.165361,40.947000000
322.175683,40.948000000
322.194223,40.949000000
322.210351,40.950000000
322.222592,40.951000000
322.234570,40.952000000
322.250844,40.953000000
322.260108,40.954000000
322.274935,40.955000000
322.275381,40.956000000
322.283751,40.957000000
322.287389,40.958000000
322.287450,40.959000000
322.315534,40.960000000
322.315638,40.961000000
322.322213,40.962000000
322.322276,40.963000000
322.353979,40.964000000
322.354490,40.965000000
322.365535,40.966000000
322.365600,40.967000000
322.380088,40.968000000
322.391823,40.969000000
322.414204,40.970000000
322.414279,40.971000000
322.442337,40.972000000
322.454161,40.973000000
322.506050,40.974000000
322.506119,40.975000000
322.521088,40.976000000
322.532908,40.977000000
322.545599,40.978000000
322.545666,40.979000000
322.577275,40.980000000
322.577340,40.981000000
322.586873,40.982000000
322.588897,40.983000000
322.600302,40.984000000
322.600367,40.985000000
322.624132,40.986000000
322.632285,40.987000000
322.632379,40.988000000
322.638628,40.989000000
322.638798,40.990000000
322.679536,40.991000000
322.693311,40.992000000
322.693380,40.993000000
322.693422,40.994000000
322.702421,40.995000000
322.702483,40.996000000
322.725619,40.997000000
322.730950,40.998000000
322.748357,40.999000000
322.769910,41.000000000
322.785671,41.001000000
322.798266,41.002000000
322.807535,41.003000000
322.823963,41.004000000
322.850165,41.005000000
322.863562,41.006000000
322.878160,41.007000000
322.893164,41.008000000
322.907239,41.009000000
322.919478,41.010000000
322.935141,41.011000000
322.942300,41.012000000
322.975302,41.013000000
322.995729,41.014000000
323.001704,41.015000000
323.001765,41.016000000
323.001809,41.017000000
323.028362,41.018000000
323.028429,41.019000000
323.033751,41.020000000
323.038545,41.021000000
323.045813,41.022000000
323.045874,41.023000000
323.056964,41.024000000
323.057026,41.025000000
323.073241,41.026000000
323.085465,41.027000000
323.096843,41.028000000
323.104562,41.029000000
323.136836,41.030000000
323.149236,41.031000000
323.169234,41.032000000
323.179094,41.033000000
323.187064,41.034000000
323.226396,41.035000000
323.240806,41.036000000
323.253574,41.037000000
323.260334,41.038000000
323.264643,41.039000000
323.270539,41.040000000
323.276857,41.041000000
323.281951,41.042000000
323.290542,41.043000000
323.295214,41.044000000
323.301262,41.045000000
323.307857,41.046000000
323.334976,41.047000000
323.345717,41.048000000
323.362188,41.049000000
323.388876,41.050000000
323.394788,41.051000000
323.400770,41.052000000
323.405481,41.053000000
323.413779,41.054000000
323.419787,41.055000000
323.425752,41.056000000
323.450655,41.057000000
323.456941,41.058000000
323.476022,41.059000000
323.502594,41.060000000
323.508593,41.061000000
323.524251,41.062000000
323.530800,41.063000000
323.578797,41.064000000
323.591505,41.065000000
323.609870,41.066000000
323.621583,41.067000000
323.633602,41.068000000
323.634009,41.069000000
323.650187,41.070000000
323.653168,41.071000000
323.653576,41.072000000
323.661432,41.073000000
323.679307,41.074000000
323.679399,41.075000000
323.679445,41.076000000
323.705314,41.077000000
323.705458,41.078000000
323.710372,41.079000000
323.723724,41.080000000
323.730661,41.081000000
323.742641,41.082000000
323.742734,41.083000000
323.751431,41.084000000
323.767600,41.085000000
323.780375,41.086000000
323.780468,41.087000000
323.780545,41.088000000
323.803473,41.089000000
323.833457,41.090000000
323.841334,41.091000000
323.859881,41.092000000
323.876014,41.093000000
323.886605,41.094000000
323.899788,41.095000000
323.900276,41.096000000
323.908981,41.097000000
323.919509,41.098000000
323.919587,41.099000000
323.927181,41.100000000
323.932130,41.101000000
323.932206,41.102000000
323.943616,41.103000000
323.946655,41.104000000
323.969105,41.105000000
323.974077,41.106000000
323.974129,41.107000000
323.980036,41.108000000
323.984296,41.109000000
323.992323,41.110000000
323.997144,41.111000000
324.000118,41.112000000
324.000638,41.113000000
324.004050,41.114000000
324.020437,41.115000000
324.031129,41.116000000
324.031187,41.117000000
324.035171,41.118000000
324.038316,41.119000000
324.045428,41.120000000
324.047631,41.121000000
324.049615,41.122000000
324.053822,41.123000000
324.060657,41.124000000
324.067707,41.125000000
324.069707,41.126000000
324.074002,41.127000000
324.082744,41.128000000
324.091893,41.129000000
324.091952,41.130000000
324.095448,41.131000000
324.097470,41.132000000
324.105308,41.133000000
324.105364,41.134000000
324.109293,41.135000000
324.119993,41.136000000
324.120103,41.137000000
324.120282,41.138000000
324.120785,41.139000000
324.128081,41.140000000
324.128149,41.141000000
324.142148,41.142000000
324.142214,41.143000000
324.151954,41.144000000
324.152028,41.145000000
324.159192,41.146000000
324.159249,41.147000000
324.159318,41.148000000
324.165016,41.149000000
324.165342,41.150000000
324.176240,41.151000000
324.176296,41.152000000
324.178003,41.153000000
324.202370,41.154000000
324.210915,41.155000000
324.211082,41.156000000
324.211526,41.157000000
324.222754,41.158000000
324.223254,41.159000000
324.234965,41.160000000
324.244106,41.161000000
324.249415,41.162000000
324.249528,41.163000000
324.257120,41.164000000
324.265465,41.165000000
324.265522,41.166000000
324.266069,41.167000000
324.288143,41.168000000
324.293893,41.169000000
324.304931,41.170000000
324.322680,41.171000000
324.326839,41.172000000
324.351848,41.173000000
324.354681,41.174000000
324.361992,41.175000000
324.374187,41.176000000
324.381688,41.177000000
324.389745,41.178000000
324.410316,41.179000000
324.426679,41.180000000
324.445520,41.181000000
324.457892,41.182000000
324.476829,41.183000000
324.503005,41.184000000
324.511417,41.185000000
324.539592,41.186000000
324.546734,41.187000000
324.553259,41.188000000
324.559504,41.189000000
324.565852,41.190000000
324.590891,41.191000000
324.613890,41.192000000
324.626528,41.193000000
324.633268,41.194000000
324.639391,41.195000000
324.645995,41.196000000
324.686466,41.197000000
324.694308,41.198000000
324.721709,41.199000000
324.727625,41.200000000
324.727735,41.201000000
324.770617,41.202000000
324.789128,41.203000000
324.803504,41.204000000
324.812188,41.205000000
324.823267,41.206000000
324.835195,41.207000000
324.841267,41.208000000
324.855022,41.209000000
324.855143,41.210000000
324.866211,41.211000000
324.884269,41.212000000
324.884334,41.213000000
324.891364,41.214000000
324.894741,41.215000000
324.901429,41.216000000
324.901485,41.217000000
324.912715,41.218000000
324.913139,41.219000000
324.930519,41.220000000
324.930584,41.221000000
324.936965,41.222000000
324.949155,41.223000000
324.949220,41.224000000
324.958773,41.225000000
324.958885,41.226000000
324.978474,41.227000000
324.987389,41.228000000
324.988444,41.229000000
324.993998,41.230000000
325.002052,41.231000000
325.002250,41.232000000
325.002708,41.233000000
325.014294,41.234000000
325.026658,41.235000000
325.026780,41.236000000
325.038705,41.237000000
325.038799,41.238000000
325.058652,41.239000000
325.060444,41.240000000
325.075306,41.241000000
325.075447,41.242000000
325.075494,41.243000000
325.097525,41.244000000
325.113337,41.245000000
325.140646,41.246000000
325.150234,41.247000000
325.154416,41.248000000
325.165409,41.249000000
325.181031,41.250000000
325.194699,41.251000000
325.194974,41.252000000
325.206390,41.253000000
325.208835,41.254000000
325.237085,41.255000000
325.248309,41.256000000
325.253239,41.257000000
325.262116,41.258000000
325.274567,41.259000000
325.274628,41.260000000
325.274670,41.261000000
325.280641,41.262000000
325.280696,41.263000000
325.297869,41.264000000
325.305851,41.265000000
325.311454,41.266000000
325.311512,41.267000000
325.323749,41.268000000
325.324546,41.269000000
325.324600,41.270000000
325.349760,41.271000000
325.364925,41.272000000
325.370598,41.273000000
325.387990,41.274000000
325.402294,41.275000000
325.407061,41.276000000
325.438494,41.277000000
325.441214,41.278000000
325.447233,41.279000000
325.468618,41.280000000
325.473958,41.281000000
325.475210,41.282000000
325.488436,41.283000000
325.499159,41.284000000
325.538855,41.285000000
325.539641,41.286000000
325.539682,41.290000000
325.550743,41.291000000
325.551177,41.293000000
325.553138,41.294000000
325.555162,41.295000000
325.557545,41.296000000
325.564897,41.297000000
325.566817,41.298000000
325.569681,41.299000000
325.574758,41.300000000
325.574806,41.301000000
325.576761,41.302000000
325.578959,41.303000000
325.580811,41.304000000
325.595837,41.305000000
325.595879,41.306000000
325.606395,41.307000000
325.606435,41.309000000
325.625371,41.310000000
325.625419,41.312000000
325.645711,41.313000000
325.645789,41.314000000
325.651421,41.315000000
325.651456,41.316000000
325.659467,41.317000000
325.659502,41.318000000
325.675006,41.319000000
325.675048,41.321000000
325.683141,41.322000000
325.683179,41.324000000
325.698072,41.325000000
325.698144,41.326000000
325.715725,41.327000000
325.715769,41.331000000
325.727217,41.332000000
325.727280,41.333000000
325.754683,41.334000000
325.754726,41.337000000
325.767690,41.338000000
325.767757,41.340000000
325.776004,41.341000000
325.776079,41.342000000
325.783372,41.343000000
325.795288,41.344000000
325.795329,41.346000000
325.803426,41.347000000
325.803463,41.348000000
325.814983,41.349000000
325.815042,41.353000000
325.832189,41.354000000
325.832231,41.357000000
325.843683,41.358000000
325.843727,41.361000000
325.844475,41.362000000
325.858836,41.363000000
325.858879,41.367000000
325.865108,41.368000000
325.874737,41.369000000
325.874784,41.371000000
325.897006,41.372000000
325.897049,41.375000000
325.938474,41.376000000
325.938524,41.378000000
325.958847,41.379000000
325.958890,41.380000000
325.965717,41.381000000
325.976871,41.382000000
325.995746,41.383000000
325.999631,41.384000000
326.016084,41.385000000
326.017481,41.386000000
326.033651,41.387000000
326.045169,41.388000000
326.052182,41.389000000
326.062803,41.390000000
326.062846,41.391000000
326.074048,41.392000000
326.077426,41.393000000
326.085161,41.394000000
326.092838,41.395000000
326.106915,41.396000000
326.107017,41.397000000
326.111198,41.398000000
326.118589,41.399000000
326.118635,41.400000000
326.131927,41.401000000
326.131969,41.402000000
326.143492,41.403000000
326.143540,41.404000000
326.161163,41.405000000
326.168479,41.406000000
326.179978,41.407000000
326.184077,41.408000000
326.198088,41.409000000
326.198141,41.410000000
326.217895,41.411000000
326.217937,41.412000000
326.254542,41.413000000
326.254590,41.414000000
326.256238,41.415000000
326.269931,41.416000000
326.269999,41.417000000
326.289195,41.418000000
326.289237,41.420000000
326.303351,41.421000000
326.310020,41.422000000
326.328532,41.423000000
326.328580,41.425000000
326.335036,41.426000000
326.355167,41.427000000
326.355233,41.430000000
326.371633,41.431000000
326.393937,41.432000000
326.394006,41.435000000
326.398356,41.436000000
326.398401,41.437000000
326.419611,41.438000000
326.449471,41.439000000
326.460266,41.440000000
326.479945,41.441000000
326.487444,41.442000000
326.499582,41.443000000
326.511239,41.444000000
326.543968,41.445000000
326.549112,41.446000000
326.553956,41.447000000
326.557917,41.448000000
326.560799,41.449000000
326.564198,41.450000000
326.574563,41.451000000
326.577573,41.452000000
326.583564,41.453000000
326.588856,41.454000000
326.595272,41.455000000
326.628747,41.456000000
326.642835,41.457000000
326.650629,41.458000000
326.666314,41.459000000
326.675646,41.460000000
326.683327,41.461000000
326.694757,41.462000000
326.706425,41.463000000
326.718646,41.464000000
326.729816,41.465000000
326.739985,41.466000000
326.750869,41.467000000
326.754131,41.468000000
326.758457,41.469000000
326.761268,41.470000000
326.764996,41.471000000
326.770940,41.472000000
326.773934,41.473000000
326.776580,41.474000000
326.780197,41.475000000
326.807410,41.476000000
326.818963,41.477000000
326.821477,41.478000000
326.825284,41.479000000
326.829388,41.480000000
326.832164,41.481000000
326.863227,41.482000000
326.870804,41.483000000
326.876469,41.484000000
326.880657,41.485000000
326.897749,41.486000000
326.907998,41.487000000
326.934412,41.488000000
326.934480,41.489000000
326.946622,41.490000000
326.946690,41.491000000
326.954468,41.492000000
326.958558,41.493000000
326.965802,41.494000000
326.969864,41.495000000
326.975932,41.496000000
326.976502,41.497000000
326.990231,41.498000000
326.990291,41.499000000
327.012941,41.500000000
327.022849,41.501000000
327.031930,41.502000000
327.041740,41.503000000
327.047710,41.504000000
327.055821,41.505000000
327.071828,41.506000000
327.081635,41.507000000
327.094002,41.508000000
327.114311,41.509000000
327.124266,41.510000000
327.132658,41.511000000
327.138130,41.512000000
327.178416,41.513000000
327.184383,41.514000000
327.190805,41.515000000
327.220824,41.516000000
327.226288,41.517000000
327.233012,41.518000000
327.253790,41.519000000
327.257936,41.520000000
327.262506,41.521000000
327.290558,41.522000000
327.300399,41.523000000
327.303496,41.524000000
327.311341,41.525000000
327.320218,41.526000000
327.348036,41.527000000
327.356556,41.528000000
327.368559,41.529000000
327.375812,41.530000000
327.387535,41.531000000
327.394470,41.532000000
327.401112,41.533000000
327.412203,41.534000000
327.422798,41.535000000
327.433139,41.536000000
327.441522,41.537000000
327.449846,41.538000000
327.454652,41.539000000
327.473655,41.540000000
327.487706,41.541000000
327.491497,41.542000000
327.522994,41.543000000
327.529796,41.544000000
327.533819,41.545000000
327.533855,41.546000000
327.562647,41.547000000
327.575155,41.548000000
327.599645,41.549000000
327.603971,41.550000000
327.613484,41.551000000
327.633841,41.552000000
327.645030,41.553000000
327.673373,41.554000000
327.686228,41.555000000
327.695271,41.556000000
327.704118,41.557000000
327.714393,41.558000000
327.721137,41.559000000
327.734280,41.560000000
327.747687,41.561000000
327.760614,41.562000000
327.775072,41.563000000
327.780685,41.564000000
327.800781,41.565000000
327.814548,41.566000000
327.818544,41.567000000
327.844968,41.568000000
327.852705,41.569000000
327.867407,41.570000000
327.872261,41.571000000
327.876122,41.572000000
327.906066,41.573000000
327.907215,41.574000000
327.915676,41.575000000
327.915729,41.576000000
327.931025,41.577000000
327.932832,41.578000000
327.975999,41.579000000
327.986092,41.580000000
327.997383,41.581000000
328.010123,41.582000000
328.020747,41.583000000
328.031322,41.584000000
328.044421,41.585000000
328.056231,41.586000000
328.066082,41.587000000
328.071968,41.588000000
328.085806,41.589000000
328.097633,41.590000000
328.107305,41.591000000
328.114898,41.592000000
328.116705,41.593000000
328.144745,41.594000000
328.156157,41.595000000
328.181173,41.596000000
328.186576,41.597000000
328.207732,41.598000000
328.212391,41.599000000
328.224258,41.600000000
328.232450,41.601000000
328.255033,41.602000000
328.265723,41.603000000
328.276738,41.604000000
328.282388,41.605000000
328.294326,41.606000000
328.309864,41.607000000
328.324232,41.608000000
328.338721,41.609000000
328.348936,41.610000000
328.361573,41.611000000
328.375006,41.612000000
328.398384,41.613000000
328.416174,41.614000000
328.424623,41.615000000
328.430806,41.616000000
328.434012,41.617000000
328.438960,41.618000000
328.444575,41.619000000
328.457599,41.620000000
328.463534,41.621000000
328.469257,41.622000000
328.473483,41.623000000
328.480232,41.624000000
328.491462,41.625000000
328.495708,41.626000000
328.499859,41.627000000
328.503986,41.628000000
328.507270,41.629000000
328.511333,41.630000000
328.515588,41.631000000
328.519624,41.632000000
328.524367,41.633000000
328.526772,41.634000000
328.531450,41.635000000
328.533583,41.636000000
328.539428,41.637000000
328.542765,41.638000000
328.546614,41.639000000
328.548741,41.640000000
328.552876,41.641000000
328.556319,41.642000000
328.561670,41.643000000
328.569736,41.644000000
328.572440,41.645000000
328.588440,41.646000000
328.602883,41.647000000
328.624253,41.648000000
328.642313,41.649000000
328.652017,41.650000000
328.652531,41.651000000
328.656744,41.652000000
328.665903,41.653000000
328.667400,41.654000000
328.669852,41.655000000
328.676339,41.656000000
328.697124,41.657000000
328.709438,41.658000000
328.720717,41.659000000
328.742103,41.660000000
328.742152,41.661000000
328.747275,41.662000000
328.751873,41.663000000
328.771366,41.664000000
328.771420,41.665000000
328.771450,41.667000000
328.779010,41.668000000
328.779276,41.669000000
328.785952,41.670000000
328.785993,41.671000000
328.789284,41.672000000
328.805348,41.673000000
328.805431,41.674000000
328.811669,41.675000000
328.811720,41.677000000
328.824326,41.678000000
328.830144,41.679000000
328.843228,41.680000000
328.852456,41.681000000
328.862891,41.682000000
328.865152,41.683000000
328.870186,41.684000000
328.872537,41.685000000
328.882072,41.686000000
328.884401,41.687000000
328.901091,41.688000000
328.903630,41.689000000
328.911138,41.690000000
328.920471,41.691000000
328.930344,41.692000000
328.946918,41.693000000
328.952961,41.694000000
328.963933,41.695000000
328.971965,41.696000000
328.981190,41.697000000
328.985528,41.698000000
328.994520,41.699000000
329.002029,41.700000000
329.010067,41.701000000
329.017911,41.702000000
329.026329,41.703000000
329.032765,41.704000000
329.041247,41.705000000
329.049613,41.706000000
329.054606,41.707000000
329.077306,41.708000000
329.081715,41.709000000
329.099883,41.710000000
329.113529,41.711000000
329.115941,41.712000000
329.119990,41.713000000
329.120590,41.714000000
329.122880,41.715000000
329.125147,41.716000000
329.128055,41.717000000
329.130206,41.718000000
329.132643,41.719000000
329.134846,41.720000000
329.137174,41.721000000
329.140731,41.722000000
329.142912,41.723000000
329.145294,41.724000000
329.147533,41.725000000
329.167453,41.726000000
329.173265,41.727000000
329.180247,41.728000000
329.209668,41.729000000
329.221084,41.730000000
329.228762,41.731000000
329.239393,41.732000000
329.240824,41.733000000
329.248183,41.734000000
329.255615,41.735000000
329.262287,41.736000000
329.285065,41.737000000
329.295497,41.738000000
329.302429,41.739000000
329.311459,41.740000000
329.319632,41.741000000
329.327616,41.742000000
329.337447,41.743000000
329.346851,41.744000000
329.354443,41.745000000
329.361338,41.746000000
329.370438,41.747000000
329.382616,41.748000000
329.384697,41.749000000
329.400381,41.750000000
329.402470,41.751000000
329.407721,41.752000000
329.417876,41.753000000
329.420198,41.754000000
329.425086,41.755000000
329.429178,41.756000000
329.440957,41.757000000
329.445012,41.758000000
329.449065,41.759000000
329.451210,41.760000000
329.456613,41.761000000
329.459126,41.762000000
329.464400,41.763000000
329.469258,41.764000000
329.501168,41.765000000
329.504993,41.766000000
329.511274,41.767000000
329.521222,41.768000000
329.530017,41.769000000
329.534234,41.770000000
329.538373,41.771000000
329.540564,41.772000000
329.566003,41.773000000
329.582912,41.774000000
329.591650,41.775000000
329.597752,41.776000000
329.598933,41.777000000
329.609405,41.778000000
329.620293,41.779000000
329.629165,41.780000000
329.649793,41.781000000
329.662770,41.782000000
329.674659,41.783000000
329.690872,41.784000000
329.693037,41.785000000
329.706114,41.786000000
329.714851,41.787000000
329.741595,41.788000000
329.754385,41.789000000
329.754433,41.791000000
329.766818,41.792000000
329.777293,41.793000000
329.786382,41.794000000
329.796874,41.795000000
329.802189,41.796000000
329.830091,41.797000000
329.854604,41.798000000
329.874328,41.799000000
329.882679,41.800000000
329.890005,41.801000000
329.894298,41.802000000
329.896066,41.803000000
329.903213,41.804000000
329.938609,41.805000000
329.941818,41.806000000
329.985576,41.807000000
329.993383,41.808000000
330.026178,41.809000000
330.056249,41.810000000
330.097920,41.811000000
330.109542,41.812000000
330.132006,41.813000000
330.143041,41.814000000
330.157163,41.815000000
330.170109,41.816000000
330.190832,41.817000000
330.200387,41.818000000
330.210394,41.819000000
330.221212,41.820000000
330.227244,41.821000000
330.237444,41.822000000
330.244592,41.823000000
330.250377,41.824000000
330.263853,41.825000000
330.272574,41.826000000
330.283127,41.827000000
330.292873,41.828000000
330.315899,41.829000000
330.323882,41.830000000
330.333148,41.831000000
330.338844,41.832000000
330.346290,41.833000000
330.357420,41.834000000
330.365862,41.835000000
330.371604,41.836000000
330.375515,41.837000000
330.384218,41.838000000
330.390674,41.839000000
330.398617,41.840000000
330.409156,41.841000000
330.421990,41.842000000
330.427498,41.843000000
330.432077,41.844000000
330.435856,41.845000000
330.436938,41.846000000
330.439234,41.847000000
330.441531,41.848000000
330.443692,41.849000000
330.446407,41.850000000
330.448477,41.851000000
330.450947,41.852000000
330.464379,41.853000000
330.469102,41.854000000
330.469504,41.855000000
330.472887,41.856000000
330.475410,41.857000000
330.477561,41.858000000
330.479928,41.859000000
330.484496,41.860000000
330.506874,41.861000000
330.510094,41.862000000
330.538799,41.863000000
330.547657,41.864000000
330.556310,41.865000000
330.561158,41.866000000
330.576439,41.867000000
330.581044,41.868000000
330.596716,41.869000000
330.604642,41.870000000
330.609132,41.871000000
330.629278,41.872000000
330.645886,41.873000000
330.659448,41.874000000
330.674552,41.875000000
330.713400,41.876000000
330.725972,41.877000000
330.736293,41.878000000
330.745108,41.879000000
330.748666,41.880000000
330.751387,41.881000000
330.758343,41.882000000
330.765421,41.883000000
330.786327,41.884000000
330.815383,41.885000000
330.833228,41.886000000
330.855827,41.887000000
330.869528,41.888000000
330.892203,41.889000000
330.916333,41.890000000
330.944167,41.891000000
330.964566,41.892000000
330.976855,41.893000000
331.001758,41.894000000
331.020262,41.895000000
331.038188,41.896000000
331.051426,41.897000000
331.073426,41.898000000
331.087667,41.899000000
331.096489,41.900000000
331.101561,41.901000000
331.109688,41.902000000
331.116723,41.903000000
331.124615,41.904000000
331.153380,41.905000000
331.158226,41.906000000
331.175709,41.907000000
331.175772,41.908000000
331.175812,41.909000000
331.189373,41.910000000
331.189429,41.911000000
331.236477,41.912000000
331.243604,41.913000000
331.250254,41.914000000
331.269648,41.915000000
331.269745,41.916000000
331.270298,41.917000000
331.282407,41.918000000
331.295861,41.919000000
331.305654,41.920000000
331.362231,41.921000000
331.362264,41.922000000
331.362280,41.923000000
331.362658,41.924000000
331.389980,41.925000000
331.390250,41.926000000
331.401135,41.927000000
331.401189,41.928000000
331.459372,41.929000000
331.471551,41.930000000
331.485260,41.931000000
331.493374,41.932000000
331.509778,41.933000000
331.520136,41.934000000
331.540119,41.935000000
331.549145,41.936000000
331.560455,41.937000000
331.573668,41.938000000
331.589925,41.939000000
331.599892,41.940000000
331.607223,41.941000000
331.607617,41.942000000
331.615805,41.943000000
331.626896,41.944000000
331.626953,41.945000000
331.639854,41.946000000
331.648310,41.947000000
331.649758,41.948000000
331.670984,41.949000000
331.671040,41.950000000
331.700759,41.951000000
331.700815,41.952000000
331.712363,41.953000000
331.720259,41.954000000
331.735680,41.955000000
331.735765,41.956000000
331.756541,41.957000000
331.759606,41.958000000
331.768527,41.959000000
331.792025,41.960000000
331.799318,41.961000000
331.811958,41.962000000
331.818826,41.963000000
331.830843,41.964000000
331.866248,41.965000000
331.878711,41.966000000
331.902163,41.967000000
331.904463,41.968000000
331.945177,41.969000000
331.952677,41.970000000
331.967870,41.971000000
331.974384,41.972000000
331.981274,41.973000000
332.011320,41.974000000
332.011771,41.975000000
332.018261,41.976000000
332.018863,41.977000000
332.062961,41.978000000
332.063018,41.979000000
332.063056,41.980000000
332.063655,41.981000000
332.076157,41.982000000
332.076216,41.983000000
332.088780,41.984000000
332.088835,41.985000000
332.099516,41.986000000
332.099631,41.987000000
332.112822,41.988000000
332.112993,41.989000000
332.123402,41.990000000
332.155919,41.991000000
332.155980,41.992000000
332.176793,41.993000000
332.186258,41.994000000
332.196995,41.995000000
332.204434,41.996000000
332.208396,41.997000000
332.216779,41.998000000
332.227848,41.999000000
332.250758,42.000000000
332.260573,42.001000000
332.261183,42.002000000
332.291570,42.003000000
332.293527,42.004000000
332.300857,42.005000000
332.304763,42.006000000
332.313067,42.007000000
332.330176,42.008000000
332.339792,42.009000000
332.344413,42.010000000
332.355641,42.011000000
332.363828,42.012000000
332.374304,42.013000000
332.380501,42.014000000
332.386998,42.015000000
332.396924,42.016000000
332.405159,42.017000000
332.416101,42.018000000
332.417007,42.019000000
332.437388,42.020000000
332.438684,42.021000000
332.450565,42.022000000
332.451661,42.023000000
332.464298,42.024000000
332.477251,42.025000000
332.477345,42.026000000
332.481557,42.027000000
332.496377,42.028000000
332.509770,42.029000000
332.534948,42.030000000
332.535008,42.031000000
332.550088,42.032000000
332.550172,42.033000000
332.550233,42.034000000
332.586364,42.035000000
332.602140,42.036000000
332.619982,42.037000000
332.645392,42.038000000
332.663015,42.039000000
332.677395,42.040000000
332.682075,42.041000000
332.684761,42.042000000
332.696093,42.043000000
332.696151,42.044000000
332.696766,42.045000000
332.698894,42.046000000
332.706062,42.047000000
332.706118,42.048000000
332.706156,42.049000000
332.714893,42.050000000
332.722671,42.051000000
332.730112,42.052000000
332.733916,42.053000000
332.740575,42.054000000
332.743599,42.055000000
332.750451,42.056000000
332.755232,42.057000000
332.760139,42.058000000
332.769329,42.059000000
332.773460,42.060000000
332.777353,42.061000000
332.806573,42.062000000
332.816065,42.063000000
332.827121,42.064000000
332.837195,42.065000000
332.868567,42.066000000
332.874485,42.067000000
332.876931,42.068000000
332.881912,42.069000000
332.904153,42.070000000
332.911632,42.071000000
332.923136,42.072000000
332.945069,42.073000000
332.961192,42.074000000
332.971352,42.075000000
332.986495,42.076000000
332.996305,42.077000000
333.038234,42.078000000
333.055065,42.079000000
333.069273,42.080000000
333.080935,42.081000000
333.093473,42.082000000
333.107925,42.083000000
333.121178,42.084000000
333.136915,42.085000000
333.146722,42.086000000
333.164067,42.087000000
333.172822,42.088000000
333.175186,42.089000000
333.187461,42.090000000
333.190307,42.091000000
333.209226,42.092000000
333.215142,42.093000000
333.219598,42.094000000
333.228424,42.095000000
333.230796,42.096000000
333.238932,42.097000000
333.246338,42.098000000
333.281509,42.099000000
333.288939,42.100000000
333.300303,42.101000000
333.314445,42.102000000
333.324881,42.103000000
333.336471,42.104000000
333.367068,42.105000000
333.379812,42.106000000
333.388247,42.107000000
333.406754,42.108000000
333.413153,42.109000000
333.449027,42.110000000
333.476235,42.111000000
333.486164,42.112000000
333.496483,42.113000000
333.501782,42.114000000
333.509895,42.115000000
333.515326,42.116000000
333.519563,42.117000000
333.525363,42.118000000
333.531541,42.119000000
333.535136,42.120000000
333.541773,42.121000000
333.544299,42.122000000
333.548049,42.123000000
333.559903,42.124000000
333.559963,42.125000000
333.585778,42.126000000
333.593309,42.127000000
333.603605,42.128000000
333.628607,42.129000000
333.637490,42.130000000
333.645798,42.131000000
333.655209,42.132000000
333.663348,42.133000000
333.675457,42.134000000
333.684636,42.135000000
333.691352,42.136000000
333.701192,42.137000000
333.708793,42.138000000
333.721589,42.139000000
333.727315,42.140000000
333.730209,42.141000000
333.743354,42.142000000
333.752550,42.143000000
333.759497,42.144000000
333.769719,42.145000000
333.780159,42.146000000
333.790605,42.147000000
333.809026,42.148000000
333.820386,42.149000000
333.837271,42.150000000
333.849163,42.151000000
333.868847,42.152000000
333.881576,42.153000000
333.892209,42.154000000
333.908552,42.155000000
333.922859,42.156000000
333.930712,42.157000000
333.934426,42.158000000
333.940890,42.159000000
333.950002,42.160000000
333.957233,42.161000000
333.964446,42.162000000
333.990150,42.163000000
334.001401,42.164000000
334.006876,42.165000000
334.011093,42.166000000
334.019769,42.167000000
334.027060,42.168000000
334.034834,42.169000000
334.061078,42.170000000
334.072101,42.171000000
334.082891,42.172000000
334.095474,42.173000000
334.107756,42.174000000
334.120360,42.175000000
334.146859,42.176000000
334.155196,42.177000000
334.167699,42.178000000
334.191563,42.179000000
334.213116,42.180000000
334.221623,42.181000000
334.232383,42.182000000
334.254227,42.183000000
334.266709,42.184000000
334.275678,42.185000000
334.292763,42.186000000
334.312458,42.187000000
334.324244,42.188000000
334.347036,42.189000000
334.353165,42.190000000
334.366818,42.191000000
334.373601,42.192000000
334.386320,42.193000000
334.388691,42.194000000
334.390989,42.195000000
334.415323,42.196000000
334.418575,42.197000000
334.426057,42.198000000
334.430907,42.199000000
334.438346,42.200000000
334.471079,42.201000000
334.478131,42.202000000
334.480530,42.203000000
334.494362,42.204000000
334.504489,42.205000000
334.514657,42.206000000
334.517339,42.207000000
334.531643,42.208000000
334.562632,42.209000000
334.570724,42.210000000
334.583314,42.211000000
334.591870,42.212000000
334.597426,42.213000000
334.650183,42.214000000
334.668738,42.215000000
334.672174,42.216000000
334.687172,42.217000000
334.697875,42.218000000
334.723198,42.219000000
334.732937,42.220000000
334.743113,42.221000000
334.758750,42.222000000
334.768959,42.223000000
334.778860,42.224000000
334.789999,42.225000000
334.799103,42.226000000
334.801549,42.227000000
334.803698,42.228000000
334.805873,42.229000000
334.808122,42.230000000
334.813613,42.231000000
334.818640,42.232000000
334.822125,42.233000000
334.824448,42.234000000
334.845898,42.235000000
334.848466,42.236000000
334.858523,42.237000000
334.864918,42.238000000
334.871669,42.239000000
334.876247,42.240000000
334.878618,42.241000000
334.908764,42.242000000
334.909007,42.243000000
334.911243,42.244000000
334.913497,42.245000000
334.916740,42.246000000
334.919434,42.247000000
334.921905,42.248000000
334.924277,42.249000000
334.935384,42.250000000
334.954239,42.251000000
334.964792,42.252000000
335.006978,42.253000000
335.016643,42.254000000
335.032556,42.255000000
335.040712,42.256000000
335.042976,42.257000000
335.045256,42.258000000
335.051483,42.259000000
335.053862,42.260000000
335.056306,42.261000000
335.072027,42.262000000
335.082875,42.263000000
335.091485,42.264000000
335.100530,42.265000000
335.105539,42.266000000
335.113554,42.267000000
335.123059,42.268000000
335.128918,42.269000000
335.135459,42.270000000
335.141699,42.271000000
335.159948,42.272000000
335.177443,42.273000000
335.181059,42.274000000
335.193980,42.275000000
335.203335,42.276000000
335.207093,42.277000000
335.225026,42.278000000
335.227328,42.279000000
335.234931,42.280000000
335.265510,42.281000000
335.270481,42.282000000
335.275521,42.283000000
335.281101,42.284000000
335.284988,42.285000000
335.287424,42.286000000
335.294465,42.287000000
335.299756,42.288000000
335.313098,42.289000000
335.317523,42.290000000
335.320129,42.291000000
335.333029,42.292000000
335.340580,42.293000000
335.372397,42.294000000
335.378151,42.295000000
335.407242,42.296000000
335.407454,42.297000000
335.424866,42.298000000
335.449924,42.299000000
335.461848,42.300000000
335.471736,42.301000000
335.484750,42.302000000
335.500057,42.303000000
335.510122,42.304000000
335.522151,42.305000000
335.534382,42.306000000
335.542272,42.307000000
335.556248,42.308000000
335.577793,42.309000000
335.578316,42.310000000
335.601469,42.311000000
335.632057,42.312000000
335.642611,42.313000000
335.657137,42.314000000
335.668411,42.315000000
335.678088,42.316000000
335.690516,42.317000000
335.701309,42.318000000
335.723712,42.319000000
335.743982,42.320000000
335.754072,42.321000000
335.754557,42.322000000
335.765010,42.323000000
335.784398,42.324000000
335.797803,42.325000000
335.806078,42.326000000
335.817764,42.327000000
335.833819,42.328000000
335.859671,42.329000000
335.865242,42.330000000
335.882450,42.331000000
335.891986,42.332000000
335.906164,42.333000000
335.914978,42.334000000
335.933586,42.335000000
335.939104,42.336000000
335.943564,42.337000000
335.971226,42.338000000
335.978524,42.339000000
335.993278,42.340000000
336.019764,42.341000000
336.026609,42.342000000
336.052259,42.343000000
336.057599,42.344000000
336.065358,42.345000000
336.072843,42.346000000
336.077243,42.347000000
336.080940,42.348000000
336.083943,42.349000000
336.096494,42.350000000
336.118178,42.351000000
336.123091,42.352000000
336.125887,42.353000000
336.146704,42.354000000
336.147423,42.355000000
336.182931,42.356000000
336.203402,42.357000000
336.212039,42.358000000
336.226893,42.359000000
336.246851,42.360000000
336.262388,42.361000000
336.270861,42.362000000
336.272725,42.363000000
336.283146,42.364000000
336.283947,42.365000000
336.295909,42.366000000
336.296123,42.367000000
336.310845,42.368000000
336.316908,42.369000000
336.329757,42.370000000
336.335704,42.371000000
336.345664,42.372000000
336.345725,42.373000000
336.374751,42.374000000
336.383137,42.375000000
336.389390,42.376000000
336.392481,42.377000000
336.416444,42.378000000
336.425892,42.379000000
336.433575,42.380000000
336.446527,42.381000000
336.452603,42.382000000
336.457433,42.383000000
336.481938,42.384000000
336.494623,42.385000000
336.502285,42.386000000
336.510154,42.387000000
336.516096,42.388000000
336.529225,42.389000000
336.570104,42.390000000
336.591391,42.391000000
336.602314,42.392000000
336.627102,42.393000000
336.642245,42.394000000
336.651630,42.395000000
336.666681,42.396000000
336.674548,42.397000000
336.688486,42.398000000
336.693038,42.399000000
336.696054,42.400000000
336.698703,42.401000000
336.704003,42.402000000
336.707380,42.403000000
336.710213,42.404000000
336.732311,42.405000000
336.742995,42.406000000
336.752644,42.407000000
336.777425,42.408000000
336.784022,42.409000000
336.793974,42.410000000
336.808607,42.411000000
336.814797,42.412000000
336.826083,42.413000000
336.833237,42.414000000
336.860629,42.415000000
336.871425,42.416000000
336.874225,42.417000000
336.889464,42.418000000
336.897707,42.419000000
336.937213,42.420000000
336.950405,42.421000000
336.967989,42.422000000
336.979155,42.423000000
336.992856,42.424000000
337.006158,42.425000000
337.024504,42.426000000
337.030585,42.427000000
337.042491,42.428000000
337.048316,42.429000000
337.052377,42.430000000
337.056342,42.431000000
337.059407,42.432000000
337.067267,42.433000000
337.070087,42.434000000
337.072542,42.435000000
337.076064,42.436000000
337.079114,42.437000000
337.085555,42.438000000
337.096273,42.439000000
337.100858,42.440000000
337.106915,42.441000000
337.109840,42.442000000
337.112356,42.443000000
337.114885,42.444000000
337.118524,42.445000000
337.121543,42.446000000
337.140313,42.447000000
337.174079,42.448000000
337.178784,42.449000000
337.182739,42.450000000
337.186973,42.451000000
337.190518,42.452000000
337.195379,42.453000000
337.198304,42.454000000
337.201814,42.455000000
337.204989,42.456000000
337.209931,42.457000000
337.222089,42.458000000
337.224796,42.459000000
337.228303,42.460000000
337.232860,42.461000000
337.239641,42.462000000
337.245207,42.463000000
337.250863,42.464000000
337.253681,42.465000000
337.261039,42.466000000
337.265325,42.467000000
337.267300,42.468000000
337.269288,42.469000000
337.271325,42.470000000
337.274615,42.471000000
337.281352,42.472000000
337.286131,42.473000000
337.292514,42.474000000
337.294985,42.475000000
337.298367,42.476000000
337.301436,42.477000000
337.304442,42.478000000
337.310357,42.479000000
337.320161,42.480000000
337.325013,42.481000000
337.328544,42.482000000
337.334754,42.483000000
337.340447,42.484000000
337.344320,42.485000000
337.346619,42.486000000
337.401317,42.487000000
337.422671,42.488000000
337.438785,42.489000000
337.445560,42.490000000
337.452821,42.491000000
337.456799,42.492000000
337.459248,42.493000000
337.462694,42.494000000
337.465814,42.495000000
337.468348,42.496000000
337.475211,42.497000000
337.477783,42.498000000
337.481344,42.499000000
337.483649,42.500000000
337.486811,42.501000000
337.489228,42.502000000
337.491730,42.503000000
337.497602,42.504000000
337.502538,42.505000000
337.504782,42.506000000
337.510843,42.507000000
337.514842,42.508000000
337.517093,42.509000000
337.520246,42.510000000
337.526221,42.511000000
337.528431,42.512000000
337.530586,42.513000000
337.534102,42.514000000
337.542953,42.515000000
337.549311,42.516000000
337.560217,42.517000000
337.573523,42.518000000
337.579204,42.519000000
337.589211,42.520000000
337.591612,42.521000000
337.596779,42.522000000
337.616442,42.523000000
337.625859,42.524000000
337.654029,42.525000000
337.657097,42.526000000
337.664533,42.527000000
337.667464,42.528000000
337.675898,42.529000000
337.678704,42.530000000
337.681247,42.531000000
337.693726,42.532000000
337.697357,42.533000000
337.700437,42.534000000
337.708801,42.535000000
337.719169,42.536000000
337.726932,42.537000000
337.750479,42.538000000
337.757272,42.539000000
337.762513,42.540000000
337.766236,42.541000000
337.800597,42.542000000
337.811583,42.543000000
337.829676,42.544000000
337.834611,42.545000000
337.838056,42.546000000
337.840903,42.547000000
337.843675,42.548000000
337.847376,42.549000000
337.854074,42.550000000
337.861369,42.551000000
337.864229,42.552000000
337.878175,42.553000000
337.886319,42.554000000
337.888751,42.555000000
337.890974,42.556000000
337.893314,42.557000000
337.896664,42.558000000
337.900048,42.559000000
337.904990,42.560000000
337.907792,42.561000000
337.913921,42.562000000
337.916302,42.563000000
337.918672,42.564000000
337.921441,42.565000000
337.924509,42.566000000
337.927861,42.567000000
337.942188,42.568000000
337.954010,42.569000000
337.968963,42.570000000
337.973307,42.571000000
337.983103,42.572000000
337.991885,42.573000000
338.004918,42.574000000
338.018829,42.575000000
338.028959,42.576000000
338.038351,42.577000000
338.048712,42.578000000
338.060097,42.579000000
338.060477,42.580000000
338.075671,42.581000000
338.082457,42.582000000
338.093904,42.583000000
338.107549,42.584000000
338.114258,42.585000000
338.125463,42.586000000
338.129201,42.587000000
338.141561,42.588000000
338.148786,42.589000000
338.168091,42.590000000
338.182801,42.591000000
338.197986,42.592000000
338.203681,42.593000000
338.222928,42.594000000
338.229739,42.595000000
338.244425,42.596000000
338.277619,42.597000000
338.277961,42.598000000
338.293842,42.599000000
338.296701,42.600000000
338.310029,42.601000000
338.323416,42.602000000
338.324415,42.603000000
338.327766,42.604000000
338.330195,42.605000000
338.354266,42.606000000
338.356478,42.607000000
338.361109,42.608000000
338.361152,42.609000000
338.377043,42.610000000
338.382826,42.611000000
338.392374,42.612000000
338.395038,42.613000000
338.417784,42.614000000
338.428813,42.615000000
338.448601,42.616000000
338.453703,42.617000000
338.471996,42.618000000
338.479065,42.619000000
338.487491,42.620000000
338.507873,42.621000000
338.509954,42.622000000
338.514278,42.623000000
338.520640,42.624000000
338.526850,42.625000000
338.546582,42.626000000
338.561012,42.627000000
338.577601,42.628000000
338.594297,42.629000000
338.607707,42.630000000
338.620210,42.631000000
338.633077,42.632000000
338.642437,42.633000000
338.654505,42.634000000
338.665617,42.635000000
338.670376,42.636000000
338.679524,42.637000000
338.684731,42.638000000
338.685002,42.639000000
338.715420,42.640000000
338.737643,42.641000000
338.737721,42.642000000
338.740624,42.643000000
338.743288,42.644000000
338.746934,42.645000000
338.749650,42.646000000
338.753994,42.647000000
338.757205,42.648000000
338.772127,42.649000000
338.779455,42.650000000
338.784483,42.651000000
338.793168,42.652000000
338.802324,42.653000000
338.816245,42.654000000
338.823686,42.655000000
338.832767,42.656000000
338.843464,42.657000000
338.846529,42.658000000
338.849770,42.659000000
338.853884,42.660000000
338.861104,42.661000000
338.871756,42.662000000
338.878894,42.663000000
338.885218,42.664000000
338.888129,42.665000000
338.900955,42.666000000
338.903764,42.667000000
338.912057,42.668000000
338.920186,42.669000000
338.927262,42.670000000
338.932662,42.671000000
338.937769,42.672000000
338.948144,42.673000000
338.953806,42.674000000
338.964764,42.675000000
338.978108,42.676000000
339.002555,42.677000000
339.011913,42.678000000
339.022854,42.679000000
339.031156,42.680000000
339.037290,42.681000000
339.043653,42.682000000
339.049915,42.683000000
339.057960,42.684000000
339.062775,42.685000000
339.068075,42.686000000
339.071073,42.687000000
339.075480,42.688000000
339.084280,42.689000000
339.086743,42.690000000
339.093796,42.691000000
339.096567,42.692000000
339.101322,42.693000000
339.114473,42.694000000
339.134186,42.695000000
339.141025,42.696000000
339.145782,42.697000000
339.151431,42.698000000
339.175864,42.699000000
339.185521,42.700000000
339.193634,42.701000000
339.212427,42.702000000
339.212493,42.703000000
339.213768,42.704000000
339.213817,42.705000000
339.214678,42.706000000
339.220226,42.707000000
339.220293,42.708000000
339.224228,42.709000000
339.224289,42.710000000
339.225776,42.711000000
339.250385,42.712000000
339.252768,42.713000000
339.255534,42.714000000
339.258409,42.715000000
339.260617,42.716000000
339.271694,42.717000000
339.280296,42.718000000
339.316228,42.719000000
339.320138,42.720000000
339.330567,42.721000000
339.348645,42.722000000
339.351085,42.723000000
339.403618,42.724000000
339.409031,42.725000000
339.413679,42.726000000
339.418610,42.727000000
339.421051,42.728000000
339.425356,42.729000000
339.436998,42.730000000
339.444971,42.731000000
339.450394,42.732000000
339.464745,42.733000000
339.479328,42.734000000
339.494694,42.735000000
339.499706,42.736000000
339.503024,42.737000000
339.512589,42.738000000
339.513412,42.739000000
339.523056,42.740000000
339.523101,42.742000000
339.542293,42.743000000
339.542341,42.744000000
339.550223,42.745000000
339.566808,42.746000000
339.577045,42.747000000
339.577097,42.749000000
339.596008,42.750000000
339.596066,42.752000000
339.596105,42.753000000
339.597977,42.754000000
339.620337,42.755000000
339.628571,42.756000000
339.640660,42.757000000
339.648187,42.758000000
339.651916,42.759000000
339.658263,42.760000000
339.690489,42.761000000
339.692683,42.762000000
339.705099,42.763000000
339.720340,42.764000000
339.724219,42.765000000
339.752852,42.766000000
339.759777,42.767000000
339.774985,42.768000000
339.781672,42.769000000
339.796408,42.770000000
339.800177,42.771000000
339.810633,42.772000000
339.816798,42.773000000
339.830594,42.774000000
339.836251,42.775000000
339.841821,42.776000000
339.849246,42.777000000
339.855501,42.778000000
339.862520,42.779000000
339.862885,42.780000000
339.867698,42.781000000
339.874078,42.782000000
339.881740,42.783000000
339.891837,42.784000000
339.896851,42.785000000
339.901752,42.786000000
339.908293,42.787000000
339.912823,42.788000000
339.926386,42.789000000
339.928536,42.790000000
339.933198,42.791000000
339.938648,42.792000000
339.944278,42.793000000
339.944322,42.794000000
339.946360,42.795000000
339.952206,42.796000000
339.954241,42.797000000
339.956276,42.798000000
339.960327,42.799000000
339.977024,42.800000000
339.995778,42.801000000
340.003102,42.802000000
340.011993,42.803000000
340.013058,42.804000000
340.018132,42.805000000
340.047658,42.806000000
340.051081,42.807000000
340.055658,42.808000000
340.071721,42.809000000
340.080117,42.810000000
340.110597,42.811000000
340.123284,42.812000000
340.145533,42.813000000
340.145586,42.814000000
340.151472,42.815000000
340.151516,42.816000000
340.162095,42.817000000
340.173379,42.818000000
340.188176,42.819000000
340.192270,42.820000000
340.207456,42.821000000
340.230472,42.822000000
340.236471,42.823000000
340.245109,42.824000000
340.270609,42.825000000
340.278990,42.826000000
340.279849,42.827000000
340.282136,42.828000000
340.286672,42.829000000
340.287415,42.830000000
340.289515,42.831000000
340.294847,42.832000000
340.297048,42.833000000
340.299083,42.834000000
340.302136,42.835000000
340.304244,42.836000000
340.310086,42.837000000
340.317500,42.838000000
340.328082,42.839000000
340.333157,42.840000000
340.337641,42.841000000
340.346498,42.842000000
340.355084,42.843000000
340.381120,42.844000000
340.396304,42.845000000
340.421687,42.846000000
340.438658,42.847000000
340.455509,42.848000000
340.468024,42.849000000
340.480170,42.850000000
340.488849,42.851000000
340.495218,42.852000000
340.506342,42.853000000
340.516672,42.854000000
340.520967,42.855000000
340.528931,42.856000000
340.538103,42.857000000
340.543816,42.858000000
340.550241,42.859000000
340.564626,42.860000000
340.573238,42.861000000
340.584300,42.862000000
340.592740,42.863000000
340.620686,42.864000000
340.633149,42.865000000
340.641627,42.866000000
340.644193,42.867000000
340.650501,42.868000000
340.652845,42.869000000
340.659901,42.870000000
340.666779,42.871000000
340.671216,42.872000000
340.677268,42.873000000
340.681062,42.874000000
340.688601,42.875000000
340.693357,42.876000000
340.702307,42.877000000
340.704367,42.878000000
340.709417,42.879000000
340.713030,42.880000000
340.718237,42.881000000
340.721984,42.882000000
340.724094,42.883000000
340.730251,42.884000000
340.732271,42.885000000
340.734480,42.886000000
340.756824,42.887000000
340.762988,42.888000000
340.770274,42.889000000
340.775975,42.890000000
340.784314,42.891000000
340.787580,42.892000000
340.790081,42.893000000
340.792701,42.894000000
340.794985,42.895000000
340.814301,42.896000000
340.816457,42.897000000
340.818566,42.898000000
340.820727,42.899000000
340.822799,42.900000000
340.825141,42.901000000
340.832034,42.902000000
340.834356,42.903000000
340.836500,42.904000000
340.839076,42.905000000
340.841181,42.906000000
340.843232,42.907000000
340.856558,42.908000000
340.856945,42.909000000
340.860480,42.910000000
340.864461,42.911000000
340.868648,42.912000000
340.870716,42.913000000
340.887716,42.914000000
340.907984,42.915000000
340.914814,42.916000000
340.921023,42.917000000
340.928064,42.918000000
340.935081,42.919000000
340.941256,42.920000000
340.949128,42.921000000
340.955200,42.922000000
340.965478,42.923000000
340.972301,42.924000000
340.982729,42.925000000
340.996612,42.926000000
340.998795,42.927000000
341.008638,42.928000000
341.013673,42.929000000
341.017076,42.930000000
341.022006,42.931000000
341.024167,42.932000000
341.026483,42.933000000
341.030679,42.934000000
341.033239,42.935000000
341.039002,42.936000000
341.041811,42.937000000
341.053500,42.938000000
341.058131,42.939000000
341.060214,42.940000000
341.063828,42.941000000
341.067776,42.942000000
341.071799,42.943000000
341.074048,42.944000000
341.078550,42.945000000
341.080770,42.946000000
341.084608,42.947000000
341.088684,42.948000000
341.092419,42.949000000
341.102134,42.950000000
341.118154,42.951000000
341.122043,42.952000000
341.125774,42.953000000
341.130487,42.954000000
341.135612,42.955000000
341.137923,42.956000000
341.148543,42.957000000
341.156274,42.958000000
341.160078,42.959000000
341.163530,42.960000000
341.167147,42.961000000
341.176863,42.962000000
341.196295,42.963000000
341.218378,42.964000000
341.221117,42.965000000
341.236172,42.966000000
341.252371,42.967000000
341.259929,42.968000000
341.282743,42.969000000
341.293286,42.970000000
341.301157,42.971000000
341.308846,42.972000000
341.318849,42.973000000
341.332425,42.974000000
341.342516,42.975000000
341.353252,42.976000000
341.361264,42.977000000
341.380190,42.978000000
341.396205,42.979000000
341.396250,42.980000000
341.418380,42.981000000
341.430070,42.982000000
341.445076,42.983000000
341.457594,42.984000000
341.470498,42.985000000
341.486555,42.986000000
341.498175,42.987000000
341.515041,42.988000000
341.533732,42.989000000
341.555416,42.990000000
341.555463,42.992000000
341.596467,42.993000000
341.596517,42.994000000
341.625892,42.995000000
341.643583,42.996000000
341.660409,42.997000000
341.671270,42.998000000
341.682075,42.999000000
341.691355,43.000000000
341.706844,43.001000000
341.724786,43.002000000
341.728834,43.003000000
341.743013,43.004000000
341.753316,43.005000000
341.758848,43.006000000
341.763525,43.007000000
341.788246,43.008000000
341.792378,43.009000000
341.809482,43.010000000
341.817097,43.011000000
341.823744,43.012000000
341.854449,43.013000000
341.863242,43.014000000
341.888275,43.015000000
341.902412,43.016000000
341.921401,43.017000000
341.921467,43.018000000
341.923971,43.019000000
341.932454,43.020000000
341.934444,43.021000000
341.936624,43.022000000
341.938793,43.023000000
341.941154,43.024000000
341.943840,43.025000000
341.948753,43.026000000
341.965661,43.027000000
341.965712,43.028000000
341.967237,43.029000000
341.971338,43.030000000
341.987266,43.031000000
341.991853,43.032000000
341.994078,43.033000000
341.998452,43.034000000
342.001972,43.035000000
342.006237,43.036000000
342.011668,43.037000000
342.014996,43.038000000
342.021252,43.039000000
342.027806,43.040000000
342.036685,43.041000000
342.050987,43.042000000
342.054322,43.043000000
342.059203,43.044000000
342.080983,43.045000000
342.088169,43.046000000
342.091813,43.047000000
342.103460,43.048000000
342.109168,43.049000000
342.111341,43.050000000
342.118136,43.051000000
342.139658,43.052000000
342.144536,43.053000000
342.146939,43.054000000
342.158861,43.055000000
342.165152,43.056000000
342.186966,43.057000000
342.193054,43.058000000
342.198191,43.059000000
342.202366,43.060000000
342.207098,43.061000000
342.211320,43.062000000
342.216786,43.063000000
342.221137,43.064000000
342.226489,43.065000000
342.231040,43.066000000
342.241047,43.067000000
342.246199,43.068000000
342.253344,43.069000000
342.256545,43.070000000
342.264736,43.071000000
342.268985,43.072000000
342.276678,43.073000000
342.282597,43.074000000
342.296436,43.075000000
342.303887,43.076000000
342.309618,43.077000000
342.311951,43.078000000
342.314568,43.079000000
342.316713,43.080000000
342.318887,43.081000000
342.340262,43.082000000
342.342627,43.083000000
342.344781,43.084000000
342.347840,43.085000000
342.350154,43.086000000
342.355900,43.087000000
342.359648,43.088000000
342.371569,43.089000000
342.388757,43.090000000
342.402710,43.091000000
342.404863,43.092000000
342.416717,43.093000000
342.423209,43.094000000
342.426743,43.095000000
342.442871,43.096000000
342.455213,43.097000000
342.462662,43.098000000
342.477508,43.099000000
342.493715,43.100000000
342.505093,43.101000000
342.517406,43.102000000
342.528018,43.103000000
342.541637,43.104000000
342.562226,43.105000000
342.566955,43.106000000
342.572785,43.107000000
342.580384,43.108000000
342.584606,43.109000000
342.591944,43.110000000
342.596311,43.111000000
342.601463,43.112000000
342.602105,43.113000000
342.604151,43.114000000
342.616829,43.115000000
342.622400,43.116000000
342.625983,43.117000000
342.631971,43.118000000
342.634341,43.119000000
342.644439,43.120000000
342.661195,43.121000000
342.677974,43.122000000
342.683138,43.123000000
342.714781,43.124000000
342.729154,43.125000000
342.739677,43.126000000
342.749601,43.127000000
342.754709,43.128000000
342.781953,43.129000000
342.789855,43.130000000
342.791876,43.131000000
342.800692,43.132000000
342.805181,43.133000000
342.843254,43.134000000
342.857099,43.135000000
342.862516,43.136000000
342.872185,43.137000000
342.884236,43.138000000
342.891817,43.139000000
342.901232,43.140000000
342.912505,43.141000000
342.918482,43.142000000
342.929878,43.143000000
342.939794,43.144000000
342.943364,43.145000000
342.949786,43.146000000
342.972326,43.147000000
342.979984,43.148000000
342.999075,43.149000000
343.008476,43.150000000
343.013239,43.151000000
343.027359,43.152000000
343.033560,43.153000000
343.039244,43.154000000
343.042863,43.155000000
343.057647,43.156000000
343.064216,43.157000000
343.075231,43.158000000
343.077161,43.159000000
343.114595,43.160000000
343.126321,43.161000000
343.142309,43.162000000
343.153329,43.163000000
343.159982,43.164000000
343.169251,43.165000000
343.175084,43.166000000
343.185326,43.167000000
343.192840,43.168000000
343.198813,43.169000000
343.205586,43.170000000
343.214711,43.171000000
343.222637,43.172000000
343.226507,43.173000000
343.247729,43.174000000
343.255836,43.175000000
343.274083,43.176000000
343.282302,43.177000000
343.288093,43.178000000
343.302168,43.179000000
343.307619,43.180000000
343.314053,43.181000000
343.319150,43.182000000
343.343151,43.183000000
343.348620,43.184000000
343.362882,43.185000000
343.368381,43.186000000
343.371230,43.187000000
343.400486,43.188000000
343.409752,43.189000000
343.418891,43.190000000
343.425904,43.191000000
343.430970,43.192000000
343.445473,43.193000000
343.453305,43.194000000
343.466185,43.195000000
343.473736,43.196000000
343.486160,43.197000000
343.493505,43.198000000
343.507537,43.199000000
343.517409,43.200000000
343.549283,43.201000000
343.559484,43.202000000
343.579937,43.203000000
343.592012,43.204000000
343.598772,43.205000000
343.615247,43.206000000
343.621172,43.207000000
343.627883,43.208000000
343.649658,43.209000000
343.655780,43.210000000
343.661598,43.211000000
343.674183,43.212000000
343.681540,43.213000000
343.722383,43.214000000
343.730263,43.215000000
343.737655,43.216000000
343.749797,43.217000000
343.757961,43.218000000
343.765872,43.219000000
343.777426,43.220000000
343.787760,43.221000000
343.795218,43.222000000
343.803661,43.223000000
343.812319,43.224000000
343.820340,43.225000000
343.828106,43.226000000
343.848192,43.227000000
343.863199,43.228000000
343.882023,43.229000000
343.889273,43.230000000
343.917322,43.231000000
343.931361,43.232000000
343.937833,43.233000000
343.955026,43.234000000
343.960426,43.235000000
343.971912,43.236000000
343.985886,43.237000000
343.997198,43.238000000
344.016180,43.239000000
344.027199,43.240000000
344.056452,43.241000000
344.072224,43.242000000
344.086365,43.243000000
344.091933,43.244000000
344.122410,43.245000000
344.122460,43.246000000
344.151321,43.247000000
344.179232,43.248000000
344.198614,43.249000000
344.205814,43.250000000
344.229054,43.251000000
344.256640,43.252000000
344.272383,43.253000000
344.279904,43.254000000
344.284781,43.255000000
344.284837,43.256000000
344.292711,43.257000000
344.334935,43.258000000
344.341615,43.259000000
344.343759,43.260000000
344.352049,43.261000000
344.404493,43.262000000
344.405817,43.263000000
344.416616,43.264000000
344.428729,43.265000000
344.437017,43.266000000
344.449231,43.267000000
344.461445,43.268000000
344.472558,43.269000000
344.478087,43.270000000
344.484648,43.271000000
344.491823,43.272000000
344.495975,43.273000000
344.500082,43.274000000
344.503670,43.275000000
344.506045,43.276000000
344.510972,43.277000000
344.513892,43.278000000
344.524791,43.279000000
344.527709,43.280000000
344.529960,43.281000000
344.537029,43.282000000
344.540078,43.283000000
344.542303,43.284000000
344.544948,43.285000000
344.547358,43.286000000
344.549827,43.287000000
344.556552,43.288000000
344.558854,43.289000000
344.562093,43.290000000
344.566187,43.291000000
344.568432,43.292000000
344.585204,43.293000000
344.592865,43.294000000
344.598626,43.295000000
344.613453,43.296000000
344.616616,43.297000000
344.631254,43.298000000
344.639184,43.299000000
344.643473,43.300000000
344.660713,43.301000000
344.672155,43.302000000
344.677774,43.303000000
344.698246,43.304000000
344.698514,43.305000000
344.698555,43.306000000
344.762161,43.307000000
344.769186,43.308000000
344.774149,43.309000000
344.778192,43.310000000
344.795897,43.311000000
344.799355,43.312000000
344.814167,43.313000000
344.820447,43.314000000
344.824354,43.315000000
344.833449,43.316000000
344.837431,43.317000000
344.842302,43.318000000
344.845823,43.319000000
344.861233,43.320000000
344.865603,43.321000000
344.869451,43.322000000
344.877897,43.323000000
344.882808,43.324000000
344.902153,43.325000000
344.920086,43.326000000
344.926569,43.327000000
344.932831,43.328000000
344.941609,43.329000000
344.950971,43.330000000
344.957177,43.331000000
344.963451,43.332000000
344.971315,43.333000000
344.977354,43.334000000
344.984456,43.335000000
344.988724,43.336000000
344.993065,43.337000000
345.019790,43.338000000
345.025090,43.339000000
345.048416,43.340000000
345.050905,43.341000000
345.057887,43.342000000
345.061799,43.343000000
345.066595,43.344000000
345.069031,43.345000000
345.071228,43.346000000
345.073511,43.347000000
345.081447,43.348000000
345.084067,43.349000000
345.087985,43.350000000
345.090207,43.351000000
345.103781,43.352000000
345.103830,43.353000000
345.112283,43.354000000
345.122191,43.355000000
345.122245,43.356000000
345.123991,43.357000000
345.138698,43.358000000
345.138746,43.359000000
345.141688,43.360000000
345.144263,43.361000000
345.146582,43.362000000
345.148811,43.363000000
345.151032,43.364000000
345.153227,43.365000000
345.155369,43.366000000
345.158728,43.367000000
345.161228,43.368000000
345.169220,43.369000000
345.171975,43.370000000
345.174417,43.371000000
345.186069,43.372000000
345.188434,43.373000000
345.190921,43.374000000
345.193135,43.375000000
345.199762,43.376000000
345.201822,43.377000000
345.232629,43.378000000
345.246958,43.379000000
345.247036,43.380000000
345.254374,43.381000000
345.276152,43.382000000
345.276205,43.383000000
345.280354,43.384000000
345.297101,43.385000000
345.321385,43.386000000
345.321441,43.388000000
345.322440,43.389000000
345.353717,43.390000000
345.384240,43.391000000
345.386349,43.392000000
345.396905,43.393000000
345.404702,43.394000000
345.416075,43.395000000
345.416126,43.396000000
345.437776,43.397000000
345.460565,43.398000000
345.469343,43.399000000
345.503602,43.400000000
345.515572,43.401000000
345.525922,43.402000000
345.525973,43.404000000
345.537927,43.405000000
345.537975,43.407000000
345.550163,43.408000000
345.556179,43.409000000
345.587111,43.410000000
345.596790,43.411000000
345.612888,43.412000000
345.626966,43.413000000
345.627185,43.414000000
345.650626,43.415000000
345.657585,43.416000000
345.668888,43.417000000
345.681475,43.418000000
345.690577,43.419000000
345.703308,43.420000000
345.722247,43.421000000
345.730515,43.422000000
345.741044,43.423000000
345.755123,43.424000000
345.762778,43.425000000
345.766987,43.426000000
345.782096,43.427000000
345.786656,43.428000000
345.795099,43.429000000
345.829402,43.430000000
345.843269,43.431000000
345.849260,43.432000000
345.862418,43.433000000
345.866888,43.434000000
345.880539,43.435000000
345.888429,43.436000000
345.900342,43.437000000
345.909868,43.438000000
345.922009,43.439000000
345.930056,43.440000000
345.939367,43.441000000
345.947177,43.442000000
345.973389,43.443000000
345.979076,43.444000000
345.986165,43.445000000
345.992467,43.446000000
346.005155,43.447000000
346.007556,43.448000000
346.039399,43.449000000
346.047811,43.450000000
346.063221,43.451000000
346.070986,43.452000000
346.099734,43.453000000
346.117249,43.454000000
346.125294,43.455000000
346.129172,43.456000000
346.143034,43.457000000
346.165082,43.458000000
346.169571,43.459000000
346.181403,43.460000000
346.186153,43.461000000
346.196980,43.462000000
346.202635,43.463000000
346.212353,43.464000000
346.216841,43.465000000
346.226133,43.466000000
346.230500,43.467000000
346.241426,43.468000000
346.249277,43.469000000
346.253563,43.470000000
346.265963,43.471000000
346.272465,43.472000000
346.281028,43.473000000
346.286842,43.474000000
346.296138,43.475000000
346.319232,43.476000000
346.326819,43.477000000
346.336452,43.478000000
346.339763,43.479000000
346.361719,43.480000000
346.377391,43.481000000
346.382249,43.482000000
346.392232,43.483000000
346.411392,43.484000000
346.419539,43.485000000
346.428529,43.486000000
346.447672,43.487000000
346.450199,43.488000000
346.454818,43.489000000
346.462116,43.490000000
346.464963,43.491000000
346.471605,43.492000000
346.474509,43.493000000
346.476964,43.494000000
346.479915,43.495000000
346.483411,43.496000000
346.486536,43.497000000
346.492708,43.498000000
346.495680,43.499000000
346.498016,43.500000000
346.500535,43.501000000
346.508566,43.502000000
346.514713,43.503000000
346.524263,43.504000000
346.539311,43.505000000
346.541729,43.506000000
346.551136,43.507000000
346.557017,43.508000000
346.567395,43.509000000
346.577439,43.510000000
346.589587,43.511000000
346.599248,43.512000000
346.605775,43.513000000
346.620065,43.514000000
346.633467,43.515000000
346.644452,43.516000000
346.650277,43.517000000
346.662037,43.518000000
346.677160,43.519000000
346.698443,43.520000000
346.713513,43.521000000
346.725744,43.522000000
346.731595,43.523000000
346.741500,43.524000000
346.754514,43.525000000
346.761014,43.526000000
346.766112,43.527000000
346.788355,43.528000000
346.794148,43.529000000
346.798277,43.530000000
346.821732,43.531000000
346.829211,43.532000000
346.859542,43.533000000
346.869685,43.534000000
346.879677,43.535000000
346.884779,43.536000000
346.892286,43.537000000
346.897507,43.538000000
346.901358,43.539000000
346.906541,43.540000000
346.923516,43.541000000
346.939052,43.542000000
346.942482,43.543000000
346.964510,43.544000000
346.975169,43.545000000
346.990670,43.546000000
346.994478,43.547000000
347.002711,43.548000000
347.008549,43.549000000
347.030319,43.550000000
347.035937,43.551000000
347.043801,43.552000000
347.048505,43.553000000
347.052927,43.554000000
347.073282,43.555000000
347.085139,43.556000000
347.094320,43.557000000
347.101292,43.558000000
347.114101,43.559000000
347.120292,43.560000000
347.137453,43.561000000
347.147031,43.562000000
347.162753,43.563000000
347.172423,43.564000000
347.180412,43.565000000
347.186001,43.566000000
347.190809,43.567000000
347.214851,43.568000000
347.230276,43.569000000
347.258356,43.570000000
347.262268,43.571000000
347.266765,43.572000000
347.280183,43.573000000
347.288880,43.574000000
347.295604,43.575000000
347.301811,43.576000000
347.326178,43.577000000
347.330640,43.578000000
347.348172,43.579000000
347.353746,43.580000000
347.371005,43.581000000
347.371061,43.582000000
347.381761,43.583000000
347.395735,43.584000000
347.397361,43.585000000
347.422772,43.586000000
347.424196,43.587000000
347.442732,43.588000000
347.448744,43.589000000
347.467907,43.590000000
347.475976,43.591000000
347.487331,43.592000000
347.512189,43.593000000
347.522006,43.594000000
347.529467,43.595000000
347.535584,43.596000000
347.540919,43.597000000
347.579106,43.598000000
347.580414,43.599000000
347.608481,43.600000000
347.610424,43.601000000
347.619797,43.602000000
347.630780,43.603000000
347.644845,43.604000000
347.661647,43.605000000
347.676483,43.606000000
347.677421,43.607000000
347.697042,43.608000000
347.704771,43.609000000
347.719853,43.610000000
347.721473,43.611000000
347.775682,43.612000000
347.779949,43.613000000
347.802240,43.614000000
347.802305,43.615000000
347.802347,43.616000000
347.802387,43.617000000
347.804350,43.618000000
347.814169,43.619000000
347.814237,43.620000000
347.854487,43.621000000
347.863040,43.622000000
347.867187,43.623000000
347.867547,43.624000000
347.884852,43.625000000
347.890551,43.626000000
347.920611,43.627000000
347.920678,43.628000000
347.942079,43.629000000
347.945584,43.630000000
347.957537,43.631000000
347.968944,43.632000000
347.971871,43.633000000
347.992530,43.634000000
347.992597,43.635000000
347.992640,43.636000000
347.992681,43.637000000
347.993730,43.638000000
347.996184,43.639000000
347.998627,43.640000000
348.003878,43.641000000
348.013996,43.642000000
348.029405,43.643000000
348.031158,43.644000000
348.032830,43.645000000
348.067996,43.646000000
348.069332,43.647000000
348.083160,43.648000000
348.105767,43.649000000
348.107780,43.650000000
348.120144,43.651000000
348.136318,43.652000000
348.136819,43.653000000
348.169963,43.654000000
348.170063,43.655000000
348.194352,43.656000000
348.196101,43.657000000
348.209005,43.658000000
348.209110,43.659000000
348.239593,43.660000000
348.239654,43.661000000
348.264234,43.662000000
348.264625,43.663000000
348.305393,43.664000000
348.322287,43.665000000
348.322492,43.666000000
348.354681,43.667000000
348.354739,43.668000000
348.387783,43.669000000
348.393157,43.670000000
348.420791,43.671000000
348.421596,43.672000000
348.433160,43.673000000
348.449936,43.674000000
348.451038,43.675000000
348.483773,43.676000000
348.490967,43.677000000
348.494952,43.678000000
348.522855,43.679000000
348.524437,43.680000000
348.564770,43.681000000
348.567421,43.682000000
348.583698,43.683000000
348.591152,43.684000000
348.610715,43.685000000
348.614627,43.686000000
348.639194,43.687000000
348.647133,43.688000000
348.656414,43.689000000
348.685190,43.690000000
348.700480,43.691000000
348.712904,43.692000000
348.734546,43.693000000
348.735017,43.694000000
348.754341,43.695000000
348.754399,43.696000000
348.766889,43.697000000
348.781282,43.698000000
348.781338,43.699000000
348.798898,43.700000000
348.806755,43.701000000
348.806808,43.702000000
348.835029,43.703000000
348.845804,43.704000000
348.848010,43.705000000
348.862560,43.706000000
348.873942,43.707000000
348.873997,43.708000000
348.897884,43.709000000
348.910268,43.710000000
348.910327,43.711000000
348.923010,43.712000000
348.971703,43.713000000
348.979351,43.714000000
348.988416,43.715000000
348.992220,43.716000000
349.006177,43.717000000
349.015845,43.718000000
349.023810,43.719000000
349.036052,43.720000000
349.044542,43.721000000
349.074632,43.722000000
349.091905,43.723000000
349.096850,43.724000000
349.110238,43.725000000
349.112865,43.726000000
349.115397,43.727000000
349.117997,43.728000000
349.120309,43.729000000
349.123484,43.730000000
349.125810,43.731000000
349.128538,43.732000000
349.130980,43.733000000
349.145957,43.734000000
349.151500,43.735000000
349.153985,43.736000000
349.156334,43.737000000
349.158699,43.738000000
349.160995,43.739000000
349.164362,43.740000000
349.166732,43.741000000
349.169032,43.742000000
349.171278,43.743000000
349.173979,43.744000000
349.176909,43.745000000
349.179273,43.746000000
349.181776,43.747000000
349.184141,43.748000000
349.186659,43.749000000
349.189091,43.750000000
349.191397,43.751000000
349.209881,43.752000000
349.212450,43.753000000
349.218729,43.754000000
349.236124,43.755000000
349.238834,43.756000000
349.245636,43.757000000
349.249982,43.758000000
349.255353,43.759000000
349.257806,43.760000000
349.265275,43.761000000
349.270707,43.762000000
349.273143,43.763000000
349.288920,43.764000000
349.301700,43.765000000
349.304606,43.766000000
349.311743,43.767000000
349.316116,43.768000000
349.318517,43.769000000
349.324534,43.770000000
349.332401,43.771000000
349.334716,43.772000000
349.339087,43.773000000
349.341544,43.774000000
349.349400,43.775000000
349.353186,43.776000000
349.366102,43.777000000
349.377383,43.778000000
349.388928,43.779000000
349.394834,43.780000000
349.405287,43.781000000
349.417564,43.782000000
349.420367,43.783000000
349.431751,43.784000000
349.440158,43.785000000
349.461069,43.786000000
349.475360,43.787000000
349.489899,43.788000000
349.494784,43.789000000
349.520065,43.790000000
349.522862,43.791000000
349.543185,43.792000000
349.571943,43.793000000
349.583671,43.794000000
349.591311,43.795000000
349.607454,43.796000000
349.618566,43.797000000
349.640199,43.798000000
349.646065,43.799000000
349.652504,43.800000000
349.667397,43.801000000
349.672711,43.802000000
349.709720,43.803000000
349.715984,43.804000000
349.728358,43.805000000
349.746077,43.806000000
349.750610,43.807000000
349.755909,43.808000000
349.759909,43.809000000
349.762383,43.810000000
349.769859,43.811000000
349.774911,43.812000000
349.777454,43.813000000
349.779794,43.814000000
349.782035,43.815000000
349.788276,43.816000000
349.791522,43.817000000
349.801868,43.818000000
349.806445,43.819000000
349.816924,43.820000000
349.819494,43.821000000
349.822201,43.822000000
349.829983,43.823000000
349.857823,43.824000000
349.858480,43.825000000
349.876308,43.826000000
349.878853,43.827000000
349.881254,43.828000000
349.883815,43.829000000
349.886079,43.830000000
349.888303,43.831000000
349.890603,43.832000000
349.897693,43.833000000
349.900048,43.834000000
349.906064,43.835000000
349.908540,43.836000000
349.911076,43.837000000
349.914304,43.838000000
349.923071,43.839000000
349.925396,43.840000000
349.928255,43.841000000
349.930978,43.842000000
349.933334,43.843000000
349.936572,43.844000000
349.946880,43.845000000
349.951592,43.846000000
349.966172,43.847000000
349.968884,43.848000000
349.972765,43.849000000
349.991823,43.850000000
350.005247,43.851000000
350.020345,43.852000000
350.025753,43.853000000
350.046166,43.854000000
350.052929,43.855000000
350.063416,43.856000000
350.071721,43.857000000
350.080336,43.858000000
350.098234,43.859000000
350.098285,43.860000000
350.098631,43.861000000
350.122306,43.862000000
350.122394,43.863000000
350.128825,43.864000000
350.136330,43.865000000
350.142420,43.866000000
350.146672,43.867000000
350.158082,43.868000000
350.158122,43.869000000
350.161469,43.870000000
350.170096,43.871000000
350.178040,43.872000000
350.183373,43.873000000
350.187829,43.874000000
350.191524,43.875000000
350.197417,43.876000000
350.205890,43.877000000
350.205924,43.878000000
350.216971,43.879000000
350.217012,43.880000000
350.240820,43.881000000
350.249455,43.882000000
350.262054,43.883000000
350.267331,43.884000000
350.291345,43.885000000
350.306908,43.886000000
350.313567,43.887000000
350.339252,43.888000000
350.352744,43.889000000
350.362993,43.890000000
350.391829,43.891000000
350.400034,43.892000000
350.410265,43.893000000
350.429144,43.894000000
350.432854,43.895000000
350.478460,43.896000000
350.483272,43.897000000
350.497353,43.898000000
350.507540,43.899000000
350.515325,43.900000000
350.522519,43.901000000
350.538082,43.902000000
350.546294,43.903000000
350.564960,43.904000000
350.565003,43.905000000
350.577573,43.906000000
350.585916,43.907000000
350.588630,43.908000000
350.595479,43.909000000
350.604461,43.910000000
350.604504,43.911000000
350.607009,43.912000000
350.620712,43.913000000
350.627201,43.914000000
350.634515,43.915000000
350.659346,43.916000000
350.659389,43.921000000
350.683564,43.922000000
350.692313,43.923000000
350.704328,43.924000000
350.704372,43.926000000
350.729707,43.927000000
350.751165,43.928000000
350.751224,43.931000000
350.761278,43.932000000
350.761318,43.933000000
350.787867,43.934000000
350.792490,43.935000000
350.803037,43.936000000
350.803556,43.937000000
350.807285,43.938000000
350.822008,43.939000000
350.826250,43.940000000
350.834024,43.941000000
350.870780,43.942000000
350.883661,43.943000000
350.895159,43.944000000
350.909791,43.945000000
350.921040,43.946000000
350.923290,43.947000000
350.932204,43.948000000
350.943855,43.949000000
350.943924,43.950000000
350.947258,43.951000000
350.953192,43.952000000
350.961610,43.953000000
350.966141,43.954000000
350.980342,43.955000000
350.980381,43.956000000
350.989352,43.957000000
350.990952,43.958000000
350.996551,43.959000000
351.009707,43.960000000
351.016913,43.961000000
351.021199,43.962000000
351.031345,43.963000000
351.031385,43.964000000
351.045774,43.965000000
351.047438,43.966000000
351.053334,43.967000000
351.064864,43.968000000
351.064925,43.969000000
351.104281,43.970000000
351.114058,43.971000000
351.122704,43.972000000
351.131845,43.973000000
351.142937,43.974000000
351.142978,43.975000000
351.150245,43.976000000
351.157723,43.977000000
351.179488,43.978000000
351.179527,43.979000000
351.191437,43.980000000
351.191479,43.981000000
351.201056,43.982000000
351.219946,43.983000000
351.226760,43.984000000
351.228786,43.985000000
351.239122,43.986000000
351.241609,43.987000000
351.246635,43.988000000
351.250810,43.989000000
351.253807,43.990000000
351.257756,43.991000000
351.261686,43.992000000
351.265960,43.993000000
351.269070,43.994000000
351.273174,43.995000000
351.277026,43.996000000
351.281251,43.997000000
351.285326,43.998000000
351.290131,43.999000000
351.293838,44.000000000
351.297983,44.001000000
351.305086,44.002000000
351.307113,44.003000000
351.309060,44.004000000
351.354373,44.005000000
351.368873,44.006000000
351.373028,44.007000000
351.383632,44.008000000
351.403534,44.009000000
351.420848,44.010000000
351.444035,44.011000000
351.451750,44.012000000
351.460211,44.013000000
351.466902,44.014000000
351.476473,44.015000000
351.504025,44.016000000
351.516117,44.017000000
351.531613,44.018000000
351.532443,44.019000000
351.562256,44.020000000
351.573136,44.021000000
351.587800,44.022000000
351.591553,44.023000000
351.613351,44.024000000
351.621442,44.025000000
351.631899,44.026000000
351.647667,44.027000000
351.660867,44.028000000
351.672562,44.029000000
351.675826,44.030000000
351.681253,44.031000000
351.700275,44.032000000
351.707733,44.033000000
351.732738,44.034000000
351.735602,44.035000000
351.741917,44.036000000
351.749000,44.037000000
351.764267,44.038000000
351.774800,44.039000000
351.776640,44.040000000
351.802788,44.041000000
351.810921,44.042000000
351.839936,44.043000000
351.845136,44.044000000
351.850229,44.045000000
351.864332,44.046000000
351.882556,44.047000000
351.882598,44.049000000
351.888572,44.050000000
351.897177,44.051000000
351.911015,44.052000000
351.911870,44.053000000
351.925400,44.054000000
351.942175,44.055000000
351.942220,44.056000000
351.959189,44.057000000
351.969735,44.058000000
351.977341,44.059000000
352.007054,44.060000000
352.021519,44.061000000
352.042241,44.062000000
352.044226,44.063000000
352.053885,44.064000000
352.055942,44.065000000
352.066473,44.066000000
352.076832,44.067000000
352.086996,44.068000000
352.091906,44.069000000
352.100209,44.070000000
352.108564,44.071000000
352.116023,44.072000000
352.124499,44.073000000
352.135908,44.074000000
352.141694,44.075000000
352.151633,44.076000000
352.158062,44.077000000
352.168313,44.078000000
352.176275,44.079000000
352.187896,44.080000000
352.190116,44.081000000
352.201302,44.082000000
352.218509,44.083000000
352.221589,44.084000000
352.227338,44.085000000
352.241505,44.086000000
352.243317,44.087000000
352.249612,44.088000000
352.257773,44.089000000
352.266598,44.090000000
352.274560,44.091000000
352.289923,44.092000000
352.290772,44.093000000
352.314925,44.094000000
352.324928,44.095000000
352.334338,44.096000000
352.346998,44.097000000
352.357554,44.098000000
352.364851,44.099000000
352.375731,44.100000000
352.386229,44.101000000
352.388152,44.102000000
352.396319,44.103000000
352.406877,44.104000000
352.415137,44.105000000
352.431396,44.106000000
352.434997,44.107000000
352.442928,44.108000000
352.452389,44.109000000
352.463873,44.110000000
352.468240,44.111000000
352.477207,44.112000000
352.490240,44.113000000
352.499744,44.114000000
352.518448,44.115000000
352.520083,44.116000000
352.542737,44.117000000
352.544587,44.118000000
352.560755,44.119000000
352.578787,44.120000000
352.588585,44.121000000
352.590367,44.122000000
352.599783,44.123000000
352.605549,44.124000000
352.619319,44.125000000
352.621153,44.126000000
352.631640,44.127000000
352.648801,44.128000000
352.657943,44.129000000
352.659831,44.130000000
352.667982,44.131000000
352.683026,44.132000000
352.684971,44.133000000
352.691691,44.134000000
352.715406,44.135000000
352.726383,44.136000000
352.738214,44.137000000
352.743251,44.138000000
352.753964,44.139000000
352.767237,44.140000000
352.776375,44.141000000
352.787598,44.142000000
352.802500,44.143000000
352.813137,44.144000000
352.815677,44.145000000
352.828458,44.146000000
352.837379,44.147000000
352.844169,44.148000000
352.852360,44.149000000
352.854266,44.150000000
352.863841,44.151000000
352.873760,44.152000000
352.875654,44.153000000
352.887580,44.154000000
352.898985,44.155000000
352.900867,44.156000000
352.903319,44.157000000
352.910306,44.158000000
352.923324,44.159000000
352.930387,44.160000000
352.939190,44.161000000
352.949242,44.162000000
352.951327,44.163000000
352.962033,44.164000000
352.963894,44.165000000
352.972682,44.166000000
352.986136,44.167000000
352.994050,44.168000000
353.001647,44.169000000
353.012201,44.170000000
353.021399,44.171000000
353.025894,44.172000000
353.032199,44.173000000
353.038810,44.174000000
353.047409,44.175000000
353.053492,44.176000000
353.065292,44.177000000
353.074546,44.178000000
353.086739,44.179000000
353.101688,44.180000000
353.107325,44.181000000
353.120404,44.182000000
353.125461,44.183000000
353.130386,44.184000000
353.140556,44.185000000
353.149970,44.186000000
353.151921,44.187000000
353.158993,44.188000000
353.168283,44.189000000
353.170159,44.190000000
353.180722,44.191000000
353.193383,44.192000000
353.193423,44.193000000
353.219780,44.194000000
353.221761,44.195000000
353.233285,44.196000000
353.239957,44.197000000
353.246909,44.198000000
353.262882,44.199000000
353.264840,44.200000000
353.273840,44.201000000
353.276740,44.202000000
353.280421,44.203000000
353.284309,44.204000000
353.286345,44.205000000
353.288843,44.206000000
353.291854,44.207000000
353.302937,44.208000000
353.304893,44.209000000
353.310863,44.210000000
353.315475,44.211000000
353.318616,44.212000000
353.323401,44.213000000
353.329248,44.214000000
353.331287,44.215000000
353.333795,44.216000000
353.336410,44.217000000
353.338954,44.218000000
353.340962,44.219000000
353.355876,44.220000000
353.361937,44.221000000
353.364139,44.222000000
353.378257,44.223000000
353.380718,44.224000000
353.386354,44.225000000
353.388417,44.226000000
353.394029,44.227000000
353.401887,44.228000000
353.416875,44.229000000
353.423039,44.230000000
353.441401,44.231000000
353.445520,44.232000000
353.451703,44.233000000
353.455359,44.234000000
353.462348,44.235000000
353.467100,44.236000000
353.469330,44.237000000
353.477012,44.238000000
353.484902,44.239000000
353.489340,44.240000000
353.492759,44.241000000
353.523599,44.242000000
353.525651,44.243000000
353.530807,44.244000000
353.543579,44.245000000
353.543770,44.246000000
353.562793,44.247000000
353.583794,44.248000000
353.592441,44.249000000
353.610558,44.250000000
353.626214,44.251000000
353.634320,44.252000000
353.644165,44.253000000
353.647495,44.254000000
353.654201,44.255000000
353.656477,44.256000000
353.658823,44.257000000
353.661237,44.258000000
353.663660,44.259000000
353.677348,44.260000000
353.684342,44.261000000
353.690840,44.262000000
353.711469,44.263000000
353.717026,44.264000000
353.726757,44.265000000
353.735589,44.266000000
353.748724,44.267000000
353.752561,44.268000000
353.762992,44.269000000
353.763902,44.270000000
353.777949,44.271000000
353.783281,44.272000000
353.794153,44.273000000
353.813895,44.274000000
353.813954,44.275000000
353.817507,44.276000000
353.823054,44.277000000
353.838853,44.278000000
353.842870,44.279000000
353.857601,44.280000000
353.866381,44.281000000
353.866888,44.282000000
353.871223,44.283000000
353.879587,44.284000000
353.893076,44.285000000
353.899790,44.286000000
353.908681,44.287000000
353.919465,44.288000000
353.919516,44.289000000
353.929411,44.290000000
353.940080,44.291000000
353.951077,44.292000000
353.952145,44.293000000
353.965325,44.294000000
353.967235,44.295000000
353.978366,44.296000000
353.983709,44.297000000
353.998188,44.298000000
354.008507,44.299000000
354.008950,44.300000000
354.024474,44.301000000
354.025526,44.302000000
354.030534,44.303000000
354.045589,44.304000000
354.051158,44.305000000
354.058516,44.306000000
354.063825,44.307000000
354.074643,44.308000000
354.074706,44.309000000
354.108619,44.310000000
354.156049,44.311000000
354.177233,44.312000000
354.191253,44.313000000
354.209170,44.314000000
354.219014,44.315000000
354.231106,44.316000000
354.252192,44.317000000
354.254112,44.318000000
354.267793,44.319000000
354.274170,44.320000000
354.283073,44.321000000
354.296968,44.322000000
354.298272,44.323000000
354.307276,44.324000000
354.324276,44.325000000
354.331061,44.326000000
354.337006,44.327000000
354.349123,44.328000000
354.349177,44.329000000
354.359037,44.330000000
354.374027,44.331000000
354.381030,44.332000000
354.385199,44.333000000
354.397607,44.334000000
354.410670,44.335000000
354.419717,44.336000000
354.432047,44.337000000
354.440297,44.338000000
354.469730,44.339000000
354.491828,44.340000000
354.494231,44.341000000
354.499332,44.342000000
354.504536,44.343000000
354.517842,44.344000000
354.520646,44.345000000
354.522832,44.346000000
354.526169,44.347000000
354.538953,44.348000000
354.546016,44.349000000
354.558720,44.350000000
354.566419,44.351000000
354.577217,44.352000000
354.590905,44.353000000
354.614742,44.354000000
354.614783,44.355000000
354.615458,44.356000000
354.627429,44.357000000
354.629240,44.358000000
354.635315,44.359000000
354.644267,44.360000000
354.659323,44.361000000
354.672228,44.362000000
354.672275,44.363000000
354.688482,44.364000000
354.695481,44.365000000
354.707574,44.366000000
354.707617,44.367000000
354.718168,44.368000000
354.718752,44.369000000
354.726576,44.370000000
354.734744,44.371000000
354.738454,44.372000000
354.738491,44.373000000
354.745701,44.374000000
354.752280,44.375000000
354.763642,44.376000000
354.772387,44.377000000
354.772426,44.378000000
354.781892,44.379000000
354.791330,44.380000000
354.798654,44.381000000
354.798692,44.382000000
354.807864,44.383000000
354.819570,44.384000000
354.819605,44.386000000
354.828357,44.387000000
354.839403,44.388000000
354.839445,44.389000000
354.847183,44.390000000
354.854773,44.391000000
354.861978,44.392000000
354.873180,44.393000000
354.873221,44.394000000
354.882599,44.395000000
354.890857,44.396000000
354.898469,44.397000000
354.917049,44.398000000
354.929653,44.399000000
354.929725,44.400000000
354.966702,44.401000000
354.981887,44.402000000
355.000818,44.403000000
355.000864,44.405000000
355.030326,44.406000000
355.030881,44.407000000
355.054658,44.408000000
355.057128,44.409000000
355.085328,44.410000000
355.085371,44.412000000
355.098245,44.413000000
355.120207,44.414000000
355.120247,44.415000000
355.137386,44.416000000
355.147903,44.417000000
355.147942,44.418000000
355.159520,44.419000000
355.159562,44.420000000
355.168802,44.421000000
355.171743,44.422000000
355.177197,44.423000000
355.184546,44.424000000
355.195181,44.425000000
355.199156,44.426000000
355.208380,44.427000000
355.208418,44.428000000
355.219193,44.429000000
355.219831,44.430000000
355.235294,44.431000000
355.235332,44.432000000
355.242176,44.433000000
355.242770,44.434000000
355.252343,44.435000000
355.265905,44.436000000
355.265944,44.438000000
355.279803,44.439000000
355.279845,44.440000000
355.293710,44.441000000
355.295583,44.442000000
355.305597,44.443000000
355.307463,44.444000000
355.315694,44.445000000
355.329085,44.446000000
355.329123,44.448000000
355.338889,44.449000000
355.350652,44.450000000
355.351268,44.451000000
355.389380,44.452000000
355.396922,44.453000000
355.409928,44.454000000
355.414450,44.455000000
355.417920,44.456000000
355.425671,44.457000000
355.432448,44.458000000
355.439318,44.459000000
355.475729,44.460000000
355.485680,44.461000000
355.487624,44.462000000
355.504704,44.463000000
355.507264,44.464000000
355.512211,44.465000000
355.519395,44.466000000
355.555326,44.467000000
355.556157,44.468000000
355.563522,44.469000000
355.569900,44.470000000
355.572047,44.471000000
355.589678,44.472000000
355.595215,44.473000000
355.641239,44.474000000
355.664098,44.475000000
355.679790,44.476000000
355.700508,44.477000000
355.726394,44.478000000
355.736287,44.479000000
355.745587,44.480000000
355.764390,44.481000000
355.778286,44.482000000
355.795190,44.483000000
355.810364,44.484000000
355.815147,44.485000000
355.817578,44.486000000
355.824265,44.487000000
355.830563,44.488000000
355.849127,44.489000000
355.854717,44.490000000
355.861346,44.491000000
355.870806,44.492000000
355.900870,44.493000000
355.905405,44.494000000
355.907466,44.495000000
355.923661,44.496000000
355.931700,44.497000000
355.939622,44.498000000
355.973200,44.499000000
355.996100,44.500000000
355.998023,44.501000000
356.019706,44.502000000
356.029152,44.503000000
356.076730,44.504000000
356.089095,44.505000000
356.110681,44.506000000
356.119614,44.507000000
356.119656,44.508000000
356.133039,44.509000000
356.137251,44.510000000
356.154910,44.511000000
356.155695,44.512000000
356.183774,44.513000000
356.183818,44.514000000
356.192947,44.515000000
356.198092,44.516000000
356.205114,44.517000000
356.230173,44.518000000
356.230214,44.519000000
356.258751,44.520000000
356.277158,44.521000000
356.297299,44.522000000
356.300082,44.523000000
356.313636,44.524000000
356.313686,44.526000000
356.347131,44.527000000
356.369662,44.528000000
356.371215,44.529000000
356.381557,44.530000000
356.388043,44.531000000
356.397085,44.532000000
356.399031,44.533000000
356.402191,44.534000000
356.405611,44.535000000
356.406528,44.536000000
356.409546,44.537000000
356.413298,44.538000000
356.419475,44.539000000
356.421468,44.540000000
356.423586,44.541000000
356.425628,44.542000000
356.427679,44.543000000
356.452710,44.544000000
356.485465,44.545000000
356.489012,44.546000000
356.510164,44.547000000
356.523123,44.548000000
356.538376,44.549000000
356.547353,44.550000000
356.584939,44.551000000
356.605519,44.552000000
356.615445,44.553000000
356.620528,44.554000000
356.620572,44.556000000
356.634072,44.557000000
356.634800,44.558000000
356.643432,44.559000000
356.643476,44.562000000
356.647499,44.563000000
356.648000,44.564000000
356.655832,44.565000000
356.655872,44.567000000
356.671433,44.568000000
356.674081,44.569000000
356.691765,44.570000000
356.691871,44.572000000
356.695157,44.573000000
356.696894,44.574000000
356.719179,44.575000000
356.719223,44.577000000
356.723363,44.578000000
356.748107,44.579000000
356.748155,44.580000000
356.769352,44.581000000
356.778979,44.582000000
356.779050,44.584000000
356.800704,44.585000000
356.812676,44.586000000
356.819090,44.587000000
356.822745,44.588000000
356.834589,44.589000000
356.859622,44.590000000
356.866136,44.591000000
356.876366,44.592000000
356.880451,44.593000000
356.884439,44.594000000
356.896670,44.595000000
356.900243,44.596000000
356.908771,44.597000000
356.916777,44.598000000
356.918600,44.599000000
356.927697,44.600000000
356.944058,44.601000000
356.957628,44.602000000
356.964534,44.603000000
356.987536,44.604000000
356.987590,44.606000000
357.007712,44.607000000
357.016790,44.608000000
357.022233,44.609000000
357.029044,44.610000000
357.053122,44.611000000
357.059066,44.612000000
357.073331,44.613000000
357.082076,44.614000000
357.104855,44.615000000
357.104901,44.616000000
357.112459,44.617000000
357.123139,44.618000000
357.129868,44.619000000
357.134539,44.620000000
357.144866,44.621000000
357.144916,44.622000000
357.155928,44.623000000
357.161243,44.624000000
357.177522,44.625000000
357.185854,44.626000000
357.202167,44.627000000
357.209841,44.628000000
357.257768,44.629000000
357.257813,44.634000000
357.261641,44.635000000
357.261681,44.636000000
357.277767,44.637000000
357.279776,44.638000000
357.283680,44.639000000
357.286502,44.640000000
357.287651,44.641000000
357.301104,44.642000000
357.301156,44.647000000
357.304403,44.648000000
357.311821,44.649000000
357.323427,44.650000000
357.333774,44.651000000
357.336460,44.652000000
357.349218,44.653000000
357.356828,44.654000000
357.360417,44.655000000
357.371237,44.656000000
357.378112,44.657000000
357.406675,44.658000000
357.412231,44.659000000
357.423459,44.660000000
357.432633,44.661000000
357.454539,44.662000000
357.462694,44.663000000
357.474877,44.664000000
357.479146,44.665000000
357.494093,44.666000000
357.499162,44.667000000
357.509330,44.668000000
357.519192,44.669000000
357.523609,44.670000000
357.540940,44.671000000
357.554374,44.672000000
357.558123,44.673000000
357.582131,44.674000000
357.594112,44.675000000
357.598135,44.676000000
357.621286,44.677000000
357.626143,44.678000000
357.663131,44.679000000
357.676277,44.680000000
357.693352,44.681000000
357.697955,44.682000000
357.707787,44.683000000
357.742397,44.684000000
357.750082,44.685000000
357.762360,44.686000000
357.769386,44.687000000
357.784458,44.688000000
357.793756,44.689000000
357.801111,44.690000000
357.811994,44.691000000
357.819245,44.692000000
357.826692,44.693000000
357.839121,44.694000000
357.847224,44.695000000
357.852894,44.696000000
357.876288,44.697000000
357.883432,44.698000000
357.890898,44.699000000
357.915361,44.700000000
357.921054,44.701000000
357.927968,44.702000000
357.941542,44.703000000
357.945700,44.704000000
357.952878,44.705000000
357.988070,44.706000000
357.999151,44.707000000
358.007707,44.708000000
358.019912,44.709000000
358.025996,44.710000000
358.070642,44.711000000
358.087018,44.712000000
358.099312,44.713000000
358.107289,44.714000000
358.121460,44.715000000
358.134563,44.716000000
358.134606,44.718000000
358.148896,44.719000000
358.148988,44.720000000
358.162079,44.721000000
358.162121,44.722000000
358.169896,44.723000000
358.183845,44.724000000
358.183908,44.726000000
358.196053,44.727000000
358.212599,44.728000000
358.218536,44.729000000
358.238939,44.730000000
358.238984,44.733000000
358.261738,44.734000000
358.261863,44.737000000
358.274521,44.738000000
358.293433,44.739000000
358.303262,44.740000000
358.312846,44.741000000
358.317943,44.742000000
358.333366,44.743000000
358.344744,44.744000000
358.344783,44.745000000
358.360951,44.746000000
358.360994,44.747000000
358.368605,44.748000000
358.369007,44.749000000
358.378900,44.750000000
358.397816,44.751000000
358.397859,44.754000000
358.403355,44.755000000
358.417022,44.756000000
358.417062,44.758000000
358.423861,44.759000000
358.423898,44.760000000
358.437550,44.761000000
358.437899,44.765000000
358.442918,44.766000000
358.455218,44.767000000
358.462180,44.768000000
358.471594,44.769000000
358.482054,44.770000000
358.482097,44.771000000
358.490449,44.772000000
358.490494,44.775000000
358.509200,44.776000000
358.524780,44.777000000
358.549840,44.778000000
358.558865,44.779000000
358.561131,44.780000000
358.582403,44.781000000
358.582445,44.782000000
358.595882,44.783000000
358.629252,44.784000000
358.629297,44.790000000
358.638470,44.791000000
358.652125,44.792000000
358.670338,44.793000000
358.690803,44.794000000
358.690849,44.796000000
358.711053,44.797000000
358.711096,44.799000000
358.715799,44.800000000
358.728354,44.801000000
358.728393,44.802000000
358.737828,44.803000000
358.737893,44.804000000
358.754775,44.805000000
358.754818,44.807000000
358.765920,44.808000000
358.770091,44.809000000
358.792848,44.810000000
358.803857,44.811000000
358.811636,44.812000000
358.844459,44.813000000
358.855757,44.814000000
358.872502,44.815000000
358.881134,44.816000000
358.885671,44.817000000
358.914490,44.818000000
358.916111,44.819000000
358.924828,44.820000000
358.939650,44.821000000
358.946071,44.822000000
358.973802,44.823000000
358.987423,44.824000000
358.995341,44.825000000
359.000443,44.826000000
359.008977,44.827000000
359.022236,44.828000000
359.035949,44.829000000
359.041849,44.830000000
359.052535,44.831000000
359.059572,44.832000000
359.062368,44.833000000
359.074940,44.834000000
359.077327,44.835000000
359.099405,44.836000000
359.109765,44.837000000
359.113183,44.838000000
359.118218,44.839000000
359.153650,44.840000000
359.163305,44.841000000
359.174721,44.842000000
359.179355,44.843000000
359.187333,44.844000000
359.194867,44.845000000
359.220960,44.846000000
359.230378,44.847000000
359.247870,44.848000000
359.258372,44.849000000
359.290648,44.850000000
359.304636,44.851000000
359.318704,44.852000000
359.327024,44.853000000
359.334813,44.854000000
359.350570,44.855000000
359.358209,44.856000000
359.370192,44.857000000
359.377009,44.858000000
359.390418,44.859000000
359.390457,44.860000000
359.403354,44.861000000
359.410092,44.862000000
359.418735,44.863000000
359.437072,44.864000000
359.450671,44.865000000
359.454306,44.866000000
359.480376,44.867000000
359.481727,44.868000000
359.489757,44.869000000
359.502258,44.870000000
359.506138,44.871000000
359.514234,44.872000000
359.534382,44.873000000
359.542334,44.874000000
359.546772,44.875000000
359.559451,44.876000000
359.567419,44.877000000
359.595160,44.878000000
359.604634,44.879000000
359.614321,44.880000000
359.622049,44.881000000
359.630165,44.882000000
359.640022,44.883000000
359.655489,44.884000000
359.672164,44.885000000
359.687293,44.886000000
359.707809,44.887000000
359.711206,44.888000000
359.724197,44.889000000
359.733055,44.890000000
359.738133,44.891000000
359.753012,44.892000000
359.758601,44.893000000
359.767838,44.894000000
359.771793,44.895000000
359.779623,44.896000000
359.786659,44.897000000
359.804199,44.898000000
359.804714,44.899000000
359.819753,44.900000000
359.845365,44.901000000
359.849199,44.902000000
359.849251,44.903000000
359.872545,44.904000000
359.875906,44.905000000
359.900732,44.906000000
359.908641,44.907000000
359.940881,44.908000000
359.941328,44.909000000
359.964626,44.910000000
359.975520,44.911000000
359.986396,44.912000000
360.001237,44.913000000
360.015131,44.914000000
360.019028,44.915000000
360.027882,44.916000000
360.041035,44.917000000
360.044496,44.918000000
