wall_time,ros_time
0.031870,6.840000000
0.037576,6.841000000
0.040854,6.842000000
0.048448,6.843000000
0.050464,6.844000000
0.056235,6.845000000
0.085576,6.846000000
0.087782,6.847000000
0.100452,6.848000000
0.105351,6.849000000
0.110883,6.850000000
0.117417,6.851000000
0.119636,6.852000000
0.128565,6.853000000
0.136455,6.854000000
0.144034,6.855000000
0.152129,6.856000000
0.157721,6.857000000
0.164426,6.858000000
0.177229,6.859000000
0.184839,6.860000000
0.193132,6.861000000
0.205026,6.862000000
0.215710,6.863000000
0.233379,6.864000000
0.251134,6.865000000
0.265073,6.866000000
0.280900,6.867000000
0.295292,6.868000000
0.330209,6.869000000
0.364395,6.870000000
0.370535,6.871000000
0.386545,6.872000000
0.394004,6.873000000
0.420144,6.874000000
0.428396,6.875000000
0.434767,6.876000000
0.439969,6.877000000
0.448920,6.878000000
0.459886,6.879000000
0.492608,6.880000000
0.512581,6.881000000
0.543701,6.882000000
0.565101,6.883000000
0.582193,6.884000000
0.589014,6.885000000
0.609606,6.886000000
0.631596,6.887000000
0.634796,6.888000000
0.652867,6.889000000
0.670971,6.890000000
0.680578,6.891000000
0.688220,6.892000000
0.702485,6.893000000
0.712152,6.894000000
0.732030,6.895000000
0.753586,6.896000000
0.763517,6.897000000
0.775998,6.898000000
0.791158,6.899000000
0.820249,6.900000000
0.844197,6.901000000
0.858967,6.902000000
0.869200,6.903000000
0.877035,6.904000000
0.889871,6.905000000
0.901628,6.906000000
0.907381,6.907000000
0.916814,6.908000000
0.960586,6.909000000
0.973616,6.910000000
0.983241,6.911000000
0.997436,6.912000000
1.007883,6.913000000
1.023247,6.914000000
1.033797,6.915000000
1.048594,6.916000000
1.058697,6.917000000
1.071217,6.918000000
1.081224,6.919000000
1.093393,6.920000000
1.105796,6.921000000
1.123364,6.922000000
1.143695,6.923000000
1.154228,6.924000000
1.169719,6.925000000
1.195444,6.926000000
1.197797,6.927000000
1.208228,6.928000000
1.222116,6.929000000
1.228308,6.930000000
1.260664,6.931000000
1.267300,6.932000000
1.290137,6.933000000
1.316446,6.934000000
1.331389,6.935000000
1.346803,6.936000000
1.359776,6.937000000
1.377774,6.938000000
1.423190,6.939000000
1.449110,6.940000000
1.469171,6.941000000
1.492629,6.942000000
1.499606,6.943000000
1.520401,6.944000000
1.561617,6.945000000
1.580378,6.946000000
1.605547,6.947000000
1.606547,6.948000000
1.640734,6.949000000
1.646938,6.950000000
1.663139,6.951000000
1.674017,6.952000000
1.674783,6.953000000
1.684734,6.954000000
1.720883,6.955000000
1.739468,6.956000000
1.755377,6.957000000
1.772042,6.958000000
1.776586,6.959000000
1.789550,6.960000000
1.801747,6.961000000
1.812007,6.962000000
1.821591,6.963000000
1.835073,6.964000000
1.848694,6.965000000
1.856656,6.966000000
1.862995,6.967000000
1.871297,6.968000000
1.886348,6.969000000
1.892921,6.970000000
1.907663,6.971000000
1.907947,6.972000000
1.915085,6.973000000
1.932179,6.974000000
1.942154,6.975000000
1.952223,6.976000000
1.960208,6.977000000
1.960274,6.978000000
1.967156,6.979000000
1.977868,6.980000000
1.998964,6.981000000
1.999037,6.982000000
2.010967,6.983000000
2.023204,6.984000000
2.033099,6.985000000
2.033164,6.986000000
2.045106,6.987000000
2.060626,6.988000000
2.060689,6.989000000
2.060758,6.990000000
2.071495,6.991000000
2.071743,6.992000000
2.095204,6.993000000
2.095271,6.994000000
2.095316,6.995000000
2.095537,6.996000000
2.103847,6.997000000
2.114992,6.998000000
2.115051,6.999000000
2.121760,7.000000000
2.130876,7.001000000
2.149169,7.002000000
2.158622,7.003000000
2.163953,7.004000000
2.164154,7.005000000
2.186201,7.006000000
2.186264,7.007000000
2.200536,7.008000000
2.200595,7.009000000
2.200659,7.010000000
2.217771,7.011000000
2.227916,7.012000000
2.227976,7.013000000
2.242654,7.014000000
2.247913,7.015000000
2.262166,7.016000000
2.262354,7.017000000
2.271901,7.018000000
2.282354,7.019000000
2.282552,7.020000000
2.300133,7.021000000
2.300216,7.022000000
2.300259,7.023000000
2.311789,7.024000000
2.317813,7.025000000
2.334997,7.026000000
2.335059,7.027000000
2.344360,7.028000000
2.352956,7.029000000
2.364705,7.030000000
2.364772,7.031000000
2.391831,7.032000000
2.392057,7.033000000
2.408040,7.034000000
2.408278,7.035000000
2.423397,7.036000000
2.437409,7.037000000
2.437628,7.038000000
2.447401,7.039000000
2.450062,7.040000000
2.464213,7.041000000
2.492602,7.042000000
2.498240,7.043000000
2.507244,7.044000000
2.512815,7.045000000
2.549067,7.046000000
2.549137,7.047000000
2.549180,7.048000000
2.558719,7.049000000
2.558814,7.050000000
2.597635,7.051000000
2.620918,7.052000000
2.632689,7.053000000
2.640919,7.054000000
2.666498,7.055000000
2.671745,7.056000000
2.684325,7.057000000
2.703799,7.058000000
2.722610,7.059000000
2.722875,7.060000000
2.740655,7.061000000
2.746227,7.062000000
2.757016,7.063000000
2.762621,7.064000000
2.776712,7.065000000
2.776775,7.066000000
2.795977,7.067000000
2.800760,7.068000000
2.812466,7.069000000
2.836126,7.070000000
2.847694,7.071000000
2.848493,7.072000000
2.876837,7.073000000
2.890330,7.074000000
2.900450,7.075000000
2.905995,7.076000000
2.919412,7.077000000
2.935308,7.078000000
2.940988,7.079000000
2.956686,7.080000000
2.960876,7.081000000
2.975030,7.082000000
2.995410,7.083000000
3.000326,7.084000000
3.011214,7.085000000
3.017278,7.086000000
3.031416,7.087000000
3.034674,7.088000000
3.047254,7.089000000
3.059708,7.090000000
3.082731,7.091000000
3.094551,7.092000000
3.109383,7.093000000
3.124520,7.094000000
3.133260,7.095000000
3.162461,7.096000000
3.163180,7.097000000
3.166033,7.098000000
3.174528,7.099000000
3.178647,7.100000000
3.181708,7.101000000
3.208097,7.102000000
3.225859,7.103000000
3.244115,7.104000000
3.258680,7.105000000
3.261547,7.106000000
3.288841,7.107000000
3.299263,7.108000000
3.318137,7.109000000
3.320474,7.110000000
3.345624,7.111000000
3.347793,7.112000000
3.352113,7.113000000
3.375252,7.114000000
3.380152,7.115000000
3.383577,7.116000000
3.386231,7.117000000
3.388985,7.118000000
3.431473,7.119000000
3.434376,7.120000000
3.455014,7.121000000
3.471342,7.122000000
3.486248,7.123000000
3.492662,7.124000000
3.499043,7.125000000
3.513223,7.126000000
3.513281,7.127000000
3.518837,7.128000000
3.520048,7.129000000
3.531647,7.130000000
3.545391,7.131000000
3.557171,7.132000000
3.559196,7.133000000
3.569287,7.134000000
3.569346,7.135000000
3.577281,7.136000000
3.584863,7.137000000
3.594308,7.138000000
3.594368,7.139000000
3.616857,7.140000000
3.634632,7.141000000
3.649711,7.142000000
3.663224,7.143000000
3.677357,7.144000000
3.713221,7.145000000
3.723996,7.146000000
3.733423,7.147000000
3.738282,7.148000000
3.754739,7.149000000
3.761647,7.150000000
3.768538,7.151000000
3.780237,7.152000000
3.794018,7.153000000
3.800977,7.154000000
3.812068,7.155000000
3.818609,7.156000000
3.836893,7.157000000
3.844756,7.158000000
3.849292,7.159000000
3.875148,7.160000000
3.887813,7.161000000
3.902866,7.162000000
3.910000,7.163000000
3.917915,7.164000000
3.924215,7.165000000
3.927258,7.166000000
3.963019,7.167000000
3.973395,7.168000000
3.979765,7.169000000
3.984742,7.170000000
4.003925,7.171000000
4.010789,7.172000000
4.018820,7.173000000
4.024260,7.174000000
4.030587,7.175000000
4.057090,7.176000000
4.075989,7.177000000
4.114986,7.178000000
4.131071,7.179000000
4.137109,7.180000000
4.146995,7.181000000
4.154048,7.182000000
4.157028,7.183000000
4.169482,7.184000000
4.224517,7.185000000
4.255259,7.186000000
4.272159,7.187000000
4.289074,7.188000000
4.312950,7.189000000
4.329128,7.190000000
4.341169,7.191000000
4.363783,7.192000000
4.371427,7.193000000
4.379708,7.194000000
4.385565,7.195000000
4.388047,7.196000000
4.395681,7.197000000
4.403327,7.198000000
4.410936,7.199000000
4.422983,7.200000000
4.446616,7.201000000
4.447124,7.202000000
4.461965,7.203000000
4.464195,7.204000000
4.467736,7.205000000
4.478031,7.206000000
4.490221,7.207000000
4.491446,7.208000000
4.518341,7.209000000
4.529791,7.210000000
4.548911,7.211000000
4.569932,7.212000000
4.588743,7.213000000
4.604378,7.214000000
4.626035,7.215000000
4.626460,7.216000000
4.639168,7.217000000
4.655702,7.218000000
4.670185,7.219000000
4.693998,7.220000000
4.704208,7.221000000
4.720855,7.222000000
4.730172,7.223000000
4.742409,7.224000000
4.753175,7.225000000
4.763596,7.226000000
4.779063,7.227000000
4.790765,7.228000000
4.802606,7.229000000
4.812844,7.230000000
4.862208,7.231000000
4.867806,7.232000000
4.887601,7.233000000
4.903128,7.234000000
4.912381,7.235000000
4.940382,7.236000000
4.946888,7.237000000
4.960312,7.238000000
4.971017,7.239000000
4.996356,7.240000000
5.033784,7.241000000
5.054251,7.242000000
5.078054,7.243000000
5.102460,7.244000000
5.132816,7.245000000
5.141308,7.246000000
5.171069,7.247000000
5.183687,7.248000000
5.202104,7.249000000
5.220143,7.250000000
5.238380,7.251000000
5.252457,7.252000000
5.278682,7.253000000
5.297088,7.254000000
5.301811,7.255000000
5.305524,7.256000000
5.310599,7.257000000
5.314030,7.258000000
5.318730,7.259000000
5.322485,7.260000000
5.327775,7.261000000
5.336650,7.262000000
5.364287,7.263000000
5.368478,7.264000000
5.371040,7.265000000
5.373145,7.266000000
5.375375,7.267000000
5.377430,7.268000000
5.410786,7.269000000
5.422979,7.270000000
5.429255,7.271000000
5.450670,7.272000000
5.457108,7.273000000
5.466389,7.274000000
5.501282,7.275000000
5.514901,7.276000000
5.529017,7.277000000
5.537262,7.278000000
5.544903,7.279000000
5.550776,7.280000000
5.571817,7.281000000
5.580511,7.282000000
5.588840,7.283000000
5.602307,7.284000000
5.610369,7.285000000
5.619415,7.286000000
5.624930,7.287000000
5.632698,7.288000000
5.663702,7.289000000
5.679113,7.290000000
5.701988,7.291000000
5.712850,7.292000000
5.723889,7.293000000
5.753488,7.294000000
5.761590,7.295000000
5.772610,7.296000000
5.794848,7.297000000
5.794908,7.298000000
5.800430,7.299000000
5.814520,7.300000000
5.830372,7.301000000
5.844170,7.302000000
5.844230,7.303000000
5.863716,7.304000000
5.863773,7.305000000
5.877374,7.306000000
5.891119,7.307000000
5.891180,7.308000000
5.913953,7.309000000
5.920844,7.310000000
5.938630,7.311000000
5.938691,7.312000000
5.938731,7.313000000
5.976471,7.314000000
5.986167,7.315000000
5.992863,7.316000000
5.995768,7.317000000
6.033689,7.318000000
6.033751,7.319000000
6.037271,7.320000000
6.071470,7.321000000
6.081732,7.322000000
6.105718,7.323000000
6.117132,7.324000000
6.120611,7.325000000
6.133940,7.326000000
6.134008,7.327000000
6.143106,7.328000000
6.143161,7.329000000
6.154933,7.330000000
6.168813,7.331000000
6.168870,7.332000000
6.181214,7.333000000
6.181272,7.334000000
6.193282,7.335000000
6.208896,7.336000000
6.208958,7.337000000
6.222080,7.338000000
6.230617,7.339000000
6.238883,7.340000000
6.248412,7.341000000
6.248460,7.342000000
6.265663,7.343000000
6.270055,7.344000000
6.310196,7.345000000
6.314171,7.346000000
6.325794,7.347000000
6.343062,7.348000000
6.361862,7.349000000
6.361948,7.350000000
6.384876,7.351000000
6.428874,7.352000000
6.428934,7.353000000
6.428974,7.354000000
6.473001,7.355000000
6.482167,7.356000000
6.484528,7.357000000
6.515953,7.358000000
6.537818,7.359000000
6.542676,7.360000000
6.567954,7.361000000
6.569902,7.362000000
6.578759,7.363000000
6.615734,7.364000000
6.615793,7.365000000
6.625400,7.366000000
6.625456,7.367000000
6.651664,7.368000000
6.651726,7.369000000
6.686759,7.370000000
6.686822,7.371000000
6.710267,7.372000000
6.710347,7.373000000
6.761965,7.374000000
6.770672,7.375000000
6.787621,7.376000000
6.805992,7.377000000
6.826220,7.378000000
6.841754,7.379000000
6.841836,7.380000000
6.861439,7.381000000
6.867016,7.382000000
6.874653,7.383000000
6.910067,7.384000000
6.911988,7.385000000
6.923082,7.386000000
6.941425,7.387000000
6.945979,7.388000000
6.955844,7.389000000
6.978091,7.390000000
6.978148,7.391000000
6.998181,7.392000000
7.027319,7.393000000
7.027382,7.394000000
7.039928,7.395000000
7.063750,7.396000000
7.089450,7.397000000
7.092966,7.398000000
7.100720,7.399000000
7.113176,7.400000000
7.142929,7.401000000
7.170975,7.402000000
7.173890,7.403000000
7.211035,7.404000000
7.212155,7.405000000
7.230275,7.406000000
7.244118,7.407000000
7.250200,7.408000000
7.261441,7.409000000
7.278489,7.410000000
7.278807,7.411000000
7.302394,7.412000000
7.309297,7.413000000
7.314984,7.414000000
7.321005,7.415000000
7.325249,7.416000000
7.329409,7.417000000
7.333926,7.418000000
7.338460,7.419000000
7.378301,7.420000000
7.382764,7.421000000
7.398824,7.422000000
7.403245,7.423000000
7.407508,7.424000000
7.423502,7.425000000
7.432461,7.426000000
7.440520,7.427000000
7.449083,7.428000000
7.458960,7.429000000
7.466732,7.430000000
7.473152,7.431000000
7.483275,7.432000000
7.491370,7.433000000
7.493551,7.434000000
7.498443,7.435000000
7.500539,7.436000000
7.507222,7.437000000
7.511023,7.438000000
7.515645,7.439000000
7.517921,7.440000000
7.522725,7.441000000
7.524929,7.442000000
7.530754,7.443000000
7.543095,7.444000000
7.545399,7.445000000
7.549577,7.446000000
7.555515,7.447000000
7.558879,7.448000000
7.565047,7.449000000
7.569402,7.450000000
7.578803,7.451000000
7.606747,7.452000000
7.611915,7.453000000
7.621010,7.454000000
7.632885,7.455000000
7.639461,7.456000000
7.648648,7.457000000
7.673081,7.458000000
7.678607,7.459000000
7.686694,7.460000000
7.702435,7.461000000
7.737781,7.462000000
7.744644,7.463000000
7.753083,7.464000000
7.779468,7.465000000
7.796039,7.466000000
7.799489,7.467000000
7.811106,7.468000000
7.821395,7.469000000
7.832099,7.470000000
7.843933,7.471000000
7.851701,7.472000000
7.863550,7.473000000
7.871212,7.474000000
7.878802,7.475000000
7.888875,7.476000000
7.899143,7.477000000
7.907175,7.478000000
7.914810,7.479000000
7.936621,7.480000000
7.941460,7.481000000
7.953002,7.482000000
7.974727,7.483000000
7.986502,7.484000000
7.992093,7.485000000
8.003965,7.486000000
8.011446,7.487000000
8.019493,7.488000000
8.024711,7.489000000
8.053378,7.490000000
8.059064,7.491000000
8.064328,7.492000000
8.076851,7.493000000
8.083191,7.494000000
8.138083,7.495000000
8.144970,7.496000000
8.151390,7.497000000
8.166204,7.498000000
8.171952,7.499000000
8.183016,7.500000000
8.191876,7.501000000
8.201425,7.502000000
8.218054,7.503000000
8.229291,7.504000000
8.251118,7.505000000
8.265932,7.506000000
8.273206,7.507000000
8.294203,7.508000000
8.305408,7.509000000
8.313561,7.510000000
8.332126,7.511000000
8.340691,7.512000000
8.347002,7.513000000
8.358248,7.514000000
8.361883,7.515000000
8.366135,7.516000000
8.381690,7.517000000
8.386240,7.518000000
8.390399,7.519000000
8.399141,7.520000000
8.403797,7.521000000
8.408533,7.522000000
8.425800,7.523000000
8.432757,7.524000000
8.440419,7.525000000
8.446299,7.526000000
8.453595,7.527000000
8.459281,7.528000000
8.470496,7.529000000
8.477806,7.530000000
8.482421,7.531000000
8.494920,7.532000000
8.500400,7.533000000
8.507706,7.534000000
8.514075,7.535000000
8.519579,7.536000000
8.524343,7.537000000
8.529024,7.538000000
8.544831,7.539000000
8.547804,7.540000000
8.553089,7.541000000
8.555717,7.542000000
8.571887,7.543000000
8.575624,7.544000000
8.600086,7.545000000
8.611867,7.546000000
8.614261,7.547000000
8.616365,7.548000000
8.618979,7.549000000
8.621257,7.550000000
8.623909,7.551000000
8.626637,7.552000000
8.635321,7.553000000
8.651307,7.554000000
8.658088,7.555000000
8.667139,7.556000000
8.676117,7.557000000
8.682716,7.558000000
8.690691,7.559000000
8.709087,7.560000000
8.713682,7.561000000
8.729295,7.562000000
8.742792,7.563000000
8.759203,7.564000000
8.760951,7.565000000
8.791306,7.566000000
8.801498,7.567000000
8.814285,7.568000000
8.851440,7.569000000
8.862242,7.570000000
8.864062,7.571000000
8.879049,7.572000000
8.893255,7.573000000
8.897346,7.574000000
8.899140,7.575000000
8.904132,7.576000000
8.913758,7.577000000
8.914325,7.578000000
8.949534,7.579000000
8.949626,7.580000000
8.958278,7.581000000
8.997905,7.582000000
9.004957,7.583000000
9.012971,7.584000000
9.013028,7.585000000
9.029903,7.586000000
9.042823,7.587000000
9.042879,7.588000000
9.042919,7.589000000
9.075690,7.590000000
9.084122,7.591000000
9.104947,7.592000000
9.106762,7.593000000
9.115655,7.594000000
9.119817,7.595000000
9.159066,7.596000000
9.163478,7.597000000
9.167815,7.598000000
9.173941,7.599000000
9.183495,7.600000000
9.189357,7.601000000
9.195195,7.602000000
9.199433,7.603000000
9.208502,7.604000000
9.215332,7.605000000
9.218880,7.606000000
9.224902,7.607000000
9.232980,7.608000000
9.248916,7.609000000
9.256929,7.610000000
9.262954,7.611000000
9.268616,7.612000000
9.277861,7.613000000
9.284652,7.614000000
9.290505,7.615000000
9.296567,7.616000000
9.302561,7.617000000
9.318829,7.618000000
9.322783,7.619000000
9.326500,7.620000000
9.329243,7.621000000
9.337688,7.622000000
9.341297,7.623000000
9.345457,7.624000000
9.351436,7.625000000
9.356000,7.626000000
9.361144,7.627000000
9.367443,7.628000000
9.375478,7.629000000
9.384496,7.630000000
9.388818,7.631000000
9.392465,7.632000000
9.396672,7.633000000
9.400934,7.634000000
9.403667,7.635000000
9.422834,7.636000000
9.427796,7.637000000
9.431525,7.638000000
9.436462,7.639000000
9.439929,7.640000000
9.443783,7.641000000
9.448635,7.642000000
9.453427,7.643000000
9.457211,7.644000000
9.462101,7.645000000
9.466221,7.646000000
9.469337,7.647000000
9.483577,7.648000000
9.500508,7.649000000
9.503709,7.650000000
9.513492,7.651000000
9.526476,7.652000000
9.529799,7.653000000
9.533945,7.654000000
9.538083,7.655000000
9.541875,7.656000000
9.545540,7.657000000
9.547729,7.658000000
9.549916,7.659000000
9.553844,7.660000000
9.556115,7.661000000
9.567568,7.662000000
9.577932,7.663000000
9.581980,7.664000000
9.588337,7.665000000
9.604041,7.666000000
9.607381,7.667000000
9.611518,7.668000000
9.615667,7.669000000
9.619968,7.670000000
9.624507,7.671000000
9.642239,7.672000000
9.653981,7.673000000
9.666348,7.674000000
9.675863,7.675000000
9.685346,7.676000000
9.689843,7.677000000
9.692916,7.678000000
9.699921,7.679000000
9.702757,7.680000000
9.705004,7.681000000
9.708047,7.682000000
9.710532,7.683000000
9.716708,7.684000000
9.721099,7.685000000
9.726876,7.686000000
9.731326,7.687000000
9.735836,7.688000000
9.740612,7.689000000
9.744952,7.690000000
9.750541,7.691000000
9.754752,7.692000000
9.762591,7.693000000
9.766373,7.694000000
9.770605,7.695000000
9.774727,7.696000000
9.779003,7.697000000
9.784161,7.698000000
9.791144,7.699000000
9.803635,7.700000000
9.808712,7.701000000
9.816649,7.702000000
9.826103,7.703000000
9.833949,7.704000000
9.850052,7.705000000
9.860414,7.706000000
9.862712,7.707000000
9.867204,7.708000000
9.889338,7.709000000
9.895316,7.710000000
9.897795,7.711000000
9.910383,7.712000000
9.917017,7.713000000
9.933536,7.714000000
9.939698,7.715000000
9.950881,7.716000000
9.955791,7.717000000
9.967307,7.718000000
9.973947,7.719000000
9.994511,7.720000000
10.012888,7.721000000
10.017699,7.722000000
10.020782,7.723000000
10.049454,7.724000000
10.057181,7.725000000
10.067780,7.726000000
10.070284,7.727000000
10.085804,7.728000000
10.091201,7.729000000
10.095188,7.730000000
10.119445,7.731000000
10.128639,7.732000000
10.135458,7.733000000
10.145070,7.734000000
10.152076,7.735000000
10.159484,7.736000000
10.166636,7.737000000
10.172797,7.738000000
10.182683,7.739000000
10.191478,7.740000000
10.193727,7.741000000
10.197905,7.742000000
10.200249,7.743000000
10.209278,7.744000000
10.229073,7.745000000
10.233310,7.746000000
10.235606,7.747000000
10.240543,7.748000000
10.242706,7.749000000
10.248527,7.750000000
10.254774,7.751000000
10.265530,7.752000000
10.269847,7.753000000
10.283719,7.754000000
10.287316,7.755000000
10.300361,7.756000000
10.303899,7.757000000
10.308592,7.758000000
10.313233,7.759000000
10.315413,7.760000000
10.318785,7.761000000
10.327312,7.762000000
10.337522,7.763000000
10.352640,7.764000000
10.368831,7.765000000
10.378628,7.766000000
10.385324,7.767000000
10.390481,7.768000000
10.398646,7.769000000
10.404928,7.770000000
10.410576,7.771000000
10.416019,7.772000000
10.421439,7.773000000
10.441120,7.774000000
10.453204,7.775000000
10.463639,7.776000000
10.469069,7.777000000
10.474084,7.778000000
10.481860,7.779000000
10.488589,7.780000000
10.495709,7.781000000
10.502588,7.782000000
10.510118,7.783000000
10.520104,7.784000000
10.537334,7.785000000
10.541401,7.786000000
10.559327,7.787000000
10.568466,7.788000000
10.574441,7.789000000
10.578583,7.790000000
10.583426,7.791000000
10.588048,7.792000000
10.591844,7.793000000
10.610133,7.794000000
10.625348,7.795000000
10.633285,7.796000000
10.652595,7.797000000
10.659379,7.798000000
10.662725,7.799000000
10.668966,7.800000000
10.674381,7.801000000
10.687631,7.802000000
10.707978,7.803000000
10.710293,7.804000000
10.717363,7.805000000
10.725214,7.806000000
10.731645,7.807000000
10.741716,7.808000000
10.761828,7.809000000
10.768792,7.810000000
10.775259,7.811000000
10.784011,7.812000000
10.795997,7.813000000
10.803342,7.814000000
10.810738,7.815000000
10.818963,7.816000000
10.824888,7.817000000
10.829922,7.818000000
10.853688,7.819000000
10.874670,7.820000000
10.889781,7.821000000
10.897245,7.822000000
10.899783,7.823000000
10.912459,7.824000000
10.918812,7.825000000
10.923316,7.826000000
10.940664,7.827000000
10.943057,7.828000000
10.950289,7.829000000
10.963731,7.830000000
10.977504,7.831000000
10.984157,7.832000000
10.991393,7.833000000
11.002909,7.834000000
11.017646,7.835000000
11.023686,7.836000000
11.025861,7.837000000
11.042989,7.838000000
11.049093,7.839000000
11.058823,7.840000000
11.064985,7.841000000
11.074157,7.842000000
11.081529,7.843000000
11.089031,7.844000000
11.097435,7.845000000
11.110425,7.846000000
11.116129,7.847000000
11.126194,7.848000000
11.133704,7.849000000
11.143244,7.850000000
11.154159,7.851000000
11.166615,7.852000000
11.172163,7.853000000
11.180125,7.854000000
11.188149,7.855000000
11.204912,7.856000000
11.234096,7.857000000
11.243271,7.858000000
11.247972,7.859000000
11.258870,7.860000000
11.271024,7.861000000
11.294046,7.862000000
11.305548,7.863000000
11.338613,7.864000000
11.357471,7.865000000
11.380875,7.866000000
11.386053,7.867000000
11.390139,7.868000000
11.412271,7.869000000
11.412367,7.870000000
11.420396,7.871000000
11.420680,7.872000000
11.435798,7.873000000
11.455048,7.874000000
11.460443,7.875000000
11.482066,7.876000000
11.490148,7.877000000
11.506584,7.878000000
11.512767,7.879000000
11.520555,7.880000000
11.522781,7.881000000
11.527087,7.882000000
11.533811,7.883000000
11.542363,7.884000000
11.550782,7.885000000
11.555809,7.886000000
11.561048,7.887000000
11.570158,7.888000000
11.574456,7.889000000
11.585441,7.890000000
11.589689,7.891000000
11.593971,7.892000000
11.597938,7.893000000
11.600185,7.894000000
11.602902,7.895000000
11.609486,7.896000000
11.616522,7.897000000
11.619166,7.898000000
11.629318,7.899000000
11.634161,7.900000000
11.643698,7.901000000
11.649713,7.902000000
11.652151,7.903000000
11.661489,7.904000000
11.667176,7.905000000
11.688753,7.906000000
11.696473,7.907000000
11.706715,7.908000000
11.715322,7.909000000
11.725555,7.910000000
11.730579,7.911000000
11.735124,7.912000000
11.748827,7.913000000
11.756703,7.914000000
11.768347,7.915000000
11.776553,7.916000000
11.786408,7.917000000
11.794289,7.918000000
11.798526,7.919000000
11.807210,7.920000000
11.811862,7.921000000
11.819587,7.922000000
11.825795,7.923000000
11.839784,7.924000000
11.844012,7.925000000
11.848410,7.926000000
11.851616,7.927000000
11.858782,7.928000000
11.867068,7.929000000
11.871302,7.930000000
11.875117,7.931000000
11.883472,7.932000000
11.886019,7.933000000
11.896583,7.934000000
11.923995,7.935000000
11.932147,7.936000000
11.943587,7.937000000
11.957734,7.938000000
11.969134,7.939000000
11.979245,7.940000000
11.990976,7.941000000
12.009192,7.942000000
12.014175,7.943000000
12.017580,7.944000000
12.034643,7.945000000
12.035421,7.946000000
12.040434,7.947000000
12.067448,7.948000000
12.069770,7.949000000
12.086607,7.950000000
12.086681,7.951000000
12.092566,7.952000000
12.095621,7.953000000
12.098437,7.954000000
12.104276,7.955000000
12.112713,7.956000000
12.112774,7.957000000
12.112815,7.958000000
12.112853,7.959000000
12.114264,7.960000000
12.121766,7.961000000
12.128198,7.962000000
12.128524,7.963000000
12.130918,7.964000000
12.135865,7.965000000
12.143922,7.966000000
12.143983,7.967000000
12.147223,7.968000000
12.149589,7.969000000
12.153158,7.970000000
12.153423,7.971000000
12.185067,7.972000000
12.185125,7.973000000
12.213442,7.974000000
12.215140,7.975000000
12.223428,7.976000000
12.223480,7.977000000
12.271054,7.978000000
12.281938,7.979000000
12.291279,7.980000000
12.307734,7.981000000
12.307788,7.982000000
12.339846,7.983000000
12.340228,7.984000000
12.366034,7.985000000
12.368373,7.986000000
12.375212,7.987000000
12.379523,7.988000000
12.384396,7.989000000
12.388846,7.990000000
12.411941,7.991000000
12.414261,7.992000000
12.444492,7.993000000
12.469768,7.994000000
12.482455,7.995000000
12.490509,7.996000000
12.501228,7.997000000
12.516929,7.998000000
12.522059,7.999000000
12.522189,8.000000000
12.550358,8.001000000
12.558768,8.002000000
12.575560,8.003000000
12.613784,8.004000000
12.621916,8.005000000
12.633504,8.006000000
12.635051,8.007000000
12.649530,8.008000000
12.649901,8.009000000
12.660734,8.010000000
12.680177,8.011000000
12.694474,8.012000000
12.706191,8.013000000
12.733594,8.014000000
12.735826,8.015000000
12.738109,8.016000000
12.743948,8.017000000
12.750694,8.018000000
12.758651,8.019000000
12.777267,8.020000000
12.782434,8.021000000
12.800329,8.022000000
12.836829,8.023000000
12.839056,8.024000000
12.855053,8.025000000
12.868119,8.026000000
12.870115,8.027000000
12.898902,8.028000000
12.900960,8.029000000
12.918606,8.030000000
12.924342,8.031000000
12.953082,8.032000000
12.964686,8.033000000
12.979359,8.034000000
12.991798,8.035000000
13.008918,8.036000000
13.018462,8.037000000
13.039348,8.038000000
13.041242,8.039000000
13.065364,8.040000000
13.069072,8.041000000
13.079771,8.042000000
13.089518,8.043000000
13.115687,8.044000000
13.115794,8.045000000
13.123821,8.046000000
13.146450,8.047000000
13.148524,8.048000000
13.159160,8.049000000
13.183348,8.050000000
13.202481,8.051000000
13.205111,8.052000000
13.236093,8.053000000
13.238059,8.054000000
13.251172,8.055000000
13.261114,8.056000000
13.297868,8.057000000
13.299930,8.058000000
13.320306,8.059000000
13.325726,8.060000000
13.348132,8.061000000
13.360128,8.062000000
13.372969,8.063000000
13.388476,8.064000000
13.390470,8.065000000
13.393634,8.066000000
13.400396,8.067000000
13.405331,8.068000000
13.406507,8.069000000
13.437442,8.070000000
13.452517,8.071000000
13.458643,8.072000000
13.464713,8.073000000
13.491446,8.074000000
13.501892,8.075000000
13.512111,8.076000000
13.526000,8.077000000
13.545403,8.078000000
13.574973,8.079000000
13.581892,8.080000000
13.592125,8.081000000
13.594541,8.082000000
13.600351,8.083000000
13.606868,8.084000000
13.609418,8.085000000
13.623224,8.086000000
13.637069,8.087000000
13.663787,8.088000000
13.677784,8.089000000
13.683715,8.090000000
13.715494,8.091000000
13.728846,8.092000000
13.738812,8.093000000
13.750557,8.094000000
13.759686,8.095000000
13.766691,8.096000000
13.778581,8.097000000
13.790083,8.098000000
13.800228,8.099000000
13.809109,8.100000000
13.821257,8.101000000
13.829721,8.102000000
13.832887,8.103000000
13.843473,8.104000000
13.843516,8.105000000
13.843543,8.106000000
13.850240,8.107000000
13.850276,8.108000000
13.856002,8.109000000
13.859810,8.110000000
13.874301,8.111000000
13.884417,8.112000000
13.892479,8.113000000
13.892515,8.114000000
13.893769,8.115000000
13.919777,8.116000000
13.926785,8.117000000
13.941416,8.118000000
13.963323,8.119000000
13.965221,8.120000000
13.975655,8.121000000
13.975699,8.123000000
13.985054,8.124000000
13.985108,8.126000000
14.015468,8.127000000
14.039378,8.128000000
14.039425,8.132000000
14.054987,8.133000000
14.057323,8.134000000
14.065753,8.135000000
14.066565,8.136000000
14.076696,8.137000000
14.114790,8.138000000
14.125796,8.139000000
14.139514,8.140000000
14.151531,8.141000000
14.167649,8.142000000
14.173724,8.143000000
14.184881,8.144000000
14.195115,8.145000000
14.211752,8.146000000
14.213707,8.147000000
14.221040,8.148000000
14.227691,8.149000000
14.233122,8.150000000
14.248947,8.151000000
14.257952,8.152000000
14.308488,8.153000000
14.321300,8.154000000
14.330408,8.155000000
14.359344,8.156000000
14.370379,8.157000000
14.388037,8.158000000
14.393437,8.159000000
14.400626,8.160000000
14.402602,8.161000000
14.442428,8.162000000
14.452664,8.163000000
14.454619,8.164000000
14.459392,8.165000000
14.477607,8.166000000
14.479531,8.167000000
14.486574,8.168000000
14.498741,8.169000000
14.509439,8.170000000
14.518586,8.171000000
14.527426,8.172000000
14.532636,8.173000000
14.546341,8.174000000
14.548696,8.175000000
14.550581,8.176000000
14.554720,8.177000000
14.558388,8.178000000
14.589948,8.179000000
14.590002,8.180000000
14.620425,8.181000000
14.622992,8.182000000
14.634581,8.183000000
14.663336,8.184000000
14.667311,8.185000000
14.692035,8.186000000
14.700517,8.187000000
14.707399,8.188000000
14.727533,8.189000000
14.761209,8.190000000
14.775530,8.191000000
14.787696,8.192000000
14.789700,8.193000000
14.803339,8.194000000
14.818534,8.195000000
14.828541,8.196000000
14.847405,8.197000000
14.855695,8.198000000
14.863401,8.199000000
14.871089,8.200000000
14.882169,8.201000000
14.888129,8.202000000
14.891513,8.203000000
14.894351,8.204000000
14.896323,8.205000000
14.900287,8.206000000
14.904624,8.207000000
14.906862,8.208000000
14.909304,8.209000000
14.914281,8.210000000
14.918499,8.211000000
14.931527,8.212000000
14.934531,8.213000000
14.936500,8.214000000
14.938748,8.215000000
14.940859,8.216000000
14.942778,8.217000000
14.948930,8.218000000
14.950964,8.219000000
14.981150,8.220000000
14.981201,8.221000000
14.985911,8.222000000
14.989784,8.223000000
14.991660,8.224000000
14.997943,8.225000000
15.007993,8.226000000
15.011144,8.227000000
15.028925,8.228000000
15.037751,8.229000000
15.063015,8.230000000
15.065656,8.231000000
15.070969,8.232000000
15.072925,8.233000000
15.079899,8.234000000
15.081902,8.235000000
15.083869,8.236000000
15.090602,8.237000000
15.092575,8.238000000
15.094507,8.239000000
15.101618,8.240000000
15.103518,8.241000000
15.162047,8.242000000
15.168765,8.243000000
15.179805,8.244000000
15.193425,8.245000000
15.205722,8.246000000
15.211568,8.247000000
15.221759,8.248000000
15.227607,8.249000000
15.232350,8.250000000
15.242728,8.251000000
15.250804,8.252000000
15.261397,8.253000000
15.265825,8.254000000
15.270642,8.255000000
15.272840,8.256000000
15.277278,8.257000000
15.279585,8.258000000
15.282621,8.259000000
15.288404,8.260000000
15.290402,8.261000000
15.295541,8.262000000
15.297897,8.263000000
15.308543,8.264000000
15.311396,8.265000000
15.318851,8.266000000
15.321321,8.267000000
15.325052,8.268000000
15.332063,8.269000000
15.333966,8.270000000
15.341727,8.271000000
15.364394,8.272000000
15.366400,8.273000000
15.371717,8.274000000
15.375484,8.275000000
15.376729,8.276000000
15.407757,8.277000000
15.409659,8.278000000
15.415788,8.279000000
15.418451,8.280000000
15.445065,8.281000000
15.447105,8.282000000
15.449161,8.283000000
15.455530,8.284000000
15.471280,8.285000000
15.476735,8.286000000
15.482406,8.287000000
15.486922,8.288000000
15.531204,8.289000000
15.550409,8.290000000
15.555912,8.291000000
15.566767,8.292000000
15.573378,8.293000000
15.583176,8.294000000
15.589917,8.295000000
15.600622,8.296000000
15.612451,8.297000000
15.620199,8.298000000
15.641518,8.299000000
15.651834,8.300000000
15.655937,8.301000000
15.664693,8.302000000
15.684850,8.303000000
15.698309,8.304000000
15.717382,8.305000000
15.723101,8.306000000
15.730415,8.307000000
15.746807,8.308000000
15.755985,8.309000000
15.757861,8.310000000
15.767903,8.311000000
15.808094,8.312000000
15.815699,8.313000000
15.820895,8.314000000
15.836320,8.315000000
15.841570,8.316000000
15.850027,8.317000000
15.877680,8.318000000
15.887195,8.319000000
15.899169,8.320000000
15.905108,8.321000000
15.918098,8.322000000
15.928341,8.323000000
15.936728,8.324000000
15.954363,8.325000000
15.958227,8.326000000
15.973830,8.327000000
15.977679,8.328000000
15.992209,8.329000000
15.999396,8.330000000
16.018063,8.331000000
16.025872,8.332000000
16.050900,8.333000000
16.078460,8.334000000
16.085896,8.335000000
16.100211,8.336000000
16.119913,8.337000000
16.158504,8.338000000
16.176766,8.339000000
16.196591,8.340000000
16.207055,8.341000000
16.211933,8.342000000
16.247769,8.343000000
16.263034,8.344000000
16.283954,8.345000000
16.295050,8.346000000
16.303548,8.347000000
16.306377,8.348000000
16.322929,8.349000000
16.344395,8.350000000
16.370842,8.351000000
16.371604,8.352000000
16.393620,8.353000000
16.411551,8.354000000
16.413921,8.355000000
16.430305,8.356000000
16.443750,8.357000000
16.464120,8.358000000
16.471294,8.359000000
16.472409,8.360000000
16.476958,8.361000000
16.483116,8.362000000
16.483171,8.363000000
16.501742,8.364000000
16.522995,8.365000000
16.528640,8.366000000
16.539881,8.367000000
16.555762,8.368000000
16.560554,8.369000000
16.564790,8.370000000
16.568962,8.371000000
16.592713,8.372000000
16.607276,8.373000000
16.612080,8.374000000
16.619926,8.375000000
16.643586,8.376000000
16.654885,8.377000000
16.672940,8.378000000
16.682074,8.379000000
16.688105,8.380000000
16.690341,8.381000000
16.695624,8.382000000
16.725344,8.383000000
16.729354,8.384000000
16.735203,8.385000000
16.751859,8.386000000
16.758209,8.387000000
16.772845,8.388000000
16.790974,8.389000000
16.797147,8.390000000
16.801601,8.391000000
16.817339,8.392000000
16.821792,8.393000000
16.827978,8.394000000
16.842609,8.395000000
16.858930,8.396000000
16.864837,8.397000000
16.871326,8.398000000
16.881220,8.399000000
16.885664,8.400000000
16.892036,8.401000000
16.903231,8.402000000
16.909490,8.403000000
16.919047,8.404000000
16.923110,8.405000000
16.935894,8.406000000
16.940702,8.407000000
16.958608,8.408000000
16.978846,8.409000000
16.984028,8.410000000
16.988352,8.411000000
16.997206,8.412000000
16.999841,8.413000000
17.004092,8.414000000
17.010619,8.415000000
17.031172,8.416000000
17.044333,8.417000000
17.055082,8.418000000
17.068055,8.419000000
17.070384,8.420000000
17.072621,8.421000000
17.094550,8.422000000
17.100976,8.423000000
17.109819,8.424000000
17.131030,8.425000000
17.134510,8.426000000
17.138515,8.427000000
17.140685,8.428000000
17.158806,8.429000000
17.168753,8.430000000
17.175480,8.431000000
17.188111,8.432000000
17.200626,8.433000000
17.203831,8.434000000
17.209954,8.435000000
17.216166,8.436000000
17.228092,8.437000000
17.234347,8.438000000
17.241667,8.439000000
17.246135,8.440000000
17.267041,8.441000000
17.280365,8.442000000
17.284538,8.443000000
17.291218,8.444000000
17.306558,8.445000000
17.309992,8.446000000
17.312356,8.447000000
17.320312,8.448000000
17.322468,8.449000000
17.333015,8.450000000
17.335316,8.451000000
17.337507,8.452000000
17.356004,8.453000000
17.361371,8.454000000
17.369021,8.455000000
17.372863,8.456000000
17.376503,8.457000000
17.380243,8.458000000
17.384060,8.459000000
17.397501,8.460000000
17.405049,8.461000000
17.410272,8.462000000
17.412778,8.463000000
17.430613,8.464000000
17.435139,8.465000000
17.441473,8.466000000
17.447326,8.467000000
17.449651,8.468000000
17.454797,8.469000000
17.458728,8.470000000
17.462913,8.471000000
17.465281,8.472000000
17.467773,8.473000000
17.476178,8.474000000
17.479839,8.475000000
17.492894,8.476000000
17.495096,8.477000000
17.505664,8.478000000
17.517886,8.479000000
17.520088,8.480000000
17.523777,8.481000000
17.531879,8.482000000
17.534107,8.483000000
17.539989,8.484000000
17.542117,8.485000000
17.545952,8.486000000
17.548059,8.487000000
17.555931,8.488000000
17.558029,8.489000000
17.562129,8.490000000
17.566211,8.491000000
17.569592,8.492000000
17.573693,8.493000000
17.576108,8.494000000
17.585267,8.495000000
17.588933,8.496000000
17.591030,8.497000000
17.599183,8.498000000
17.601360,8.499000000
17.608585,8.500000000
17.614987,8.501000000
17.617899,8.502000000
17.626184,8.503000000
17.630663,8.504000000
17.636827,8.505000000
17.639130,8.506000000
17.647493,8.507000000
17.653308,8.508000000
17.659698,8.509000000
17.662019,8.510000000
17.671509,8.511000000
17.675655,8.512000000
17.683165,8.513000000
17.685550,8.514000000
17.693417,8.515000000
17.704802,8.516000000
17.708628,8.517000000
17.728019,8.518000000
17.738027,8.519000000
17.745067,8.520000000
17.758927,8.521000000
17.765397,8.522000000
17.798153,8.523000000
17.810620,8.524000000
17.837697,8.525000000
17.850718,8.526000000
17.860603,8.527000000
17.862667,8.528000000
17.867379,8.529000000
17.882473,8.530000000
17.882537,8.531000000
17.882577,8.532000000
17.892132,8.533000000
17.892770,8.534000000
17.896137,8.535000000
17.896735,8.536000000
17.900356,8.537000000
17.901050,8.538000000
17.908772,8.539000000
17.908863,8.540000000
17.908905,8.541000000
17.909217,8.542000000
17.911794,8.543000000
17.914630,8.544000000
17.916787,8.545000000
17.917652,8.546000000
17.933277,8.547000000
17.935547,8.548000000
17.938530,8.549000000
17.941062,8.550000000
17.943282,8.551000000
17.982854,8.552000000
17.985229,8.553000000
17.992516,8.554000000
18.000690,8.555000000
18.001397,8.556000000
18.011827,8.557000000
18.012527,8.558000000
18.019490,8.559000000
18.036167,8.560000000
18.036606,8.561000000
18.044249,8.562000000
18.049037,8.563000000
18.065436,8.564000000
18.069761,8.565000000
18.101912,8.566000000
18.105355,8.567000000
18.108175,8.568000000
18.110745,8.569000000
18.118164,8.570000000
18.121125,8.571000000
18.135938,8.572000000
18.138423,8.573000000
18.145687,8.574000000
18.149816,8.575000000
18.154608,8.576000000
18.158874,8.577000000
18.163655,8.578000000
18.167714,8.579000000
18.173826,8.580000000
18.176705,8.581000000
18.195863,8.582000000
18.200020,8.583000000
18.203708,8.584000000
18.221561,8.585000000
18.225580,8.586000000
18.229074,8.587000000
18.235124,8.588000000
18.239074,8.589000000
18.243173,8.590000000
18.245640,8.591000000
18.251934,8.592000000
18.256738,8.593000000
18.261976,8.594000000
18.266330,8.595000000
18.273149,8.596000000
18.285650,8.597000000
18.302171,8.598000000
18.305804,8.599000000
18.310719,8.600000000
18.313055,8.601000000
18.318496,8.602000000
18.322740,8.603000000
18.327305,8.604000000
18.330554,8.605000000
18.336934,8.606000000
18.341311,8.607000000
18.343991,8.608000000
18.347112,8.609000000
18.356334,8.610000000
18.358759,8.611000000
18.363410,8.612000000
18.369936,8.613000000
18.376716,8.614000000
18.381007,8.615000000
18.384970,8.616000000
18.390991,8.617000000
18.396566,8.618000000
18.402583,8.619000000
18.406775,8.620000000
18.410882,8.621000000
18.413566,8.622000000
18.415931,8.623000000
18.434740,8.624000000
18.442650,8.625000000
18.456141,8.626000000
18.459881,8.627000000
18.462305,8.628000000
18.470296,8.629000000
18.480186,8.630000000
18.482722,8.631000000
18.485614,8.632000000
18.492397,8.633000000
18.499506,8.634000000
18.504443,8.635000000
18.508597,8.636000000
18.513946,8.637000000
18.518441,8.638000000
18.523983,8.639000000
18.526579,8.640000000
18.535389,8.641000000
18.542872,8.642000000
18.545031,8.643000000
18.549144,8.644000000
18.551424,8.645000000
18.557979,8.646000000
18.562401,8.647000000
18.568375,8.648000000
18.572715,8.649000000
18.576722,8.650000000
18.586853,8.651000000
18.600352,8.652000000
18.606723,8.653000000
18.608999,8.654000000
18.613890,8.655000000
18.616052,8.656000000
18.636672,8.657000000
18.638827,8.658000000
18.644353,8.659000000
18.652180,8.660000000
18.654392,8.661000000
18.656645,8.662000000
18.662929,8.663000000
18.667865,8.664000000
18.673789,8.665000000
18.675964,8.666000000
18.699610,8.667000000
18.710910,8.668000000
18.714245,8.669000000
18.716829,8.670000000
18.751549,8.671000000
18.772288,8.672000000
18.781010,8.673000000
18.820868,8.674000000
18.834042,8.675000000
18.839814,8.676000000
18.856425,8.677000000
18.865844,8.678000000
18.873541,8.679000000
18.883137,8.680000000
18.890700,8.681000000
18.903915,8.682000000
18.909728,8.683000000
18.920794,8.684000000
18.930260,8.685000000
18.944373,8.686000000
18.951916,8.687000000
18.956142,8.688000000
18.957644,8.689000000
18.960581,8.690000000
18.968949,8.691000000
18.977419,8.692000000
18.990952,8.693000000
18.996589,8.694000000
19.024598,8.695000000
19.031699,8.696000000
19.047951,8.697000000
19.053567,8.698000000
19.055952,8.699000000
19.058023,8.700000000
19.063681,8.701000000
19.065921,8.702000000
19.072529,8.703000000
19.081831,8.704000000
19.083906,8.705000000
19.086117,8.706000000
19.088166,8.707000000
19.090236,8.708000000
19.092275,8.709000000
19.099196,8.710000000
19.103998,8.711000000
19.105977,8.712000000
19.109272,8.713000000
19.129697,8.714000000
19.131808,8.715000000
19.135625,8.716000000
19.139678,8.717000000
19.144088,8.718000000
19.147741,8.719000000
19.153557,8.720000000
19.157698,8.721000000
19.163183,8.722000000
19.166773,8.723000000
19.168728,8.724000000
19.186406,8.725000000
19.193455,8.726000000
19.198682,8.727000000
19.212244,8.728000000
19.223761,8.729000000
19.228190,8.730000000
19.234800,8.731000000
19.242099,8.732000000
19.246407,8.733000000
19.251551,8.734000000
19.259474,8.735000000
19.266694,8.736000000
19.275768,8.737000000
19.284842,8.738000000
19.286810,8.739000000
19.297415,8.740000000
19.301472,8.741000000
19.313530,8.742000000
19.317725,8.743000000
19.321193,8.744000000
19.330917,8.745000000
19.340853,8.746000000
19.343883,8.747000000
19.348049,8.748000000
19.371164,8.749000000
19.393214,8.750000000
19.416405,8.751000000
19.426429,8.752000000
19.441456,8.753000000
19.452573,8.754000000
19.460377,8.755000000
19.460448,8.756000000
19.487263,8.757000000
19.501246,8.758000000
19.508981,8.759000000
19.534047,8.760000000
19.539580,8.761000000
19.568716,8.762000000
19.570910,8.763000000
19.581694,8.764000000
19.600258,8.765000000
19.616091,8.766000000
19.619693,8.767000000
19.636966,8.768000000
19.654647,8.769000000
19.664310,8.770000000
19.675611,8.771000000
19.687218,8.772000000
19.698420,8.773000000
19.705835,8.774000000
19.730772,8.775000000
19.748751,8.776000000
19.769093,8.777000000
19.777714,8.778000000
19.792720,8.779000000
19.804811,8.780000000
19.817693,8.781000000
19.820586,8.782000000
19.854941,8.783000000
19.874120,8.784000000
19.878364,8.785000000
19.895165,8.786000000
19.903905,8.787000000
19.912823,8.788000000
19.945343,8.789000000
19.956502,8.790000000
19.966147,8.791000000
19.975029,8.792000000
19.985892,8.793000000
19.991207,8.794000000
20.016120,8.795000000
20.024870,8.796000000
20.036538,8.797000000
20.049331,8.798000000
20.061759,8.799000000
20.068159,8.800000000
20.082973,8.801000000
20.085149,8.802000000
20.091319,8.803000000
20.129094,8.804000000
20.134896,8.805000000
20.153371,8.806000000
20.161339,8.807000000
20.163394,8.808000000
20.200556,8.809000000
20.203336,8.810000000
20.210639,8.811000000
20.216449,8.812000000
20.231494,8.813000000
20.245342,8.814000000
20.256970,8.815000000
20.284915,8.816000000
20.295313,8.817000000
20.318491,8.818000000
20.322634,8.819000000
20.346975,8.820000000
20.354093,8.821000000
20.362209,8.822000000
20.377760,8.823000000
20.377806,8.824000000
20.388898,8.825000000
20.399107,8.826000000
20.412214,8.827000000
20.431235,8.828000000
20.442743,8.829000000
20.452466,8.830000000
20.462766,8.831000000
20.468955,8.832000000
20.491770,8.833000000
20.500249,8.834000000
20.518120,8.835000000
20.518163,8.837000000
20.528146,8.838000000
20.550953,8.839000000
20.565964,8.840000000
20.566016,8.841000000
20.575284,8.842000000
20.592693,8.843000000
20.592759,8.844000000
20.594278,8.845000000
20.623559,8.846000000
20.623608,8.847000000
20.624965,8.848000000
20.628213,8.849000000
20.639783,8.850000000
20.649429,8.851000000
20.657078,8.852000000
20.666178,8.853000000
20.677156,8.854000000
20.691807,8.855000000
20.699432,8.856000000
20.716078,8.857000000
20.728777,8.858000000
20.735624,8.859000000
20.770503,8.860000000
20.791815,8.861000000
20.802667,8.862000000
20.806804,8.863000000
20.828742,8.864000000
20.859097,8.865000000
20.870685,8.866000000
20.870751,8.867000000
20.886129,8.868000000
20.894517,8.869000000
20.922571,8.870000000
20.930628,8.871000000
20.935632,8.872000000
20.958972,8.873000000
20.959019,8.874000000
20.985885,8.875000000
21.002076,8.876000000
21.010687,8.877000000
21.025398,8.878000000
21.040433,8.879000000
21.045674,8.880000000
21.068964,8.881000000
21.081495,8.882000000
21.092895,8.883000000
21.097208,8.884000000
21.111133,8.885000000
21.130955,8.886000000
21.133817,8.887000000
21.141153,8.888000000
21.163924,8.889000000
21.177312,8.890000000
21.190990,8.891000000
21.199328,8.892000000
21.201502,8.893000000
21.214172,8.894000000
21.222751,8.895000000
21.231117,8.896000000
21.231162,8.897000000
21.235078,8.898000000
21.241350,8.899000000
21.249808,8.900000000
21.272897,8.901000000
21.286635,8.902000000
21.295944,8.903000000
21.302147,8.904000000
21.311847,8.905000000
21.319075,8.906000000
21.336026,8.907000000
21.336601,8.908000000
21.352705,8.909000000
21.353945,8.910000000
21.369895,8.911000000
21.369934,8.912000000
21.373042,8.913000000
21.391364,8.914000000
21.391638,8.915000000
21.398409,8.916000000
21.408758,8.917000000
21.408798,8.918000000
21.417244,8.919000000
21.427399,8.920000000
21.427439,8.921000000
21.434166,8.922000000
21.441933,8.923000000
21.453888,8.924000000
21.466942,8.925000000
21.480424,8.926000000
21.491048,8.927000000
21.507099,8.928000000
21.516949,8.929000000
21.530544,8.930000000
21.541408,8.931000000
21.553975,8.932000000
21.566264,8.933000000
21.574612,8.934000000
21.583005,8.935000000
21.606006,8.936000000
21.619094,8.937000000
21.626588,8.938000000
21.633530,8.939000000
21.634088,8.940000000
21.634794,8.941000000
21.640713,8.942000000
21.657292,8.943000000
21.660063,8.944000000
21.660387,8.945000000
21.661548,8.946000000
21.665984,8.947000000
21.691762,8.948000000
21.700887,8.949000000
21.704867,8.950000000
21.713285,8.951000000
21.725649,8.952000000
21.737355,8.953000000
21.749473,8.954000000
21.756213,8.955000000
21.767804,8.956000000
21.769996,8.957000000
21.782573,8.958000000
21.797452,8.959000000
21.801517,8.960000000
21.822206,8.961000000
21.830449,8.962000000
21.844077,8.963000000
21.859897,8.964000000
21.863762,8.965000000
21.874102,8.966000000
21.908915,8.967000000
21.921850,8.968000000
21.930885,8.969000000
21.937109,8.970000000
21.943301,8.971000000
21.947782,8.972000000
21.955875,8.973000000
21.961758,8.974000000
21.968142,8.975000000
21.981958,8.976000000
21.994255,8.977000000
22.003885,8.978000000
22.013540,8.979000000
22.017821,8.980000000
22.028526,8.981000000
22.038725,8.982000000
22.065987,8.983000000
22.086497,8.984000000
22.091563,8.985000000
22.101759,8.986000000
22.111624,8.987000000
22.121964,8.988000000
22.130635,8.989000000
22.149856,8.990000000
22.152781,8.991000000
22.163703,8.992000000
22.176713,8.993000000
22.185510,8.994000000
22.192627,8.995000000
22.202950,8.996000000
22.211179,8.997000000
22.228392,8.998000000
22.228663,8.999000000
22.230718,9.000000000
22.239787,9.001000000
22.242190,9.002000000
22.256292,9.003000000
22.256546,9.004000000
22.261130,9.005000000
22.263291,9.006000000
22.272599,9.007000000
22.274307,9.008000000
22.284878,9.009000000
22.285216,9.010000000
22.289154,9.011000000
22.300436,9.012000000
22.302610,9.013000000
22.312675,9.014000000
22.312709,9.015000000
22.316269,9.016000000
22.338381,9.017000000
22.342067,9.018000000
22.357815,9.019000000
22.363622,9.020000000
22.367854,9.021000000
22.380686,9.022000000
22.395875,9.023000000
22.401494,9.024000000
22.405155,9.025000000
22.437016,9.026000000
22.441457,9.027000000
22.446028,9.028000000
22.462979,9.029000000
22.470009,9.030000000
22.478359,9.031000000
22.505040,9.032000000
22.516564,9.033000000
22.522045,9.034000000
22.535890,9.035000000
22.541684,9.036000000
22.546069,9.037000000
22.555366,9.038000000
22.566741,9.039000000
22.571473,9.040000000
22.581026,9.041000000
22.586829,9.042000000
22.596246,9.043000000
22.611511,9.044000000
22.627943,9.045000000
22.637110,9.046000000
22.653853,9.047000000
22.669188,9.048000000
22.684662,9.049000000
22.688133,9.050000000
22.692550,9.051000000
22.696572,9.052000000
22.716772,9.053000000
22.722360,9.054000000
22.730694,9.055000000
22.734867,9.056000000
22.740860,9.057000000
22.743875,9.058000000
22.775496,9.059000000
22.779722,9.060000000
22.785203,9.061000000
22.795808,9.062000000
22.800405,9.063000000
22.822746,9.064000000
22.830701,9.065000000
22.841040,9.066000000
22.849644,9.067000000
22.857975,9.068000000
22.865776,9.069000000
22.877256,9.070000000
22.883768,9.071000000
22.886046,9.072000000
22.908528,9.073000000
22.912709,9.074000000
22.934721,9.075000000
22.940676,9.076000000
22.951733,9.077000000
22.961713,9.078000000
22.969770,9.079000000
22.976708,9.080000000
23.004588,9.081000000
23.008825,9.082000000
23.017830,9.083000000
23.027588,9.084000000
23.035315,9.085000000
23.045179,9.086000000
23.067085,9.087000000
23.079302,9.088000000
23.085547,9.089000000
23.095475,9.090000000
23.101027,9.091000000
23.112945,9.092000000
23.120492,9.093000000
23.125829,9.094000000
23.134552,9.095000000
23.139532,9.096000000
23.146550,9.097000000
23.153524,9.098000000
23.158604,9.099000000
23.167387,9.100000000
23.173998,9.101000000
23.192010,9.102000000
23.200505,9.103000000
23.203690,9.104000000
23.232379,9.105000000
23.238914,9.106000000
23.255937,9.107000000
23.261931,9.108000000
23.264082,9.109000000
23.268953,9.110000000
23.287467,9.111000000
23.292240,9.112000000
23.307163,9.113000000
23.307209,9.114000000
23.312598,9.115000000
23.315866,9.116000000
23.346792,9.117000000
23.352734,9.118000000
23.364339,9.119000000
23.372116,9.120000000
23.378036,9.121000000
23.386637,9.122000000
23.400452,9.123000000
23.404060,9.124000000
23.409931,9.125000000
23.421786,9.126000000
23.431224,9.127000000
23.435387,9.128000000
23.445661,9.129000000
23.449728,9.130000000
23.453188,9.131000000
23.475678,9.132000000
23.486094,9.133000000
23.489308,9.134000000
23.510153,9.135000000
23.520338,9.136000000
23.523838,9.137000000
23.534615,9.138000000
23.539758,9.139000000
23.541860,9.140000000
23.559289,9.141000000
23.562784,9.142000000
23.571388,9.143000000
23.588136,9.144000000
23.592319,9.145000000
23.595499,9.146000000
23.617339,9.147000000
23.636277,9.148000000
23.648323,9.149000000
23.653829,9.150000000
23.674107,9.151000000
23.682908,9.152000000
23.688715,9.153000000
23.694765,9.154000000
23.707170,9.155000000
23.712828,9.156000000
23.722144,9.157000000
23.728181,9.158000000
23.735131,9.159000000
23.742652,9.160000000
23.764571,9.161000000
23.769372,9.162000000
23.790199,9.163000000
23.803232,9.164000000
23.827175,9.165000000
23.834633,9.166000000
23.848669,9.167000000
23.853329,9.168000000
23.887069,9.169000000
23.896563,9.170000000
23.912219,9.171000000
23.916527,9.172000000
23.929070,9.173000000
23.941894,9.174000000
23.952073,9.175000000
23.962253,9.176000000
23.975933,9.177000000
23.987930,9.178000000
23.989690,9.179000000
24.005774,9.180000000
24.014291,9.181000000
24.037807,9.182000000
24.044601,9.183000000
24.056321,9.184000000
24.068763,9.185000000
24.073755,9.186000000
24.087583,9.187000000
24.101244,9.188000000
24.107509,9.189000000
24.111353,9.190000000
24.124569,9.191000000
24.139531,9.192000000
24.139611,9.193000000
24.167834,9.194000000
24.185771,9.195000000
24.189857,9.196000000
24.203365,9.197000000
24.217412,9.198000000
24.226528,9.199000000
24.247682,9.200000000
24.264801,9.201000000
24.273808,9.202000000
24.281905,9.203000000
24.284008,9.204000000
24.295924,9.205000000
24.301327,9.206000000
24.305806,9.207000000
24.317208,9.208000000
24.345459,9.209000000
24.360113,9.210000000
24.366787,9.211000000
24.373593,9.212000000
24.389185,9.213000000
24.395490,9.214000000
24.398390,9.215000000
24.403620,9.216000000
24.407787,9.217000000
24.418588,9.218000000
24.426065,9.219000000
24.431177,9.220000000
24.442951,9.221000000
24.449370,9.222000000
24.453327,9.223000000
24.479285,9.224000000
24.484801,9.225000000
24.489301,9.226000000
24.494775,9.227000000
24.501619,9.228000000
24.504397,9.229000000
24.521278,9.230000000
24.525615,9.231000000
24.529838,9.232000000
24.532367,9.233000000
24.540878,9.234000000
24.565982,9.235000000
24.574081,9.236000000
24.579521,9.237000000
24.596949,9.238000000
24.603865,9.239000000
24.605963,9.240000000
24.610586,9.241000000
24.612762,9.242000000
24.614877,9.243000000
24.618514,9.244000000
24.621648,9.245000000
24.624272,9.246000000
24.626218,9.247000000
24.634849,9.248000000
24.645712,9.249000000
24.657414,9.250000000
24.669370,9.251000000
24.676461,9.252000000
24.689704,9.253000000
24.699258,9.254000000
24.713386,9.255000000
24.720441,9.256000000
24.725429,9.257000000
24.728539,9.258000000
24.730221,9.259000000
24.736877,9.260000000
24.739816,9.261000000
24.742120,9.262000000
24.747059,9.263000000
24.753389,9.264000000
24.756340,9.265000000
24.767868,9.266000000
24.780107,9.267000000
24.783153,9.268000000
24.786117,9.269000000
24.789339,9.270000000
24.793272,9.271000000
24.797973,9.272000000
24.801051,9.273000000
24.806842,9.274000000
24.844385,9.275000000
24.850264,9.276000000
24.856180,9.277000000
24.859401,9.278000000
24.861616,9.279000000
24.871071,9.280000000
24.874643,9.281000000
24.877342,9.282000000
24.880983,9.283000000
24.888831,9.284000000
24.891886,9.285000000
24.894123,9.286000000
24.898371,9.287000000
24.905049,9.288000000
24.907772,9.289000000
24.911083,9.290000000
24.916710,9.291000000
24.956899,9.292000000
24.960310,9.293000000
24.962608,9.294000000
24.965978,9.295000000
24.977320,9.296000000
24.981219,9.297000000
24.987926,9.298000000
24.990189,9.299000000
24.996791,9.300000000
24.998462,9.301000000
25.000647,9.302000000
25.003730,9.303000000
25.017334,9.304000000
25.020230,9.305000000
25.023213,9.306000000
25.024750,9.307000000
25.026812,9.308000000
25.029531,9.309000000
25.031994,9.310000000
25.034306,9.311000000
25.038772,9.312000000
25.041787,9.313000000
25.076531,9.314000000
25.085956,9.315000000
25.095198,9.316000000
25.109187,9.317000000
25.125411,9.318000000
25.136774,9.319000000
25.148716,9.320000000
25.161180,9.321000000
25.187086,9.322000000
25.197008,9.323000000
25.216776,9.324000000
25.227793,9.325000000
25.241076,9.326000000
25.246114,9.327000000
25.248533,9.328000000
25.254658,9.329000000
25.264519,9.330000000
25.268166,9.331000000
25.271383,9.332000000
25.281183,9.333000000
25.288082,9.334000000
25.295172,9.335000000
25.318416,9.336000000
25.334567,9.337000000
25.360276,9.338000000
25.373893,9.339000000
25.385342,9.340000000
25.396927,9.341000000
25.408714,9.342000000
25.423991,9.343000000
25.438925,9.344000000
25.451318,9.345000000
25.461103,9.346000000
25.472481,9.347000000
25.485453,9.348000000
25.498774,9.349000000
25.508148,9.350000000
25.529435,9.351000000
25.552288,9.352000000
25.562465,9.353000000
25.586323,9.354000000
25.594114,9.355000000
25.603675,9.356000000
25.618410,9.357000000
25.624856,9.358000000
25.631276,9.359000000
25.650131,9.360000000
25.652153,9.361000000
25.662331,9.362000000
25.692062,9.363000000
25.695302,9.364000000
25.703891,9.365000000
25.721853,9.366000000
25.725871,9.367000000
25.734220,9.368000000
25.758050,9.369000000
25.773669,9.370000000
25.779395,9.371000000
25.790850,9.372000000
25.796206,9.373000000
25.812569,9.374000000
25.814566,9.375000000
25.819999,9.376000000
25.829933,9.377000000
25.855134,9.378000000
25.868379,9.379000000
25.883258,9.380000000
25.902468,9.381000000
25.910611,9.382000000
25.939772,9.383000000
25.960932,9.384000000
25.980549,9.385000000
26.006923,9.386000000
26.010794,9.387000000
26.012484,9.388000000
26.014309,9.389000000
26.020516,9.390000000
26.038570,9.391000000
26.040064,9.392000000
26.040191,9.393000000
26.040243,9.394000000
26.040428,9.395000000
26.052083,9.396000000
26.055926,9.397000000
26.055979,9.398000000
26.056018,9.399000000
26.056198,9.400000000
26.068989,9.401000000
26.073472,9.402000000
26.075647,9.403000000
26.092247,9.404000000
26.099816,9.405000000
26.103286,9.406000000
26.105657,9.407000000
26.110691,9.408000000
26.113702,9.409000000
26.132948,9.410000000
26.143003,9.411000000
26.145241,9.412000000
26.147429,9.413000000
26.151370,9.414000000
26.154210,9.415000000
26.157198,9.416000000
26.163825,9.417000000
26.166793,9.418000000
26.169195,9.419000000
26.172343,9.420000000
26.174520,9.421000000
26.176411,9.422000000
26.182348,9.423000000
26.185595,9.424000000
26.189109,9.425000000
26.194213,9.426000000
26.196718,9.427000000
26.199138,9.428000000
26.202112,9.429000000
26.204433,9.430000000
26.207180,9.431000000
26.226743,9.432000000
26.230489,9.433000000
26.232705,9.434000000
26.238087,9.435000000
26.240390,9.436000000
26.249370,9.437000000
26.256115,9.438000000
26.259045,9.439000000
26.264096,9.440000000
26.271666,9.441000000
26.274192,9.442000000
26.281459,9.443000000
26.283749,9.444000000
26.291027,9.445000000
26.296612,9.446000000
26.300747,9.447000000
26.340163,9.448000000
26.350914,9.449000000
26.352823,9.450000000
26.377202,9.451000000
26.383971,9.452000000
26.391193,9.453000000
26.393811,9.454000000
26.440147,9.455000000
26.491956,9.456000000
26.497648,9.457000000
26.503797,9.458000000
26.512020,9.459000000
26.515578,9.460000000
26.545051,9.461000000
26.558765,9.462000000
26.575751,9.463000000
26.593689,9.464000000
26.609434,9.465000000
26.625029,9.466000000
26.637546,9.467000000
26.683653,9.468000000
26.702450,9.469000000
26.705775,9.470000000
26.710706,9.471000000
26.714808,9.472000000
26.715110,9.473000000
26.721095,9.474000000
26.721649,9.475000000
26.723540,9.476000000
26.731706,9.477000000
26.735331,9.478000000
26.735384,9.479000000
26.737388,9.480000000
26.740745,9.481000000
26.744202,9.482000000
26.744253,9.483000000
26.746033,9.484000000
26.752921,9.485000000
26.756349,9.486000000
26.756675,9.487000000
26.771383,9.488000000
26.771756,9.489000000
26.781886,9.490000000
26.785311,9.491000000
26.809229,9.492000000
26.819372,9.493000000
26.826890,9.494000000
26.831863,9.495000000
26.853401,9.496000000
26.854953,9.497000000
26.880535,9.498000000
26.883891,9.499000000
26.893653,9.500000000
26.894040,9.501000000
26.908383,9.502000000
26.908561,9.503000000
26.908612,9.504000000
26.908652,9.505000000
26.928187,9.506000000
26.958508,9.507000000
26.959121,9.508000000
26.977976,9.509000000
26.992979,9.510000000
27.000770,9.511000000
27.021110,9.512000000
27.021262,9.513000000
27.021354,9.514000000
27.032231,9.515000000
27.036556,9.516000000
27.045423,9.517000000
27.045530,9.518000000
27.055167,9.519000000
27.055466,9.520000000
27.074996,9.521000000
27.096905,9.522000000
27.105928,9.523000000
27.114465,9.524000000
27.135099,9.525000000
27.146627,9.526000000
27.170201,9.527000000
27.183023,9.528000000
27.189187,9.529000000
27.203968,9.530000000
27.211120,9.531000000
27.218957,9.532000000
27.223202,9.533000000
27.257836,9.534000000
27.261820,9.535000000
27.278735,9.536000000
27.288798,9.537000000
27.303565,9.538000000
27.341103,9.539000000
27.349525,9.540000000
27.356306,9.541000000
27.370285,9.542000000
27.373799,9.543000000
27.380688,9.544000000
27.395628,9.545000000
27.397857,9.546000000
27.409428,9.547000000
27.415926,9.548000000
27.424994,9.549000000
27.427129,9.550000000
27.435234,9.551000000
27.438653,9.552000000
27.446081,9.553000000
27.453128,9.554000000
27.455465,9.555000000
27.464658,9.556000000
27.471977,9.557000000
27.475443,9.558000000
27.485532,9.559000000
27.494978,9.560000000
27.497688,9.561000000
27.505060,9.562000000
27.511388,9.563000000
27.527173,9.564000000
27.529345,9.565000000
27.532742,9.566000000
27.542564,9.567000000
27.549987,9.568000000
27.552490,9.569000000
27.558109,9.570000000
27.563795,9.571000000
27.568679,9.572000000
27.577715,9.573000000
27.584237,9.574000000
27.589477,9.575000000
27.592621,9.576000000
27.599890,9.577000000
27.602228,9.578000000
27.606519,9.579000000
27.608875,9.580000000
27.611723,9.581000000
27.621106,9.582000000
27.623676,9.583000000
27.626874,9.584000000
27.632644,9.585000000
27.637854,9.586000000
27.643072,9.587000000
27.650046,9.588000000
27.653543,9.589000000
27.664898,9.590000000
27.669342,9.591000000
27.681373,9.592000000
27.683936,9.593000000
27.686229,9.594000000
27.696358,9.595000000
27.699750,9.596000000
27.702112,9.597000000
27.714402,9.598000000
27.718616,9.599000000
27.729052,9.600000000
27.737512,9.601000000
27.740061,9.602000000
27.745510,9.603000000
27.759736,9.604000000
27.764271,9.605000000
27.770477,9.606000000
27.783042,9.607000000
27.790298,9.608000000
27.798328,9.609000000
27.812876,9.610000000
27.832834,9.611000000
27.847044,9.612000000
27.865050,9.613000000
27.870536,9.614000000
27.879257,9.615000000
27.888804,9.616000000
27.901778,9.617000000
27.914002,9.618000000
27.921900,9.619000000
27.928299,9.620000000
27.934378,9.621000000
27.942629,9.622000000
27.953358,9.623000000
27.986439,9.624000000
28.000669,9.625000000
28.003227,9.626000000
28.017820,9.627000000
28.020170,9.628000000
28.026551,9.629000000
28.038781,9.630000000
28.038826,9.632000000
28.069484,9.633000000
28.075319,9.634000000
28.080070,9.635000000
28.089606,9.636000000
28.091540,9.637000000
28.093578,9.638000000
28.105774,9.639000000
28.107230,9.640000000
28.123700,9.641000000
28.139528,9.642000000
28.146306,9.643000000
28.172942,9.644000000
28.183569,9.645000000
28.193390,9.646000000
28.209839,9.647000000
28.220060,9.648000000
28.237648,9.649000000
28.237707,9.650000000
28.247093,9.651000000
28.250650,9.652000000
28.261955,9.653000000
28.268334,9.654000000
28.270672,9.655000000
28.278833,9.656000000
28.283211,9.657000000
28.293107,9.658000000
28.315241,9.659000000
28.323624,9.660000000
28.347161,9.661000000
28.374121,9.662000000
28.383041,9.663000000
28.390920,9.664000000
28.415148,9.665000000
28.419973,9.666000000
28.426633,9.667000000
28.466932,9.668000000
28.472350,9.669000000
28.519598,9.670000000
28.528300,9.671000000
28.543841,9.672000000
28.557247,9.673000000
28.570839,9.674000000
28.579047,9.675000000
28.595397,9.676000000
28.607117,9.677000000
28.622371,9.678000000
28.630610,9.679000000
28.638807,9.680000000
28.641853,9.681000000
28.653503,9.682000000
28.658640,9.683000000
28.662910,9.684000000
28.667889,9.685000000
28.686995,9.686000000
28.691227,9.687000000
28.701560,9.688000000
28.728971,9.689000000
28.745416,9.690000000
28.755637,9.691000000
28.771497,9.692000000
28.791727,9.693000000
28.801209,9.694000000
28.820635,9.695000000
28.835105,9.696000000
28.849706,9.697000000
28.871079,9.698000000
28.886539,9.699000000
28.914991,9.700000000
28.922747,9.701000000
28.933331,9.702000000
28.948954,9.703000000
28.957133,9.704000000
28.967136,9.705000000
28.979023,9.706000000
28.991179,9.707000000
29.003605,9.708000000
29.016317,9.709000000
29.022333,9.710000000
29.034538,9.711000000
29.045626,9.712000000
29.053550,9.713000000
29.057895,9.714000000
29.075852,9.715000000
29.092937,9.716000000
29.101406,9.717000000
29.133046,9.718000000
29.144731,9.719000000
29.152473,9.720000000
29.175856,9.721000000
29.180405,9.722000000
29.192081,9.723000000
29.197087,9.724000000
29.213276,9.725000000
29.230251,9.726000000
29.236612,9.727000000
29.240743,9.728000000
29.242974,9.729000000
29.250579,9.730000000
29.255389,9.731000000
29.257732,9.732000000
29.271612,9.733000000
29.282884,9.734000000
29.286156,9.735000000
29.290568,9.736000000
29.292901,9.737000000
29.300481,9.738000000
29.304290,9.739000000
29.310855,9.740000000
29.313636,9.741000000
29.319510,9.742000000
29.331474,9.743000000
29.335453,9.744000000
29.341396,9.745000000
29.347339,9.746000000
29.352687,9.747000000
29.357292,9.748000000
29.359596,9.749000000
29.368016,9.750000000
29.372448,9.751000000
29.375628,9.752000000
29.381691,9.753000000
29.387418,9.754000000
29.393352,9.755000000
29.397353,9.756000000
29.406188,9.757000000
29.408305,9.758000000
29.413540,9.759000000
29.417639,9.760000000
29.423909,9.761000000
29.429714,9.762000000
29.435684,9.763000000
29.437897,9.764000000
29.446174,9.765000000
29.450326,9.766000000
29.454415,9.767000000
29.458302,9.768000000
29.470810,9.769000000
29.472368,9.770000000
29.478251,9.771000000
29.483109,9.772000000
29.493566,9.773000000
29.497128,9.774000000
29.524668,9.775000000
29.530904,9.776000000
29.538813,9.777000000
29.545219,9.778000000
29.583224,9.779000000
29.584499,9.780000000
29.590591,9.781000000
29.598323,9.782000000
29.605522,9.783000000
29.608020,9.784000000
29.611841,9.785000000
29.614030,9.786000000
29.617510,9.787000000
29.619726,9.788000000
29.621836,9.789000000
29.624191,9.790000000
29.627468,9.791000000
29.629662,9.792000000
29.632178,9.793000000
29.635362,9.794000000
29.676018,9.795000000
29.681766,9.796000000
29.693846,9.797000000
29.705650,9.798000000
29.715935,9.799000000
29.720987,9.800000000
29.726957,9.801000000
29.742791,9.802000000
29.759487,9.803000000
29.764362,9.804000000
29.784964,9.805000000
29.788803,9.806000000
29.793933,9.807000000
29.802204,9.808000000
29.805845,9.809000000
29.808374,9.810000000
29.814413,9.811000000
29.816512,9.812000000
29.829756,9.813000000
29.832498,9.814000000
29.836303,9.815000000
29.842914,9.816000000
29.845307,9.817000000
29.854407,9.818000000
29.856718,9.819000000
29.859221,9.820000000
29.863039,9.821000000
29.865425,9.822000000
29.900007,9.823000000
29.900915,9.824000000
29.903515,9.825000000
29.910024,9.826000000
29.912343,9.827000000
29.916656,9.828000000
29.920047,9.829000000
29.933776,9.830000000
29.937640,9.831000000
29.943515,9.832000000
29.946110,9.833000000
29.952854,9.834000000
29.989523,9.835000000
29.989669,9.836000000
29.989877,9.837000000
29.990150,9.838000000
29.997334,9.839000000
29.999467,9.840000000
30.024988,9.841000000
30.027478,9.842000000
30.034701,9.843000000
30.040459,9.844000000
30.047314,9.845000000
30.047423,9.846000000
30.047504,9.847000000
30.053259,9.848000000
30.053457,9.849000000
30.054602,9.850000000
30.099666,9.851000000
30.111813,9.852000000
30.122384,9.853000000
30.136091,9.854000000
30.147620,9.855000000
30.158257,9.856000000
30.173363,9.857000000
30.175427,9.858000000
30.190774,9.859000000
30.202300,9.860000000
30.202622,9.861000000
30.212466,9.862000000
30.236642,9.863000000
30.240473,9.864000000
30.240531,9.865000000
30.240571,9.866000000
30.240640,9.867000000
30.240988,9.868000000
30.241078,9.869000000
30.241119,9.870000000
30.252460,9.871000000
30.264780,9.872000000
30.264883,9.873000000
30.264928,9.874000000
30.284791,9.875000000
30.290102,9.876000000
30.290225,9.877000000
30.300613,9.878000000
30.300947,9.879000000
30.308801,9.880000000
30.308859,9.881000000
30.350024,9.882000000
30.350187,9.883000000
30.350273,9.884000000
30.350588,9.885000000
30.356878,9.886000000
30.370134,9.887000000
30.382505,9.888000000
30.403091,9.889000000
30.417059,9.890000000
30.454469,9.891000000
30.475660,9.892000000
30.477930,9.893000000
30.484591,9.894000000
30.533065,9.895000000
30.542931,9.896000000
30.553694,9.897000000
30.565892,9.898000000
30.583192,9.899000000
30.595040,9.900000000
30.595263,9.901000000
30.625977,9.902000000
30.633409,9.903000000
30.648516,9.904000000
30.658880,9.905000000
30.659006,9.906000000
30.671307,9.907000000
30.693217,9.908000000
30.709617,9.909000000
30.740525,9.910000000
30.756729,9.911000000
30.764114,9.912000000
30.799716,9.913000000
30.799897,9.914000000
30.813824,9.915000000
30.822188,9.916000000
30.822282,9.917000000
30.837531,9.918000000
30.837676,9.919000000
30.837725,9.920000000
30.837767,9.921000000
30.837805,9.922000000
30.844728,9.923000000
30.867760,9.924000000
30.873008,9.925000000
30.901125,9.926000000
30.902341,9.927000000
30.920863,9.928000000
30.924446,9.929000000
30.941227,9.930000000
30.942517,9.931000000
30.948765,9.932000000
30.965778,9.933000000
30.977402,9.934000000
30.995951,9.935000000
31.011410,9.936000000
31.026909,9.937000000
31.037585,9.938000000
31.044196,9.939000000
31.046635,9.940000000
31.055526,9.941000000
31.066118,9.942000000
31.075137,9.943000000
31.091918,9.944000000
31.096831,9.945000000
31.099266,9.946000000
31.101743,9.947000000
31.103948,9.948000000
31.106093,9.949000000
31.108461,9.950000000
31.110986,9.951000000
31.140978,9.952000000
31.172667,9.953000000
31.185589,9.954000000
31.214944,9.955000000
31.224154,9.956000000
31.235156,9.957000000
31.246698,9.958000000
31.259269,9.959000000
31.285520,9.960000000
31.298132,9.961000000
31.309089,9.962000000
31.332950,9.963000000
31.343605,9.964000000
31.350912,9.965000000
31.360597,9.966000000
31.363198,9.967000000
31.372022,9.968000000
31.392966,9.969000000
31.398294,9.970000000
31.404697,9.971000000
31.438446,9.972000000
31.443270,9.973000000
31.448548,9.974000000
31.450941,9.975000000
31.469089,9.976000000
31.472228,9.977000000
31.474464,9.978000000
31.477935,9.979000000
31.484720,9.980000000
31.529393,9.981000000
31.536447,9.982000000
31.543862,9.983000000
31.546813,9.984000000
31.557095,9.985000000
31.573730,9.986000000
31.579984,9.987000000
31.582356,9.988000000
31.584707,9.989000000
31.587623,9.990000000
31.636436,9.991000000
31.652088,9.992000000
31.652266,9.993000000
31.672011,9.994000000
31.683335,9.995000000
31.698941,9.996000000
31.706181,9.997000000
31.723171,9.998000000
31.752270,9.999000000
31.755921,10.000000000
31.793792,10.001000000
31.795693,10.002000000
31.815783,10.003000000
31.817177,10.004000000
31.820580,10.005000000
31.824745,10.006000000
31.847024,10.007000000
31.853195,10.008000000
31.856618,10.009000000
31.877039,10.010000000
31.879429,10.011000000
31.884834,10.012000000
31.889832,10.013000000
31.894305,10.014000000
31.902916,10.015000000
31.946597,10.016000000
31.950538,10.017000000
31.953228,10.018000000
31.955555,10.019000000
31.957816,10.020000000
31.960203,10.021000000
31.973910,10.022000000
31.980752,10.023000000
31.989712,10.024000000
32.039169,10.025000000
32.059990,10.026000000
32.072119,10.027000000
32.080836,10.028000000
32.087731,10.029000000
32.090551,10.030000000
32.097839,10.031000000
32.105564,10.032000000
32.109834,10.033000000
32.133724,10.034000000
32.138813,10.035000000
32.148946,10.036000000
32.161058,10.037000000
32.169271,10.038000000
32.184877,10.039000000
32.199873,10.040000000
32.211879,10.041000000
32.221189,10.042000000
32.251779,10.043000000
32.269239,10.044000000
32.275137,10.045000000
32.275605,10.046000000
32.305526,10.047000000
32.321891,10.048000000
32.326782,10.049000000
32.332916,10.050000000
32.363975,10.051000000
32.371205,10.052000000
32.378732,10.053000000
32.378834,10.054000000
32.378893,10.055000000
32.379340,10.056000000
32.386575,10.057000000
32.386659,10.058000000
32.386715,10.059000000
32.388321,10.060000000
32.390331,10.061000000
32.391300,10.062000000
32.398363,10.063000000
32.398468,10.064000000
32.398510,10.065000000
32.417193,10.066000000
32.421051,10.067000000
32.428228,10.068000000
32.433867,10.069000000
32.439896,10.070000000
32.445867,10.071000000
32.451973,10.072000000
32.459810,10.073000000
32.463803,10.074000000
32.469840,10.075000000
32.475431,10.076000000
32.482723,10.077000000
32.488243,10.078000000
32.491941,10.079000000
32.505912,10.080000000
32.506970,10.081000000
32.507022,10.082000000
32.530590,10.083000000
32.530729,10.084000000
32.530776,10.085000000
32.530814,10.086000000
32.530889,10.087000000
32.530927,10.088000000
32.530964,10.089000000
32.536789,10.090000000
32.538330,10.091000000
32.547109,10.092000000
32.560584,10.093000000
32.560715,10.094000000
32.560966,10.095000000
32.566097,10.096000000
32.566982,10.097000000
32.569570,10.098000000
32.578366,10.099000000
32.578739,10.100000000
32.578785,10.101000000
32.605912,10.102000000
32.612585,10.103000000
32.612683,10.104000000
32.612728,10.105000000
32.617959,10.106000000
32.618962,10.107000000
32.626105,10.108000000
32.626274,10.109000000
32.646941,10.110000000
32.657351,10.111000000
32.664196,10.112000000
32.674420,10.113000000
32.688297,10.114000000
32.692988,10.115000000
32.696412,10.116000000
32.712486,10.117000000
32.729468,10.118000000
32.753696,10.119000000
32.768349,10.120000000
32.774281,10.121000000
32.782941,10.122000000
32.797639,10.123000000
32.815643,10.124000000
32.819805,10.125000000
32.836055,10.126000000
32.841578,10.127000000
32.851879,10.128000000
32.854296,10.129000000
32.854955,10.130000000
32.867663,10.131000000
32.867980,10.132000000
32.874653,10.133000000
32.874754,10.134000000
32.883938,10.135000000
32.884038,10.136000000
32.884224,10.137000000
32.885367,10.138000000
32.892744,10.139000000
32.893085,10.140000000
32.904646,10.141000000
32.904702,10.142000000
32.904740,10.143000000
32.911456,10.144000000
32.911612,10.145000000
32.923504,10.146000000
32.924691,10.147000000
32.924816,10.148000000
32.925039,10.149000000
32.926136,10.150000000
32.948126,10.151000000
32.962144,10.152000000
32.962191,10.153000000
32.967135,10.154000000
32.985911,10.155000000
32.998428,10.156000000
33.007473,10.157000000
33.013788,10.158000000
33.034518,10.159000000
33.034561,10.161000000
33.049952,10.162000000
33.052352,10.163000000
33.054789,10.164000000
33.057799,10.165000000
33.068412,10.166000000
33.076976,10.167000000
33.077053,10.168000000
33.095686,10.169000000
33.097088,10.170000000
33.099716,10.171000000
33.102028,10.172000000
33.104165,10.173000000
33.107320,10.174000000
33.114185,10.175000000
33.119883,10.176000000
33.123236,10.177000000
33.124524,10.178000000
33.140963,10.179000000
33.148084,10.180000000
33.154883,10.181000000
33.154908,10.182000000
33.156937,10.183000000
33.158370,10.184000000
33.160139,10.185000000
33.162957,10.186000000
33.168010,10.187000000
33.170166,10.188000000
33.177212,10.189000000
33.192004,10.190000000
33.198752,10.191000000
33.203269,10.192000000
33.216680,10.193000000
33.225901,10.194000000
33.237675,10.195000000
33.246020,10.196000000
33.256046,10.197000000
33.267662,10.198000000
33.271679,10.199000000
33.282085,10.200000000
33.308052,10.201000000
33.319034,10.202000000
33.341973,10.203000000
33.347422,10.204000000
33.363238,10.205000000
33.370456,10.206000000
33.394428,10.207000000
33.400562,10.208000000
33.404428,10.209000000
33.408517,10.210000000
33.420547,10.211000000
33.422691,10.212000000
33.424719,10.213000000
33.426839,10.214000000
33.440400,10.215000000
33.442607,10.216000000
33.471599,10.217000000
33.489231,10.218000000
33.503742,10.219000000
33.522890,10.220000000
33.539208,10.221000000
33.561798,10.222000000
33.578544,10.223000000
33.598657,10.224000000
33.608202,10.225000000
33.631665,10.226000000
33.637677,10.227000000
33.663831,10.228000000
33.675679,10.229000000
33.690464,10.230000000
33.690551,10.231000000
33.696319,10.232000000
33.712689,10.233000000
33.742209,10.234000000
33.760216,10.235000000
33.762648,10.236000000
33.788010,10.237000000
33.794188,10.238000000
33.801355,10.239000000
33.812928,10.240000000
33.821584,10.241000000
33.862814,10.242000000
33.869221,10.243000000
33.897075,10.244000000
33.912644,10.245000000
33.936069,10.246000000
33.939119,10.247000000
33.941797,10.248000000
33.944792,10.249000000
33.956936,10.250000000
33.966047,10.251000000
33.969338,10.252000000
33.971844,10.253000000
33.975772,10.254000000
33.978709,10.255000000
33.986822,10.256000000
33.996966,10.257000000
34.009319,10.258000000
34.011792,10.259000000
34.015731,10.260000000
34.018778,10.261000000
34.021045,10.262000000
34.023459,10.263000000
34.026744,10.264000000
34.029405,10.265000000
34.035788,10.266000000
34.052336,10.267000000
34.055088,10.268000000
34.067326,10.269000000
34.069520,10.270000000
34.073358,10.271000000
34.104531,10.272000000
34.118414,10.273000000
34.126673,10.274000000
34.135148,10.275000000
34.141862,10.276000000
34.147250,10.277000000
34.173929,10.278000000
34.174341,10.279000000
34.174411,10.280000000
34.175341,10.281000000
34.206161,10.282000000
34.206307,10.283000000
34.206352,10.284000000
34.206391,10.285000000
34.206444,10.286000000
34.207562,10.287000000
34.209437,10.288000000
34.213716,10.289000000
34.213801,10.290000000
34.217754,10.291000000
34.217852,10.292000000
34.218647,10.293000000
34.223826,10.294000000
34.223904,10.295000000
34.229702,10.296000000
34.239740,10.297000000
34.241428,10.298000000
34.249358,10.299000000
34.288168,10.300000000
34.288393,10.301000000
34.288440,10.302000000
34.307132,10.303000000
34.322146,10.304000000
34.322206,10.305000000
34.329095,10.306000000
34.350108,10.307000000
34.358522,10.308000000
34.360625,10.309000000
34.365724,10.310000000
34.369070,10.311000000
34.369108,10.312000000
34.373396,10.313000000
34.373674,10.314000000
34.376796,10.315000000
34.378573,10.316000000
34.380575,10.317000000
34.384596,10.318000000
34.384854,10.319000000
34.385922,10.320000000
34.390877,10.321000000
34.391550,10.322000000
34.416291,10.323000000
34.437610,10.324000000
34.448875,10.325000000
34.451890,10.326000000
34.463718,10.327000000
34.468393,10.328000000
34.474909,10.329000000
34.478321,10.330000000
34.503305,10.331000000
34.512192,10.332000000
34.517174,10.333000000
34.523193,10.334000000
34.528943,10.335000000
34.533142,10.336000000
34.560297,10.337000000
34.560783,10.338000000
34.562776,10.339000000
34.564765,10.340000000
34.566754,10.341000000
34.568758,10.342000000
34.572874,10.343000000
34.574994,10.344000000
34.577154,10.345000000
34.579225,10.346000000
34.585957,10.347000000
34.588246,10.348000000
34.590017,10.349000000
34.593482,10.350000000
34.595489,10.351000000
34.598155,10.352000000
34.600243,10.353000000
34.602252,10.354000000
34.604331,10.355000000
34.606356,10.356000000
34.608352,10.357000000
34.610315,10.358000000
34.648517,10.359000000
34.659535,10.360000000
34.670097,10.361000000
34.689355,10.362000000
34.695523,10.363000000
34.700866,10.364000000
34.715090,10.365000000
34.721191,10.366000000
34.727394,10.367000000
34.742150,10.368000000
34.757493,10.369000000
34.764365,10.370000000
34.774168,10.371000000
34.783945,10.372000000
34.789710,10.373000000
34.794023,10.374000000
34.798043,10.375000000
34.802662,10.376000000
34.806830,10.377000000
34.812512,10.378000000
34.827787,10.379000000
34.831485,10.380000000
34.836003,10.381000000
34.839795,10.382000000
34.853465,10.383000000
34.874056,10.384000000
34.880410,10.385000000
34.883419,10.386000000
34.903738,10.387000000
34.912073,10.388000000
34.922480,10.389000000
34.949973,10.390000000
34.952466,10.391000000
34.961656,10.392000000
34.964298,10.393000000
34.970078,10.394000000
34.990402,10.395000000
34.998812,10.396000000
35.011255,10.397000000
35.011561,10.398000000
35.020716,10.399000000
35.024783,10.400000000
35.034588,10.401000000
35.040002,10.402000000
35.045421,10.403000000
35.052279,10.404000000
35.062763,10.405000000
35.069836,10.406000000
35.080011,10.407000000
35.087222,10.408000000
35.127937,10.409000000
35.138804,10.410000000
35.145765,10.411000000
35.157676,10.412000000
35.186621,10.413000000
35.196434,10.414000000
35.207666,10.415000000
35.211771,10.416000000
35.214250,10.417000000
35.232324,10.418000000
35.239233,10.419000000
35.248923,10.420000000
35.273797,10.421000000
35.279295,10.422000000
35.298748,10.423000000
35.307876,10.424000000
35.338382,10.425000000
35.345247,10.426000000
35.373766,10.427000000
35.376197,10.428000000
35.386831,10.429000000
35.416229,10.430000000
35.421576,10.431000000
35.429810,10.432000000
35.457315,10.433000000
35.462779,10.434000000
35.502537,10.435000000
35.512552,10.436000000
35.527836,10.437000000
35.537334,10.438000000
35.553223,10.439000000
35.563307,10.440000000
35.567721,10.441000000
35.616477,10.442000000
35.624946,10.443000000
35.632725,10.444000000
35.661840,10.445000000
35.676456,10.446000000
35.678661,10.447000000
35.688663,10.448000000
35.699621,10.449000000
35.708924,10.450000000
35.716252,10.451000000
35.727625,10.452000000
35.737568,10.453000000
35.741118,10.454000000
35.753733,10.455000000
35.757956,10.456000000
35.767365,10.457000000
35.777494,10.458000000
35.785046,10.459000000
35.785086,10.460000000
35.809613,10.461000000
35.813441,10.462000000
35.836396,10.463000000
35.843735,10.464000000
35.849822,10.465000000
35.862984,10.466000000
35.871916,10.467000000
35.877712,10.468000000
35.902946,10.469000000
35.924614,10.470000000
35.938041,10.471000000
35.975289,10.472000000
35.991572,10.473000000
36.014789,10.474000000
36.025027,10.475000000
36.032681,10.476000000
36.041214,10.477000000
36.056228,10.478000000
36.058386,10.479000000
36.066313,10.480000000
36.094059,10.481000000
36.123414,10.482000000
36.131255,10.483000000
36.149085,10.484000000
36.157879,10.485000000
36.165921,10.486000000
36.182956,10.487000000
36.194904,10.488000000
36.198138,10.489000000
36.214889,10.490000000
36.222277,10.491000000
36.269170,10.492000000
36.278385,10.493000000
36.301667,10.494000000
36.330027,10.495000000
36.346258,10.496000000
36.364300,10.497000000
36.376450,10.498000000
36.396895,10.499000000
36.402135,10.500000000
36.408012,10.501000000
36.415043,10.502000000
36.438989,10.503000000
36.454025,10.504000000
36.461435,10.505000000
36.472219,10.506000000
36.487757,10.507000000
36.518420,10.508000000
36.528011,10.509000000
36.533107,10.510000000
36.557047,10.511000000
36.572900,10.512000000
36.586480,10.513000000
36.604286,10.514000000
36.609810,10.515000000
36.629473,10.516000000
36.666957,10.517000000
36.677251,10.518000000
36.685619,10.519000000
36.716294,10.520000000
36.723901,10.521000000
36.730122,10.522000000
36.737451,10.523000000
36.762392,10.524000000
36.778227,10.525000000
36.789289,10.526000000
36.793494,10.527000000
36.821250,10.528000000
36.823670,10.529000000
36.830863,10.530000000
36.850276,10.531000000
36.879876,10.532000000
36.912293,10.533000000
36.921823,10.534000000
36.929992,10.535000000
36.937756,10.536000000
36.962400,10.537000000
36.973779,10.538000000
36.976010,10.539000000
36.985843,10.540000000
37.017975,10.541000000
37.024735,10.542000000
37.038464,10.543000000
37.052126,10.544000000
37.055042,10.545000000
37.058278,10.546000000
37.066220,10.547000000
37.068619,10.548000000
37.072921,10.549000000
37.085992,10.550000000
37.092719,10.551000000
37.095164,10.552000000
37.098244,10.553000000
37.104776,10.554000000
37.107517,10.555000000
37.110759,10.556000000
37.116759,10.557000000
37.119538,10.558000000
37.121769,10.559000000
37.124772,10.560000000
37.129051,10.561000000
37.131888,10.562000000
37.134204,10.563000000
37.139601,10.564000000
37.147102,10.565000000
37.151413,10.566000000
37.154483,10.567000000
37.157483,10.568000000
37.164259,10.569000000
37.166614,10.570000000
37.168786,10.571000000
37.171493,10.572000000
37.173728,10.573000000
37.177051,10.574000000
37.179808,10.575000000
37.198597,10.576000000
37.213628,10.577000000
37.226844,10.578000000
37.242217,10.579000000
37.250588,10.580000000
37.260088,10.581000000
37.272679,10.582000000
37.277837,10.583000000
37.309135,10.584000000
37.326363,10.585000000
37.332243,10.586000000
37.345770,10.587000000
37.355751,10.588000000
37.361108,10.589000000
37.367904,10.590000000
37.375416,10.591000000
37.390593,10.592000000
37.400659,10.593000000
37.411150,10.594000000
37.420529,10.595000000
37.433680,10.596000000
37.443191,10.597000000
37.449156,10.598000000
37.479883,10.599000000
37.497680,10.600000000
37.512509,10.601000000
37.526216,10.602000000
37.532882,10.603000000
37.536921,10.604000000
37.539178,10.605000000
37.542049,10.606000000
37.558413,10.607000000
37.558518,10.608000000
37.576106,10.609000000
37.576237,10.610000000
37.576805,10.611000000
37.588174,10.612000000
37.607809,10.613000000
37.607934,10.614000000
37.608485,10.615000000
37.624520,10.616000000
37.627762,10.617000000
37.633759,10.618000000
37.658450,10.619000000
37.658572,10.620000000
37.676078,10.621000000
37.697045,10.622000000
37.710990,10.623000000
37.726174,10.624000000
37.728616,10.625000000
37.757801,10.626000000
37.762799,10.627000000
37.771217,10.628000000
37.774899,10.629000000
37.792897,10.630000000
37.834321,10.631000000
37.839116,10.632000000
37.849147,10.633000000
37.875033,10.634000000
37.884573,10.635000000
37.918287,10.636000000
37.941133,10.637000000
37.946270,10.638000000
37.961575,10.639000000
37.967558,10.640000000
37.976149,10.641000000
37.985553,10.642000000
37.992051,10.643000000
37.996562,10.644000000
38.003141,10.645000000
38.011060,10.646000000
38.027019,10.647000000
38.036914,10.648000000
38.060220,10.649000000
38.065494,10.650000000
38.075630,10.651000000
38.078060,10.652000000
38.080201,10.653000000
38.087561,10.654000000
38.095289,10.655000000
38.097901,10.656000000
38.121286,10.657000000
38.129066,10.658000000
38.148172,10.659000000
38.155337,10.660000000
38.161232,10.661000000
38.163665,10.662000000
38.171414,10.663000000
38.181076,10.664000000
38.185770,10.665000000
38.192575,10.666000000
38.211926,10.667000000
38.223720,10.668000000
38.234144,10.669000000
38.245383,10.670000000
38.248191,10.671000000
38.254987,10.672000000
38.264423,10.673000000
38.272529,10.674000000
38.277688,10.675000000
38.286827,10.676000000
38.290017,10.677000000
38.297263,10.678000000
38.309009,10.679000000
38.311311,10.680000000
38.319088,10.681000000
38.323954,10.682000000
38.336987,10.683000000
38.339337,10.684000000
38.347796,10.685000000
38.373666,10.686000000
38.376284,10.687000000
38.394171,10.688000000
38.411144,10.689000000
38.426184,10.690000000
38.437444,10.691000000
38.439835,10.692000000
38.454631,10.693000000
38.460418,10.694000000
38.466544,10.695000000
38.487218,10.696000000
38.509766,10.697000000
38.528089,10.698000000
38.535626,10.699000000
38.563329,10.700000000
38.592590,10.701000000
38.611215,10.702000000
38.619866,10.703000000
38.630815,10.704000000
38.644658,10.705000000
38.652866,10.706000000
38.664870,10.707000000
38.676663,10.708000000
38.687304,10.709000000
38.699317,10.710000000
38.709184,10.711000000
38.714057,10.712000000
38.719866,10.713000000
38.735760,10.714000000
38.741069,10.715000000
38.745467,10.716000000
38.751732,10.717000000
38.778933,10.718000000
38.791427,10.719000000
38.798630,10.720000000
38.806225,10.721000000
38.811882,10.722000000
38.820020,10.723000000
38.850905,10.724000000
38.851654,10.725000000
38.862105,10.726000000
38.869222,10.727000000
38.874001,10.728000000
38.882541,10.729000000
38.893245,10.730000000
38.896189,10.731000000
38.926869,10.732000000
38.926929,10.733000000
38.942487,10.734000000
38.942549,10.735000000
38.952502,10.736000000
38.953897,10.737000000
38.969554,10.738000000
38.981710,10.739000000
38.998432,10.740000000
39.004924,10.741000000
39.011773,10.742000000
39.015167,10.743000000
39.017642,10.744000000
39.023059,10.745000000
39.027878,10.746000000
39.035143,10.747000000
39.037375,10.748000000
39.039796,10.749000000
39.042429,10.750000000
39.061676,10.751000000
39.064530,10.752000000
39.070704,10.753000000
39.077684,10.754000000
39.080284,10.755000000
39.082856,10.756000000
39.085781,10.757000000
39.090037,10.758000000
39.097223,10.759000000
39.128351,10.760000000
39.160342,10.761000000
39.179826,10.762000000
39.206020,10.763000000
39.218190,10.764000000
39.221866,10.765000000
39.235564,10.766000000
39.253815,10.767000000
39.283837,10.768000000
39.296707,10.769000000
39.303999,10.770000000
39.311929,10.771000000
39.318525,10.772000000
39.326355,10.773000000
39.336199,10.774000000
39.348910,10.775000000
39.354821,10.776000000
39.363685,10.777000000
39.379491,10.778000000
39.385700,10.779000000
39.397529,10.780000000
39.402596,10.781000000
39.410138,10.782000000
39.423910,10.783000000
39.445428,10.784000000
39.450700,10.785000000
39.454572,10.786000000
39.495912,10.787000000
39.504743,10.788000000
39.524954,10.789000000
39.541832,10.790000000
39.548481,10.791000000
39.559091,10.792000000
39.566994,10.793000000
39.577961,10.794000000
39.580066,10.795000000
39.585297,10.796000000
39.588452,10.797000000
39.592206,10.798000000
39.604959,10.799000000
39.605007,10.801000000
39.608101,10.802000000
39.627572,10.803000000
39.638201,10.804000000
39.638266,10.805000000
39.681246,10.806000000
39.703311,10.807000000
39.723035,10.808000000
39.738560,10.809000000
39.749120,10.810000000
39.792340,10.811000000
39.807789,10.812000000
39.826411,10.813000000
39.828668,10.814000000
39.830555,10.815000000
39.835291,10.816000000
39.865940,10.817000000
39.884002,10.818000000
39.884077,10.819000000
39.886817,10.820000000
39.886858,10.821000000
39.909651,10.822000000
39.915263,10.823000000
39.918095,10.824000000
39.924445,10.825000000
39.924490,10.826000000
39.934749,10.827000000
39.940396,10.828000000
39.940470,10.829000000
39.972118,10.830000000
39.996798,10.831000000
39.996860,10.832000000
39.997865,10.833000000
40.014096,10.834000000
40.029060,10.835000000
40.046022,10.836000000
40.056319,10.837000000
40.058416,10.838000000
40.061926,10.839000000
40.063005,10.840000000
40.068269,10.841000000
40.070656,10.842000000
40.072596,10.843000000
40.075912,10.844000000
40.078171,10.845000000
40.081839,10.846000000
40.083685,10.847000000
40.086472,10.848000000
40.093637,10.849000000
40.098485,10.850000000
40.100344,10.851000000
40.102304,10.852000000
40.105963,10.853000000
40.107802,10.854000000
40.110036,10.855000000
40.113002,10.856000000
40.114979,10.857000000
40.116919,10.858000000
40.118804,10.859000000
40.122189,10.860000000
40.143476,10.861000000
40.162243,10.862000000
40.168544,10.863000000
40.176912,10.864000000
40.194672,10.865000000
40.215605,10.866000000
40.217688,10.867000000
40.228240,10.868000000
40.240700,10.869000000
40.245648,10.870000000
40.260369,10.871000000
40.262958,10.872000000
40.267769,10.873000000
40.269463,10.874000000
40.273910,10.875000000
40.290723,10.876000000
40.294002,10.877000000
40.296611,10.878000000
40.306076,10.879000000
40.312543,10.880000000
40.336244,10.881000000
40.339697,10.882000000
40.342353,10.883000000
40.346156,10.884000000
40.346673,10.885000000
40.348768,10.886000000
40.354982,10.887000000
40.356821,10.888000000
40.358802,10.889000000
40.376888,10.890000000
40.379446,10.891000000
40.383425,10.892000000
40.386658,10.893000000
40.388855,10.894000000
40.425837,10.895000000
40.425880,10.896000000
40.429601,10.897000000
40.445801,10.898000000
40.449463,10.899000000
40.453285,10.900000000
40.486738,10.901000000
40.496404,10.902000000
40.502337,10.903000000
40.513330,10.904000000
40.513378,10.905000000
40.520568,10.906000000
40.524529,10.907000000
40.525165,10.908000000
40.536873,10.909000000
40.536911,10.910000000
40.537875,10.911000000
40.543793,10.912000000
40.554188,10.913000000
40.554224,10.914000000
40.554846,10.915000000
40.560195,10.916000000
40.560228,10.917000000
40.598071,10.918000000
40.598144,10.920000000
40.627917,10.921000000
40.632500,10.922000000
40.632540,10.923000000
40.651758,10.924000000
40.675031,10.925000000
40.676939,10.926000000
40.682041,10.927000000
40.700839,10.928000000
40.700893,10.929000000
40.700951,10.930000000
40.704172,10.931000000
40.714006,10.932000000
40.717194,10.933000000
40.740917,10.934000000
40.748126,10.935000000
40.753849,10.936000000
40.790901,10.937000000
40.807027,10.938000000
40.814374,10.939000000
40.814454,10.941000000
40.817717,10.942000000
40.819752,10.943000000
40.821933,10.944000000
40.823895,10.945000000
40.827779,10.946000000
40.829848,10.947000000
40.836732,10.948000000
40.842965,10.949000000
40.844880,10.950000000
40.855059,10.951000000
40.856356,10.952000000
40.858878,10.953000000
40.860919,10.954000000
40.862798,10.955000000
40.865441,10.956000000
40.867866,10.957000000
40.871086,10.958000000
40.874123,10.959000000
40.876330,10.960000000
40.878523,10.961000000
40.884446,10.962000000
40.886575,10.963000000
40.894501,10.964000000
40.906577,10.965000000
40.918900,10.966000000
40.920637,10.967000000
40.945331,10.968000000
40.959245,10.969000000
40.979975,10.970000000
40.987831,10.971000000
41.002570,10.972000000
41.007793,10.973000000
41.024522,10.974000000
41.029473,10.975000000
41.037084,10.976000000
41.044914,10.977000000
41.081357,10.978000000
41.087992,10.979000000
41.106406,10.980000000
41.109944,10.981000000
41.119581,10.982000000
41.121846,10.983000000
41.121900,10.984000000
41.123101,10.985000000
41.140805,10.986000000
41.140867,10.987000000
41.140908,10.988000000
41.141354,10.989000000
41.146576,10.990000000
41.148354,10.991000000
41.148450,10.992000000
41.150445,10.993000000
41.150494,10.994000000
41.154983,10.995000000
41.155288,10.996000000
41.164170,10.997000000
41.164611,10.998000000
41.165354,10.999000000
41.168965,11.000000000
41.170166,11.001000000
41.173618,11.002000000
41.177508,11.003000000
41.190115,11.004000000
41.209768,11.005000000
41.216931,11.006000000
41.225800,11.007000000
41.271721,11.008000000
41.294237,11.009000000
41.305860,11.010000000
41.329161,11.011000000
41.341224,11.012000000
41.358294,11.013000000
41.367015,11.014000000
41.378740,11.015000000
41.398610,11.016000000
41.413757,11.017000000
41.423430,11.018000000
41.441739,11.019000000
41.449428,11.020000000
41.450623,11.021000000
41.470081,11.022000000
41.470147,11.023000000
41.475487,11.024000000
41.483131,11.025000000
41.483183,11.026000000
41.492414,11.027000000
41.492466,11.028000000
41.503764,11.029000000
41.512662,11.030000000
41.524768,11.031000000
41.529352,11.032000000
41.535666,11.033000000
41.546772,11.034000000
41.557722,11.035000000
41.568123,11.036000000
41.575670,11.037000000
41.582822,11.038000000
41.587116,11.039000000
41.602328,11.040000000
41.609671,11.041000000
41.623957,11.042000000
41.661489,11.043000000
41.663061,11.044000000
41.674804,11.045000000
41.683832,11.046000000
41.696763,11.047000000
41.712217,11.048000000
41.712360,11.049000000
41.726806,11.050000000
41.742182,11.051000000
41.742278,11.052000000
41.742379,11.053000000
41.745952,11.054000000
41.749062,11.055000000
41.753950,11.056000000
41.754012,11.057000000
41.771679,11.058000000
41.784601,11.059000000
41.785455,11.060000000
41.785545,11.061000000
41.789710,11.062000000
41.803978,11.063000000
41.804040,11.064000000
41.804080,11.065000000
41.804822,11.066000000
41.804870,11.067000000
41.805193,11.068000000
41.810628,11.069000000
41.810678,11.070000000
41.810742,11.071000000
41.822703,11.072000000
41.822758,11.073000000
41.841278,11.074000000
41.841340,11.075000000
41.863022,11.076000000
41.874512,11.077000000
41.888394,11.078000000
41.896770,11.079000000
41.902954,11.080000000
41.913722,11.081000000
41.913776,11.082000000
41.927059,11.083000000
41.937659,11.084000000
41.944537,11.085000000
41.953816,11.086000000
41.959728,11.087000000
41.973473,11.088000000
41.973534,11.089000000
41.984165,11.090000000
41.994591,11.091000000
42.012878,11.092000000
42.015270,11.093000000
42.026358,11.094000000
42.036470,11.095000000
42.042365,11.096000000
42.051129,11.097000000
42.061554,11.098000000
42.071964,11.099000000
42.072022,11.100000000
42.084029,11.101000000
42.084087,11.102000000
42.115589,11.103000000
42.127782,11.104000000
42.132225,11.105000000
42.149201,11.106000000
42.156166,11.107000000
42.167799,11.108000000
42.175672,11.109000000
42.181072,11.110000000
42.194037,11.111000000
42.201072,11.112000000
42.215853,11.113000000
42.222600,11.114000000
42.229614,11.115000000
42.230124,11.116000000
42.248153,11.117000000
42.253063,11.118000000
42.253119,11.119000000
42.266872,11.120000000
42.268077,11.121000000
42.278017,11.122000000
42.302935,11.123000000
42.319424,11.124000000
42.326765,11.125000000
42.327276,11.126000000
42.333280,11.127000000
42.339526,11.128000000
42.346580,11.129000000
42.350678,11.130000000
42.367418,11.131000000
42.382324,11.132000000
42.385943,11.133000000
42.394099,11.134000000
42.407770,11.135000000
42.414208,11.136000000
42.428143,11.137000000
42.458195,11.138000000
42.469201,11.139000000
42.494825,11.140000000
42.507320,11.141000000
42.519929,11.142000000
42.526570,11.143000000
42.536296,11.144000000
42.545344,11.145000000
42.552606,11.146000000
42.560799,11.147000000
42.569401,11.148000000
42.579542,11.149000000
42.586070,11.150000000
42.593902,11.151000000
42.603029,11.152000000
42.609526,11.153000000
42.620048,11.154000000
42.627282,11.155000000
42.635028,11.156000000
42.643040,11.157000000
42.651062,11.158000000
42.661512,11.159000000
42.668621,11.160000000
42.676392,11.161000000
42.684476,11.162000000
42.695899,11.163000000
42.703937,11.164000000
42.712825,11.165000000
42.722165,11.166000000
42.729753,11.167000000
42.736854,11.168000000
42.749649,11.169000000
42.759538,11.170000000
42.764258,11.171000000
42.769912,11.172000000
42.777363,11.173000000
42.784512,11.174000000
42.791510,11.175000000
42.797043,11.176000000
42.803076,11.177000000
42.809058,11.178000000
42.811362,11.179000000
42.830683,11.180000000
42.839414,11.181000000
42.847350,11.182000000
42.852070,11.183000000
42.863212,11.184000000
42.873951,11.185000000
42.885448,11.186000000
42.900185,11.187000000
42.909095,11.188000000
42.919044,11.189000000
42.932929,11.190000000
42.941721,11.191000000
42.952018,11.192000000
42.961310,11.193000000
42.973700,11.194000000
42.977876,11.195000000
42.984673,11.196000000
42.994042,11.197000000
42.998534,11.198000000
43.000953,11.199000000
43.004812,11.200000000
43.010845,11.201000000
43.013189,11.202000000
43.017411,11.203000000
43.031585,11.204000000
43.035340,11.205000000
43.039661,11.206000000
43.042882,11.207000000
43.048743,11.208000000
43.051138,11.209000000
43.055309,11.210000000
43.059620,11.211000000
43.088176,11.212000000
43.091634,11.213000000
43.095712,11.214000000
43.100185,11.215000000
43.102923,11.216000000
43.108348,11.217000000
43.120197,11.218000000
43.125227,11.219000000
43.129751,11.220000000
43.135032,11.221000000
43.144835,11.222000000
43.168802,11.223000000
43.173597,11.224000000
43.177918,11.225000000
43.182224,11.226000000
43.199138,11.227000000
43.204018,11.228000000
43.208141,11.229000000
43.222316,11.230000000
43.271954,11.231000000
43.282469,11.232000000
43.295005,11.233000000
43.313605,11.234000000
43.325029,11.235000000
43.341187,11.236000000
43.350857,11.237000000
43.361364,11.238000000
43.370776,11.239000000
43.381748,11.240000000
43.393817,11.241000000
43.401896,11.242000000
43.409800,11.243000000
43.415601,11.244000000
43.428203,11.245000000
43.428817,11.246000000
43.432466,11.247000000
43.439795,11.248000000
43.447602,11.249000000
43.453745,11.250000000
43.458872,11.251000000
43.464317,11.252000000
43.469379,11.253000000
43.480967,11.254000000
43.507590,11.255000000
43.515657,11.256000000
43.521574,11.257000000
43.533332,11.258000000
43.539143,11.259000000
43.550672,11.260000000
43.558781,11.261000000
43.577971,11.262000000
43.583380,11.263000000
43.590794,11.264000000
43.603277,11.265000000
43.620452,11.266000000
43.626603,11.267000000
43.632252,11.268000000
43.633086,11.269000000
43.640797,11.270000000
43.661520,11.271000000
43.664232,11.272000000
43.668878,11.273000000
43.673698,11.274000000
43.677791,11.275000000
43.682811,11.276000000
43.694837,11.277000000
43.698737,11.278000000
43.703182,11.279000000
43.707785,11.280000000
43.719418,11.281000000
43.728196,11.282000000
43.735082,11.283000000
43.749671,11.284000000
43.760462,11.285000000
43.775419,11.286000000
43.782559,11.287000000
43.790492,11.288000000
43.809284,11.289000000
43.824232,11.290000000
43.847051,11.291000000
43.856728,11.292000000
43.862996,11.293000000
43.875500,11.294000000
43.883030,11.295000000
43.889359,11.296000000
43.915045,11.297000000
43.927797,11.298000000
43.930198,11.299000000
43.943127,11.300000000
43.952028,11.301000000
43.959588,11.302000000
43.991709,11.303000000
44.000868,11.304000000
44.013552,11.305000000
44.026563,11.306000000
44.039852,11.307000000
44.048731,11.308000000
44.061912,11.309000000
44.076438,11.310000000
44.087805,11.311000000
44.099217,11.312000000
44.111432,11.313000000
44.122689,11.314000000
44.132390,11.315000000
44.134866,11.316000000
44.138718,11.317000000
44.146377,11.318000000
44.148817,11.319000000
44.151212,11.320000000
44.153999,11.321000000
44.156280,11.322000000
44.158748,11.323000000
44.181534,11.324000000
44.187399,11.325000000
44.196444,11.326000000
44.201350,11.327000000
44.203862,11.328000000
44.206125,11.329000000
44.208334,11.330000000
44.210752,11.331000000
44.213368,11.332000000
44.230278,11.333000000
44.234225,11.334000000
44.258895,11.335000000
44.270321,11.336000000
44.277737,11.337000000
44.285820,11.338000000
44.288518,11.339000000
44.290817,11.340000000
44.306484,11.341000000
44.316916,11.342000000
44.323441,11.343000000
44.328832,11.344000000
44.334273,11.345000000
44.336379,11.346000000
44.338146,11.347000000
44.341632,11.348000000
44.354272,11.349000000
44.364280,11.350000000
44.374437,11.351000000
44.390998,11.352000000
44.398104,11.353000000
44.404525,11.354000000
44.409129,11.355000000
44.454917,11.356000000
44.463959,11.357000000
44.490305,11.358000000
44.503428,11.359000000
44.507385,11.360000000
44.526600,11.361000000
44.533884,11.362000000
44.542254,11.363000000
44.546803,11.364000000
44.572849,11.365000000
44.590015,11.366000000
44.593908,11.367000000
44.596715,11.368000000
44.607871,11.369000000
44.612855,11.370000000
44.615169,11.371000000
44.617429,11.372000000
44.627199,11.373000000
44.642985,11.374000000
44.661520,11.375000000
44.663922,11.376000000
44.674215,11.377000000
44.683962,11.378000000
44.693514,11.379000000
44.701714,11.380000000
44.717689,11.381000000
44.717749,11.382000000
44.723725,11.383000000
44.759054,11.384000000
44.783260,11.385000000
44.801075,11.386000000
44.831674,11.387000000
44.832189,11.388000000
44.841080,11.389000000
44.841141,11.390000000
44.862415,11.391000000
44.870977,11.392000000
44.871047,11.393000000
44.883168,11.394000000
44.883248,11.395000000
44.884472,11.396000000
44.886403,11.397000000
44.894701,11.398000000
44.926640,11.399000000
44.926701,11.400000000
44.927776,11.401000000
44.929459,11.402000000
44.956354,11.403000000
44.988517,11.404000000
45.000507,11.405000000
45.021640,11.406000000
45.023152,11.407000000
45.024967,11.408000000
45.061340,11.409000000
45.067034,11.410000000
45.076655,11.411000000
45.076712,11.412000000
45.109666,11.413000000
45.110017,11.414000000
45.124598,11.415000000
45.131864,11.416000000
45.149952,11.417000000
45.160249,11.418000000
45.164846,11.419000000
45.179269,11.420000000
45.189170,11.421000000
45.197486,11.422000000
45.213263,11.423000000
45.213322,11.424000000
45.213746,11.425000000
45.224213,11.426000000
45.230479,11.427000000
45.230536,11.428000000
45.261072,11.429000000
45.263896,11.430000000
45.287465,11.431000000
45.287528,11.432000000
45.305371,11.433000000
45.316588,11.434000000
45.319916,11.435000000
45.327729,11.436000000
45.350710,11.437000000
45.350775,11.438000000
45.364375,11.439000000
45.376597,11.440000000
45.376683,11.441000000
45.376724,11.442000000
45.411435,11.443000000
45.413851,11.444000000
45.421907,11.445000000
45.432166,11.446000000
45.444046,11.447000000
45.461756,11.448000000
45.462842,11.449000000
45.484315,11.450000000
45.489775,11.451000000
45.493884,11.452000000
45.507954,11.453000000
45.508018,11.454000000
45.522151,11.455000000
45.529379,11.456000000
45.548555,11.457000000
45.548618,11.458000000
45.549321,11.459000000
45.566519,11.460000000
45.566619,11.461000000
45.568954,11.462000000
45.592081,11.463000000
45.601963,11.464000000
45.608104,11.465000000
45.635566,11.466000000
45.635667,11.467000000
45.635712,11.468000000
45.636166,11.469000000
45.655949,11.470000000
45.665935,11.471000000
45.669875,11.472000000
45.697714,11.473000000
45.697783,11.474000000
45.697824,11.475000000
45.717622,11.476000000
45.722776,11.477000000
45.729528,11.478000000
45.758253,11.479000000
45.759166,11.480000000
45.774524,11.481000000
45.783989,11.482000000
45.790889,11.483000000
45.814560,11.484000000
45.819854,11.485000000
45.824573,11.486000000
45.835913,11.487000000
45.848772,11.488000000
45.848841,11.489000000
45.857374,11.490000000
45.867782,11.491000000
45.874022,11.492000000
45.880338,11.493000000
45.904030,11.494000000
45.918851,11.495000000
45.932655,11.496000000
45.943187,11.497000000
45.951364,11.498000000
45.958767,11.499000000
45.963590,11.500000000
45.969431,11.501000000
45.990290,11.502000000
45.994647,11.503000000
46.005045,11.504000000
46.040564,11.505000000
46.045091,11.506000000
46.053258,11.507000000
46.068879,11.508000000
46.076427,11.509000000
46.081924,11.510000000
46.086133,11.511000000
46.114132,11.512000000
46.120725,11.513000000
46.129604,11.514000000
46.133816,11.515000000
46.163298,11.516000000
46.168657,11.517000000
46.173912,11.518000000
46.215124,11.519000000
46.230990,11.520000000
46.240787,11.521000000
46.259916,11.522000000
46.267885,11.523000000
46.289359,11.524000000
46.304313,11.525000000
46.311894,11.526000000
46.351003,11.527000000
46.360166,11.528000000
46.373307,11.529000000
46.373830,11.530000000
46.373918,11.531000000
46.390031,11.532000000
46.414784,11.533000000
46.414850,11.534000000
46.414891,11.535000000
46.414929,11.536000000
46.446146,11.537000000
46.451814,11.538000000
46.466223,11.539000000
46.477404,11.540000000
46.489459,11.541000000
46.499867,11.542000000
46.499926,11.543000000
46.499966,11.544000000
46.514604,11.545000000
46.516158,11.546000000
46.516280,11.547000000
46.516811,11.548000000
46.523602,11.549000000
46.523657,11.550000000
46.526177,11.551000000
46.534693,11.552000000
46.535050,11.553000000
46.545459,11.554000000
46.545524,11.555000000
46.546034,11.556000000
46.552541,11.557000000
46.562458,11.558000000
46.562542,11.559000000
46.562974,11.560000000
46.572451,11.561000000
46.572507,11.562000000
46.578356,11.563000000
46.578411,11.564000000
46.584176,11.565000000
46.586303,11.566000000
46.592294,11.567000000
46.606429,11.568000000
46.619022,11.569000000
46.629215,11.570000000
46.633509,11.571000000
46.640723,11.572000000
46.659570,11.573000000
46.666847,11.574000000
46.672086,11.575000000
46.674915,11.576000000
46.678744,11.577000000
46.684645,11.578000000
46.687362,11.579000000
46.696651,11.580000000
46.702894,11.581000000
46.705463,11.582000000
46.707821,11.583000000
46.712370,11.584000000
46.714874,11.585000000
46.717482,11.586000000
46.721025,11.587000000
46.737765,11.588000000
46.740348,11.589000000
46.743555,11.590000000
46.750960,11.591000000
46.761444,11.592000000
46.771328,11.593000000
46.775234,11.594000000
46.783159,11.595000000
46.788164,11.596000000
46.821253,11.597000000
46.830800,11.598000000
46.848473,11.599000000
46.857339,11.600000000
46.869035,11.601000000
46.881596,11.602000000
46.897365,11.603000000
46.907737,11.604000000
46.917489,11.605000000
46.922474,11.606000000
46.925946,11.607000000
46.930538,11.608000000
46.938515,11.609000000
46.943563,11.610000000
46.946021,11.611000000
46.950550,11.612000000
46.953133,11.613000000
46.956187,11.614000000
46.959325,11.615000000
46.962302,11.616000000
46.970938,11.617000000
46.973723,11.618000000
46.977475,11.619000000
46.987220,11.620000000
46.990530,11.621000000
46.997527,11.622000000
47.001052,11.623000000
47.003458,11.624000000
47.005999,11.625000000
47.016946,11.626000000
47.036021,11.627000000
47.048461,11.628000000
47.048510,11.629000000
47.072782,11.630000000
47.083776,11.631000000
47.091099,11.632000000
47.097014,11.633000000
47.099438,11.634000000
47.102994,11.635000000
47.105857,11.636000000
47.108445,11.637000000
47.111284,11.638000000
47.114383,11.639000000
47.117107,11.640000000
47.119474,11.641000000
47.121900,11.642000000
47.128825,11.643000000
47.132034,11.644000000
47.134284,11.645000000
47.136288,11.646000000
47.140304,11.647000000
47.143181,11.648000000
47.163036,11.649000000
47.169767,11.650000000
47.182418,11.651000000
47.201662,11.652000000
47.212032,11.653000000
47.224018,11.654000000
47.231606,11.655000000
47.237869,11.656000000
47.251508,11.657000000
47.257446,11.658000000
47.269280,11.659000000
47.279401,11.660000000
47.286339,11.661000000
47.296186,11.662000000
47.308165,11.663000000
47.316589,11.664000000
47.323073,11.665000000
47.335603,11.666000000
47.341127,11.667000000
47.363110,11.668000000
47.374755,11.669000000
47.392413,11.670000000
47.400966,11.671000000
47.410484,11.672000000
47.427081,11.673000000
47.432720,11.674000000
47.441196,11.675000000
47.466570,11.676000000
47.472195,11.677000000
47.475320,11.678000000
47.501962,11.679000000
47.504009,11.680000000
47.509464,11.681000000
47.511141,11.682000000
47.513992,11.683000000
47.525468,11.684000000
47.531426,11.685000000
47.575797,11.686000000
47.575850,11.687000000
47.587169,11.688000000
47.593862,11.689000000
47.600833,11.690000000
47.607968,11.691000000
47.616045,11.692000000
47.622140,11.693000000
47.626856,11.694000000
47.632767,11.695000000
47.640943,11.696000000
47.645248,11.697000000
47.658027,11.698000000
47.668825,11.699000000
47.671866,11.700000000
47.676579,11.701000000
47.703034,11.702000000
47.706478,11.703000000
47.711331,11.704000000
47.735635,11.705000000
47.740831,11.706000000
47.754984,11.707000000
47.758841,11.708000000
47.767573,11.709000000
47.773140,11.710000000
47.797001,11.711000000
47.802771,11.712000000
47.805491,11.713000000
47.818618,11.714000000
47.828980,11.715000000
47.836854,11.716000000
47.868080,11.717000000
47.871488,11.718000000
47.886085,11.719000000
47.903147,11.720000000
47.921848,11.721000000
47.937944,11.722000000
47.953290,11.723000000
47.964476,11.724000000
47.971137,11.725000000
47.981103,11.726000000
48.001750,11.727000000
48.007535,11.728000000
48.022024,11.729000000
48.025438,11.730000000
48.048372,11.731000000
48.053451,11.732000000
48.055645,11.733000000
48.080467,11.734000000
48.093931,11.735000000
48.101804,11.736000000
48.106110,11.737000000
48.125409,11.738000000
48.154905,11.739000000
48.164787,11.740000000
48.167802,11.741000000
48.179859,11.742000000
48.184213,11.743000000
48.192873,11.744000000
48.218619,11.745000000
48.231812,11.746000000
48.237040,11.747000000
48.247717,11.748000000
48.256241,11.749000000
48.265924,11.750000000
48.274454,11.751000000
48.283200,11.752000000
48.295306,11.753000000
48.302593,11.754000000
48.332484,11.755000000
48.356292,11.756000000
48.368267,11.757000000
48.390040,11.758000000
48.395298,11.759000000
48.409056,11.760000000
48.434169,11.761000000
48.439792,11.762000000
48.448869,11.763000000
48.461730,11.764000000
48.473762,11.765000000
48.478409,11.766000000
48.502212,11.767000000
48.506811,11.768000000
48.511403,11.769000000
48.527518,11.770000000
48.532484,11.771000000
48.540082,11.772000000
48.567780,11.773000000
48.576909,11.774000000
48.588244,11.775000000
48.593719,11.776000000
48.603923,11.777000000
48.612425,11.778000000
48.619267,11.779000000
48.634928,11.780000000
48.638474,11.781000000
48.660478,11.782000000
48.693739,11.783000000
48.693789,11.784000000
48.707024,11.785000000
48.722523,11.786000000
48.728498,11.787000000
48.748082,11.788000000
48.751405,11.789000000
48.767417,11.790000000
48.770196,11.791000000
48.775700,11.792000000
48.778100,11.793000000
48.782166,11.794000000
48.800653,11.795000000
48.809744,11.796000000
48.820536,11.797000000
48.827452,11.798000000
48.840732,11.799000000
48.845484,11.800000000
48.851691,11.801000000
48.867416,11.802000000
48.880289,11.803000000
48.885162,11.804000000
48.890245,11.805000000
48.900600,11.806000000
48.909952,11.807000000
48.919666,11.808000000
48.922904,11.809000000
48.927776,11.810000000
48.936301,11.811000000
48.940985,11.812000000
48.944911,11.813000000
48.953170,11.814000000
48.956608,11.815000000
48.969148,11.816000000
48.973040,11.817000000
48.978349,11.818000000
48.991083,11.819000000
48.998758,11.820000000
49.004734,11.821000000
49.021361,11.822000000
49.029941,11.823000000
49.054738,11.824000000
49.064187,11.825000000
49.077231,11.826000000
49.084456,11.827000000
49.094724,11.828000000
49.104073,11.829000000
49.110785,11.830000000
49.129615,11.831000000
49.133866,11.832000000
49.140141,11.833000000
49.148782,11.834000000
49.154578,11.835000000
49.156878,11.836000000
49.178243,11.837000000
49.182053,11.838000000
49.191025,11.839000000
49.196510,11.840000000
49.206060,11.841000000
49.211962,11.842000000
49.240986,11.843000000
49.254445,11.844000000
49.264276,11.845000000
49.283262,11.846000000
49.292049,11.847000000
49.299056,11.848000000
49.303942,11.849000000
49.339008,11.850000000
49.344045,11.851000000
49.349591,11.852000000
49.368181,11.853000000
49.371118,11.854000000
49.373221,11.855000000
49.393548,11.856000000
49.395665,11.857000000
49.397964,11.858000000
49.426425,11.859000000
49.432798,11.860000000
49.434981,11.861000000
49.448250,11.862000000
49.461009,11.863000000
49.469143,11.864000000
49.481276,11.865000000
49.493562,11.866000000
49.497530,11.867000000
49.504928,11.868000000
49.513719,11.869000000
49.517962,11.870000000
49.526613,11.871000000
49.536581,11.872000000
49.540336,11.873000000
49.550359,11.874000000
49.559515,11.875000000
49.567098,11.876000000
49.573733,11.877000000
49.578116,11.878000000
49.587730,11.879000000
49.597672,11.880000000
49.603714,11.881000000
49.609040,11.882000000
49.618647,11.883000000
49.622918,11.884000000
49.625371,11.885000000
49.629356,11.886000000
49.631402,11.887000000
49.677691,11.888000000
49.679846,11.889000000
49.700355,11.890000000
49.703270,11.891000000
49.710128,11.892000000
49.726362,11.893000000
49.733825,11.894000000
49.747780,11.895000000
49.750609,11.896000000
49.768964,11.897000000
49.771255,11.898000000
49.773350,11.899000000
49.797292,11.900000000
49.807380,11.901000000
49.814041,11.902000000
49.837142,11.903000000
49.841989,11.904000000
49.851376,11.905000000
49.861027,11.906000000
49.865982,11.907000000
49.874541,11.908000000
49.878088,11.909000000
49.889478,11.910000000
49.899693,11.911000000
49.901943,11.912000000
49.905201,11.913000000
49.915242,11.914000000
49.923251,11.915000000
49.926969,11.916000000
49.934996,11.917000000
49.942593,11.918000000
49.950787,11.919000000
49.955214,11.920000000
49.965196,11.921000000
49.972699,11.922000000
49.975139,11.923000000
49.988900,11.924000000
49.995516,11.925000000
49.997686,11.926000000
49.999823,11.927000000
50.001980,11.928000000
50.017817,11.929000000
50.022004,11.930000000
50.030103,11.931000000
50.036296,11.932000000
50.038383,11.933000000
50.047608,11.934000000
50.058214,11.935000000
50.060676,11.936000000
50.070173,11.937000000
50.072448,11.938000000
50.074576,11.939000000
50.076819,11.940000000
50.119493,11.941000000
50.124283,11.942000000
50.129036,11.943000000
50.140576,11.944000000
50.147263,11.945000000
50.149107,11.946000000
50.153171,11.947000000
50.158642,11.948000000
50.162845,11.949000000
50.167032,11.950000000
50.175333,11.951000000
50.181027,11.952000000
50.186781,11.953000000
50.192339,11.954000000
50.194444,11.955000000
50.198610,11.956000000
50.203891,11.957000000
50.207624,11.958000000
50.211810,11.959000000
50.215386,11.960000000
50.217248,11.961000000
50.221072,11.962000000
50.224521,11.963000000
50.236149,11.964000000
50.245467,11.965000000
50.254529,11.966000000
50.256826,11.967000000
50.259829,11.968000000
50.262008,11.969000000
50.271799,11.970000000
50.274058,11.971000000
50.278260,11.972000000
50.280792,11.973000000
50.283450,11.974000000
50.308124,11.975000000
50.318846,11.976000000
50.321117,11.977000000
50.323401,11.978000000
50.341960,11.979000000
50.360976,11.980000000
50.376968,11.981000000
50.387681,11.982000000
50.391214,11.983000000
50.398649,11.984000000
50.410907,11.985000000
50.416674,11.986000000
50.424421,11.987000000
50.429098,11.988000000
50.441227,11.989000000
50.445310,11.990000000
50.451201,11.991000000
50.464363,11.992000000
50.471052,11.993000000
50.481395,11.994000000
50.485806,11.995000000
50.496927,11.996000000
50.502589,11.997000000
50.506458,11.998000000
50.544204,11.999000000
50.554192,12.000000000
50.558304,12.001000000
50.561344,12.002000000
50.601683,12.003000000
50.604614,12.004000000
50.607201,12.005000000
50.614922,12.006000000
50.633047,12.007000000
50.650419,12.008000000
50.655864,12.009000000
50.681056,12.010000000
50.684080,12.011000000
50.693351,12.012000000
50.701343,12.013000000
50.713130,12.014000000
50.725841,12.015000000
50.737527,12.016000000
50.744758,12.017000000
50.756822,12.018000000
50.759024,12.019000000
50.769999,12.020000000
50.773832,12.021000000
50.784264,12.022000000
50.791329,12.023000000
50.801509,12.024000000
50.805787,12.025000000
50.814556,12.026000000
50.822141,12.027000000
50.830076,12.028000000
50.840205,12.029000000
50.850830,12.030000000
50.858823,12.031000000
50.866000,12.032000000
50.870566,12.033000000
50.886365,12.034000000
50.917073,12.035000000
50.939574,12.036000000
50.948705,12.037000000
50.954538,12.038000000
50.976049,12.039000000
50.977735,12.040000000
50.996413,12.041000000
51.016895,12.042000000
51.021318,12.043000000
51.023592,12.044000000
51.044391,12.045000000
51.055606,12.046000000
51.062449,12.047000000
51.065821,12.048000000
51.088525,12.049000000
51.096471,12.050000000
51.103024,12.051000000
51.108344,12.052000000
51.119412,12.053000000
51.131213,12.054000000
51.156058,12.055000000
51.163556,12.056000000
51.175086,12.057000000
51.186334,12.058000000
51.198731,12.059000000
51.209995,12.060000000
51.215796,12.061000000
51.221210,12.062000000
51.233169,12.063000000
51.243326,12.064000000
51.245606,12.065000000
51.250491,12.066000000
51.253768,12.067000000
51.265377,12.068000000
51.292511,12.069000000
51.313626,12.070000000
51.318836,12.071000000
51.330443,12.072000000
51.348380,12.073000000
51.363983,12.074000000
51.365819,12.075000000
51.368128,12.076000000
51.370317,12.077000000
51.404414,12.078000000
51.420511,12.079000000
51.423772,12.080000000
51.440290,12.081000000
51.446620,12.082000000
51.451268,12.083000000
51.458690,12.084000000
51.476625,12.085000000
51.484066,12.086000000
51.494381,12.087000000
51.498811,12.088000000
51.507070,12.089000000
51.512099,12.090000000
51.520208,12.091000000
51.530592,12.092000000
51.534890,12.093000000
51.550052,12.094000000
51.554695,12.095000000
51.563610,12.096000000
51.576564,12.097000000
51.582762,12.098000000
51.592544,12.099000000
51.599633,12.100000000
51.610049,12.101000000
51.631213,12.102000000
51.644075,12.103000000
51.655151,12.104000000
51.671251,12.105000000
51.698421,12.106000000
51.698471,12.107000000
51.746332,12.108000000
51.764075,12.109000000
51.777872,12.110000000
51.801408,12.111000000
51.816244,12.112000000
51.833679,12.113000000
51.850317,12.114000000
51.860040,12.115000000
51.869073,12.116000000
51.878924,12.117000000
51.891698,12.118000000
51.899502,12.119000000
51.905235,12.120000000
51.918334,12.121000000
51.927046,12.122000000
51.942200,12.123000000
51.950721,12.124000000
51.954491,12.125000000
51.967785,12.126000000
51.975968,12.127000000
51.978075,12.128000000
51.980108,12.129000000
51.985353,12.130000000
51.987468,12.131000000
51.992958,12.132000000
51.995085,12.133000000
51.997329,12.134000000
51.999469,12.135000000
52.001452,12.136000000
52.007318,12.137000000
52.013912,12.138000000
52.028293,12.139000000
52.032861,12.140000000
52.035034,12.141000000
52.042693,12.142000000
52.044748,12.143000000
52.051114,12.144000000
52.053249,12.145000000
52.057861,12.146000000
52.059732,12.147000000
52.061797,12.148000000
52.067215,12.149000000
52.069394,12.150000000
52.103989,12.151000000
52.104039,12.152000000
52.128263,12.153000000
52.139494,12.154000000
52.151538,12.155000000
52.162411,12.156000000
52.183587,12.157000000
52.189221,12.158000000
52.206022,12.159000000
52.217826,12.160000000
52.227832,12.161000000
52.239491,12.162000000
52.260113,12.163000000
52.268734,12.164000000
52.276301,12.165000000
52.280568,12.166000000
52.290623,12.167000000
52.293917,12.168000000
52.312603,12.169000000
52.318436,12.170000000
52.320565,12.171000000
52.329834,12.172000000
52.331872,12.173000000
52.334253,12.174000000
52.342165,12.175000000
52.344309,12.176000000
52.350093,12.177000000
52.352132,12.178000000
52.356542,12.179000000
52.361444,12.180000000
52.366104,12.181000000
52.368205,12.182000000
52.374740,12.183000000
52.381855,12.184000000
52.386812,12.185000000
52.417781,12.186000000
52.436054,12.187000000
52.445049,12.188000000
52.450693,12.189000000
52.460076,12.190000000
52.465181,12.191000000
52.467363,12.192000000
52.487943,12.193000000
52.511196,12.194000000
52.517013,12.195000000
52.525773,12.196000000
52.559234,12.197000000
52.568225,12.198000000
52.568274,12.199000000
52.582493,12.200000000
52.584661,12.201000000
52.593950,12.202000000
52.598991,12.203000000
52.604307,12.204000000
52.606626,12.205000000
52.615260,12.206000000
52.622876,12.207000000
52.625079,12.208000000
52.632890,12.209000000
52.638280,12.210000000
52.641818,12.211000000
52.648773,12.212000000
52.657712,12.213000000
52.659694,12.214000000
52.668017,12.215000000
52.671798,12.216000000
52.680679,12.217000000
52.681607,12.218000000
52.690845,12.219000000
52.692992,12.220000000
52.701844,12.221000000
52.704181,12.222000000
52.712753,12.223000000
52.718883,12.224000000
52.721299,12.225000000
52.729373,12.226000000
52.738384,12.227000000
52.740651,12.228000000
52.748353,12.229000000
52.754292,12.230000000
52.756258,12.231000000
52.765172,12.232000000
52.767497,12.233000000
52.773968,12.234000000
52.789011,12.235000000
52.800063,12.236000000
52.802076,12.237000000
52.814748,12.238000000
52.819158,12.239000000
52.828539,12.240000000
52.836686,12.241000000
52.838646,12.242000000
52.844406,12.243000000
52.859708,12.244000000
52.863143,12.245000000
52.865308,12.246000000
52.867520,12.247000000
52.874875,12.248000000
52.881402,12.249000000
52.883948,12.250000000
52.887332,12.251000000
52.904389,12.252000000
52.912926,12.253000000
52.914289,12.254000000
52.918545,12.255000000
52.920782,12.256000000
52.922923,12.257000000
52.932855,12.258000000
52.935033,12.259000000
52.937114,12.260000000
52.939765,12.261000000
52.941976,12.262000000
52.949378,12.263000000
52.965982,12.264000000
52.981095,12.265000000
52.986034,12.266000000
53.008462,12.267000000
53.029416,12.268000000
53.034120,12.269000000
53.047983,12.270000000
53.071717,12.271000000
53.081307,12.272000000
53.091322,12.273000000
53.097410,12.274000000
53.112696,12.275000000
53.118221,12.276000000
53.130425,12.277000000
53.144676,12.278000000
53.149542,12.279000000
53.159794,12.280000000
53.170566,12.281000000
53.191483,12.282000000
53.208554,12.283000000
53.219594,12.284000000
53.227872,12.285000000
53.237561,12.286000000
53.255848,12.287000000
53.280303,12.288000000
53.291283,12.289000000
53.305923,12.290000000
53.315687,12.291000000
53.323491,12.292000000
53.327630,12.293000000
53.352508,12.294000000
53.360244,12.295000000
53.365453,12.296000000
53.377376,12.297000000
53.399157,12.298000000
53.409733,12.299000000
53.420331,12.300000000
53.432220,12.301000000
53.438498,12.302000000
53.448224,12.303000000
53.461473,12.304000000
53.467616,12.305000000
53.473499,12.306000000
53.483854,12.307000000
53.492946,12.308000000
53.504085,12.309000000
53.509311,12.310000000
53.518776,12.311000000
53.530009,12.312000000
53.540983,12.313000000
53.566433,12.314000000
53.569448,12.315000000
53.580496,12.316000000
53.615567,12.317000000
53.631875,12.318000000
53.631924,12.321000000
53.655539,12.322000000
53.673122,12.323000000
53.676937,12.324000000
53.680544,12.325000000
53.693457,12.326000000
53.695402,12.327000000
53.703374,12.328000000
53.705394,12.329000000
53.716025,12.330000000
53.716108,12.331000000
53.716151,12.332000000
53.717038,12.333000000
53.719242,12.334000000
53.728038,12.335000000
53.732241,12.336000000
53.744030,12.337000000
53.774242,12.338000000
53.791010,12.339000000
53.801952,12.340000000
53.821073,12.341000000
53.828557,12.342000000
53.844970,12.343000000
53.873551,12.344000000
53.884910,12.345000000
53.887721,12.346000000
53.898208,12.347000000
53.902516,12.348000000
53.911497,12.349000000
53.914964,12.350000000
53.944773,12.351000000
53.949688,12.352000000
53.969371,12.353000000
53.986499,12.354000000
53.990622,12.355000000
54.042595,12.356000000
54.046343,12.357000000
54.052541,12.358000000
54.064029,12.359000000
54.067034,12.360000000
54.072530,12.361000000
54.079723,12.362000000
54.084652,12.363000000
54.086898,12.364000000
54.089581,12.365000000
54.092268,12.366000000
54.094906,12.367000000
54.098500,12.368000000
54.105588,12.369000000
54.109815,12.370000000
54.117839,12.371000000
54.127627,12.372000000
54.135035,12.373000000
54.142760,12.374000000
54.149788,12.375000000
54.156027,12.376000000
54.177257,12.377000000
54.181745,12.378000000
54.186268,12.379000000
54.191240,12.380000000
54.194740,12.381000000
54.199115,12.382000000
54.203526,12.383000000
54.206959,12.384000000
54.212735,12.385000000
54.217005,12.386000000
54.221051,12.387000000
54.224144,12.388000000
54.226298,12.389000000
54.247088,12.390000000
54.249402,12.391000000
54.260993,12.392000000
54.278513,12.393000000
54.283185,12.394000000
54.287467,12.395000000
54.304092,12.396000000
54.313333,12.397000000
54.320327,12.398000000
54.336341,12.399000000
54.347358,12.400000000
54.349392,12.401000000
54.360677,12.402000000
54.392284,12.403000000
54.392333,12.404000000
54.406279,12.405000000
54.432950,12.406000000
54.439529,12.407000000
54.452057,12.408000000
54.452103,12.409000000
54.469574,12.410000000
54.469628,12.411000000
54.476432,12.412000000
54.485958,12.413000000
54.495279,12.414000000
54.502490,12.415000000
54.502541,12.417000000
54.505027,12.418000000
54.512168,12.419000000
54.524030,12.420000000
54.528786,12.421000000
54.534742,12.422000000
54.545372,12.423000000
54.555825,12.424000000
54.570037,12.425000000
54.577085,12.426000000
54.591504,12.427000000
54.609405,12.428000000
54.609450,12.429000000
54.621260,12.430000000
54.636658,12.431000000
54.636704,12.432000000
54.648248,12.433000000
54.652153,12.434000000
54.684172,12.435000000
54.695531,12.436000000
54.725655,12.437000000
54.727731,12.438000000
54.738751,12.439000000
54.738798,12.441000000
54.775699,12.442000000
54.782863,12.443000000
54.797913,12.444000000
54.815291,12.445000000
54.834367,12.446000000
54.837972,12.447000000
54.847764,12.448000000
54.856209,12.449000000
54.869170,12.450000000
54.877084,12.451000000
54.882943,12.452000000
54.885273,12.453000000
54.887369,12.454000000
54.889529,12.455000000
54.891585,12.456000000
54.908718,12.457000000
54.914565,12.458000000
54.927774,12.459000000
54.932119,12.460000000
54.955370,12.461000000
54.955433,12.466000000
54.965004,12.467000000
54.967816,12.468000000
54.970112,12.469000000
54.977308,12.470000000
54.977348,12.471000000
54.977619,12.472000000
54.985504,12.473000000
54.986052,12.474000000
54.986088,12.476000000
54.997959,12.477000000
55.020497,12.478000000
55.035964,12.479000000
55.042085,12.480000000
55.047306,12.481000000
55.050555,12.482000000
55.055232,12.483000000
55.098727,12.484000000
55.101837,12.485000000
55.106657,12.486000000
55.116127,12.487000000
55.121688,12.488000000
55.129567,12.489000000
55.135958,12.490000000
55.146231,12.491000000
55.149403,12.492000000
55.156231,12.493000000
55.162226,12.494000000
55.173188,12.495000000
55.173235,12.496000000
55.179846,12.497000000
55.181528,12.498000000
55.188605,12.499000000
55.193621,12.500000000
55.217083,12.501000000
55.228590,12.502000000
55.234340,12.503000000
55.263456,12.504000000
55.290689,12.505000000
55.302850,12.506000000
55.306540,12.507000000
55.330505,12.508000000
55.337790,12.509000000
55.343956,12.510000000
55.351063,12.511000000
55.365503,12.512000000
55.377919,12.513000000
55.389242,12.514000000
55.403082,12.515000000
55.408751,12.516000000
55.416209,12.517000000
55.422429,12.518000000
55.429102,12.519000000
55.439260,12.520000000
55.442726,12.521000000
55.448248,12.522000000
55.457423,12.523000000
55.464904,12.524000000
55.468268,12.525000000
55.477410,12.526000000
55.483262,12.527000000
55.492048,12.528000000
55.499276,12.529000000
55.505250,12.530000000
55.512883,12.531000000
55.528205,12.532000000
55.528254,12.533000000
55.544100,12.534000000
55.553704,12.535000000
55.554818,12.536000000
55.569479,12.537000000
55.574452,12.538000000
55.582564,12.539000000
55.594410,12.540000000
55.610088,12.541000000
55.620586,12.542000000
55.634945,12.543000000
55.646391,12.544000000
55.655303,12.545000000
55.664435,12.546000000
55.673812,12.547000000
55.685832,12.548000000
55.693529,12.549000000
55.701614,12.550000000
55.716585,12.551000000
55.716631,12.552000000
55.726372,12.553000000
55.736206,12.554000000
55.742867,12.555000000
55.756871,12.556000000
55.758463,12.557000000
55.768492,12.558000000
55.779797,12.559000000
55.791111,12.560000000
55.798543,12.561000000
55.808605,12.562000000
55.818195,12.563000000
55.822477,12.564000000
55.830691,12.565000000
55.842648,12.566000000
55.847975,12.567000000
55.855158,12.568000000
55.865291,12.569000000
55.873334,12.570000000
55.881431,12.571000000
55.894960,12.572000000
55.908460,12.573000000
55.908508,12.574000000
55.918920,12.575000000
55.929093,12.576000000
55.934472,12.577000000
55.942828,12.578000000
55.954881,12.579000000
55.959560,12.580000000
55.969366,12.581000000
55.984375,12.582000000
55.992994,12.583000000
56.000762,12.584000000
56.008302,12.585000000
56.030839,12.586000000
56.045123,12.587000000
56.049135,12.588000000
56.063446,12.589000000
56.069413,12.590000000
56.077630,12.591000000
56.096870,12.592000000
56.108755,12.593000000
56.108801,12.594000000
56.120858,12.595000000
56.126689,12.596000000
56.132714,12.597000000
56.138802,12.598000000
56.148386,12.599000000
56.154032,12.600000000
56.158600,12.601000000
56.173902,12.602000000
56.174210,12.603000000
56.181893,12.604000000
56.191355,12.605000000
56.197286,12.606000000
56.203169,12.607000000
56.211964,12.608000000
56.224079,12.609000000
56.233898,12.610000000
56.240883,12.611000000
56.244671,12.612000000
56.255436,12.613000000
56.258289,12.614000000
56.266442,12.615000000
56.275592,12.616000000
56.287164,12.617000000
56.315679,12.618000000
56.320303,12.619000000
56.326456,12.620000000
56.337410,12.621000000
56.338693,12.622000000
56.366967,12.623000000
56.369451,12.624000000
56.411023,12.625000000
56.418963,12.626000000
56.426480,12.627000000
56.438367,12.628000000
56.438411,12.629000000
56.448061,12.630000000
56.469721,12.631000000
56.476476,12.632000000
56.487412,12.633000000
56.501981,12.634000000
56.502024,12.635000000
56.502691,12.636000000
56.512083,12.637000000
56.518644,12.638000000
56.523110,12.639000000
56.526940,12.640000000
56.534023,12.641000000
56.545882,12.642000000
56.550946,12.643000000
56.560546,12.644000000
56.564865,12.645000000
56.576536,12.646000000
56.583280,12.647000000
56.592905,12.648000000
56.600562,12.649000000
56.611084,12.650000000
56.621101,12.651000000
56.622108,12.652000000
56.640247,12.653000000
56.653713,12.654000000
56.693724,12.655000000
56.720291,12.656000000
56.743448,12.657000000
56.754861,12.658000000
56.763702,12.659000000
56.776482,12.660000000
56.785423,12.661000000
56.788850,12.662000000
56.794212,12.663000000
56.800926,12.664000000
56.806399,12.665000000
56.814943,12.666000000
56.814990,12.667000000
56.825033,12.668000000
56.842747,12.669000000
56.851895,12.670000000
56.852185,12.671000000
56.867421,12.672000000
56.867467,12.673000000
56.874176,12.674000000
56.882768,12.675000000
56.886800,12.676000000
56.892690,12.677000000
56.898808,12.678000000
56.905651,12.679000000
56.914419,12.680000000
56.921147,12.681000000
56.927234,12.682000000
56.931545,12.683000000
56.941552,12.684000000
56.949236,12.685000000
56.950536,12.686000000
56.963134,12.687000000
56.970791,12.688000000
56.982841,12.689000000
56.982913,12.690000000
56.993358,12.691000000
56.993404,12.692000000
56.999059,12.693000000
57.010415,12.694000000
57.018572,12.695000000
57.025800,12.696000000
57.027779,12.697000000
57.044228,12.698000000
57.068452,12.699000000
57.076603,12.700000000
57.083190,12.701000000
57.118260,12.702000000
57.122730,12.703000000
57.132442,12.704000000
57.138597,12.705000000
57.154664,12.706000000
57.161953,12.707000000
57.166716,12.708000000
57.181610,12.709000000
57.185655,12.710000000
57.192991,12.711000000
57.196847,12.712000000
57.227351,12.713000000
57.230676,12.714000000
57.236754,12.715000000
57.240860,12.716000000
57.263281,12.717000000
57.271612,12.718000000
57.271660,12.719000000
57.284111,12.720000000
57.290036,12.721000000
57.300179,12.722000000
57.307629,12.723000000
57.313384,12.724000000
57.313429,12.725000000
57.327070,12.726000000
57.332314,12.727000000
57.340865,12.728000000
57.344635,12.729000000
57.354513,12.730000000
57.367410,12.731000000
57.367455,12.732000000
57.376909,12.733000000
57.383456,12.734000000
57.388584,12.735000000
57.395113,12.736000000
57.401066,12.737000000
57.405658,12.738000000
57.430336,12.739000000
57.439527,12.740000000
57.444824,12.741000000
57.472216,12.742000000
57.484385,12.743000000
57.486935,12.744000000
57.516772,12.745000000
57.516834,12.746000000
57.556021,12.747000000
57.569444,12.748000000
57.580691,12.749000000
57.589939,12.750000000
57.616027,12.751000000
57.616092,12.752000000
57.616368,12.753000000
57.625693,12.754000000
57.633014,12.755000000
57.633225,12.756000000
57.651173,12.757000000
57.659162,12.758000000
57.663169,12.759000000
57.673070,12.760000000
57.677455,12.761000000
57.684428,12.762000000
57.692025,12.763000000
57.698464,12.764000000
57.705704,12.765000000
57.716716,12.766000000
57.731227,12.767000000
57.749077,12.768000000
57.757759,12.769000000
57.784937,12.770000000
57.784983,12.771000000
57.787642,12.772000000
57.841934,12.773000000
57.850654,12.774000000
57.873808,12.775000000
57.899391,12.776000000
57.920262,12.777000000
57.932516,12.778000000
57.950615,12.779000000
57.991275,12.780000000
57.999418,12.781000000
58.010339,12.782000000
58.017503,12.783000000
58.023566,12.784000000
58.031825,12.785000000
58.048725,12.786000000
58.053522,12.787000000
58.062857,12.788000000
58.085456,12.789000000
58.107232,12.790000000
58.117454,12.791000000
58.128767,12.792000000
58.139004,12.793000000
58.149990,12.794000000
58.161946,12.795000000
58.175577,12.796000000
58.181711,12.797000000
58.200574,12.798000000
58.219857,12.799000000
58.231619,12.800000000
58.239214,12.801000000
58.242836,12.802000000
58.249662,12.803000000
58.253996,12.804000000
58.258874,12.805000000
58.261044,12.806000000
58.268462,12.807000000
58.270589,12.808000000
58.277558,12.809000000
58.282558,12.810000000
58.318469,12.811000000
58.320571,12.812000000
58.324808,12.813000000
58.342430,12.814000000
58.347929,12.815000000
58.358750,12.816000000
58.364766,12.817000000
58.370824,12.818000000
58.377033,12.819000000
58.384515,12.820000000
58.389227,12.821000000
58.395825,12.822000000
58.401426,12.823000000
58.407218,12.824000000
58.413617,12.825000000
58.420050,12.826000000
58.425764,12.827000000
58.431666,12.828000000
58.439186,12.829000000
58.445271,12.830000000
58.454144,12.831000000
58.456186,12.832000000
58.464208,12.833000000
58.470387,12.834000000
58.476453,12.835000000
58.482517,12.836000000
58.487506,12.837000000
58.494103,12.838000000
58.516947,12.839000000
58.522541,12.840000000
58.529417,12.841000000
58.537711,12.842000000
58.554026,12.843000000
58.559140,12.844000000
58.563081,12.845000000
58.579234,12.846000000
58.591415,12.847000000
58.593478,12.848000000
58.595845,12.849000000
58.597889,12.850000000
58.625173,12.851000000
58.627448,12.852000000
58.632187,12.853000000
58.637024,12.854000000
58.642345,12.855000000
58.644512,12.856000000
58.647627,12.857000000
58.658558,12.858000000
58.661534,12.859000000
58.688244,12.860000000
58.702924,12.861000000
58.711068,12.862000000
58.720531,12.863000000
58.729235,12.864000000
58.742134,12.865000000
58.752036,12.866000000
58.762721,12.867000000
58.771478,12.868000000
58.783508,12.869000000
58.790899,12.870000000
58.803111,12.871000000
58.809522,12.872000000
58.818002,12.873000000
58.825779,12.874000000
58.848051,12.875000000
58.848103,12.876000000
58.856490,12.877000000
58.858749,12.878000000
58.877734,12.879000000
58.898294,12.880000000
58.914291,12.881000000
58.921028,12.882000000
58.927611,12.883000000
58.927650,12.884000000
58.946532,12.885000000
58.958740,12.886000000
58.960526,12.887000000
59.015284,12.888000000
59.024285,12.889000000
59.030706,12.890000000
59.038331,12.891000000
59.067639,12.892000000
59.070006,12.893000000
59.082850,12.894000000
59.148484,12.895000000
59.150783,12.896000000
59.168045,12.897000000
59.169946,12.898000000
59.186074,12.899000000
59.200412,12.900000000
59.200456,12.902000000
59.223409,12.903000000
59.229550,12.904000000
59.241075,12.905000000
59.251693,12.906000000
59.259886,12.907000000
59.275380,12.908000000
59.275433,12.909000000
59.290390,12.910000000
59.314504,12.911000000
59.326885,12.912000000
59.333210,12.913000000
59.346551,12.914000000
59.355269,12.915000000
59.372480,12.916000000
59.384173,12.917000000
59.394016,12.918000000
59.425167,12.919000000
59.425222,12.920000000
59.452709,12.921000000
59.452764,12.922000000
59.493312,12.923000000
59.505361,12.924000000
59.513326,12.925000000
59.524421,12.926000000
59.531965,12.927000000
59.544432,12.928000000
59.558365,12.929000000
59.570621,12.930000000
59.583245,12.931000000
59.588434,12.932000000
59.594243,12.933000000
59.607666,12.934000000
59.608016,12.935000000
59.617305,12.936000000
59.628876,12.937000000
59.632806,12.938000000
59.644541,12.939000000
59.644588,12.940000000
59.644642,12.941000000
59.650777,12.942000000
59.650816,12.943000000
59.663083,12.944000000
59.695328,12.945000000
59.698116,12.946000000
59.706948,12.947000000
59.715277,12.948000000
59.717976,12.949000000
59.720338,12.950000000
59.734239,12.951000000
59.739054,12.952000000
59.767578,12.953000000
59.792466,12.954000000
59.792513,12.955000000
59.808557,12.956000000
59.811671,12.957000000
59.819427,12.958000000
59.846664,12.959000000
59.856896,12.960000000
59.863335,12.961000000
59.868795,12.962000000
59.879146,12.963000000
59.894154,12.964000000
59.908514,12.965000000
59.920137,12.966000000
59.938750,12.967000000
59.948073,12.968000000
59.959400,12.969000000
59.959450,12.970000000
60.005454,12.971000000
60.006618,12.972000000
60.023070,12.973000000
60.064694,12.974000000
60.073134,12.975000000
60.079760,12.976000000
60.087625,12.977000000
60.093828,12.978000000
60.108338,12.979000000
60.133131,12.980000000
60.138124,12.981000000
60.171408,12.982000000
60.176711,12.983000000
60.184700,12.984000000
60.211676,12.985000000
60.221684,12.986000000
60.229216,12.987000000
60.239029,12.988000000
60.249888,12.989000000
60.255000,12.990000000
60.266600,12.991000000
60.278668,12.992000000
60.287948,12.993000000
60.299069,12.994000000
60.310898,12.995000000
60.319533,12.996000000
60.328210,12.997000000
60.338999,12.998000000
60.341402,12.999000000
60.345413,13.000000000
60.363423,13.001000000
60.363497,13.003000000
60.373609,13.004000000
60.392581,13.005000000
60.392634,13.007000000
60.393099,13.008000000
60.393791,13.009000000
60.404809,13.010000000
60.404865,13.013000000
60.410903,13.014000000
60.419934,13.015000000
60.422778,13.016000000
60.442335,13.017000000
60.442384,13.018000000
60.464288,13.019000000
60.464334,13.022000000
60.505144,13.023000000
60.505194,13.027000000
60.523226,13.028000000
60.543152,13.029000000
60.552921,13.030000000
60.552963,13.032000000
60.559288,13.033000000
60.559661,13.034000000
60.584075,13.035000000
60.584659,13.036000000
60.594253,13.037000000
60.596263,13.038000000
60.603867,13.039000000
60.613360,13.040000000
60.616008,13.041000000
60.632536,13.042000000
60.632575,13.043000000
60.634535,13.044000000
60.640727,13.045000000
60.651064,13.046000000
60.651099,13.047000000
60.657590,13.048000000
60.657632,13.049000000
60.664176,13.050000000
60.664243,13.051000000
60.668868,13.052000000
60.668920,13.053000000
60.668958,13.054000000
60.678682,13.055000000
60.683666,13.056000000
60.686476,13.057000000
60.692695,13.058000000
60.698733,13.059000000
60.721244,13.060000000
60.733059,13.061000000
60.736493,13.062000000
60.759188,13.063000000
60.763482,13.064000000
60.768010,13.065000000
60.782271,13.066000000
60.796489,13.067000000
60.798894,13.068000000
60.801621,13.069000000
60.817888,13.070000000
60.829047,13.071000000
60.841175,13.072000000
60.847863,13.073000000
60.862885,13.074000000
60.872526,13.075000000
60.884073,13.076000000
60.899524,13.077000000
60.907896,13.078000000
60.914603,13.079000000
60.920949,13.080000000
60.928982,13.081000000
60.935670,13.082000000
60.941562,13.083000000
60.949469,13.084000000
60.957900,13.085000000
60.964076,13.086000000
60.969801,13.087000000
60.985024,13.088000000
60.989908,13.089000000
61.013624,13.090000000
61.019546,13.091000000
61.024370,13.092000000
61.029752,13.093000000
61.046717,13.094000000
61.050259,13.095000000
61.071915,13.096000000
61.091120,13.097000000
61.104589,13.098000000
61.119952,13.099000000
61.131102,13.100000000
61.141518,13.101000000
61.145910,13.102000000
61.170247,13.103000000
61.178834,13.104000000
61.187298,13.105000000
61.194498,13.106000000
61.213348,13.107000000
61.225327,13.108000000
61.234042,13.109000000
61.252489,13.110000000
61.266940,13.111000000
61.276679,13.112000000
61.288338,13.113000000
61.297088,13.114000000
61.310910,13.115000000
61.317312,13.116000000
61.326253,13.117000000
61.337358,13.118000000
61.359589,13.119000000
61.377783,13.120000000
61.387464,13.121000000
61.408012,13.122000000
61.410935,13.123000000
61.425559,13.124000000
61.431067,13.125000000
61.448652,13.126000000
61.461052,13.127000000
61.466550,13.128000000
61.487957,13.129000000
61.496220,13.130000000
61.498674,13.131000000
61.511919,13.132000000
61.518188,13.133000000
61.524092,13.134000000
61.531394,13.135000000
61.548141,13.136000000
61.551788,13.137000000
61.560382,13.138000000
61.569145,13.139000000
61.579619,13.140000000
61.588727,13.141000000
61.594451,13.142000000
61.600820,13.143000000
61.610777,13.144000000
61.619097,13.145000000
61.626691,13.146000000
61.634115,13.147000000
61.638604,13.148000000
61.642986,13.149000000
61.665677,13.150000000
61.686351,13.151000000
61.696576,13.152000000
61.707051,13.153000000
61.713214,13.154000000
61.718028,13.155000000
61.733805,13.156000000
61.734398,13.157000000
61.754014,13.158000000
61.769236,13.159000000
61.777158,13.160000000
61.792900,13.161000000
61.796532,13.162000000
61.817301,13.163000000
61.817364,13.164000000
61.826623,13.165000000
61.853421,13.166000000
61.866570,13.167000000
61.876269,13.168000000
61.881944,13.169000000
61.894022,13.170000000
61.903566,13.171000000
61.911917,13.172000000
61.919552,13.173000000
61.927465,13.174000000
61.937138,13.175000000
61.945649,13.176000000
61.955277,13.177000000
61.963692,13.178000000
61.972210,13.179000000
62.000071,13.180000000
62.021648,13.181000000
62.029791,13.182000000
62.052558,13.183000000
62.064386,13.184000000
62.078106,13.185000000
62.086267,13.186000000
62.108869,13.187000000
62.118650,13.188000000
62.145552,13.189000000
62.157584,13.190000000
62.166555,13.191000000
62.171050,13.192000000
62.178656,13.193000000
62.183022,13.194000000
62.188380,13.195000000
62.214660,13.196000000
62.226074,13.197000000
62.233866,13.198000000
62.243514,13.199000000
62.253560,13.200000000
62.264404,13.201000000
62.281519,13.202000000
62.291870,13.203000000
62.297746,13.204000000
62.304312,13.205000000
62.309051,13.206000000
62.314664,13.207000000
62.319354,13.208000000
62.329585,13.209000000
62.338725,13.210000000
62.363006,13.211000000
62.383151,13.212000000
62.388462,13.213000000
62.405485,13.214000000
62.421367,13.215000000
62.430851,13.216000000
62.476878,13.217000000
62.492072,13.218000000
62.495400,13.219000000
62.497907,13.220000000
62.500289,13.221000000
62.502814,13.222000000
62.505286,13.223000000
62.507910,13.224000000
62.516768,13.225000000
62.521518,13.226000000
62.533587,13.227000000
62.536289,13.228000000
62.538555,13.229000000
62.540986,13.230000000
62.543289,13.231000000
62.545491,13.232000000
62.547781,13.233000000
62.550835,13.234000000
62.553164,13.235000000
62.555505,13.236000000
62.557695,13.237000000
62.573216,13.238000000
62.603621,13.239000000
62.621210,13.240000000
62.632420,13.241000000
62.643943,13.242000000
62.655751,13.243000000
62.662062,13.244000000
62.667612,13.245000000
62.673403,13.246000000
62.680598,13.247000000
62.686112,13.248000000
62.691711,13.249000000
62.697721,13.250000000
62.702432,13.251000000
62.711156,13.252000000
62.715034,13.253000000
62.721180,13.254000000
62.727247,13.255000000
62.732231,13.256000000
62.739302,13.257000000
62.743553,13.258000000
62.749007,13.259000000
62.755418,13.260000000
62.764222,13.261000000
62.770635,13.262000000
62.776340,13.263000000
62.782251,13.264000000
62.791807,13.265000000
62.796324,13.266000000
62.803677,13.267000000
62.816550,13.268000000
62.820980,13.269000000
62.823484,13.270000000
62.825783,13.271000000
62.828129,13.272000000
62.830367,13.273000000
62.832644,13.274000000
62.837994,13.275000000
62.840745,13.276000000
62.843297,13.277000000
62.845632,13.278000000
62.847874,13.279000000
62.856468,13.280000000
62.863762,13.281000000
62.868186,13.282000000
62.874216,13.283000000
62.885048,13.284000000
62.889359,13.285000000
62.894758,13.286000000
62.903319,13.287000000
62.905708,13.288000000
62.908080,13.289000000
62.910522,13.290000000
62.912952,13.291000000
62.924114,13.292000000
62.932012,13.293000000
62.934712,13.294000000
62.937261,13.295000000
62.939748,13.296000000
62.942113,13.297000000
62.950315,13.298000000
62.956132,13.299000000
62.958892,13.300000000
62.961349,13.301000000
62.963580,13.302000000
62.965784,13.303000000
62.968899,13.304000000
62.977081,13.305000000
62.984135,13.306000000
62.989627,13.307000000
62.991998,13.308000000
62.994689,13.309000000
62.997380,13.310000000
62.999749,13.311000000
63.002034,13.312000000
63.006215,13.313000000
63.008624,13.314000000
63.011091,13.315000000
63.013435,13.316000000
63.022568,13.317000000
63.032641,13.318000000
63.037073,13.319000000
63.040535,13.320000000
63.062448,13.321000000
63.066045,13.322000000
63.070402,13.323000000
63.073428,13.324000000
63.079654,13.325000000
63.089106,13.326000000
63.101147,13.327000000
63.104551,13.328000000
63.113968,13.329000000
63.124407,13.330000000
63.124495,13.331000000
63.128367,13.332000000
63.134187,13.333000000
63.160321,13.334000000
63.167743,13.335000000
63.176159,13.336000000
63.179731,13.337000000
63.189970,13.338000000
63.190377,13.339000000
63.220155,13.340000000
63.241884,13.341000000
63.242342,13.342000000
63.264353,13.343000000
63.275949,13.344000000
63.276009,13.345000000
63.306181,13.346000000
63.321580,13.347000000
63.323198,13.348000000
63.365564,13.349000000
63.372176,13.350000000
63.378277,13.351000000
63.390958,13.352000000
63.393740,13.353000000
63.413176,13.354000000
63.420754,13.355000000
63.425374,13.356000000
63.429943,13.357000000
63.451483,13.358000000
63.470631,13.359000000
63.473213,13.360000000
63.491646,13.361000000
63.502488,13.362000000
63.506855,13.363000000
63.538281,13.364000000
63.557132,13.365000000
63.564849,13.366000000
63.577896,13.367000000
63.587885,13.368000000
63.595854,13.369000000
63.610039,13.370000000
63.620854,13.371000000
63.628247,13.372000000
63.641253,13.373000000
63.649484,13.374000000
63.655949,13.375000000
63.661547,13.376000000
63.680435,13.377000000
63.699097,13.378000000
63.703022,13.379000000
63.723286,13.380000000
63.723359,13.383000000
63.753934,13.384000000
63.762844,13.385000000
63.800366,13.386000000
63.806800,13.387000000
63.813790,13.388000000
63.830248,13.389000000
63.835096,13.390000000
63.839762,13.391000000
63.869325,13.392000000
63.880506,13.393000000
63.889477,13.394000000
63.898926,13.395000000
63.906390,13.396000000
63.914586,13.397000000
63.924811,13.398000000
63.933794,13.399000000
63.942529,13.400000000
63.953233,13.401000000
63.964055,13.402000000
63.973394,13.403000000
63.986202,13.404000000
63.990064,13.405000000
64.010274,13.406000000
64.018018,13.407000000
64.023776,13.408000000
64.044190,13.409000000
64.053442,13.410000000
64.058070,13.411000000
64.075626,13.412000000
64.082298,13.413000000
64.116260,13.414000000
64.120862,13.415000000
64.123015,13.416000000
64.125371,13.417000000
64.134604,13.418000000
64.136734,13.419000000
64.138989,13.420000000
64.142537,13.421000000
64.145206,13.422000000
64.147283,13.423000000
64.155523,13.424000000
64.159932,13.425000000
64.162650,13.426000000
64.164643,13.427000000
64.166904,13.428000000
64.171251,13.429000000
64.173449,13.430000000
64.193455,13.431000000
64.224404,13.432000000
64.237811,13.433000000
64.256832,13.434000000
64.264806,13.435000000
64.278593,13.436000000
64.285563,13.437000000
64.288087,13.438000000
64.293338,13.439000000
64.307255,13.440000000
64.322671,13.441000000
64.331032,13.442000000
64.335165,13.443000000
64.337484,13.444000000
64.339443,13.445000000
64.341579,13.446000000
64.351100,13.447000000
64.361341,13.448000000
64.372686,13.449000000
64.380706,13.450000000
64.388729,13.451000000
64.394517,13.452000000
64.425611,13.453000000
64.441906,13.454000000
64.449265,13.455000000
64.455644,13.456000000
64.468829,13.457000000
64.497655,13.458000000
64.506494,13.459000000
64.510844,13.460000000
64.534793,13.461000000
64.543972,13.462000000
64.567980,13.463000000
64.574401,13.464000000
64.584255,13.465000000
64.589132,13.466000000
64.599190,13.467000000
64.603882,13.468000000
64.618983,13.469000000
64.637131,13.470000000
64.648998,13.471000000
64.658371,13.472000000
64.671958,13.473000000
64.701518,13.474000000
64.701563,13.475000000
64.708103,13.476000000
64.719580,13.477000000
64.754025,13.478000000
64.776332,13.479000000
64.778129,13.480000000
64.781177,13.481000000
64.820237,13.482000000
64.828033,13.483000000
64.845870,13.484000000
64.851930,13.485000000
64.863368,13.486000000
64.875882,13.487000000
64.882728,13.488000000
64.887587,13.489000000
64.895279,13.490000000
64.901112,13.491000000
64.926675,13.492000000
64.927501,13.493000000
64.933774,13.494000000
64.943809,13.495000000
64.960039,13.496000000
64.965235,13.497000000
64.971316,13.498000000
64.977317,13.499000000
64.984899,13.500000000
64.991029,13.501000000
64.998223,13.502000000
65.004728,13.503000000
65.013147,13.504000000
65.018709,13.505000000
65.025021,13.506000000
65.035397,13.507000000
65.043021,13.508000000
65.049291,13.509000000
65.057061,13.510000000
65.063975,13.511000000
65.080405,13.512000000
65.091280,13.513000000
65.102196,13.514000000
65.104756,13.515000000
65.109051,13.516000000
65.109354,13.517000000
65.111366,13.518000000
65.123411,13.519000000
65.127432,13.520000000
65.133833,13.521000000
65.139322,13.522000000
65.150477,13.523000000
65.158134,13.524000000
65.162904,13.526000000
65.192248,13.527000000
65.212636,13.528000000
65.212684,13.531000000
65.221380,13.532000000
65.221428,13.533000000
65.227739,13.534000000
65.237443,13.535000000
65.237535,13.537000000
65.243816,13.538000000
65.243880,13.539000000
65.243912,13.540000000
65.268644,13.541000000
65.301315,13.542000000
65.306107,13.543000000
65.311911,13.544000000
65.346078,13.545000000
65.360219,13.546000000
65.370100,13.547000000
65.383746,13.548000000
65.399209,13.549000000
65.414740,13.550000000
65.444590,13.551000000
65.444638,13.552000000
65.450939,13.553000000
65.465716,13.554000000
65.477376,13.555000000
65.486110,13.556000000
65.497648,13.557000000
65.511336,13.558000000
65.513604,13.559000000
65.529809,13.560000000
65.538610,13.561000000
65.549091,13.562000000
65.555152,13.563000000
65.563805,13.564000000
65.569781,13.565000000
65.591405,13.566000000
65.596677,13.567000000
65.602433,13.568000000
65.638868,13.569000000
65.649205,13.570000000
65.658790,13.571000000
65.661351,13.572000000
65.665466,13.573000000
65.667441,13.574000000
65.669532,13.575000000
65.671654,13.576000000
65.673859,13.577000000
65.676757,13.578000000
65.684757,13.579000000
65.686704,13.580000000
65.706091,13.581000000
65.709477,13.582000000
65.717015,13.583000000
65.729709,13.584000000
65.736434,13.585000000
65.744066,13.586000000
65.793831,13.587000000
65.817857,13.588000000
65.824012,13.589000000
65.829907,13.590000000
65.843114,13.591000000
65.851857,13.592000000
65.856045,13.593000000
65.877458,13.594000000
65.885961,13.595000000
65.922603,13.596000000
65.929684,13.597000000
65.944018,13.598000000
65.962597,13.599000000
65.971315,13.600000000
65.986697,13.601000000
65.990246,13.602000000
65.995875,13.603000000
66.001637,13.604000000
66.007699,13.605000000
66.036838,13.606000000
66.036910,13.607000000
66.047291,13.608000000
66.057580,13.609000000
66.069562,13.610000000
66.078985,13.611000000
66.079031,13.612000000
66.082944,13.613000000
66.092277,13.614000000
66.092340,13.615000000
66.098633,13.616000000
66.107784,13.617000000
66.107830,13.618000000
66.143243,13.619000000
66.151609,13.620000000
66.176139,13.621000000
66.198908,13.622000000
66.211482,13.623000000
66.236520,13.624000000
66.250942,13.625000000
66.254990,13.626000000
66.270067,13.627000000
66.303871,13.628000000
66.329631,13.629000000
66.345446,13.630000000
66.369107,13.631000000
66.386653,13.632000000
66.401456,13.633000000
66.408753,13.634000000
66.414419,13.635000000
66.418662,13.636000000
66.424246,13.637000000
66.429633,13.638000000
66.432546,13.639000000
66.432585,13.640000000
66.434568,13.641000000
66.436651,13.642000000
66.439213,13.643000000
66.441242,13.644000000
66.467213,13.645000000
66.472852,13.646000000
66.488039,13.647000000
66.498643,13.648000000
66.509877,13.649000000
66.543733,13.650000000
66.554964,13.651000000
66.568012,13.652000000
66.581274,13.653000000
66.592025,13.654000000
66.602898,13.655000000
66.608723,13.656000000
66.614053,13.657000000
66.633389,13.658000000
66.633434,13.659000000
66.638844,13.660000000
66.650455,13.661000000
66.650515,13.662000000
66.659134,13.663000000
66.664806,13.664000000
66.674115,13.665000000
66.680333,13.666000000
66.685433,13.667000000
66.690952,13.668000000
66.705570,13.669000000
66.720137,13.670000000
66.726607,13.671000000
66.759222,13.672000000
66.759272,13.675000000
66.772823,13.676000000
66.781971,13.677000000
66.786688,13.678000000
66.793044,13.679000000
66.801933,13.680000000
66.833961,13.681000000
66.861874,13.682000000
66.861933,13.683000000
66.871117,13.684000000
66.873972,13.685000000
66.881067,13.686000000
66.881112,13.687000000
66.891016,13.688000000
66.945997,13.689000000
66.954474,13.690000000
66.954540,13.691000000
66.963087,13.692000000
66.976646,13.693000000
66.976695,13.694000000
66.980981,13.695000000
66.990628,13.696000000
66.998348,13.697000000
66.998808,13.698000000
67.005714,13.699000000
67.016983,13.700000000
67.017025,13.701000000
67.022679,13.702000000
67.025411,13.703000000
67.039147,13.704000000
67.046064,13.705000000
67.070544,13.706000000
67.081436,13.707000000
67.084596,13.708000000
67.091267,13.709000000
67.091585,13.710000000
67.109452,13.711000000
67.109499,13.712000000
67.113799,13.713000000
67.116275,13.714000000
67.127554,13.715000000
67.129908,13.716000000
67.142464,13.717000000
67.142754,13.718000000
67.152282,13.719000000
67.184746,13.720000000
67.189025,13.721000000
67.201245,13.722000000
67.207237,13.723000000
67.211390,13.724000000
67.215528,13.725000000
67.221116,13.726000000
67.221681,13.727000000
67.224986,13.728000000
67.228015,13.729000000
67.230628,13.730000000
67.237120,13.731000000
67.239187,13.732000000
67.241253,13.733000000
67.244189,13.734000000
67.246363,13.735000000
67.260548,13.736000000
67.260599,13.737000000
67.277799,13.738000000
67.292038,13.739000000
67.310097,13.740000000
67.335428,13.741000000
67.347014,13.742000000
67.356233,13.743000000
67.370443,13.744000000
67.386727,13.745000000
67.398264,13.746000000
67.406498,13.747000000
67.422174,13.748000000
67.452520,13.749000000
67.462390,13.750000000
67.464139,13.751000000
67.466539,13.752000000
67.473939,13.753000000
67.479548,13.754000000
67.512065,13.755000000
67.520644,13.756000000
67.531567,13.757000000
67.541279,13.758000000
67.549801,13.759000000
67.557556,13.760000000
67.560969,13.761000000
67.562970,13.762000000
67.579361,13.763000000
67.582656,13.764000000
67.586632,13.765000000
67.589369,13.766000000
67.593397,13.767000000
67.595998,13.768000000
67.607516,13.769000000
67.611270,13.770000000
67.614243,13.771000000
67.616616,13.772000000
67.622695,13.773000000
67.630568,13.774000000
67.673436,13.775000000
67.687472,13.776000000
67.699173,13.777000000
67.721157,13.778000000
67.723210,13.779000000
67.739213,13.780000000
67.747603,13.781000000
67.754426,13.782000000
67.759552,13.783000000
67.762532,13.784000000
67.773450,13.785000000
67.781282,13.786000000
67.816169,13.787000000
67.816232,13.788000000
67.816298,13.789000000
67.816337,13.790000000
67.816374,13.791000000
67.816410,13.792000000
67.824016,13.793000000
67.829368,13.794000000
67.829867,13.795000000
67.840105,13.796000000
67.840189,13.797000000
67.841296,13.798000000
67.852134,13.799000000
67.853081,13.800000000
67.853221,13.801000000
67.853282,13.802000000
67.866233,13.803000000
67.875007,13.804000000
67.883857,13.805000000
67.890809,13.806000000
67.896001,13.807000000
67.917010,13.808000000
67.923806,13.809000000
67.930004,13.810000000
67.960729,13.811000000
67.976906,13.812000000
67.977367,13.813000000
68.004506,13.814000000
68.037543,13.815000000
68.045688,13.816000000
68.057112,13.817000000
68.068326,13.818000000
68.077674,13.819000000
68.087320,13.820000000
68.093022,13.821000000
68.100374,13.822000000
68.109150,13.823000000
68.124366,13.824000000
68.141520,13.825000000
68.148797,13.826000000
68.154025,13.827000000
68.155241,13.828000000
68.158066,13.829000000
68.162743,13.830000000
68.166849,13.831000000
68.172818,13.832000000
68.175322,13.833000000
68.177720,13.834000000
68.180260,13.835000000
68.183982,13.836000000
68.187339,13.837000000
68.190143,13.838000000
68.194200,13.839000000
68.196849,13.840000000
68.199136,13.841000000
68.207150,13.842000000
68.225182,13.843000000
68.228164,13.844000000
68.257101,13.845000000
68.259377,13.846000000
68.261560,13.847000000
68.263687,13.848000000
68.265901,13.849000000
68.268620,13.850000000
68.288460,13.851000000
68.290759,13.852000000
68.312389,13.853000000
68.312458,13.854000000
68.324121,13.855000000
68.330865,13.856000000
68.341640,13.857000000
68.343757,13.858000000
68.352943,13.859000000
68.364762,13.860000000
68.374567,13.861000000
68.377054,13.862000000
68.388671,13.863000000
68.396660,13.864000000
68.405917,13.865000000
68.411514,13.866000000
68.421824,13.867000000
68.426376,13.868000000
68.440672,13.869000000
68.440732,13.870000000
68.450641,13.871000000
68.458064,13.872000000
68.465672,13.873000000
68.477746,13.874000000
68.477801,13.875000000
68.489050,13.876000000
68.497186,13.877000000
68.501208,13.878000000
68.509177,13.879000000
68.515291,13.880000000
68.523194,13.881000000
68.530922,13.882000000
68.535999,13.883000000
68.549401,13.884000000
68.556785,13.885000000
68.566837,13.886000000
68.567190,13.887000000
68.575442,13.888000000
68.584845,13.889000000
68.592254,13.890000000
68.599783,13.891000000
68.608188,13.892000000
68.629167,13.893000000
68.653440,13.894000000
68.669297,13.895000000
68.688891,13.896000000
68.698591,13.897000000
68.707049,13.898000000
68.712651,13.899000000
68.743982,13.900000000
68.751920,13.901000000
68.770816,13.902000000
68.778750,13.903000000
68.785613,13.904000000
68.793544,13.905000000
68.812012,13.906000000
68.818573,13.907000000
68.828157,13.908000000
68.835329,13.909000000
68.838814,13.910000000
68.848142,13.911000000
68.856793,13.912000000
68.862324,13.913000000
68.870588,13.914000000
68.878752,13.915000000
68.883397,13.916000000
68.901228,13.917000000
68.907125,13.918000000
68.918915,13.919000000
68.928990,13.920000000
68.947002,13.921000000
68.962237,13.922000000
68.965797,13.923000000
68.971944,13.924000000
68.983594,13.925000000
68.990998,13.926000000
68.995001,13.927000000
69.005328,13.928000000
69.009005,13.929000000
69.011884,13.930000000
69.025482,13.931000000
69.033868,13.932000000
69.036087,13.933000000
69.053830,13.934000000
69.069446,13.935000000
69.072457,13.936000000
69.074780,13.937000000
69.084877,13.938000000
69.087223,13.939000000
69.089635,13.940000000
69.092294,13.941000000
69.094619,13.942000000
69.096834,13.943000000
69.099013,13.944000000
69.101218,13.945000000
69.103435,13.946000000
69.129761,13.947000000
69.135879,13.948000000
69.151389,13.949000000
69.155007,13.950000000
69.160067,13.951000000
69.166482,13.952000000
69.170066,13.953000000
69.175145,13.954000000
69.188924,13.955000000
69.194387,13.956000000
69.206726,13.957000000
69.215263,13.958000000
69.224172,13.959000000
69.236489,13.960000000
69.239271,13.961000000
69.250247,13.962000000
69.260561,13.963000000
69.265548,13.964000000
69.275877,13.965000000
69.295570,13.966000000
69.301939,13.967000000
69.304235,13.968000000
69.316779,13.969000000
69.350125,13.970000000
69.359849,13.971000000
69.371580,13.972000000
69.381074,13.973000000
69.398159,13.974000000
69.406230,13.975000000
69.417566,13.976000000
69.437572,13.977000000
69.444834,13.978000000
69.450369,13.979000000
69.459071,13.980000000
69.462942,13.981000000
69.473354,13.982000000
69.479401,13.983000000
69.484477,13.984000000
69.489173,13.985000000
69.493634,13.986000000
69.505388,13.987000000
69.512064,13.988000000
69.522606,13.989000000
69.534405,13.990000000
69.540772,13.991000000
69.545151,13.992000000
69.558594,13.993000000
69.562703,13.994000000
69.568886,13.995000000
69.576411,13.996000000
69.581897,13.997000000
69.587319,13.998000000
69.592402,13.999000000
69.618070,14.000000000
69.628296,14.001000000
69.635903,14.002000000
69.640246,14.003000000
69.656343,14.004000000
69.663099,14.005000000
69.673190,14.006000000
69.678365,14.007000000
69.680262,14.008000000
69.704031,14.009000000
69.713453,14.010000000
69.725374,14.011000000
69.730828,14.012000000
69.736207,14.013000000
69.741257,14.014000000
69.777900,14.015000000
69.784015,14.016000000
69.787524,14.017000000
69.798059,14.018000000
69.804895,14.019000000
69.811099,14.020000000
69.817947,14.021000000
69.824898,14.022000000
69.837465,14.023000000
69.845282,14.024000000
69.851117,14.025000000
69.863291,14.026000000
69.870739,14.027000000
69.882299,14.028000000
69.888892,14.029000000
69.904368,14.030000000
69.913592,14.031000000
69.928055,14.032000000
69.935230,14.033000000
69.947640,14.034000000
69.965820,14.035000000
69.965992,14.036000000
69.994543,14.037000000
69.994611,14.038000000
69.994679,14.039000000
69.994718,14.040000000
70.004646,14.041000000
70.025928,14.042000000
70.035794,14.043000000
70.037539,14.044000000
70.073816,14.045000000
70.073936,14.046000000
70.097927,14.047000000
70.098039,14.048000000
70.108483,14.049000000
70.121686,14.050000000
70.148203,14.051000000
70.148335,14.052000000
70.174591,14.053000000
70.208397,14.054000000
70.210024,14.055000000
70.230688,14.056000000
70.261878,14.057000000
70.297531,14.058000000
70.299848,14.059000000
70.304667,14.060000000
70.319302,14.061000000
70.319477,14.062000000
70.358868,14.063000000
70.381282,14.064000000
70.382405,14.065000000
70.384263,14.066000000
70.395243,14.067000000
70.395361,14.068000000
70.395430,14.069000000
70.405497,14.070000000
70.411896,14.071000000
70.423511,14.072000000
70.448120,14.073000000
70.459593,14.074000000
70.475564,14.075000000
70.487065,14.076000000
70.497007,14.077000000
70.513244,14.078000000
70.525247,14.079000000
70.532711,14.080000000
70.544627,14.081000000
70.556627,14.082000000
70.568717,14.083000000
70.573932,14.084000000
70.580041,14.085000000
70.595451,14.086000000
70.608562,14.087000000
70.633305,14.088000000
70.650532,14.089000000
70.688065,14.090000000
70.698129,14.091000000
70.710659,14.092000000
70.725891,14.093000000
70.736858,14.094000000
70.740697,14.095000000
70.751206,14.096000000
70.781052,14.097000000
70.799265,14.098000000
70.799408,14.099000000
70.799451,14.100000000
70.799488,14.101000000
70.816375,14.102000000
70.820990,14.103000000
70.829584,14.104000000
70.830105,14.105000000
70.838888,14.106000000
70.839000,14.107000000
70.898155,14.108000000
70.901797,14.109000000
70.917229,14.110000000
70.929204,14.111000000
70.942806,14.112000000
70.952209,14.113000000
70.959975,14.114000000
70.962765,14.115000000
70.990126,14.116000000
71.012797,14.117000000
71.012923,14.118000000
71.039556,14.119000000
71.041138,14.120000000
71.053891,14.121000000
71.056691,14.122000000
71.073852,14.123000000
71.083924,14.124000000
71.088601,14.125000000
71.109494,14.126000000
71.122702,14.127000000
71.123125,14.128000000
71.127971,14.129000000
71.128076,14.130000000
71.152710,14.131000000
71.154282,14.132000000
71.154742,14.133000000
71.162346,14.134000000
71.165888,14.135000000
71.187210,14.136000000
71.187345,14.137000000
71.198605,14.138000000
71.199050,14.139000000
71.214413,14.140000000
71.217350,14.141000000
71.226603,14.142000000
71.259980,14.143000000
71.260110,14.144000000
71.281455,14.145000000
71.291419,14.146000000
71.291544,14.147000000
71.307257,14.148000000
71.325210,14.149000000
71.325999,14.150000000
71.353802,14.151000000
71.368906,14.152000000
71.379372,14.153000000
71.391226,14.154000000
71.391760,14.155000000
71.414066,14.156000000
71.415805,14.157000000
71.429542,14.158000000
71.429703,14.159000000
71.454470,14.160000000
71.454600,14.161000000
71.463502,14.162000000
71.469766,14.163000000
71.488987,14.164000000
71.489870,14.165000000
71.492917,14.166000000
71.503980,14.167000000
71.505542,14.168000000
71.527701,14.169000000
71.542907,14.170000000
71.543054,14.171000000
71.543099,14.172000000
71.564306,14.173000000
71.564437,14.174000000
71.574851,14.175000000
71.574984,14.176000000
71.606532,14.177000000
71.623605,14.178000000
71.633742,14.179000000
71.648321,14.180000000
71.657550,14.181000000
71.671088,14.182000000
71.691233,14.183000000
71.702788,14.184000000
71.713808,14.185000000
71.723254,14.186000000
71.734169,14.187000000
71.741626,14.188000000
71.749825,14.189000000
71.758441,14.190000000
71.767034,14.191000000
71.768006,14.192000000
71.776272,14.193000000
71.780508,14.194000000
71.791359,14.195000000
71.791603,14.196000000
71.791652,14.197000000
71.821041,14.198000000
71.821226,14.199000000
71.821275,14.200000000
71.826528,14.201000000
71.826654,14.202000000
71.837386,14.203000000
71.837862,14.204000000
71.862650,14.205000000
71.863253,14.206000000
71.870583,14.207000000
71.893505,14.208000000
71.899466,14.209000000
71.918930,14.210000000
71.930546,14.211000000
71.935136,14.212000000
71.942190,14.213000000
71.948064,14.214000000
71.953619,14.215000000
71.960155,14.216000000
71.980735,14.217000000
71.987591,14.218000000
72.022382,14.219000000
72.031458,14.220000000
72.037520,14.221000000
72.045011,14.222000000
72.063173,14.223000000
72.071308,14.224000000
72.083342,14.225000000
72.091795,14.226000000
72.099687,14.227000000
72.107403,14.228000000
72.116724,14.229000000
72.123039,14.230000000
72.131285,14.231000000
72.141256,14.232000000
72.147517,14.233000000
72.163732,14.234000000
72.172106,14.235000000
72.185128,14.236000000
72.193264,14.237000000
72.221261,14.238000000
72.222115,14.239000000
72.223871,14.240000000
72.230552,14.241000000
72.233522,14.242000000
72.238113,14.243000000
72.246392,14.244000000
72.262361,14.245000000
72.269290,14.246000000
72.277908,14.247000000
72.278050,14.248000000
72.278123,14.249000000
72.290065,14.250000000
72.319429,14.251000000
72.329479,14.252000000
72.329613,14.253000000
72.329657,14.254000000
72.338647,14.255000000
72.352526,14.256000000
72.357306,14.257000000
72.369766,14.258000000
72.369936,14.259000000
72.370350,14.260000000
72.377133,14.261000000
72.406888,14.262000000
72.431526,14.263000000
72.431651,14.264000000
72.431696,14.265000000
72.439354,14.266000000
72.455939,14.267000000
72.456619,14.268000000
72.467845,14.269000000
72.472156,14.270000000
72.507075,14.271000000
72.526438,14.272000000
72.534433,14.273000000
72.544761,14.274000000
72.544819,14.275000000
72.561648,14.276000000
72.561709,14.277000000
72.561750,14.278000000
72.582903,14.279000000
72.582966,14.280000000
72.596628,14.281000000
72.601640,14.282000000
72.618549,14.283000000
72.628981,14.284000000
72.633079,14.285000000
72.636375,14.286000000
72.645060,14.287000000
72.645108,14.289000000
72.665978,14.290000000
72.672360,14.291000000
72.679459,14.292000000
72.700195,14.293000000
72.710504,14.294000000
72.724254,14.295000000
72.731108,14.296000000
72.737463,14.297000000
72.759063,14.298000000
72.780438,14.299000000
72.784007,14.300000000
72.788424,14.301000000
72.819066,14.302000000
72.822440,14.303000000
72.834609,14.304000000
72.854514,14.305000000
72.855459,14.306000000
72.866091,14.307000000
72.875145,14.308000000
72.888241,14.309000000
72.899694,14.310000000
72.903630,14.311000000
72.918929,14.312000000
72.929080,14.313000000
72.940932,14.314000000
72.952697,14.315000000
72.970253,14.316000000
72.995668,14.317000000
73.009892,14.318000000
73.012228,14.319000000
73.014364,14.320000000
73.019318,14.321000000
73.023647,14.322000000
73.026286,14.323000000
73.030554,14.324000000
73.032707,14.325000000
73.055089,14.326000000
73.060385,14.327000000
73.063025,14.328000000
73.068464,14.329000000
73.072129,14.330000000
73.084583,14.331000000
73.086816,14.332000000
73.091209,14.333000000
73.094822,14.334000000
73.098730,14.335000000
73.104104,14.336000000
73.108896,14.337000000
73.131847,14.338000000
73.134762,14.339000000
73.138388,14.340000000
73.141876,14.341000000
73.157080,14.342000000
73.162862,14.343000000
73.185115,14.344000000
73.185171,14.345000000
73.188645,14.346000000
73.190757,14.347000000
73.193099,14.348000000
73.200838,14.349000000
73.207326,14.350000000
73.210844,14.351000000
73.214113,14.352000000
73.216166,14.353000000
73.259661,14.354000000
73.269180,14.355000000
73.279840,14.356000000
73.288077,14.357000000
73.299515,14.358000000
73.309907,14.359000000
73.316175,14.360000000
73.325775,14.361000000
73.339226,14.362000000
73.346215,14.363000000
73.355002,14.364000000
73.365984,14.365000000
73.388286,14.366000000
73.393566,14.367000000
73.394854,14.368000000
73.399814,14.369000000
73.401883,14.370000000
73.408119,14.371000000
73.410241,14.372000000
73.414766,14.373000000
73.417089,14.374000000
73.421162,14.375000000
73.423855,14.376000000
73.428042,14.377000000
73.442251,14.378000000
73.445904,14.379000000
73.450045,14.380000000
73.452262,14.381000000
73.454431,14.382000000
73.462207,14.383000000
73.464550,14.384000000
73.470889,14.385000000
73.472870,14.386000000
73.499181,14.387000000
73.501310,14.388000000
73.506802,14.389000000
73.508738,14.390000000
73.511645,14.391000000
73.515935,14.392000000
73.520187,14.393000000
73.525300,14.394000000
73.552762,14.395000000
73.557580,14.396000000
73.563605,14.397000000
73.569104,14.398000000
73.575047,14.399000000
73.575483,14.400000000
73.577971,14.401000000
73.582130,14.402000000
73.584832,14.403000000
73.589165,14.404000000
73.595555,14.405000000
73.598032,14.406000000
73.602791,14.407000000
73.606737,14.408000000
73.609863,14.409000000
73.615439,14.410000000
73.618374,14.411000000
73.630994,14.412000000
73.634413,14.413000000
73.636712,14.414000000
73.645498,14.415000000
73.649294,14.416000000
73.665567,14.417000000
73.671629,14.418000000
73.674119,14.419000000
73.679214,14.420000000
73.682552,14.421000000
73.694327,14.422000000
73.700021,14.423000000
73.707568,14.424000000
73.714473,14.425000000
73.724537,14.426000000
73.727480,14.427000000
73.736660,14.428000000
73.749366,14.429000000
73.751614,14.430000000
73.757000,14.431000000
73.762576,14.432000000
73.776809,14.433000000
73.779606,14.434000000
73.793302,14.435000000
73.796922,14.436000000
73.802719,14.437000000
73.814469,14.438000000
73.819466,14.439000000
73.832550,14.440000000
73.835519,14.441000000
73.843103,14.442000000
73.853593,14.443000000
73.857278,14.444000000
73.884791,14.445000000
73.887813,14.446000000
73.890679,14.447000000
73.919466,14.448000000
73.928730,14.449000000
73.931196,14.450000000
73.945491,14.451000000
73.954599,14.452000000
73.969206,14.453000000
73.984556,14.454000000
74.005521,14.455000000
74.030809,14.456000000
74.040948,14.457000000
74.065449,14.458000000
74.084107,14.459000000
74.092120,14.460000000
74.118786,14.461000000
74.123110,14.462000000
74.147999,14.463000000
74.153841,14.464000000
74.161803,14.465000000
74.161930,14.466000000
74.192212,14.467000000
74.192274,14.468000000
74.204570,14.469000000
74.218271,14.470000000
74.223903,14.471000000
74.250139,14.472000000
74.267342,14.473000000
74.274563,14.474000000
74.286568,14.475000000
74.289528,14.476000000
74.302129,14.477000000
74.308436,14.478000000
74.334741,14.479000000
74.341819,14.480000000
74.355229,14.481000000
74.367242,14.482000000
74.371386,14.483000000
74.389893,14.484000000
74.397913,14.485000000
74.412289,14.486000000
74.436155,14.487000000
74.436326,14.488000000
74.436373,14.489000000
74.442818,14.490000000
74.450444,14.491000000
74.456348,14.492000000
74.464691,14.493000000
74.465398,14.494000000
74.473279,14.495000000
74.473382,14.496000000
74.483307,14.497000000
74.494023,14.498000000
74.494678,14.499000000
74.507986,14.500000000
74.508113,14.501000000
74.516700,14.502000000
74.516808,14.503000000
74.530381,14.504000000
74.539294,14.505000000
74.539402,14.506000000
74.551380,14.507000000
74.568433,14.508000000
74.569324,14.509000000
74.576740,14.510000000
74.584551,14.511000000
74.591028,14.512000000
74.601111,14.513000000
74.601623,14.514000000
74.616805,14.515000000
74.616981,14.516000000
74.627349,14.517000000
74.627845,14.518000000
74.660452,14.519000000
74.660661,14.520000000
74.678127,14.521000000
74.708719,14.522000000
74.714280,14.523000000
74.714416,14.524000000
74.722362,14.525000000
74.729539,14.526000000
74.738850,14.527000000
74.747075,14.528000000
74.751327,14.529000000
74.756785,14.530000000
74.772757,14.531000000
74.778415,14.532000000
74.787457,14.533000000
74.806300,14.534000000
74.806421,14.535000000
74.806853,14.536000000
74.808491,14.537000000
74.820009,14.538000000
74.820440,14.539000000
74.830311,14.540000000
74.848048,14.541000000
74.850724,14.542000000
74.873607,14.543000000
74.885577,14.544000000
74.885695,14.545000000
74.891805,14.546000000
74.895110,14.547000000
74.898294,14.548000000
74.907964,14.549000000
74.917595,14.550000000
74.917707,14.551000000
74.923945,14.552000000
74.929774,14.553000000
74.933343,14.554000000
74.938818,14.555000000
74.947614,14.556000000
74.953815,14.557000000
74.953934,14.558000000
74.965007,14.559000000
74.975372,14.560000000
74.975444,14.561000000
74.978529,14.562000000
74.983577,14.563000000
74.996919,14.564000000
74.996997,14.565000000
75.002694,14.566000000
75.020002,14.567000000
75.020127,14.568000000
75.030405,14.569000000
75.043808,14.570000000
75.052249,14.571000000
75.072492,14.572000000
75.076910,14.573000000
75.083401,14.574000000
75.106660,14.575000000
75.112664,14.576000000
75.119000,14.577000000
75.133877,14.578000000
75.145305,14.579000000
75.145408,14.580000000
75.145451,14.581000000
75.165089,14.582000000
75.171565,14.583000000
75.175061,14.584000000
75.196209,14.585000000
75.204207,14.586000000
75.204710,14.587000000
75.210348,14.588000000
75.210673,14.589000000
75.220119,14.590000000
75.220608,14.591000000
75.233823,14.592000000
75.233884,14.593000000
75.233925,14.594000000
75.252332,14.595000000
75.261199,14.596000000
75.261263,14.597000000
75.283556,14.598000000
75.296868,14.599000000
75.296955,14.600000000
75.296997,14.601000000
75.297035,14.602000000
75.304909,14.603000000
75.319966,14.604000000
75.336079,14.605000000
75.339465,14.606000000
75.342358,14.607000000
75.347019,14.608000000
75.352484,14.609000000
75.357921,14.610000000
75.365525,14.611000000
75.365585,14.612000000
75.381459,14.613000000
75.394670,14.614000000
75.409563,14.615000000
75.422838,14.616000000
75.434320,14.617000000
75.443337,14.618000000
75.456949,14.619000000
75.472163,14.620000000
75.479266,14.621000000
75.494133,14.622000000
75.506438,14.623000000
75.507843,14.624000000
75.516887,14.625000000
75.524712,14.626000000
75.533821,14.627000000
75.541614,14.628000000
75.550356,14.629000000
75.555782,14.630000000
75.569273,14.631000000
75.571598,14.632000000
75.578582,14.633000000
75.583360,14.634000000
75.592832,14.635000000
75.596688,14.636000000
75.612257,14.637000000
75.620050,14.638000000
75.627341,14.639000000
75.633013,14.640000000
75.640795,14.641000000
75.647222,14.642000000
75.654656,14.643000000
75.662369,14.644000000
75.667902,14.645000000
75.674739,14.646000000
75.679591,14.647000000
75.686696,14.648000000
75.699207,14.649000000
75.728999,14.650000000
75.756554,14.651000000
75.763918,14.652000000
75.766433,14.653000000
75.778427,14.654000000
75.784482,14.655000000
75.792151,14.656000000
75.798099,14.657000000
75.803528,14.658000000
75.812134,14.659000000
75.816149,14.660000000
75.823994,14.661000000
75.830487,14.662000000
75.839566,14.663000000
75.846683,14.664000000
75.852917,14.665000000
75.860466,14.666000000
75.868807,14.667000000
75.875941,14.668000000
75.882972,14.669000000
75.890841,14.670000000
75.899094,14.671000000
75.911439,14.672000000
75.918268,14.673000000
75.925150,14.674000000
75.934145,14.675000000
75.941787,14.676000000
75.946145,14.677000000
75.953730,14.678000000
75.978929,14.679000000
76.005543,14.680000000
76.011780,14.681000000
76.018872,14.682000000
76.024530,14.683000000
76.028530,14.684000000
76.035547,14.685000000
76.041818,14.686000000
76.077334,14.687000000
76.080201,14.688000000
76.112757,14.689000000
76.116786,14.690000000
76.125657,14.691000000
76.131849,14.692000000
76.136850,14.693000000
76.143035,14.694000000
76.148647,14.695000000
76.173655,14.696000000
76.189075,14.697000000
76.197371,14.698000000
76.202595,14.699000000
76.208553,14.700000000
76.213849,14.701000000
76.221006,14.702000000
76.225896,14.703000000
76.235885,14.704000000
76.238295,14.705000000
76.244689,14.706000000
76.251857,14.707000000
76.264499,14.708000000
76.266896,14.709000000
76.273662,14.710000000
76.283617,14.711000000
76.294233,14.712000000
76.296632,14.713000000
76.301506,14.714000000
76.309695,14.715000000
76.316146,14.716000000
76.325257,14.717000000
76.331055,14.718000000
76.336924,14.719000000
76.345246,14.720000000
76.361022,14.721000000
76.367105,14.722000000
76.375218,14.723000000
76.383868,14.724000000
76.390463,14.725000000
76.408924,14.726000000
76.441408,14.727000000
76.461886,14.728000000
76.471892,14.729000000
76.476177,14.730000000
76.483455,14.731000000
76.487454,14.732000000
76.493937,14.733000000
76.503920,14.734000000
76.533234,14.735000000
76.543767,14.736000000
76.549669,14.737000000
76.554510,14.738000000
76.559640,14.739000000
76.565976,14.740000000
76.571505,14.741000000
76.594180,14.742000000
76.598933,14.743000000
76.622206,14.744000000
76.624373,14.745000000
76.632134,14.746000000
76.638025,14.747000000
76.641721,14.748000000
76.647876,14.749000000
76.653669,14.750000000
76.660669,14.751000000
76.667224,14.752000000
76.674607,14.753000000
76.680437,14.754000000
76.686860,14.755000000
76.693121,14.756000000
76.701866,14.757000000
76.715627,14.758000000
76.730130,14.759000000
76.738067,14.760000000
76.747960,14.761000000
76.757400,14.762000000
76.765236,14.763000000
76.769073,14.764000000
76.781105,14.765000000
76.786817,14.766000000
76.791057,14.767000000
76.799280,14.768000000
76.808255,14.769000000
76.812976,14.770000000
76.820347,14.771000000
76.825943,14.772000000
76.837743,14.773000000
76.867060,14.774000000
76.869553,14.775000000
76.891490,14.776000000
76.909023,14.777000000
76.921248,14.778000000
76.936575,14.779000000
76.944882,14.780000000
76.962102,14.781000000
76.972879,14.782000000
76.980506,14.783000000
77.004263,14.784000000
77.022781,14.785000000
77.034789,14.786000000
77.065797,14.787000000
77.074251,14.788000000
77.095462,14.789000000
77.109891,14.790000000
77.116652,14.791000000
77.128600,14.792000000
77.140943,14.793000000
77.151942,14.794000000
77.161333,14.795000000
77.174745,14.796000000
77.189007,14.797000000
77.194075,14.798000000
77.206289,14.799000000
77.215137,14.800000000
77.242845,14.801000000
77.260190,14.802000000
77.270935,14.803000000
77.293190,14.804000000
77.323314,14.805000000
77.334925,14.806000000
77.352492,14.807000000
77.369689,14.808000000
77.389205,14.809000000
77.401504,14.810000000
77.412584,14.811000000
77.422590,14.812000000
77.436763,14.813000000
77.468643,14.814000000
77.479721,14.815000000
77.485550,14.816000000
77.492624,14.817000000
77.502093,14.818000000
77.510000,14.819000000
77.516901,14.820000000
77.528811,14.821000000
77.528856,14.822000000
77.539705,14.823000000
77.544603,14.824000000
77.544645,14.825000000
77.574639,14.826000000
77.574686,14.827000000
77.583713,14.828000000
77.589472,14.829000000
77.620130,14.830000000
77.624651,14.831000000
77.627327,14.832000000
77.639448,14.833000000
77.647322,14.834000000
77.651726,14.835000000
77.667417,14.836000000
77.667463,14.837000000
77.672975,14.838000000
77.677072,14.839000000
77.707004,14.840000000
77.712593,14.841000000
77.719012,14.842000000
77.719055,14.843000000
77.726888,14.844000000
77.743163,14.845000000
77.743210,14.846000000
77.754148,14.847000000
77.754199,14.848000000
77.783465,14.849000000
77.800950,14.850000000
77.811293,14.851000000
77.819482,14.852000000
77.828740,14.853000000
77.837542,14.854000000
77.848640,14.855000000
77.861697,14.856000000
77.867334,14.857000000
77.885096,14.858000000
77.892778,14.859000000
77.899993,14.860000000
77.905898,14.861000000
77.927372,14.862000000
77.933918,14.863000000
77.933964,14.864000000
77.952635,14.865000000
77.952685,14.866000000
77.959398,14.867000000
77.969309,14.868000000
77.976955,14.869000000
77.977028,14.870000000
77.982632,14.871000000
78.007394,14.872000000
78.017107,14.873000000
78.017155,14.874000000
78.023829,14.875000000
78.035237,14.876000000
78.043137,14.877000000
78.044382,14.878000000
78.056804,14.879000000
78.076979,14.880000000
78.088018,14.881000000
78.088075,14.882000000
78.088113,14.883000000
78.102690,14.884000000
78.112522,14.885000000
78.113246,14.886000000
78.144850,14.887000000
78.156006,14.888000000
78.168252,14.889000000
78.183586,14.890000000
78.193420,14.891000000
78.194124,14.892000000
78.212737,14.893000000
78.219115,14.894000000
78.229662,14.895000000
78.250704,14.896000000
78.262125,14.897000000
78.277428,14.898000000
78.279372,14.899000000
78.287137,14.900000000
78.297127,14.901000000
78.298876,14.902000000
78.316765,14.903000000
78.317061,14.904000000
78.328417,14.905000000
78.355088,14.906000000
78.355137,14.907000000
78.375800,14.908000000
78.375849,14.910000000
78.391218,14.911000000
78.401126,14.912000000
78.407415,14.913000000
78.415637,14.914000000
78.415714,14.915000000
78.438561,14.916000000
78.447962,14.917000000
78.448267,14.918000000
78.458739,14.919000000
78.458792,14.920000000
78.468296,14.921000000
78.480090,14.922000000
78.480140,14.923000000
78.487850,14.924000000
78.521443,14.925000000
78.521491,14.926000000
78.534323,14.927000000
78.552797,14.928000000
78.560863,14.929000000
78.564964,14.930000000
78.577279,14.931000000
78.586410,14.932000000
78.594711,14.933000000
78.622294,14.934000000
78.634569,14.935000000
78.647620,14.936000000
78.656035,14.937000000
78.663419,14.938000000
78.669253,14.939000000
78.687982,14.940000000
78.689719,14.941000000
78.697856,14.942000000
78.698106,14.943000000
78.710742,14.944000000
78.740426,14.945000000
78.750729,14.946000000
78.760903,14.947000000
78.777913,14.948000000
78.786223,14.949000000
78.794190,14.950000000
78.799253,14.951000000
78.801411,14.952000000
78.827861,14.953000000
78.830184,14.954000000
78.835402,14.955000000
78.848318,14.956000000
78.853791,14.957000000
78.855750,14.958000000
78.862249,14.959000000
78.866467,14.960000000
78.868596,14.961000000
78.910378,14.962000000
78.918694,14.963000000
78.933397,14.964000000
78.942379,14.965000000
78.963760,14.966000000
78.977622,14.967000000
78.977705,14.968000000
78.984715,14.969000000
79.019378,14.970000000
79.024647,14.971000000
79.030809,14.972000000
79.034896,14.973000000
79.056818,14.974000000
79.069987,14.975000000
79.070446,14.976000000
79.088917,14.977000000
79.113081,14.978000000
79.125024,14.979000000
79.135121,14.980000000
79.146955,14.981000000
79.157137,14.982000000
79.164354,14.983000000
79.168936,14.984000000
79.199349,14.985000000
79.203249,14.986000000
79.208820,14.987000000
79.209845,14.988000000
79.211761,14.989000000
79.249211,14.990000000
79.249301,14.991000000
79.249346,14.992000000
79.249386,14.993000000
79.255295,14.994000000
79.268289,14.995000000
79.269101,14.996000000
79.269151,14.997000000
79.280335,14.998000000
79.280775,14.999000000
79.289794,15.000000000
79.299875,15.001000000
79.307754,15.002000000
79.321503,15.003000000
79.325598,15.004000000
79.340025,15.005000000
79.355469,15.006000000
79.356826,15.007000000
79.368275,15.008000000
79.400057,15.009000000
79.407599,15.010000000
79.410201,15.011000000
79.413100,15.012000000
79.428447,15.013000000
79.429444,15.014000000
79.454511,15.015000000
79.459643,15.016000000
79.492346,15.017000000
79.500127,15.018000000
79.503820,15.019000000
79.539470,15.020000000
79.546015,15.021000000
79.552677,15.022000000
79.597146,15.023000000
79.613447,15.024000000
79.623871,15.025000000
79.641170,15.026000000
79.648286,15.027000000
79.652982,15.028000000
79.664419,15.029000000
79.670206,15.030000000
79.678941,15.031000000
79.687321,15.032000000
79.695343,15.033000000
79.703258,15.034000000
79.705467,15.035000000
79.719323,15.036000000
79.731441,15.037000000
79.746690,15.038000000
79.755983,15.039000000
79.775982,15.040000000
79.808856,15.041000000
79.816851,15.042000000
79.823619,15.043000000
79.828817,15.044000000
79.834546,15.045000000
79.857179,15.046000000
79.865044,15.047000000
79.879318,15.048000000
79.881722,15.049000000
79.895325,15.050000000
79.913005,15.051000000
79.919596,15.052000000
79.927710,15.053000000
79.966007,15.054000000
79.976430,15.055000000
79.987674,15.056000000
79.992449,15.057000000
80.002059,15.058000000
80.004319,15.059000000
80.009738,15.060000000
80.015767,15.061000000
80.024162,15.062000000
80.031315,15.063000000
80.036952,15.064000000
80.043746,15.065000000
80.049033,15.066000000
80.055395,15.067000000
80.060808,15.068000000
80.070996,15.069000000
80.076218,15.070000000
80.084516,15.071000000
80.090780,15.072000000
80.101063,15.073000000
80.107492,15.074000000
80.116027,15.075000000
80.121344,15.076000000
80.127155,15.077000000
80.145609,15.078000000
80.147812,15.079000000
80.160331,15.080000000
80.168643,15.081000000
80.169778,15.082000000
80.169836,15.083000000
80.169878,15.084000000
80.181063,15.085000000
80.181129,15.086000000
80.181170,15.087000000
80.181766,15.088000000
80.190626,15.089000000
80.190684,15.090000000
80.192392,15.091000000
80.192907,15.092000000
80.193683,15.093000000
80.200820,15.094000000
80.203192,15.095000000
80.203523,15.096000000
80.236575,15.097000000
80.242666,15.098000000
80.253516,15.099000000
80.256613,15.100000000
80.259384,15.101000000
80.262441,15.102000000
80.268213,15.103000000
80.297051,15.104000000
80.314477,15.105000000
80.322324,15.106000000
80.332650,15.107000000
80.350751,15.108000000
80.353163,15.109000000
80.360135,15.110000000
80.378269,15.111000000
80.388412,15.112000000
80.396777,15.113000000
80.400566,15.114000000
80.406077,15.115000000
80.415527,15.116000000
80.420339,15.117000000
80.430851,15.118000000
80.441739,15.119000000
80.447749,15.120000000
80.451782,15.121000000
80.459402,15.122000000
80.467598,15.123000000
80.473842,15.124000000
80.483781,15.125000000
80.487764,15.126000000
80.494502,15.127000000
80.504668,15.128000000
80.526690,15.129000000
80.533739,15.130000000
80.549533,15.131000000
80.560219,15.132000000
80.571129,15.133000000
80.579842,15.134000000
80.596498,15.135000000
80.609364,15.136000000
80.620450,15.137000000
80.638929,15.138000000
80.649838,15.139000000
80.652686,15.140000000
80.655454,15.141000000
80.670083,15.142000000
80.677995,15.143000000
80.701004,15.144000000
80.710831,15.145000000
80.717670,15.146000000
80.729846,15.147000000
80.736973,15.148000000
80.744386,15.149000000
80.751149,15.150000000
80.756968,15.151000000
80.770195,15.152000000
80.780017,15.153000000
80.804658,15.154000000
80.806070,15.155000000
80.826182,15.156000000
80.826248,15.157000000
80.827036,15.158000000
80.837403,15.159000000
80.837486,15.160000000
80.837556,15.161000000
80.837595,15.162000000
80.837632,15.163000000
80.838202,15.164000000
80.842411,15.165000000
80.842734,15.166000000
80.857565,15.167000000
80.857615,15.172000000
80.870393,15.173000000
80.883503,15.174000000
80.889833,15.175000000
80.896349,15.176000000
80.912013,15.177000000
80.914028,15.178000000
80.918416,15.179000000
80.919967,15.180000000
80.923950,15.181000000
80.927854,15.182000000
80.931064,15.183000000
80.933069,15.184000000
80.949689,15.185000000
80.953279,15.186000000
80.967867,15.187000000
80.972797,15.188000000
80.987248,15.189000000
80.989190,15.190000000
81.005702,15.191000000
81.009678,15.192000000
81.011624,15.193000000
81.023525,15.194000000
81.069047,15.195000000
81.078749,15.196000000
81.096776,15.197000000
81.111246,15.198000000
81.134030,15.199000000
81.146885,15.200000000
81.161942,15.201000000
81.163988,15.202000000
81.194081,15.203000000
81.194690,15.204000000
81.207008,15.205000000
81.212977,15.206000000
81.214922,15.207000000
81.223694,15.208000000
81.228170,15.209000000
81.233991,15.210000000
81.241749,15.211000000
81.250878,15.212000000
81.259716,15.213000000
81.259766,15.214000000
81.259845,15.215000000
81.285172,15.216000000
81.285223,15.220000000
81.291707,15.221000000
81.307217,15.222000000
81.321621,15.223000000
81.325562,15.224000000
81.360306,15.225000000
81.366450,15.226000000
81.378942,15.227000000
81.389944,15.228000000
81.400937,15.229000000
81.411055,15.230000000
81.419790,15.231000000
81.420123,15.232000000
81.422150,15.233000000
81.430326,15.234000000
81.435805,15.235000000
81.444275,15.236000000
81.447355,15.237000000
81.453087,15.238000000
81.471072,15.239000000
81.485572,15.240000000
81.520824,15.241000000
81.524437,15.242000000
81.540614,15.243000000
81.556173,15.244000000
81.558743,15.245000000
81.573023,15.246000000
81.602689,15.247000000
81.612984,15.248000000
81.615741,15.249000000
81.637270,15.250000000
81.656103,15.251000000
81.673915,15.252000000
81.677675,15.253000000
81.689354,15.254000000
81.694901,15.255000000
81.699964,15.256000000
81.704258,15.257000000
81.707470,15.258000000
81.714843,15.259000000
81.716880,15.260000000
81.723260,15.261000000
81.729882,15.262000000
81.734480,15.263000000
81.759091,15.264000000
81.764756,15.265000000
81.774779,15.266000000
81.781688,15.267000000
81.795120,15.268000000
81.797226,15.269000000
81.806834,15.270000000
81.842854,15.271000000
81.856405,15.272000000
81.889834,15.273000000
81.903674,15.274000000
81.922592,15.275000000
81.932688,15.276000000
81.942641,15.277000000
81.950198,15.278000000
81.956525,15.279000000
81.973754,15.280000000
81.974998,15.281000000
81.989016,15.282000000
81.989064,15.283000000
82.014283,15.284000000
82.023652,15.285000000
82.034377,15.286000000
82.040284,15.287000000
82.046575,15.288000000
82.072406,15.289000000
82.084040,15.290000000
82.094070,15.291000000
82.101556,15.292000000
82.107623,15.293000000
82.133718,15.294000000
82.149319,15.295000000
82.168740,15.296000000
82.174658,15.297000000
82.183973,15.298000000
82.196811,15.299000000
82.213299,15.300000000
82.238477,15.301000000
82.251763,15.302000000
82.259084,15.303000000
82.266573,15.304000000
82.266625,15.305000000
82.285273,15.306000000
82.291777,15.307000000
82.301337,15.308000000
82.309096,15.309000000
82.329298,15.310000000
82.339414,15.311000000
82.344178,15.312000000
82.355860,15.313000000
82.358424,15.314000000
82.365668,15.315000000
82.372914,15.316000000
82.395797,15.317000000
82.395881,15.318000000
82.405092,15.319000000
82.410986,15.320000000
82.423053,15.321000000
82.428345,15.322000000
82.434599,15.323000000
82.462798,15.324000000
82.471960,15.325000000
82.482225,15.326000000
82.496271,15.327000000
82.507486,15.328000000
82.528217,15.329000000
82.534887,15.330000000
82.543058,15.331000000
82.550839,15.332000000
82.561868,15.333000000
82.568134,15.334000000
82.577828,15.335000000
82.582613,15.336000000
82.600649,15.337000000
82.616063,15.338000000
82.629353,15.339000000
82.640680,15.340000000
82.651456,15.341000000
82.661213,15.342000000
82.665618,15.343000000
82.676073,15.344000000
82.685073,15.345000000
82.692720,15.346000000
82.700985,15.347000000
82.708005,15.348000000
82.719942,15.349000000
82.720936,15.350000000
82.729654,15.351000000
82.744171,15.352000000
82.744220,15.353000000
82.756150,15.354000000
82.763198,15.355000000
82.763239,15.356000000
82.775857,15.357000000
82.793929,15.358000000
82.793974,15.360000000
82.802335,15.361000000
82.815944,15.362000000
82.815985,15.363000000
82.827873,15.364000000
82.832987,15.365000000
82.845222,15.366000000
82.855394,15.367000000
82.855443,15.368000000
82.867838,15.369000000
82.868447,15.370000000
82.879692,15.371000000
82.888509,15.372000000
82.893472,15.373000000
82.903831,15.374000000
82.912684,15.375000000
82.913637,15.376000000
82.925821,15.377000000
82.930061,15.378000000
82.939379,15.379000000
82.955187,15.380000000
82.963273,15.381000000
82.963317,15.382000000
82.978825,15.383000000
82.978871,15.384000000
82.991053,15.385000000
83.010510,15.386000000
83.018888,15.387000000
83.030024,15.388000000
83.053895,15.389000000
83.068020,15.390000000
83.083693,15.391000000
83.094061,15.392000000
83.105199,15.393000000
83.115689,15.394000000
83.115735,15.395000000
83.158170,15.396000000
83.160562,15.397000000
83.180043,15.398000000
83.181775,15.399000000
83.211955,15.400000000
83.223130,15.401000000
83.238545,15.402000000
83.252207,15.403000000
83.257919,15.404000000
83.274257,15.405000000
83.286444,15.406000000
83.295607,15.407000000
83.310581,15.408000000
83.316203,15.409000000
83.316364,15.410000000
83.352171,15.411000000
83.373304,15.412000000
83.380759,15.413000000
83.399735,15.414000000
83.400175,15.415000000
83.412551,15.416000000
83.418352,15.417000000
83.428334,15.418000000
83.436506,15.419000000
83.443376,15.420000000
83.453404,15.421000000
83.461229,15.422000000
83.469065,15.423000000
83.482248,15.424000000
83.486559,15.425000000
83.492432,15.426000000
83.502500,15.427000000
83.510807,15.428000000
83.519821,15.429000000
83.519879,15.430000000
83.533293,15.431000000
83.537224,15.432000000
83.547852,15.433000000
83.566532,15.434000000
83.566613,15.435000000
83.579008,15.436000000
83.585540,15.437000000
83.589705,15.438000000
83.603107,15.439000000
83.610969,15.440000000
83.615062,15.441000000
83.626096,15.442000000
83.631493,15.443000000
83.638703,15.444000000
83.645149,15.445000000
83.653625,15.446000000
83.663786,15.447000000
83.667356,15.448000000
83.687038,15.449000000
83.690333,15.450000000
83.705386,15.451000000
83.713583,15.452000000
83.713653,15.453000000
83.727132,15.454000000
83.731394,15.455000000
83.744904,15.456000000
83.763331,15.457000000
83.769668,15.458000000
83.779011,15.459000000
83.791132,15.460000000
83.796926,15.461000000
83.803733,15.462000000
83.817693,15.463000000
83.818167,15.464000000
83.831109,15.465000000
83.838875,15.466000000
83.842783,15.467000000
83.850799,15.468000000
83.855305,15.469000000
83.865106,15.470000000
83.871747,15.471000000
83.886401,15.472000000
83.886883,15.473000000
83.899139,15.474000000
83.904677,15.475000000
83.907896,15.476000000
83.914199,15.477000000
83.930630,15.478000000
83.932962,15.479000000
83.936753,15.480000000
83.946892,15.481000000
83.953610,15.482000000
83.968355,15.483000000
83.968411,15.484000000
83.975688,15.485000000
83.983068,15.486000000
83.989636,15.487000000
83.995602,15.488000000
84.004569,15.489000000
84.012506,15.490000000
84.019349,15.491000000
84.021336,15.492000000
84.034667,15.493000000
84.044924,15.494000000
84.056983,15.495000000
84.071995,15.496000000
84.072061,15.497000000
84.091316,15.498000000
84.103815,15.499000000
84.144140,15.500000000
84.163148,15.501000000
84.174945,15.502000000
84.194840,15.503000000
84.209616,15.504000000
84.218576,15.505000000
84.234781,15.506000000
84.236862,15.507000000
84.247434,15.508000000
84.252472,15.509000000
84.277761,15.510000000
84.288478,15.511000000
84.288527,15.512000000
84.304682,15.513000000
84.307357,15.514000000
84.335337,15.515000000
84.346971,15.516000000
84.347060,15.517000000
84.352499,15.518000000
84.355122,15.519000000
84.356403,15.520000000
84.367587,15.521000000
84.371094,15.522000000
84.376741,15.523000000
84.398892,15.524000000
84.412827,15.525000000
84.423939,15.526000000
84.450358,15.527000000
84.459317,15.528000000
84.486076,15.529000000
84.489016,15.530000000
84.491171,15.531000000
84.493317,15.532000000
84.495690,15.533000000
84.505125,15.534000000
84.511067,15.535000000
84.516792,15.536000000
84.519984,15.537000000
84.529741,15.538000000
84.541197,15.539000000
84.550453,15.540000000
84.559189,15.541000000
84.566078,15.542000000
84.592498,15.543000000
84.598589,15.544000000
84.609764,15.545000000
84.619146,15.546000000
84.633484,15.547000000
84.643811,15.548000000
84.658566,15.549000000
84.670609,15.550000000
84.686508,15.551000000
84.694756,15.552000000
84.710056,15.553000000
84.719418,15.554000000
84.732022,15.555000000
84.741580,15.556000000
84.754615,15.557000000
84.762895,15.558000000
84.773433,15.559000000
84.784341,15.560000000
84.793021,15.561000000
84.803452,15.562000000
84.812991,15.563000000
84.823929,15.564000000
84.831473,15.565000000
84.841797,15.566000000
84.859241,15.567000000
84.876536,15.568000000
84.885220,15.569000000
84.902123,15.570000000
84.913613,15.571000000
84.934579,15.572000000
84.949749,15.573000000
84.962815,15.574000000
84.970544,15.575000000
84.981626,15.576000000
84.988069,15.577000000
84.997410,15.578000000
85.006587,15.579000000
85.016384,15.580000000
85.024005,15.581000000
85.033885,15.582000000
85.042523,15.583000000
85.051646,15.584000000
85.065022,15.585000000
85.073188,15.586000000
85.084168,15.587000000
85.102098,15.588000000
85.110692,15.589000000
85.123041,15.590000000
85.134288,15.591000000
85.142418,15.592000000
85.153966,15.593000000
85.163949,15.594000000
85.174162,15.595000000
85.185500,15.596000000
85.203234,15.597000000
85.213089,15.598000000
85.224989,15.599000000
85.251124,15.600000000
85.266777,15.601000000
85.282915,15.602000000
85.290966,15.603000000
85.305625,15.604000000
85.318761,15.605000000
85.330237,15.606000000
85.351919,15.607000000
85.356317,15.608000000
85.363818,15.609000000
85.393050,15.610000000
85.399455,15.611000000
85.422836,15.612000000
85.433218,15.613000000
85.437282,15.614000000
85.450863,15.615000000
85.459231,15.616000000
85.469059,15.617000000
85.472550,15.618000000
85.503656,15.619000000
85.506798,15.620000000
85.519650,15.621000000
85.528096,15.622000000
85.542471,15.623000000
85.570876,15.624000000
85.582370,15.625000000
85.592645,15.626000000
85.602073,15.627000000
85.614464,15.628000000
85.626900,15.629000000
85.631330,15.630000000
85.655604,15.631000000
85.670056,15.632000000
85.670262,15.633000000
85.673384,15.634000000
85.684448,15.635000000
85.685220,15.636000000
85.698196,15.637000000
85.705359,15.638000000
85.715204,15.639000000
85.736082,15.640000000
85.750438,15.641000000
85.755935,15.642000000
85.781455,15.643000000
85.785508,15.644000000
85.792650,15.645000000
85.807416,15.646000000
85.819305,15.647000000
85.821974,15.648000000
85.845478,15.649000000
85.854857,15.650000000
85.862000,15.651000000
85.874500,15.652000000
85.880682,15.653000000
85.887140,15.654000000
85.915097,15.655000000
85.928855,15.656000000
85.940852,15.657000000
85.949972,15.658000000
85.963341,15.659000000
85.972125,15.660000000
85.983448,15.661000000
85.989647,15.662000000
86.009435,15.663000000
86.016550,15.664000000
86.041493,15.665000000
86.053034,15.666000000
86.053085,15.667000000
86.092465,15.668000000
86.096942,15.669000000
86.108896,15.670000000
86.116854,15.671000000
86.116917,15.672000000
86.116958,15.673000000
86.116996,15.674000000
86.118954,15.675000000
86.132634,15.676000000
86.132695,15.677000000
86.132734,15.678000000
86.153942,15.679000000
86.154037,15.680000000
86.154082,15.681000000
86.154124,15.682000000
86.154162,15.683000000
86.154198,15.684000000
86.183172,15.685000000
86.191889,15.686000000
86.191955,15.687000000
86.203321,15.688000000
86.203633,15.689000000
86.204101,15.690000000
86.216581,15.691000000
86.229378,15.692000000
86.229474,15.693000000
86.229517,15.694000000
86.240431,15.695000000
86.242555,15.696000000
86.243177,15.697000000
86.267202,15.698000000
86.288085,15.699000000
86.288173,15.700000000
86.288219,15.701000000
86.304595,15.702000000
86.304783,15.703000000
86.305256,15.704000000
86.307967,15.705000000
86.312515,15.706000000
86.312585,15.707000000
86.316745,15.708000000
86.316841,15.709000000
86.357152,15.710000000
86.368289,15.711000000
86.383057,15.712000000
86.400951,15.713000000
86.411958,15.714000000
86.418722,15.715000000
86.429802,15.716000000
86.437850,15.717000000
86.443801,15.718000000
86.449930,15.719000000
86.461810,15.720000000
86.472174,15.721000000
86.474921,15.722000000
86.481231,15.723000000
86.485479,15.724000000
86.491266,15.725000000
86.497991,15.726000000
86.498061,15.727000000
86.508850,15.728000000
86.508947,15.729000000
86.508989,15.730000000
86.509721,15.731000000
86.514772,15.732000000
86.520837,15.733000000
86.526148,15.734000000
86.526672,15.735000000
86.542587,15.736000000
86.542990,15.737000000
86.557633,15.738000000
86.557853,15.739000000
86.569699,15.740000000
86.569874,15.741000000
86.569918,15.742000000
86.596388,15.743000000
86.604448,15.744000000
86.604528,15.745000000
86.604573,15.746000000
86.620843,15.747000000
86.621037,15.748000000
86.621109,15.749000000
86.621149,15.750000000
86.643423,15.751000000
86.643656,15.752000000
86.643714,15.753000000
86.674895,15.754000000
86.676837,15.755000000
86.691119,15.756000000
86.691528,15.757000000
86.694988,15.758000000
86.697784,15.759000000
86.727395,15.760000000
86.746063,15.761000000
86.748266,15.762000000
86.759309,15.763000000
86.770452,15.764000000
86.780920,15.765000000
86.788636,15.766000000
86.798026,15.767000000
86.806951,15.768000000
86.807083,15.769000000
86.807131,15.770000000
86.817924,15.771000000
86.818000,15.772000000
86.818042,15.773000000
86.818083,15.774000000
86.818120,15.775000000
86.818157,15.776000000
86.827687,15.777000000
86.827765,15.778000000
86.829465,15.779000000
86.831884,15.780000000
86.837244,15.781000000
86.845839,15.782000000
86.845912,15.783000000
86.845954,15.784000000
86.862457,15.785000000
86.876624,15.786000000
86.877142,15.787000000
86.877200,15.788000000
86.884786,15.789000000
86.884862,15.790000000
86.884914,15.791000000
86.923205,15.792000000
86.923321,15.793000000
86.923366,15.794000000
86.923405,15.795000000
86.938942,15.796000000
86.939446,15.797000000
86.948784,15.798000000
86.950359,15.799000000
86.955630,15.800000000
86.955670,15.801000000
86.961785,15.802000000
86.989125,15.803000000
86.996708,15.804000000
87.011696,15.805000000
87.017780,15.806000000
87.022409,15.807000000
87.042157,15.808000000
87.051318,15.809000000
87.061133,15.810000000
87.069658,15.811000000
87.081574,15.812000000
87.087725,15.813000000
87.099753,15.814000000
87.113067,15.815000000
87.126983,15.816000000
87.133041,15.817000000
87.145144,15.818000000
87.154742,15.819000000
87.162466,15.820000000
87.169943,15.821000000
87.191132,15.822000000
87.196021,15.823000000
87.220824,15.824000000
87.232444,15.825000000
87.237942,15.826000000
87.250198,15.827000000
87.260349,15.828000000
87.265042,15.829000000
87.290734,15.830000000
87.295554,15.831000000
87.303088,15.832000000
87.311618,15.833000000
87.311923,15.834000000
87.327603,15.835000000
87.327650,15.836000000
87.332613,15.837000000
87.333131,15.838000000
87.347380,15.839000000
87.347668,15.840000000
87.356556,15.841000000
87.359161,15.842000000
87.371726,15.843000000
87.375507,15.844000000
87.390213,15.845000000
87.407575,15.846000000
87.435711,15.847000000
87.440981,15.848000000
87.468684,15.849000000
87.473074,15.850000000
87.475485,15.851000000
87.479102,15.852000000
87.481783,15.853000000
87.484577,15.854000000
87.488933,15.855000000
87.495398,15.856000000
87.500601,15.857000000
87.503796,15.858000000
87.508240,15.859000000
87.511569,15.860000000
87.541329,15.861000000
87.546207,15.862000000
87.551328,15.863000000
87.557654,15.864000000
87.584274,15.865000000
87.590976,15.866000000
87.598773,15.867000000
87.611859,15.868000000
87.616213,15.869000000
87.627172,15.870000000
87.653596,15.871000000
87.657676,15.872000000
87.668745,15.873000000
87.689742,15.874000000
87.693552,15.875000000
87.729196,15.876000000
87.742719,15.877000000
87.754251,15.878000000
87.764035,15.879000000
87.770109,15.880000000
87.782896,15.881000000
87.786906,15.882000000
87.799030,15.883000000
87.805727,15.884000000
87.813791,15.885000000
87.822088,15.886000000
87.830429,15.887000000
87.840337,15.888000000
87.854740,15.889000000
87.861531,15.890000000
87.865564,15.891000000
87.881057,15.892000000
87.887305,15.893000000
87.900213,15.894000000
87.905979,15.895000000
87.910211,15.896000000
87.917822,15.897000000
87.934899,15.898000000
87.942322,15.899000000
87.954074,15.900000000
87.977157,15.901000000
87.980349,15.902000000
87.993776,15.903000000
88.038461,15.904000000
88.050488,15.905000000
88.061028,15.906000000
88.066850,15.907000000
88.081891,15.908000000
88.084537,15.909000000
88.096918,15.910000000
88.102844,15.911000000
88.115003,15.912000000
88.121087,15.913000000
88.132734,15.914000000
88.140641,15.915000000
88.146594,15.916000000
88.157570,15.917000000
88.161944,15.918000000
88.182402,15.919000000
88.185946,15.920000000
88.188990,15.921000000
88.211204,15.922000000
88.217125,15.923000000
88.229796,15.924000000
88.234938,15.925000000
88.241817,15.926000000
88.245608,15.927000000
88.264798,15.928000000
88.265465,15.929000000
88.276626,15.930000000
88.284490,15.931000000
88.289654,15.932000000
88.318810,15.933000000
88.327656,15.934000000
88.336032,15.935000000
88.339593,15.936000000
88.349616,15.937000000
88.355924,15.938000000
88.370581,15.939000000
88.395225,15.940000000
88.406766,15.941000000
88.415051,15.942000000
88.421654,15.943000000
88.447265,15.944000000
88.447329,15.946000000
88.448952,15.947000000
88.451298,15.948000000
88.453836,15.949000000
88.457310,15.950000000
88.460029,15.951000000
88.462341,15.952000000
88.467047,15.953000000
88.469310,15.954000000
88.473789,15.955000000
88.479899,15.956000000
88.482463,15.957000000
88.485028,15.958000000
88.489144,15.959000000
88.491242,15.960000000
88.493718,15.961000000
88.495902,15.962000000
88.502580,15.963000000
88.506088,15.964000000
88.509562,15.965000000
88.512762,15.966000000
88.528685,15.967000000
88.549588,15.968000000
88.553414,15.969000000
88.570141,15.970000000
88.582261,15.971000000
88.586072,15.972000000
88.593608,15.973000000
88.627361,15.974000000
88.632132,15.975000000
88.634556,15.976000000
88.642441,15.977000000
88.648690,15.978000000
88.696545,15.979000000
88.708339,15.980000000
88.718918,15.981000000
88.726027,15.982000000
88.741534,15.983000000
88.750389,15.984000000
88.759887,15.985000000
88.763602,15.986000000
88.766963,15.987000000
88.770631,15.988000000
88.781609,15.989000000
88.784868,15.990000000
88.789360,15.991000000
88.793042,15.992000000
88.803788,15.993000000
88.817388,15.994000000
88.842114,15.995000000
88.849092,15.996000000
88.853731,15.997000000
88.867199,15.998000000
88.872901,15.999000000
88.877101,16.000000000
88.885966,16.001000000
88.891309,16.002000000
88.898772,16.003000000
88.922911,16.004000000
88.926715,16.005000000
88.932806,16.006000000
88.947756,16.007000000
88.951643,16.008000000
88.956251,16.009000000
88.985121,16.010000000
88.992510,16.011000000
89.004000,16.012000000
89.011661,16.013000000
89.022701,16.014000000
89.030568,16.015000000
89.038619,16.016000000
89.050144,16.017000000
89.059645,16.018000000
89.063900,16.019000000
89.075464,16.020000000
89.083351,16.021000000
89.093887,16.022000000
89.100202,16.023000000
89.106307,16.024000000
89.135533,16.025000000
89.141228,16.026000000
89.165837,16.027000000
89.172356,16.028000000
89.186163,16.029000000
89.195353,16.030000000
89.206418,16.031000000
89.212052,16.032000000
89.236780,16.033000000
89.246052,16.034000000
89.249496,16.035000000
89.265119,16.036000000
89.278660,16.037000000
89.287634,16.038000000
89.317094,16.039000000
89.329352,16.040000000
89.338788,16.041000000
89.345228,16.042000000
89.352536,16.043000000
89.362387,16.044000000
89.369585,16.045000000
89.379511,16.046000000
89.391271,16.047000000
89.397267,16.048000000
89.404626,16.049000000
89.412757,16.050000000
89.420376,16.051000000
89.430737,16.052000000
89.437559,16.053000000
89.440769,16.054000000
89.459982,16.055000000
89.460122,16.056000000
89.462722,16.057000000
89.471423,16.058000000
89.471524,16.059000000
89.479347,16.060000000
89.480447,16.061000000
89.482284,16.062000000
89.506036,16.063000000
89.506539,16.064000000
89.513266,16.065000000
89.526342,16.066000000
89.551950,16.067000000
89.554829,16.068000000
89.564844,16.069000000
89.572680,16.070000000
89.584015,16.071000000
89.586898,16.072000000
89.641971,16.073000000
89.654133,16.074000000
89.670230,16.075000000
89.673761,16.076000000
89.678428,16.077000000
89.684689,16.078000000
89.692335,16.079000000
89.701872,16.080000000
89.709923,16.081000000
89.712185,16.082000000
89.714387,16.083000000
89.716603,16.084000000
89.725821,16.085000000
89.728778,16.086000000
89.731087,16.087000000
89.733222,16.088000000
89.735294,16.089000000
89.737376,16.090000000
89.739417,16.091000000
89.741515,16.092000000
89.743548,16.093000000
89.746072,16.094000000
89.748307,16.095000000
89.750516,16.096000000
89.752854,16.097000000
89.754929,16.098000000
89.756985,16.099000000
89.759093,16.100000000
89.761512,16.101000000
89.763685,16.102000000
89.770671,16.103000000
89.773203,16.104000000
89.775381,16.105000000
89.777450,16.106000000
89.779524,16.107000000
89.788445,16.108000000
89.790746,16.109000000
89.792961,16.110000000
89.795065,16.111000000
89.806620,16.112000000
89.814342,16.113000000
89.848767,16.114000000
89.866219,16.115000000
89.886667,16.116000000
89.899992,16.117000000
89.908367,16.118000000
89.928793,16.119000000
89.943265,16.120000000
89.949686,16.121000000
89.976869,16.122000000
89.982106,16.123000000
89.988993,16.124000000
90.003423,16.125000000
90.005451,16.126000000
90.015383,16.127000000
90.021264,16.128000000
90.029558,16.129000000
90.050734,16.130000000
90.067530,16.131000000
90.076394,16.132000000
90.084630,16.133000000
90.089079,16.134000000
90.108217,16.135000000
90.117665,16.136000000
90.126409,16.137000000
90.133101,16.138000000
90.149778,16.139000000
90.154254,16.140000000
90.157198,16.141000000
90.161224,16.142000000
90.181226,16.143000000
90.186155,16.144000000
90.218558,16.145000000
90.231489,16.146000000
90.242420,16.147000000
90.259555,16.148000000
90.269443,16.149000000
90.287924,16.150000000
90.289985,16.151000000
90.301227,16.152000000
90.315060,16.153000000
90.317340,16.154000000
90.328093,16.155000000
90.339088,16.156000000
90.352323,16.157000000
90.367949,16.158000000
90.396096,16.159000000
90.412659,16.160000000
90.414923,16.161000000
90.418743,16.162000000
90.425636,16.163000000
90.428436,16.164000000
90.430573,16.165000000
90.432786,16.166000000
90.450348,16.167000000
90.479279,16.168000000
90.484419,16.169000000
90.505222,16.170000000
90.533689,16.171000000
90.553794,16.172000000
90.573756,16.173000000
90.596615,16.174000000
90.604329,16.175000000
90.627537,16.176000000
90.637564,16.177000000
90.643086,16.178000000
90.662586,16.179000000
90.675488,16.180000000
90.680483,16.181000000
90.691675,16.182000000
90.702075,16.183000000
90.707898,16.184000000
90.729785,16.185000000
90.735957,16.186000000
90.744961,16.187000000
90.768765,16.188000000
90.772042,16.189000000
90.798388,16.190000000
90.811842,16.191000000
90.823409,16.192000000
90.830316,16.193000000
90.839039,16.194000000
90.853703,16.195000000
90.859498,16.196000000
90.871608,16.197000000
90.889666,16.198000000
90.899321,16.199000000
90.907566,16.200000000
90.920168,16.201000000
90.928891,16.202000000
90.936300,16.203000000
90.936356,16.204000000
90.936397,16.205000000
90.941038,16.206000000
90.959498,16.207000000
90.968663,16.208000000
90.976402,16.209000000
90.976488,16.210000000
90.989825,16.211000000
90.993561,16.212000000
90.997045,16.213000000
91.003768,16.214000000
91.006375,16.215000000
91.011929,16.216000000
91.025519,16.217000000
91.034004,16.218000000
91.036978,16.219000000
91.040900,16.220000000
91.043862,16.221000000
91.050659,16.222000000
91.064997,16.223000000
91.068274,16.224000000
91.079803,16.225000000
91.082260,16.226000000
91.106862,16.227000000
91.113293,16.228000000
91.124911,16.229000000
91.149391,16.230000000
91.151781,16.231000000
91.154095,16.232000000
91.191793,16.233000000
91.204889,16.234000000
91.211735,16.235000000
91.224241,16.236000000
91.246643,16.237000000
91.254349,16.238000000
91.274086,16.239000000
91.286212,16.240000000
91.295152,16.241000000
91.306041,16.242000000
91.316420,16.243000000
91.369535,16.244000000
91.370528,16.245000000
91.404939,16.246000000
91.414505,16.247000000
91.421614,16.248000000
91.430037,16.249000000
91.435991,16.250000000
91.465742,16.251000000
91.469349,16.252000000
91.478004,16.253000000
91.494793,16.254000000
91.502142,16.255000000
91.534179,16.256000000
91.550773,16.257000000
91.558807,16.258000000
91.572247,16.259000000
91.583179,16.260000000
91.592693,16.261000000
91.600672,16.262000000
91.612510,16.263000000
91.622902,16.264000000
91.635943,16.265000000
91.638231,16.266000000
91.654029,16.267000000
91.654195,16.268000000
91.667471,16.269000000
91.667602,16.270000000
91.667645,16.271000000
91.683404,16.272000000
91.692255,16.273000000
91.704535,16.274000000
91.712045,16.275000000
91.757001,16.276000000
91.757066,16.277000000
91.773569,16.278000000
91.781454,16.279000000
91.781944,16.280000000
91.790575,16.281000000
91.796073,16.282000000
91.803181,16.283000000
91.812047,16.284000000
91.819665,16.285000000
91.826407,16.286000000
91.834383,16.287000000
91.856108,16.288000000
91.867720,16.289000000
91.877772,16.290000000
91.888595,16.291000000
91.895192,16.292000000
91.910160,16.293000000
91.922609,16.294000000
91.926774,16.295000000
91.931312,16.296000000
91.937449,16.297000000
91.948896,16.298000000
91.954249,16.299000000
91.970188,16.300000000
91.987635,16.301000000
92.005433,16.302000000
92.027294,16.303000000
92.033698,16.304000000
92.049906,16.305000000
92.062729,16.306000000
92.083144,16.307000000
92.098068,16.308000000
92.106165,16.309000000
92.138639,16.310000000
92.143996,16.311000000
92.156815,16.312000000
92.162718,16.313000000
92.168166,16.314000000
92.178899,16.315000000
92.189052,16.316000000
92.193450,16.317000000
92.227202,16.318000000
92.233221,16.319000000
92.239022,16.320000000
92.243819,16.321000000
92.243858,16.322000000
92.253716,16.323000000
92.253765,16.324000000
92.275871,16.325000000
92.279135,16.326000000
92.293739,16.327000000
92.295777,16.328000000
92.303407,16.329000000
92.303478,16.330000000
92.313953,16.331000000
92.314224,16.332000000
92.322588,16.333000000
92.334635,16.334000000
92.334912,16.335000000
92.338629,16.336000000
92.347913,16.337000000
92.348584,16.338000000
92.351387,16.339000000
92.361695,16.340000000
92.367386,16.341000000
92.371370,16.342000000
92.377044,16.343000000
92.381024,16.344000000
92.381316,16.345000000
92.384996,16.346000000
92.385254,16.347000000
92.389615,16.348000000
92.389648,16.349000000
92.391021,16.350000000
92.410387,16.351000000
92.425229,16.352000000
92.432530,16.353000000
92.440098,16.354000000
92.440326,16.355000000
92.448032,16.356000000
92.452159,16.357000000
92.456349,16.358000000
92.459117,16.359000000
92.472248,16.360000000
92.477559,16.361000000
92.487963,16.362000000
92.489938,16.363000000
92.494340,16.364000000
92.496935,16.365000000
92.498940,16.366000000
92.515809,16.367000000
92.518041,16.368000000
92.520821,16.369000000
92.524081,16.370000000
92.526660,16.371000000
92.528814,16.372000000
92.537879,16.373000000
92.541680,16.374000000
92.548420,16.375000000
92.557022,16.376000000
92.559005,16.377000000
92.563503,16.378000000
92.565614,16.379000000
92.567775,16.380000000
92.579620,16.381000000
92.580329,16.382000000
92.583740,16.383000000
92.612182,16.384000000
92.614897,16.385000000
92.621200,16.386000000
92.625257,16.387000000
92.631008,16.388000000
92.636951,16.389000000
92.643150,16.390000000
92.649028,16.391000000
92.654644,16.392000000
92.658701,16.393000000
92.665708,16.394000000
92.672569,16.395000000
92.677055,16.396000000
92.682482,16.397000000
92.688313,16.398000000
92.692949,16.399000000
92.698665,16.400000000
92.704361,16.401000000
92.710628,16.402000000
92.716909,16.403000000
92.722054,16.404000000
92.729424,16.405000000
92.733526,16.406000000
92.739680,16.407000000
92.745459,16.408000000
92.751488,16.409000000
92.755613,16.410000000
92.762462,16.411000000
92.771137,16.412000000
92.773291,16.413000000
92.778505,16.414000000
92.784585,16.415000000
92.790258,16.416000000
92.797266,16.417000000
92.801726,16.418000000
92.803925,16.419000000
92.805959,16.420000000
92.808229,16.421000000
92.810340,16.422000000
92.819955,16.423000000
92.824273,16.424000000
92.826587,16.425000000
92.830141,16.426000000
92.832343,16.427000000
92.834688,16.428000000
92.837071,16.429000000
92.839146,16.430000000
92.841750,16.431000000
92.843885,16.432000000
92.846009,16.433000000
92.869895,16.434000000
92.873718,16.435000000
92.891232,16.436000000
92.898982,16.437000000
92.902763,16.438000000
92.905653,16.439000000
92.909311,16.440000000
92.922821,16.441000000
92.927019,16.442000000
92.930804,16.443000000
92.932945,16.444000000
92.935030,16.445000000
92.937238,16.446000000
92.940944,16.447000000
92.945060,16.448000000
92.947273,16.449000000
92.949749,16.450000000
92.951945,16.451000000
92.968601,16.452000000
92.970336,16.453000000
92.972332,16.454000000
92.974526,16.455000000
92.986891,16.456000000
92.990993,16.457000000
93.013019,16.458000000
93.028307,16.459000000
93.047174,16.460000000
93.064954,16.461000000
93.090725,16.462000000
93.102086,16.463000000
93.114362,16.464000000
93.138230,16.465000000
93.166354,16.466000000
93.173218,16.467000000
93.193168,16.468000000
93.214007,16.469000000
93.228720,16.470000000
93.235173,16.471000000
93.249468,16.472000000
93.266638,16.473000000
93.266686,16.474000000
93.282539,16.475000000
93.302593,16.476000000
93.302639,16.477000000
93.314278,16.478000000
93.338104,16.479000000
93.338177,16.480000000
93.346639,16.481000000
93.346683,16.482000000
93.352468,16.483000000
93.354320,16.484000000
93.360387,16.485000000
93.362385,16.486000000
93.375064,16.487000000
93.375111,16.488000000
93.386427,16.489000000
93.390522,16.490000000
93.390578,16.491000000
93.413007,16.492000000
93.413056,16.498000000
93.416080,16.499000000
93.446919,16.500000000
93.457845,16.501000000
93.476937,16.502000000
93.477254,16.503000000
93.493044,16.504000000
93.495730,16.505000000
93.509271,16.506000000
93.509316,16.507000000
93.522441,16.508000000
93.542809,16.509000000
93.542860,16.510000000
93.542890,16.511000000
93.567155,16.512000000
93.567211,16.514000000
93.589425,16.515000000
93.608272,16.516000000
93.622975,16.517000000
93.632393,16.518000000
93.632436,16.520000000
93.648674,16.521000000
93.648721,16.523000000
93.658727,16.524000000
93.658769,16.525000000
93.666864,16.526000000
93.666910,16.527000000
93.673369,16.528000000
93.677947,16.529000000
93.683046,16.530000000
93.700886,16.531000000
93.700931,16.532000000
93.705678,16.533000000
93.713377,16.534000000
93.728550,16.535000000
93.755230,16.536000000
93.761519,16.537000000
93.773472,16.538000000
93.785496,16.539000000
93.801483,16.540000000
93.815158,16.541000000
93.827617,16.542000000
93.840138,16.543000000
93.851389,16.544000000
93.859694,16.545000000
93.868530,16.546000000
93.879048,16.547000000
93.890496,16.548000000
93.896913,16.549000000
93.903107,16.550000000
93.907554,16.551000000
93.921426,16.552000000
93.928744,16.553000000
93.940583,16.554000000
93.953506,16.555000000
93.965879,16.556000000
93.980699,16.557000000
93.985314,16.558000000
94.010941,16.559000000
94.013813,16.560000000
94.018769,16.561000000
94.028226,16.562000000
94.032627,16.563000000
94.040979,16.564000000
94.075324,16.565000000
94.076217,16.566000000
94.099732,16.567000000
94.105123,16.568000000
94.112289,16.569000000
94.142033,16.570000000
94.151218,16.571000000
94.157183,16.572000000
94.163528,16.573000000
94.166174,16.574000000
94.188580,16.575000000
94.191013,16.576000000
94.193180,16.577000000
94.195882,16.578000000
94.211506,16.579000000
94.232312,16.580000000
94.246427,16.581000000
94.256597,16.582000000
94.274428,16.583000000
94.293595,16.584000000
94.302352,16.585000000
94.307632,16.586000000
94.311690,16.587000000
94.325325,16.588000000
94.329462,16.589000000
94.334886,16.590000000
94.339935,16.591000000
94.353055,16.592000000
94.357064,16.593000000
94.363092,16.594000000
94.371351,16.595000000
94.378795,16.596000000
94.385494,16.597000000
94.394173,16.598000000
94.404232,16.599000000
94.407038,16.600000000
94.412336,16.601000000
94.418015,16.602000000
94.429804,16.603000000
94.433600,16.604000000
94.437724,16.605000000
94.446889,16.606000000
94.451385,16.607000000
94.457622,16.608000000
94.464424,16.609000000
94.474157,16.610000000
94.478348,16.611000000
94.482626,16.612000000
94.485910,16.613000000
94.488167,16.614000000
94.491042,16.615000000
94.494424,16.616000000
94.499111,16.617000000
94.504678,16.618000000
94.506874,16.619000000
94.508892,16.620000000
94.513645,16.621000000
94.524885,16.622000000
94.529270,16.623000000
94.540736,16.624000000
94.551301,16.625000000
94.569082,16.626000000
94.579562,16.627000000
94.587482,16.628000000
94.594663,16.629000000
94.599042,16.630000000
94.610836,16.631000000
94.622281,16.632000000
94.631987,16.633000000
94.647954,16.634000000
94.664318,16.635000000
94.687392,16.636000000
94.693207,16.637000000
94.703793,16.638000000
94.714867,16.639000000
94.724578,16.640000000
94.735052,16.641000000
94.747515,16.642000000
94.758236,16.643000000
94.770363,16.644000000
94.777102,16.645000000
94.788702,16.646000000
94.801275,16.647000000
94.806268,16.648000000
94.830599,16.649000000
94.836812,16.650000000
94.858125,16.651000000
94.869819,16.652000000
94.901992,16.653000000
94.922161,16.654000000
94.941553,16.655000000
94.948378,16.656000000
94.955829,16.657000000
94.965909,16.658000000
94.965955,16.659000000
94.990990,16.660000000
94.991036,16.661000000
94.999514,16.662000000
95.011883,16.663000000
95.017344,16.664000000
95.028787,16.665000000
95.062289,16.666000000
95.063055,16.667000000
95.082642,16.668000000
95.082688,16.669000000
95.105134,16.670000000
95.116740,16.671000000
95.142060,16.672000000
95.142105,16.673000000
95.158623,16.674000000
95.165787,16.675000000
95.171866,16.676000000
95.177740,16.677000000
95.193260,16.678000000
95.193309,16.679000000
95.210772,16.680000000
95.210825,16.681000000
95.224325,16.682000000
95.256147,16.683000000
95.287686,16.684000000
95.296761,16.685000000
95.306518,16.686000000
95.311337,16.687000000
95.330747,16.688000000
95.335314,16.689000000
95.360367,16.690000000
95.365457,16.691000000
95.378791,16.692000000
95.388506,16.693000000
95.396534,16.694000000
95.403533,16.695000000
95.406059,16.696000000
95.413795,16.697000000
95.420860,16.698000000
95.424679,16.699000000
95.430930,16.700000000
95.437369,16.701000000
95.443172,16.702000000
95.449692,16.703000000
95.455839,16.704000000
95.461841,16.705000000
95.469702,16.706000000
95.475505,16.707000000
95.481991,16.708000000
95.487772,16.709000000
95.510420,16.710000000
95.522296,16.711000000
95.530930,16.712000000
95.541759,16.713000000
95.547864,16.714000000
95.556758,16.715000000
95.562685,16.716000000
95.569584,16.717000000
95.577919,16.718000000
95.593130,16.719000000
95.630288,16.720000000
95.634890,16.721000000
95.664290,16.722000000
95.686592,16.723000000
95.695000,16.724000000
95.701401,16.725000000
95.704967,16.726000000
95.708985,16.727000000
95.711252,16.728000000
95.720548,16.729000000
95.724723,16.730000000
95.729098,16.731000000
95.732701,16.732000000
95.734961,16.733000000
95.743024,16.734000000
95.748933,16.735000000
95.768552,16.736000000
95.773766,16.737000000
95.780112,16.738000000
95.793520,16.739000000
95.795929,16.740000000
95.803275,16.741000000
95.813203,16.742000000
95.840967,16.743000000
95.848540,16.744000000
95.864060,16.745000000
95.868927,16.746000000
95.885394,16.747000000
95.894648,16.748000000
95.910170,16.749000000
95.922047,16.750000000
95.940416,16.751000000
95.950999,16.752000000
95.960148,16.753000000
95.968081,16.754000000
95.973863,16.755000000
95.988899,16.756000000
95.994918,16.757000000
96.001597,16.758000000
96.015321,16.759000000
96.033049,16.760000000
96.040269,16.761000000
96.045072,16.762000000
96.057033,16.763000000
96.062597,16.764000000
96.070124,16.765000000
96.090181,16.766000000
96.095950,16.767000000
96.102266,16.768000000
96.117448,16.769000000
96.123440,16.770000000
96.156386,16.771000000
96.168323,16.772000000
96.183652,16.773000000
96.188760,16.774000000
96.202591,16.775000000
96.214364,16.776000000
96.224409,16.777000000
96.237016,16.778000000
96.249117,16.779000000
96.263572,16.780000000
96.275147,16.781000000
96.280647,16.782000000
96.286756,16.783000000
96.293635,16.784000000
96.305392,16.785000000
96.308182,16.786000000
96.333590,16.787000000
96.342447,16.788000000
96.348672,16.789000000
96.372753,16.790000000
96.375551,16.791000000
96.385299,16.792000000
96.391168,16.793000000
96.403825,16.794000000
96.410902,16.795000000
96.414558,16.796000000
96.418790,16.797000000
96.441628,16.798000000
96.448858,16.799000000
96.453202,16.800000000
96.460551,16.801000000
96.472939,16.802000000
96.478656,16.803000000
96.507601,16.804000000
96.519063,16.805000000
96.528432,16.806000000
96.541567,16.807000000
96.554290,16.808000000
96.564680,16.809000000
96.569583,16.810000000
96.583745,16.811000000
96.597785,16.812000000
96.609055,16.813000000
96.612251,16.814000000
96.621693,16.815000000
96.627190,16.816000000
96.642701,16.817000000
96.650640,16.818000000
96.652902,16.819000000
96.677158,16.820000000
96.689188,16.821000000
96.704354,16.822000000
96.718548,16.823000000
96.725198,16.824000000
96.730516,16.825000000
96.741174,16.826000000
96.772053,16.827000000
96.776346,16.828000000
96.783235,16.829000000
96.797910,16.830000000
96.804410,16.831000000
96.807997,16.832000000
96.841266,16.833000000
96.849260,16.834000000
96.861891,16.835000000
96.873314,16.836000000
96.884417,16.837000000
96.894601,16.838000000
96.905993,16.839000000
96.915625,16.840000000
96.928094,16.841000000
96.936226,16.842000000
96.947695,16.843000000
96.973382,16.844000000
96.982966,16.845000000
96.991828,16.846000000
96.996106,16.847000000
97.014241,16.848000000
97.028122,16.849000000
97.039295,16.850000000
97.046475,16.851000000
97.060205,16.852000000
97.071856,16.853000000
97.079299,16.854000000
97.098959,16.855000000
97.111805,16.856000000
97.116301,16.857000000
97.132545,16.858000000
97.143215,16.859000000
97.163729,16.860000000
97.170596,16.861000000
97.180285,16.862000000
97.185817,16.863000000
97.193957,16.864000000
97.205466,16.865000000
97.214465,16.866000000
97.221714,16.867000000
97.229185,16.868000000
97.239813,16.869000000
97.246234,16.870000000
97.254672,16.871000000
97.263948,16.872000000
97.273891,16.873000000
97.282456,16.874000000
97.285565,16.875000000
97.296882,16.876000000
97.321674,16.877000000
97.330697,16.878000000
97.360179,16.879000000
97.377195,16.880000000
97.381143,16.881000000
97.400505,16.882000000
97.403111,16.883000000
97.411315,16.884000000
97.448266,16.885000000
97.456019,16.886000000
97.465600,16.887000000
97.479587,16.888000000
97.487661,16.889000000
97.492111,16.890000000
97.522279,16.891000000
97.525449,16.892000000
97.540482,16.893000000
97.556390,16.894000000
97.556447,16.895000000
97.564673,16.896000000
97.564727,16.897000000
97.573424,16.898000000
97.586488,16.899000000
97.596373,16.900000000
97.597151,16.901000000
97.609823,16.902000000
97.621467,16.903000000
97.621526,16.904000000
97.631941,16.905000000
97.632033,16.906000000
97.640885,16.907000000
97.640973,16.908000000
97.654685,16.909000000
97.663447,16.910000000
97.663590,16.911000000
97.674638,16.912000000
97.681108,16.913000000
97.694620,16.914000000
97.694698,16.915000000
97.703055,16.916000000
97.708553,16.917000000
97.717784,16.918000000
97.727916,16.919000000
97.727971,16.920000000
97.728010,16.921000000
97.744528,16.922000000
97.750540,16.923000000
97.750615,16.924000000
97.764551,16.925000000
97.764620,16.926000000
97.785862,16.927000000
97.785978,16.928000000
97.786557,16.929000000
97.786772,16.930000000
97.805149,16.931000000
97.814438,16.932000000
97.817060,16.933000000
97.848588,16.934000000
97.848651,16.935000000
97.856808,16.936000000
97.865206,16.937000000
97.881175,16.938000000
97.883229,16.939000000
97.890751,16.940000000
97.904221,16.941000000
97.904274,16.942000000
97.906806,16.943000000
97.920336,16.944000000
97.925659,16.945000000
97.925735,16.946000000
97.927981,16.947000000
97.928423,16.948000000
97.932208,16.949000000
97.932258,16.950000000
97.935091,16.951000000
97.937595,16.952000000
97.939397,16.953000000
97.945401,16.954000000
97.945452,16.955000000
97.945492,16.956000000
97.948251,16.957000000
97.948705,16.958000000
97.952298,16.959000000
97.952685,16.960000000
97.954492,16.961000000
97.959402,16.962000000
97.959450,16.963000000
97.960225,16.964000000
97.968099,16.965000000
97.968156,16.966000000
97.968195,16.967000000
97.970666,16.968000000
97.971009,16.969000000
97.972839,16.970000000
97.978324,16.971000000
97.978374,16.972000000
97.978840,16.973000000
97.981856,16.974000000
97.982222,16.975000000
97.983861,16.976000000
97.997781,16.977000000
97.999867,16.978000000
98.001799,16.979000000
98.013107,16.980000000
98.019758,16.981000000
98.024306,16.982000000
98.041599,16.983000000
98.046051,16.984000000
98.058825,16.985000000
98.066076,16.986000000
98.074790,16.987000000
98.086155,16.988000000
98.092526,16.989000000
98.101172,16.990000000
98.131135,16.991000000
98.136603,16.992000000
98.142385,16.993000000
98.159604,16.994000000
98.164646,16.995000000
98.168554,16.996000000
98.187463,16.997000000
98.194356,16.998000000
98.201144,16.999000000
98.207680,17.000000000
98.215353,17.001000000
98.220254,17.002000000
98.226014,17.003000000
98.232331,17.004000000
98.239594,17.005000000
98.248429,17.006000000
98.256118,17.007000000
98.276339,17.008000000
98.283991,17.009000000
98.290470,17.010000000
98.310371,17.011000000
98.339188,17.012000000
98.344270,17.013000000
98.353678,17.014000000
98.356982,17.015000000
98.366348,17.016000000
98.372319,17.017000000
98.396193,17.018000000
98.405922,17.019000000
98.420030,17.020000000
98.424572,17.021000000
98.434247,17.022000000
98.436612,17.023000000
98.470731,17.024000000
98.476552,17.025000000
98.489657,17.026000000
98.499655,17.027000000
98.506770,17.028000000
98.518993,17.029000000
98.528403,17.030000000
98.534786,17.031000000
98.547234,17.032000000
98.559431,17.033000000
98.568056,17.034000000
98.574095,17.035000000
98.580624,17.036000000
98.585872,17.037000000
98.591438,17.038000000
98.595942,17.039000000
98.607759,17.040000000
98.616431,17.041000000
98.621423,17.042000000
98.646231,17.043000000
98.649524,17.044000000
98.654486,17.045000000
98.669098,17.046000000
98.674242,17.047000000
98.678099,17.048000000
98.709018,17.049000000
98.716903,17.050000000
98.721768,17.051000000
98.730188,17.052000000
98.734119,17.053000000
98.739075,17.054000000
98.763824,17.055000000
98.777785,17.056000000
98.785859,17.057000000
98.797058,17.058000000
98.803690,17.059000000
98.813799,17.060000000
98.824666,17.061000000
98.832515,17.062000000
98.843987,17.063000000
98.851982,17.064000000
98.860117,17.065000000
98.873081,17.066000000
98.883005,17.067000000
98.888867,17.068000000
98.908888,17.069000000
98.922422,17.070000000
98.926940,17.071000000
98.949446,17.072000000
98.965603,17.073000000
98.975097,17.074000000
98.978355,17.075000000
98.982780,17.076000000
98.988038,17.077000000
99.005101,17.078000000
99.008791,17.079000000
99.021987,17.080000000
99.026641,17.081000000
99.035359,17.082000000
99.059747,17.083000000
99.066441,17.084000000
99.088561,17.085000000
99.097683,17.086000000
99.121382,17.087000000
99.134409,17.088000000
99.149176,17.089000000
99.161389,17.090000000
99.173708,17.091000000
99.186364,17.092000000
99.195047,17.093000000
99.214043,17.094000000
99.214108,17.095000000
99.214151,17.096000000
99.225142,17.097000000
99.251175,17.098000000
99.261036,17.099000000
99.274253,17.100000000
99.274330,17.101000000
99.292640,17.102000000
99.298730,17.103000000
99.298785,17.104000000
99.311332,17.105000000
99.311448,17.106000000
99.324409,17.107000000
99.324551,17.108000000
99.339927,17.109000000
99.349988,17.110000000
99.350050,17.111000000
99.359452,17.112000000
99.368243,17.113000000
99.381049,17.114000000
99.381296,17.115000000
99.388950,17.116000000
99.408875,17.117000000
99.411712,17.118000000
99.420815,17.119000000
99.432583,17.120000000
99.438686,17.121000000
99.441889,17.122000000
99.450954,17.123000000
99.460702,17.124000000
99.462502,17.125000000
99.487335,17.126000000
99.494504,17.127000000
99.515475,17.128000000
99.515547,17.129000000
99.531659,17.130000000
99.531811,17.131000000
99.544170,17.132000000
99.555475,17.133000000
99.571570,17.134000000
99.577738,17.135000000
99.596609,17.136000000
99.610262,17.137000000
99.618944,17.138000000
99.628034,17.139000000
99.637102,17.140000000
99.660243,17.141000000
99.670232,17.142000000
99.689204,17.143000000
99.701403,17.144000000
99.703594,17.145000000
99.735926,17.146000000
99.743576,17.147000000
99.743759,17.148000000
99.757433,17.149000000
99.763530,17.150000000
99.778533,17.151000000
99.804491,17.152000000
99.820543,17.153000000
99.844978,17.154000000
99.848926,17.155000000
99.861868,17.156000000
99.904185,17.157000000
99.924937,17.158000000
99.956030,17.159000000
99.963237,17.160000000
99.963749,17.161000000
99.967419,17.162000000
99.972263,17.163000000
99.972608,17.164000000
99.972655,17.165000000
99.973062,17.166000000
99.982702,17.167000000
99.982785,17.168000000
99.982825,17.169000000
99.982863,17.170000000
99.982900,17.171000000
99.995055,17.172000000
99.995153,17.173000000
100.018143,17.174000000
100.018319,17.175000000
100.020573,17.176000000
100.028498,17.177000000
100.032413,17.178000000
100.068665,17.179000000
100.080028,17.180000000
100.080214,17.181000000
100.086268,17.182000000
100.087234,17.183000000
100.101937,17.184000000
100.118932,17.185000000
100.130347,17.186000000
100.135197,17.187000000
100.138841,17.188000000
100.147503,17.189000000
100.158809,17.190000000
100.158849,17.191000000
100.160240,17.192000000
100.172109,17.193000000
100.172432,17.194000000
100.180633,17.195000000
100.189902,17.196000000
100.202596,17.197000000
100.220745,17.198000000
100.235652,17.199000000
100.247485,17.200000000
100.261672,17.201000000
100.277197,17.202000000
100.313349,17.203000000
100.318095,17.204000000
100.328985,17.205000000
100.340718,17.206000000
100.361269,17.207000000
100.361343,17.208000000
100.363762,17.209000000
100.378730,17.210000000
100.379052,17.211000000
100.392660,17.212000000
100.392718,17.213000000
100.392749,17.215000000
100.402741,17.216000000
100.405107,17.217000000
100.413447,17.218000000
100.413521,17.220000000
100.428253,17.221000000
100.433442,17.222000000
100.443865,17.223000000
100.443938,17.224000000
100.457522,17.225000000
100.457577,17.227000000
100.468268,17.228000000
100.468318,17.229000000
100.478427,17.230000000
100.478500,17.231000000
100.494244,17.232000000
100.503207,17.233000000
100.503253,17.234000000
100.507989,17.235000000
100.516839,17.236000000
100.550365,17.237000000
100.582491,17.238000000
100.588254,17.239000000
100.602294,17.240000000
100.626132,17.241000000
100.639023,17.242000000
100.645224,17.243000000
100.679228,17.244000000
100.698888,17.245000000
100.704760,17.246000000
100.712778,17.247000000
100.720983,17.248000000
100.735981,17.249000000
100.744166,17.250000000
100.746899,17.251000000
100.757595,17.252000000
100.761258,17.253000000
100.800796,17.254000000
100.810884,17.255000000
100.813128,17.256000000
100.819721,17.257000000
100.822152,17.258000000
100.830300,17.259000000
100.833449,17.260000000
100.854756,17.261000000
100.857028,17.262000000
100.872598,17.263000000
100.875765,17.264000000
100.890589,17.265000000
100.912921,17.266000000
100.916439,17.267000000
100.922454,17.268000000
100.928000,17.269000000
100.938033,17.270000000
100.945584,17.271000000
100.956542,17.272000000
100.985220,17.273000000
101.004827,17.274000000
101.009999,17.275000000
101.020168,17.276000000
101.027065,17.277000000
101.031712,17.278000000
101.049785,17.279000000
101.068033,17.280000000
101.070206,17.281000000
101.078302,17.282000000
101.085977,17.283000000
101.100150,17.284000000
101.102336,17.285000000
101.113100,17.286000000
101.132819,17.287000000
101.137795,17.288000000
101.146423,17.289000000
101.148777,17.290000000
101.169225,17.291000000
101.171674,17.292000000
101.186144,17.293000000
101.191975,17.294000000
101.206239,17.295000000
101.221910,17.296000000
101.226895,17.297000000
101.234616,17.298000000
101.243829,17.299000000
101.249650,17.300000000
101.260020,17.301000000
101.263336,17.302000000
101.273153,17.303000000
101.280948,17.304000000
101.286934,17.305000000
101.296446,17.306000000
101.304839,17.307000000
101.309302,17.308000000
101.315095,17.309000000
101.323377,17.310000000
101.333552,17.311000000
101.340443,17.312000000
101.344167,17.313000000
101.354809,17.314000000
101.378951,17.315000000
101.383487,17.316000000
101.390758,17.317000000
101.409563,17.318000000
101.409613,17.319000000
101.409641,17.320000000
101.446446,17.321000000
101.446494,17.322000000
101.458399,17.323000000
101.476264,17.324000000
101.476865,17.325000000
101.492105,17.326000000
101.501121,17.327000000
101.501173,17.328000000
101.526677,17.329000000
101.538000,17.330000000
101.551143,17.331000000
101.565664,17.332000000
101.590980,17.333000000
101.599466,17.334000000
101.626363,17.335000000
101.634811,17.336000000
101.649082,17.337000000
101.657568,17.338000000
101.663047,17.339000000
101.675946,17.340000000
101.679856,17.341000000
101.694060,17.342000000
101.701069,17.343000000
101.709447,17.344000000
101.722984,17.345000000
101.727834,17.346000000
101.740356,17.347000000
101.744275,17.348000000
101.770395,17.349000000
101.788035,17.350000000
101.797262,17.351000000
101.800582,17.352000000
101.805910,17.353000000
101.821136,17.354000000
101.830061,17.355000000
101.832441,17.356000000
101.843092,17.357000000
101.847709,17.358000000
101.850309,17.359000000
101.858181,17.360000000
101.860665,17.361000000
101.863836,17.362000000
101.865876,17.363000000
101.867553,17.364000000
101.871746,17.365000000
101.875393,17.366000000
101.884116,17.367000000
101.885882,17.368000000
101.891010,17.369000000
101.894907,17.370000000
101.905684,17.371000000
101.905709,17.372000000
101.907075,17.373000000
101.910315,17.374000000
101.926116,17.375000000
101.935164,17.376000000
101.937695,17.377000000
101.941091,17.378000000
101.943460,17.379000000
101.945716,17.380000000
101.953756,17.381000000
101.956170,17.382000000
101.985754,17.383000000
101.990007,17.384000000
101.992431,17.385000000
101.996228,17.386000000
102.007469,17.387000000
102.012022,17.388000000
102.017613,17.389000000
102.022830,17.390000000
102.034135,17.391000000
102.042320,17.392000000
102.046075,17.393000000
102.052492,17.394000000
102.054877,17.395000000
102.057257,17.396000000
102.059686,17.397000000
102.065631,17.398000000
102.069664,17.399000000
102.071846,17.400000000
102.085572,17.401000000
102.102634,17.402000000
102.112219,17.403000000
102.121269,17.404000000
102.128540,17.405000000
102.139889,17.406000000
102.148440,17.407000000
102.155265,17.408000000
102.166738,17.409000000
102.176567,17.410000000
102.193877,17.411000000
102.197864,17.412000000
102.201914,17.413000000
102.204658,17.414000000
102.206850,17.415000000
102.212330,17.416000000
102.215523,17.417000000
102.222786,17.418000000
102.225185,17.419000000
102.229776,17.420000000
102.243512,17.421000000
102.246546,17.422000000
102.250145,17.423000000
102.256104,17.424000000
102.258798,17.425000000
102.272240,17.426000000
102.275481,17.427000000
102.283376,17.428000000
102.287118,17.429000000
102.290612,17.430000000
102.293041,17.431000000
102.295607,17.432000000
102.298058,17.433000000
102.326031,17.434000000
102.332120,17.435000000
102.337007,17.436000000
102.353983,17.437000000
102.360050,17.438000000
102.360094,17.439000000
102.370457,17.440000000
102.380298,17.441000000
102.385948,17.442000000
102.407613,17.443000000
102.407691,17.445000000
102.420479,17.446000000
102.446286,17.447000000
102.463480,17.448000000
102.463528,17.449000000
102.480753,17.450000000
102.494061,17.451000000
102.506909,17.452000000
102.519824,17.453000000
102.541137,17.454000000
102.549201,17.455000000
102.549244,17.456000000
102.550471,17.457000000
102.555028,17.458000000
102.574779,17.459000000
102.587688,17.460000000
102.609785,17.461000000
102.612170,17.462000000
102.617716,17.463000000
102.625402,17.464000000
102.629396,17.465000000
102.635312,17.466000000
102.639779,17.467000000
102.660709,17.468000000
102.663171,17.469000000
102.668175,17.470000000
102.673164,17.471000000
102.675532,17.472000000
102.677773,17.473000000
102.682983,17.474000000
102.685290,17.475000000
102.689441,17.476000000
102.695405,17.477000000
102.706471,17.478000000
102.713599,17.479000000
102.718401,17.480000000
102.734731,17.481000000
102.738647,17.482000000
102.743961,17.483000000
102.747504,17.484000000
102.763496,17.485000000
102.767028,17.486000000
102.773041,17.487000000
102.796257,17.488000000
102.815266,17.489000000
102.836180,17.490000000
102.848046,17.491000000
102.859994,17.492000000
102.873289,17.493000000
102.876945,17.494000000
102.883612,17.495000000
102.895598,17.496000000
102.906144,17.497000000
102.911781,17.498000000
102.921210,17.499000000
102.924896,17.500000000
102.931239,17.501000000
102.955112,17.502000000
102.959200,17.503000000
102.965111,17.504000000
102.985919,17.505000000
102.989636,17.506000000
103.002892,17.507000000
103.011538,17.508000000
103.016445,17.509000000
103.020699,17.510000000
103.048366,17.511000000
103.052619,17.512000000
103.056059,17.513000000
103.068679,17.514000000
103.072351,17.515000000
103.078147,17.516000000
103.102416,17.517000000
103.115111,17.518000000
103.117700,17.519000000
103.124717,17.520000000
103.131783,17.521000000
103.145056,17.522000000
103.153163,17.523000000
103.160768,17.524000000
103.170050,17.525000000
103.178648,17.526000000
103.186615,17.527000000
103.204936,17.528000000
103.217548,17.529000000
103.243755,17.530000000
103.263815,17.531000000
103.273874,17.532000000
103.297859,17.533000000
103.303724,17.534000000
103.321275,17.535000000
103.327867,17.536000000
103.334846,17.537000000
103.339470,17.538000000
103.361616,17.539000000
103.368951,17.540000000
103.373904,17.541000000
103.389562,17.542000000
103.393243,17.543000000
103.397913,17.544000000
103.424322,17.545000000
103.433410,17.546000000
103.439347,17.547000000
103.446809,17.548000000
103.457876,17.549000000
103.466838,17.550000000
103.472369,17.551000000
103.480804,17.552000000
103.489188,17.553000000
103.497055,17.554000000
103.503331,17.555000000
103.511084,17.556000000
103.515583,17.557000000
103.524341,17.558000000
103.528432,17.559000000
103.532091,17.560000000
103.550129,17.561000000
103.562529,17.562000000
103.579541,17.563000000
103.585356,17.564000000
103.601315,17.565000000
103.626388,17.566000000
103.629583,17.567000000
103.635169,17.568000000
103.653056,17.569000000
103.659108,17.570000000
103.662745,17.571000000
103.672121,17.572000000
103.681032,17.573000000
103.685140,17.574000000
103.713941,17.575000000
103.722553,17.576000000
103.741245,17.577000000
103.752706,17.578000000
103.760307,17.579000000
103.769753,17.580000000
103.778848,17.581000000
103.788716,17.582000000
103.794885,17.583000000
103.802670,17.584000000
103.813321,17.585000000
103.828869,17.586000000
103.834883,17.587000000
103.851427,17.588000000
103.864782,17.589000000
103.882579,17.590000000
103.892869,17.591000000
103.896406,17.592000000
103.904735,17.593000000
103.910640,17.594000000
103.917372,17.595000000
103.939661,17.596000000
103.942663,17.597000000
103.946496,17.598000000
103.959084,17.599000000
103.966800,17.600000000
104.001006,17.601000000
104.007528,17.602000000
104.020934,17.603000000
104.027620,17.604000000
104.039261,17.605000000
104.046718,17.606000000
104.056120,17.607000000
104.062954,17.608000000
104.072768,17.609000000
104.078746,17.610000000
104.084689,17.611000000
104.092993,17.612000000
104.104139,17.613000000
104.110100,17.614000000
104.118415,17.615000000
104.125317,17.616000000
104.129763,17.617000000
104.139686,17.618000000
104.158451,17.619000000
104.184230,17.620000000
104.191404,17.621000000
104.195306,17.622000000
104.207830,17.623000000
104.211627,17.624000000
104.218629,17.625000000
104.244090,17.626000000
104.250523,17.627000000
104.263112,17.628000000
104.271525,17.629000000
104.293056,17.630000000
104.298120,17.631000000
104.304494,17.632000000
104.312411,17.633000000
104.317173,17.634000000
104.328593,17.635000000
104.341893,17.636000000
104.347879,17.637000000
104.359336,17.638000000
104.363587,17.639000000
104.368692,17.640000000
104.392948,17.641000000
104.399893,17.642000000
104.408972,17.643000000
104.415777,17.644000000
104.434591,17.645000000
104.447437,17.646000000
104.451374,17.647000000
104.478189,17.648000000
104.500009,17.649000000
104.500060,17.650000000
104.511235,17.651000000
104.511316,17.652000000
104.537283,17.653000000
104.542215,17.654000000
104.555009,17.655000000
104.561876,17.656000000
104.572011,17.657000000
104.572061,17.658000000
104.599886,17.659000000
104.599934,17.660000000
104.624110,17.661000000
104.634330,17.662000000
104.640123,17.663000000
104.650774,17.664000000
104.651741,17.665000000
104.655826,17.666000000
104.666387,17.667000000
104.672592,17.668000000
104.683671,17.669000000
104.698045,17.670000000
104.698093,17.672000000
104.704428,17.673000000
104.704477,17.674000000
104.706246,17.675000000
104.707632,17.676000000
104.712580,17.677000000
104.716071,17.678000000
104.720119,17.679000000
104.723424,17.680000000
104.723674,17.681000000
104.725714,17.682000000
104.731977,17.683000000
104.737561,17.684000000
104.737599,17.685000000
104.738839,17.686000000
104.742867,17.687000000
104.743219,17.688000000
104.749187,17.689000000
104.784279,17.690000000
104.799238,17.691000000
104.806499,17.692000000
104.825475,17.693000000
104.841810,17.694000000
104.851411,17.695000000
104.855117,17.696000000
104.886814,17.697000000
104.895042,17.698000000
104.913008,17.699000000
104.918934,17.700000000
104.922303,17.701000000
104.925840,17.702000000
104.941158,17.703000000
104.945720,17.704000000
104.953832,17.705000000
104.972953,17.706000000
104.975329,17.707000000
104.991834,17.708000000
104.999812,17.709000000
105.003088,17.710000000
105.008850,17.711000000
105.014322,17.712000000
105.018854,17.713000000
105.043947,17.714000000
105.053061,17.715000000
105.056078,17.716000000
105.063002,17.717000000
105.069691,17.718000000
105.074079,17.719000000
105.078471,17.720000000
105.096234,17.721000000
105.096284,17.723000000
105.096597,17.724000000
105.110483,17.725000000
105.110624,17.726000000
105.110668,17.727000000
105.123276,17.728000000
105.129824,17.729000000
105.139840,17.730000000
105.143300,17.731000000
105.172613,17.732000000
105.178672,17.733000000
105.196912,17.734000000
105.209148,17.735000000
105.209392,17.736000000
105.223776,17.737000000
105.227300,17.738000000
105.227422,17.739000000
105.229024,17.740000000
105.229292,17.741000000
105.236286,17.742000000
105.236342,17.743000000
105.241591,17.744000000
105.245451,17.745000000
105.245587,17.746000000
105.245846,17.747000000
105.267256,17.748000000
105.267319,17.749000000
105.267360,17.750000000
105.267397,17.751000000
105.267434,17.752000000
105.292923,17.753000000
105.296091,17.754000000
105.307282,17.755000000
105.312755,17.756000000
105.322965,17.757000000
105.331981,17.758000000
105.339640,17.759000000
105.351668,17.760000000
105.362350,17.761000000
105.384575,17.762000000
105.384634,17.763000000
105.384921,17.764000000
105.405962,17.765000000
105.406029,17.766000000
105.412056,17.767000000
105.428886,17.768000000
105.436658,17.769000000
105.442614,17.770000000
105.448548,17.771000000
105.465706,17.772000000
105.487115,17.773000000
105.499515,17.774000000
105.503495,17.775000000
105.523536,17.776000000
105.533692,17.777000000
105.537664,17.778000000
105.545197,17.779000000
105.553922,17.780000000
105.558829,17.781000000
105.584649,17.782000000
105.584756,17.783000000
105.584831,17.784000000
105.584873,17.785000000
105.584913,17.786000000
105.584952,17.787000000
105.585711,17.788000000
105.585760,17.789000000
105.599088,17.790000000
105.608724,17.791000000
105.615452,17.792000000
105.637438,17.793000000
105.642997,17.794000000
105.659022,17.795000000
105.659091,17.796000000
105.676906,17.797000000
105.676968,17.798000000
105.685771,17.799000000
105.702373,17.800000000
105.707618,17.801000000
105.709954,17.802000000
105.715505,17.803000000
105.729732,17.804000000
105.734691,17.805000000
105.746203,17.806000000
105.748417,17.807000000
105.752648,17.808000000
105.754662,17.809000000
105.756788,17.810000000
105.762063,17.811000000
105.764255,17.812000000
105.789342,17.813000000
105.791408,17.814000000
105.793488,17.815000000
105.795671,17.816000000
105.797738,17.817000000
105.801832,17.818000000
105.808284,17.819000000
105.814517,17.820000000
105.818038,17.821000000
105.820116,17.822000000
105.824343,17.823000000
105.826507,17.824000000
105.830042,17.825000000
105.834179,17.826000000
105.836313,17.827000000
105.839430,17.828000000
105.862448,17.829000000
105.869310,17.830000000
105.880211,17.831000000
105.886127,17.832000000
105.890396,17.833000000
105.919580,17.834000000
105.925368,17.835000000
105.933420,17.836000000
105.944867,17.837000000
105.951481,17.838000000
105.957106,17.839000000
105.964271,17.840000000
105.970688,17.841000000
105.981441,17.842000000
105.988757,17.843000000
105.997707,17.844000000
106.007400,17.845000000
106.014485,17.846000000
106.021072,17.847000000
106.025582,17.848000000
106.065838,17.849000000
106.075894,17.850000000
106.079807,17.851000000
106.085131,17.852000000
106.111078,17.853000000
106.115827,17.854000000
106.120072,17.855000000
106.127887,17.856000000
106.137979,17.857000000
106.144638,17.858000000
106.150349,17.859000000
106.176087,17.860000000
106.179359,17.861000000
106.187568,17.862000000
106.198989,17.863000000
106.203297,17.864000000
106.209384,17.865000000
106.236968,17.866000000
106.246789,17.867000000
106.257112,17.868000000
106.262787,17.869000000
106.271034,17.870000000
106.278140,17.871000000
106.289495,17.872000000
106.297946,17.873000000
106.303556,17.874000000
106.314590,17.875000000
106.325073,17.876000000
106.334640,17.877000000
106.349771,17.878000000
106.359680,17.879000000
106.361179,17.880000000
106.364758,17.881000000
106.367069,17.882000000
106.376359,17.883000000
106.382640,17.884000000
106.393712,17.885000000
106.396888,17.886000000
106.424700,17.887000000
106.439483,17.888000000
106.467583,17.889000000
106.475944,17.890000000
106.476014,17.891000000
106.484450,17.892000000
106.484766,17.893000000
106.485427,17.894000000
106.490028,17.895000000
106.497946,17.896000000
106.497996,17.897000000
106.506597,17.898000000
106.506644,17.900000000
106.512425,17.901000000
106.514554,17.902000000
106.532157,17.903000000
106.532206,17.906000000
106.544510,17.907000000
106.553438,17.908000000
106.569783,17.909000000
106.581869,17.910000000
106.604079,17.911000000
106.604127,17.912000000
106.606914,17.913000000
106.612354,17.914000000
106.627525,17.915000000
106.627567,17.916000000
106.635960,17.917000000
106.643547,17.918000000
106.647518,17.919000000
106.651000,17.920000000
106.662631,17.921000000
106.670838,17.922000000
106.683888,17.923000000
106.685260,17.924000000
106.693357,17.925000000
106.702159,17.926000000
106.712111,17.927000000
106.719589,17.928000000
106.729218,17.929000000
106.745414,17.930000000
106.758843,17.931000000
106.761021,17.932000000
106.774362,17.933000000
106.783231,17.934000000
106.811466,17.935000000
106.822061,17.936000000
106.822137,17.940000000
106.825475,17.941000000
106.825722,17.942000000
106.829866,17.943000000
106.829902,17.944000000
106.841832,17.945000000
106.869998,17.946000000
106.870048,17.949000000
106.881393,17.950000000
106.885473,17.951000000
106.886362,17.952000000
106.890912,17.953000000
106.892583,17.954000000
106.913687,17.955000000
106.916474,17.956000000
106.924237,17.957000000
106.927166,17.958000000
106.960449,17.959000000
106.984460,17.960000000
106.986930,17.961000000
106.994036,17.962000000
107.005080,17.963000000
107.005677,17.964000000
107.030580,17.965000000
107.034564,17.966000000
107.034884,17.967000000
107.043789,17.968000000
107.052735,17.969000000
107.053071,17.970000000
107.060829,17.971000000
107.063851,17.972000000
107.066316,17.973000000
107.068551,17.974000000
107.074338,17.975000000
107.078662,17.976000000
107.084501,17.977000000
107.092989,17.978000000
107.100695,17.979000000
107.105196,17.980000000
107.111282,17.981000000
107.113994,17.982000000
107.124870,17.983000000
107.130492,17.984000000
107.146350,17.985000000
107.161483,17.986000000
107.177882,17.987000000
107.180471,17.988000000
107.183044,17.989000000
107.188617,17.990000000
107.190835,17.991000000
107.195588,17.992000000
107.222247,17.993000000
107.227007,17.994000000
107.230447,17.995000000
107.232721,17.996000000
107.235076,17.997000000
107.243082,17.998000000
107.253936,17.999000000
107.259941,18.000000000
107.266448,18.001000000
107.269753,18.002000000
107.276170,18.003000000
107.284693,18.004000000
107.286968,18.005000000
107.312086,18.006000000
107.317761,18.007000000
107.326315,18.008000000
107.330499,18.009000000
107.342985,18.010000000
107.347070,18.011000000
107.353962,18.012000000
107.381364,18.013000000
107.388971,18.014000000
107.406318,18.015000000
107.414718,18.016000000
107.421788,18.017000000
107.431282,18.018000000
107.444196,18.019000000
107.454039,18.020000000
107.464198,18.021000000
107.473864,18.022000000
107.485997,18.023000000
107.499650,18.024000000
107.505791,18.025000000
107.514373,18.026000000
107.518465,18.027000000
107.523943,18.028000000
107.534407,18.029000000
107.552584,18.030000000
107.558934,18.031000000
107.569136,18.032000000
107.593304,18.033000000
107.600549,18.034000000
107.607385,18.035000000
107.613288,18.036000000
107.624187,18.037000000
107.630770,18.038000000
107.638877,18.039000000
107.645897,18.040000000
107.668708,18.041000000
107.675377,18.042000000
107.681048,18.043000000
107.694440,18.044000000
107.712551,18.045000000
107.719030,18.046000000
107.723718,18.047000000
107.771868,18.048000000
107.774222,18.049000000
107.796885,18.050000000
107.806336,18.051000000
107.825624,18.052000000
107.837649,18.053000000
107.847197,18.054000000
107.847241,18.055000000
107.860140,18.056000000
107.860186,18.057000000
107.872633,18.058000000
107.884010,18.059000000
107.889084,18.060000000
107.889125,18.061000000
107.911074,18.062000000
107.911127,18.063000000
107.950215,18.064000000
107.961182,18.065000000
107.961231,18.066000000
107.985852,18.067000000
107.987973,18.068000000
108.001757,18.069000000
108.013283,18.070000000
108.023732,18.071000000
108.044353,18.072000000
108.050588,18.073000000
108.069909,18.074000000
108.099278,18.075000000
108.104694,18.076000000
108.114110,18.077000000
108.127193,18.078000000
108.131247,18.079000000
108.141713,18.080000000
108.182290,18.081000000
108.185107,18.082000000
108.210187,18.083000000
108.218571,18.084000000
108.230201,18.085000000
108.237894,18.086000000
108.250336,18.087000000
108.263276,18.088000000
108.282351,18.089000000
108.307276,18.090000000
108.310331,18.091000000
108.314240,18.092000000
108.320646,18.093000000
108.352532,18.094000000
108.361731,18.095000000
108.387839,18.096000000
108.393794,18.097000000
108.402622,18.098000000
108.427183,18.099000000
108.429196,18.100000000
108.432999,18.101000000
108.434400,18.102000000
108.466638,18.103000000
108.467952,18.104000000
108.490402,18.105000000
108.492986,18.106000000
108.495015,18.107000000
108.533425,18.108000000
108.544690,18.109000000
108.552214,18.110000000
108.563686,18.111000000
108.566742,18.112000000
108.577722,18.113000000
108.589667,18.114000000
108.603108,18.115000000
108.614161,18.116000000
108.616546,18.117000000
108.629561,18.118000000
108.631310,18.119000000
108.635598,18.120000000
108.638350,18.121000000
108.645924,18.122000000
108.651936,18.123000000
108.654103,18.124000000
108.665187,18.125000000
108.681381,18.126000000
108.694010,18.127000000
108.713280,18.128000000
108.737603,18.129000000
108.745565,18.130000000
108.774502,18.131000000
108.787822,18.132000000
108.799189,18.133000000
108.805568,18.134000000
108.834637,18.135000000
108.836697,18.136000000
108.839319,18.137000000
108.858488,18.138000000
108.860652,18.139000000
108.864791,18.140000000
108.900842,18.141000000
108.902866,18.142000000
108.916723,18.143000000
108.932387,18.144000000
108.937613,18.145000000
108.943230,18.146000000
108.952909,18.147000000
108.973140,18.148000000
108.975176,18.149000000
108.981460,18.150000000
108.984543,18.151000000
109.001657,18.152000000
109.004209,18.153000000
109.009216,18.154000000
109.012956,18.155000000
109.046551,18.156000000
109.049091,18.157000000
109.071876,18.158000000
109.076303,18.159000000
109.095786,18.160000000
109.099917,18.161000000
109.102037,18.162000000
109.107409,18.163000000
109.134938,18.164000000
109.154820,18.165000000
109.167011,18.166000000
109.172617,18.167000000
109.189557,18.168000000
109.196991,18.169000000
109.223626,18.170000000
109.238107,18.171000000
109.241016,18.172000000
109.256998,18.173000000
109.264761,18.174000000
109.271765,18.175000000
109.283439,18.176000000
109.290493,18.177000000
109.301049,18.178000000
109.329170,18.179000000
109.335184,18.180000000
109.347514,18.181000000
109.350383,18.182000000
109.351524,18.183000000
109.375367,18.184000000
109.384397,18.185000000
109.409059,18.186000000
109.419302,18.187000000
109.433427,18.188000000
109.453968,18.189000000
109.469975,18.190000000
109.470025,18.192000000
109.483663,18.193000000
109.483711,18.197000000
109.484995,18.198000000
109.487024,18.199000000
109.505274,18.200000000
109.523463,18.201000000
109.523517,18.208000000
109.525613,18.209000000
109.527392,18.210000000
109.537273,18.211000000
109.537368,18.212000000
109.544366,18.213000000
109.551111,18.214000000
109.554860,18.215000000
109.573951,18.216000000
109.580282,18.217000000
109.585433,18.218000000
109.590925,18.219000000
109.597351,18.220000000
109.609955,18.221000000
109.621992,18.222000000
109.633440,18.223000000
109.638565,18.224000000
109.650664,18.225000000
109.660369,18.226000000
109.671138,18.227000000
109.682492,18.228000000
109.690751,18.229000000
109.693666,18.230000000
109.697441,18.231000000
109.726863,18.232000000
109.732682,18.233000000
109.742857,18.234000000
109.766346,18.235000000
109.769875,18.236000000
109.789088,18.237000000
109.793445,18.238000000
109.797741,18.239000000
109.807834,18.240000000
109.832880,18.241000000
109.832979,18.242000000
109.847052,18.243000000
109.872371,18.244000000
109.895953,18.245000000
109.909467,18.246000000
109.942941,18.247000000
109.957129,18.248000000
109.970315,18.249000000
109.993824,18.250000000
110.005992,18.251000000
110.017316,18.252000000
110.029279,18.253000000
110.047269,18.254000000
110.058646,18.255000000
110.072176,18.256000000
110.082686,18.257000000
110.099010,18.258000000
110.119599,18.259000000
110.122222,18.260000000
110.141824,18.261000000
110.147378,18.262000000
110.163417,18.263000000
110.170979,18.264000000
110.191086,18.265000000
110.209790,18.266000000
110.218055,18.267000000
110.236093,18.268000000
110.245991,18.269000000
110.259332,18.270000000
110.274915,18.271000000
110.285934,18.272000000
110.302147,18.273000000
110.312571,18.274000000
110.325704,18.275000000
110.337479,18.276000000
110.343019,18.277000000
110.364214,18.278000000
110.364409,18.279000000
110.383616,18.280000000
110.395122,18.281000000
110.406172,18.282000000
110.417764,18.283000000
110.436765,18.284000000
110.450271,18.285000000
110.461778,18.286000000
110.476121,18.287000000
110.511671,18.288000000
110.522035,18.289000000
110.536893,18.290000000
110.545242,18.291000000
110.571146,18.292000000
110.590632,18.293000000
110.590701,18.294000000
110.622097,18.295000000
110.634559,18.296000000
110.649127,18.297000000
110.655780,18.298000000
110.665239,18.299000000
110.678778,18.300000000
110.687625,18.301000000
110.718890,18.302000000
110.731322,18.303000000
110.740722,18.304000000
110.751212,18.305000000
110.761233,18.306000000
110.771590,18.307000000
110.787381,18.308000000
110.791592,18.309000000
110.800879,18.310000000
110.810359,18.311000000
110.820729,18.312000000
110.829050,18.313000000
110.843721,18.314000000
110.850281,18.315000000
110.861318,18.316000000
110.877588,18.317000000
110.893194,18.318000000
110.896784,18.319000000
110.922044,18.320000000
110.926654,18.321000000
110.953129,18.322000000
110.964651,18.323000000
110.969069,18.324000000
110.985404,18.325000000
111.021170,18.326000000
111.028204,18.327000000
111.045932,18.328000000
111.056893,18.329000000
111.059186,18.330000000
111.082320,18.331000000
111.087982,18.332000000
111.095735,18.333000000
111.104374,18.334000000
111.126315,18.335000000
111.133253,18.336000000
111.147933,18.337000000
111.162317,18.338000000
111.182276,18.339000000
111.196501,18.340000000
111.208304,18.341000000
111.221645,18.342000000
111.233312,18.343000000
111.238719,18.344000000
111.258882,18.345000000
111.269564,18.346000000
111.284697,18.347000000
111.305092,18.348000000
111.314556,18.349000000
111.317204,18.350000000
111.348578,18.351000000
111.352914,18.352000000
111.361480,18.353000000
111.368080,18.354000000
111.404158,18.355000000
111.415508,18.356000000
111.435656,18.357000000
111.451818,18.358000000
111.461069,18.359000000
111.464975,18.360000000
111.477261,18.361000000
111.482614,18.362000000
111.488366,18.363000000
111.513905,18.364000000
111.522712,18.365000000
111.554545,18.366000000
111.565745,18.367000000
111.577526,18.368000000
111.587050,18.369000000
111.607538,18.370000000
111.624991,18.371000000
111.644188,18.372000000
111.653648,18.373000000
111.674330,18.374000000
111.691901,18.375000000
111.728092,18.376000000
111.743683,18.377000000
111.774272,18.378000000
111.782818,18.379000000
111.817900,18.380000000
111.834909,18.381000000
111.850415,18.382000000
111.864769,18.383000000
111.873421,18.384000000
111.881913,18.385000000
111.910917,18.386000000
111.910985,18.387000000
111.911026,18.388000000
111.911064,18.389000000
111.911101,18.390000000
111.911138,18.391000000
111.911334,18.392000000
111.940737,18.393000000
111.948702,18.394000000
111.968071,18.395000000
111.988354,18.396000000
111.988418,18.397000000
112.008222,18.398000000
112.025247,18.399000000
112.025312,18.400000000
112.033014,18.401000000
112.048206,18.402000000
112.058135,18.403000000
112.072830,18.404000000
112.089070,18.405000000
112.099769,18.406000000
112.114071,18.407000000
112.120609,18.408000000
112.128886,18.409000000
112.138388,18.410000000
112.148915,18.411000000
112.154073,18.412000000
112.165497,18.413000000
112.171607,18.414000000
112.189053,18.415000000
112.193717,18.416000000
112.201106,18.417000000
112.203207,18.418000000
112.208490,18.419000000
112.212051,18.420000000
112.216673,18.421000000
112.218967,18.422000000
112.221276,18.423000000
112.225217,18.424000000
112.228286,18.425000000
112.236014,18.426000000
112.238286,18.427000000
112.260620,18.428000000
112.269536,18.429000000
112.271655,18.430000000
112.273982,18.431000000
112.276637,18.432000000
112.278901,18.433000000
112.282221,18.434000000
112.289658,18.435000000
112.292973,18.436000000
112.295219,18.437000000
112.302469,18.438000000
112.307141,18.439000000
112.311704,18.440000000
112.317175,18.441000000
112.324022,18.442000000
112.326120,18.443000000
112.329542,18.444000000
112.333728,18.445000000
112.348673,18.446000000
112.350897,18.447000000
112.357201,18.448000000
112.364279,18.449000000
112.369916,18.450000000
112.376526,18.451000000
112.380184,18.452000000
112.383821,18.453000000
112.395222,18.454000000
112.403737,18.455000000
112.415893,18.456000000
112.419068,18.457000000
112.422810,18.458000000
112.428531,18.459000000
112.431103,18.460000000
112.433724,18.461000000
112.438765,18.462000000
112.441008,18.463000000
112.457434,18.464000000
112.459751,18.465000000
112.462450,18.466000000
112.471200,18.467000000
112.480757,18.468000000
112.492768,18.469000000
112.497063,18.470000000
112.503558,18.471000000
112.509898,18.472000000
112.516431,18.473000000
112.525409,18.474000000
112.530037,18.475000000
112.536029,18.476000000
112.548930,18.477000000
112.558472,18.478000000
112.565695,18.479000000
112.584472,18.480000000
112.588356,18.481000000
112.590595,18.482000000
112.593585,18.483000000
112.600949,18.484000000
112.620133,18.485000000
112.623979,18.486000000
112.626215,18.487000000
112.659068,18.488000000
112.667001,18.489000000
112.671989,18.490000000
112.687768,18.491000000
112.694372,18.492000000
112.710507,18.493000000
112.746402,18.494000000
112.748193,18.495000000
112.756919,18.496000000
112.777633,18.497000000
112.788629,18.498000000
112.796225,18.499000000
112.812236,18.500000000
112.826937,18.501000000
112.863658,18.502000000
112.871751,18.503000000
112.882676,18.504000000
112.892879,18.505000000
112.916511,18.506000000
112.928780,18.507000000
112.936480,18.508000000
112.936541,18.509000000
112.950369,18.510000000
112.950642,18.511000000
112.986520,18.512000000
113.002653,18.513000000
113.002715,18.514000000
113.012706,18.515000000
113.013425,18.516000000
113.019906,18.517000000
113.044000,18.518000000
113.044063,18.519000000
113.044105,18.520000000
113.044144,18.521000000
113.051346,18.522000000
113.054101,18.523000000
113.072955,18.524000000
113.073019,18.525000000
113.109337,18.526000000
113.111153,18.527000000
113.125795,18.528000000
113.146608,18.529000000
113.161554,18.530000000
113.163484,18.531000000
113.195582,18.532000000
113.206772,18.533000000
113.213508,18.534000000
113.220873,18.535000000
113.241652,18.536000000
113.253378,18.537000000
113.261150,18.538000000
113.306010,18.539000000
113.324268,18.540000000
113.338419,18.541000000
113.352193,18.542000000
113.359906,18.543000000
113.374714,18.544000000
113.382076,18.545000000
113.392479,18.546000000
113.406836,18.547000000
113.424283,18.548000000
113.430055,18.549000000
113.442930,18.550000000
113.445245,18.551000000
113.468830,18.552000000
113.470562,18.553000000
113.472861,18.554000000
113.521181,18.555000000
113.526653,18.556000000
113.543204,18.557000000
113.543334,18.558000000
113.547367,18.559000000
113.562400,18.560000000
113.571540,18.561000000
113.578903,18.562000000
113.586079,18.563000000
113.611701,18.564000000
113.616268,18.565000000
113.627186,18.566000000
113.627256,18.567000000
113.634849,18.568000000
113.634907,18.569000000
113.650773,18.570000000
113.651003,18.571000000
113.662423,18.572000000
113.687526,18.573000000
113.698285,18.574000000
113.725312,18.575000000
113.730946,18.576000000
113.735236,18.577000000
113.746425,18.578000000
113.755855,18.579000000
113.766351,18.580000000
113.766413,18.581000000
113.766829,18.582000000
113.772077,18.583000000
113.791519,18.584000000
113.806975,18.585000000
113.814317,18.586000000
113.819144,18.587000000
113.832033,18.588000000
113.860739,18.589000000
113.874614,18.590000000
113.885276,18.591000000
113.890290,18.592000000
113.899307,18.593000000
113.922795,18.594000000
113.930339,18.595000000
113.951809,18.596000000
113.972896,18.597000000
114.009665,18.598000000
114.016750,18.599000000
114.022767,18.600000000
114.036955,18.601000000
114.045508,18.602000000
114.061330,18.603000000
114.078850,18.604000000
114.081401,18.605000000
114.083283,18.606000000
114.100636,18.607000000
114.114397,18.608000000
114.114459,18.609000000
114.138093,18.610000000
114.145584,18.611000000
114.156102,18.612000000
114.160294,18.613000000
114.169737,18.614000000
114.174230,18.615000000
114.177612,18.616000000
114.197984,18.617000000
114.205271,18.618000000
114.216006,18.619000000
114.221216,18.620000000
114.226625,18.621000000
114.230337,18.622000000
114.260774,18.623000000
114.271336,18.624000000
114.282008,18.625000000
114.286026,18.626000000
114.297060,18.627000000
114.306505,18.628000000
114.319750,18.629000000
114.336493,18.630000000
114.339205,18.631000000
114.347083,18.632000000
114.351886,18.633000000
114.356302,18.634000000
114.372085,18.635000000
114.372137,18.637000000
114.374077,18.638000000
114.374374,18.639000000
114.381678,18.640000000
114.382135,18.641000000
114.382168,18.642000000
114.382694,18.643000000
114.386327,18.644000000
114.404219,18.645000000
114.407750,18.646000000
114.429850,18.647000000
114.444355,18.648000000
114.454380,18.649000000
114.469495,18.650000000
114.496200,18.651000000
114.496260,18.652000000
114.505517,18.653000000
114.541263,18.654000000
114.551904,18.655000000
114.571951,18.656000000
114.579795,18.657000000
114.587672,18.658000000
114.594779,18.659000000
114.605449,18.660000000
114.611422,18.661000000
114.617280,18.662000000
114.650412,18.663000000
114.659768,18.664000000
114.668195,18.665000000
114.675954,18.666000000
114.683354,18.667000000
114.683402,18.668000000
114.691931,18.669000000
114.705801,18.670000000
114.705855,18.673000000
114.708291,18.674000000
114.712036,18.675000000
114.721147,18.676000000
114.739418,18.677000000
114.754368,18.678000000
114.798285,18.679000000
114.799728,18.680000000
114.813368,18.681000000
114.819619,18.682000000
114.825032,18.683000000
114.849036,18.684000000
114.851752,18.685000000
114.869381,18.686000000
114.888274,18.687000000
114.893847,18.688000000
114.912339,18.689000000
114.923208,18.690000000
114.930491,18.691000000
114.942623,18.692000000
114.958415,18.693000000
114.963272,18.694000000
114.970719,18.695000000
114.983049,18.696000000
114.983098,18.697000000
115.008943,18.698000000
115.008991,18.700000000
115.049282,18.701000000
115.063673,18.702000000
115.076935,18.703000000
115.086600,18.704000000
115.101382,18.705000000
115.111797,18.706000000
115.121143,18.707000000
115.134951,18.708000000
115.146109,18.709000000
115.152010,18.710000000
115.165105,18.711000000
115.172126,18.712000000
115.182690,18.713000000
115.189597,18.714000000
115.195290,18.715000000
115.195751,18.716000000
115.215888,18.717000000
115.215953,18.718000000
115.215994,18.719000000
115.216031,18.720000000
115.216068,18.721000000
115.216104,18.722000000
115.225177,18.723000000
115.251157,18.724000000
115.254335,18.725000000
115.264287,18.726000000
115.293767,18.727000000
115.313545,18.728000000
115.315909,18.729000000
115.320893,18.730000000
115.329242,18.731000000
115.345089,18.732000000
115.351537,18.733000000
115.357548,18.734000000
115.364478,18.735000000
115.379323,18.736000000
115.400872,18.737000000
115.409651,18.738000000
115.411947,18.739000000
115.414046,18.740000000
115.431385,18.741000000
115.436801,18.742000000
115.442967,18.743000000
115.447948,18.744000000
115.454243,18.745000000
115.466845,18.746000000
115.512952,18.747000000
115.521051,18.748000000
115.535331,18.749000000
115.545213,18.750000000
115.561759,18.751000000
115.566626,18.752000000
115.582365,18.753000000
115.590074,18.754000000
115.609304,18.755000000
115.625621,18.756000000
115.652588,18.757000000
115.663369,18.758000000
115.702478,18.759000000
115.721792,18.760000000
115.721859,18.761000000
115.724211,18.762000000
115.732682,18.763000000
115.733448,18.764000000
115.733500,18.765000000
115.734707,18.766000000
115.737722,18.767000000
115.748557,18.768000000
115.748664,18.769000000
115.748957,18.770000000
115.749004,18.771000000
115.757260,18.772000000
115.771130,18.773000000
115.784612,18.774000000
115.796760,18.775000000
115.825182,18.776000000
115.829839,18.777000000
115.837056,18.778000000
115.859123,18.779000000
115.859192,18.780000000
115.866378,18.781000000
115.905282,18.782000000
115.918451,18.783000000
115.931518,18.784000000
115.952882,18.785000000
115.967935,18.786000000
115.986104,18.787000000
115.996771,18.788000000
116.016021,18.789000000
116.025419,18.790000000
116.034228,18.791000000
116.034691,18.792000000
116.045662,18.793000000
116.048298,18.794000000
116.068399,18.795000000
116.083256,18.796000000
116.089458,18.797000000
116.116725,18.798000000
116.125683,18.799000000
116.139477,18.800000000
116.145097,18.801000000
116.154544,18.802000000
116.175188,18.803000000
116.179694,18.804000000
116.182796,18.805000000
116.196705,18.806000000
116.201228,18.807000000
116.204976,18.808000000
116.207185,18.809000000
116.213702,18.810000000
116.216951,18.811000000
116.219109,18.812000000
116.221286,18.813000000
116.223421,18.814000000
116.225480,18.815000000
116.227677,18.816000000
116.229778,18.817000000
116.232460,18.818000000
116.235603,18.819000000
116.237963,18.820000000
116.246155,18.821000000
116.250464,18.822000000
116.253471,18.823000000
116.262702,18.824000000
116.291323,18.825000000
116.309621,18.826000000
116.329042,18.827000000
116.341558,18.828000000
116.358932,18.829000000
116.377270,18.830000000
116.381150,18.831000000
116.394959,18.832000000
116.409134,18.833000000
116.419007,18.834000000
116.432491,18.835000000
116.441696,18.836000000
116.449832,18.837000000
116.460859,18.838000000
116.488674,18.839000000
116.492458,18.840000000
116.508298,18.841000000
116.527969,18.842000000
116.543508,18.843000000
116.547143,18.844000000
116.558390,18.845000000
116.560656,18.846000000
116.562853,18.847000000
116.569683,18.848000000
116.571890,18.849000000
116.575601,18.850000000
116.577759,18.851000000
116.580584,18.852000000
116.602512,18.853000000
116.604706,18.854000000
116.611257,18.855000000
116.616782,18.856000000
116.618981,18.857000000
116.624933,18.858000000
116.627132,18.859000000
116.639664,18.860000000
116.645788,18.861000000
116.651383,18.862000000
116.653524,18.863000000
116.662830,18.864000000
116.672165,18.865000000
116.683614,18.866000000
116.715941,18.867000000
116.717465,18.868000000
116.721415,18.869000000
116.747587,18.870000000
116.750540,18.871000000
116.776895,18.872000000
116.780360,18.873000000
116.794144,18.874000000
116.818354,18.875000000
116.829406,18.876000000
116.834504,18.877000000
116.872171,18.878000000
116.875074,18.879000000
116.878484,18.880000000
116.881177,18.881000000
116.891060,18.882000000
116.893318,18.883000000
116.905874,18.884000000
116.906380,18.885000000
116.909013,18.886000000
116.915909,18.887000000
116.918169,18.888000000
116.922682,18.889000000
116.925133,18.890000000
116.927413,18.891000000
116.939590,18.892000000
116.954111,18.893000000
116.969612,18.894000000
116.977125,18.895000000
116.991666,18.896000000
116.995366,18.897000000
117.011696,18.898000000
117.021219,18.899000000
117.045522,18.900000000
117.047826,18.901000000
117.055055,18.902000000
117.066811,18.903000000
117.076091,18.904000000
117.086313,18.905000000
117.092567,18.906000000
117.098037,18.907000000
117.107808,18.908000000
117.111340,18.909000000
117.121430,18.910000000
117.128515,18.911000000
117.136344,18.912000000
117.142098,18.913000000
117.155762,18.914000000
117.176682,18.915000000
117.180015,18.916000000
117.184271,18.917000000
117.195979,18.918000000
117.226248,18.919000000
117.236576,18.920000000
117.253980,18.921000000
117.274974,18.922000000
117.281167,18.923000000
117.287443,18.924000000
117.295676,18.925000000
117.312626,18.926000000
117.326046,18.927000000
117.335687,18.928000000
117.339786,18.929000000
117.344107,18.930000000
117.378343,18.931000000
117.390636,18.932000000
117.406626,18.933000000
117.420256,18.934000000
117.431210,18.935000000
117.443055,18.936000000
117.457110,18.937000000
117.468443,18.938000000
117.477067,18.939000000
117.490033,18.940000000
117.497760,18.941000000
117.504575,18.942000000
117.524096,18.943000000
117.535361,18.944000000
117.539802,18.945000000
117.568318,18.946000000
117.570985,18.947000000
117.578098,18.948000000
117.596604,18.949000000
117.611289,18.950000000
117.622617,18.951000000
117.627195,18.952000000
117.634601,18.953000000
117.641437,18.954000000
117.660788,18.955000000
117.668592,18.956000000
117.677731,18.957000000
117.683823,18.958000000
117.699515,18.959000000
117.751230,18.960000000
117.769436,18.961000000
117.776266,18.962000000
117.802222,18.963000000
117.811442,18.964000000
117.833950,18.965000000
117.851126,18.966000000
117.860677,18.967000000
117.873801,18.968000000
117.894272,18.969000000
117.906655,18.970000000
117.919287,18.971000000
117.932270,18.972000000
117.967507,18.973000000
117.973444,18.974000000
117.992568,18.975000000
118.002503,18.976000000
118.003186,18.977000000
118.008708,18.978000000
118.023101,18.979000000
118.049949,18.980000000
118.060485,18.981000000
118.066901,18.982000000
118.070128,18.983000000
118.080570,18.984000000
118.111079,18.985000000
118.121821,18.986000000
118.149109,18.987000000
118.168580,18.988000000
118.181082,18.989000000
118.183139,18.990000000
118.214272,18.991000000
118.228291,18.992000000
118.232403,18.993000000
118.238819,18.994000000
118.246211,18.995000000
118.252738,18.996000000
118.257989,18.997000000
118.265120,18.998000000
118.268599,18.999000000
118.275625,19.000000000
118.285486,19.001000000
118.287599,19.002000000
118.293211,19.003000000
118.298074,19.004000000
118.302119,19.005000000
118.313289,19.006000000
118.319702,19.007000000
118.321807,19.008000000
118.338751,19.009000000
118.342801,19.010000000
118.352705,19.011000000
118.355723,19.012000000
118.360395,19.013000000
118.397993,19.014000000
118.400089,19.015000000
118.420368,19.016000000
118.422548,19.017000000
118.428284,19.018000000
118.445793,19.019000000
118.485414,19.020000000
118.493199,19.021000000
118.509515,19.022000000
118.515860,19.023000000
118.518099,19.024000000
118.523921,19.025000000
118.541292,19.026000000
118.541341,19.027000000
118.544363,19.028000000
118.556451,19.029000000
118.556492,19.030000000
118.562236,19.031000000
118.562276,19.032000000
118.576313,19.033000000
118.576355,19.034000000
118.588334,19.035000000
118.588802,19.036000000
118.599126,19.037000000
118.599169,19.038000000
118.607244,19.039000000
118.613264,19.040000000
118.627469,19.041000000
118.627514,19.042000000
118.634254,19.043000000
118.643000,19.044000000
118.643403,19.045000000
118.654963,19.046000000
118.655449,19.047000000
118.665061,19.048000000
118.672680,19.049000000
118.672718,19.050000000
118.685217,19.051000000
118.685258,19.052000000
118.695939,19.053000000
118.705396,19.054000000
118.705439,19.055000000
118.717494,19.056000000
118.717544,19.057000000
118.730102,19.058000000
118.735093,19.059000000
118.743674,19.060000000
118.761998,19.061000000
118.772739,19.062000000
118.789521,19.063000000
118.811369,19.064000000
118.814629,19.065000000
118.840518,19.066000000
118.840577,19.067000000
118.851949,19.068000000
118.862284,19.069000000
118.862333,19.070000000
118.883682,19.071000000
118.889642,19.072000000
118.896060,19.073000000
118.911793,19.074000000
118.917921,19.075000000
118.920205,19.076000000
118.928010,19.077000000
118.948339,19.078000000
118.959854,19.079000000
118.966520,19.080000000
118.968678,19.081000000
118.996280,19.082000000
119.000432,19.083000000
119.006730,19.084000000
119.013958,19.085000000
119.020031,19.086000000
119.028955,19.087000000
119.029662,19.088000000
119.039047,19.089000000
119.039092,19.090000000
119.042373,19.091000000
119.050735,19.092000000
119.067136,19.093000000
119.088931,19.094000000
119.088981,19.095000000
119.112581,19.096000000
119.135255,19.097000000
119.135304,19.098000000
119.138414,19.099000000
119.141193,19.100000000
119.148165,19.101000000
119.161151,19.102000000
119.169889,19.103000000
119.173532,19.104000000
119.183287,19.105000000
119.216238,19.106000000
119.222874,19.107000000
119.228552,19.108000000
119.246443,19.109000000
119.249498,19.110000000
119.286880,19.111000000
119.295457,19.112000000
119.304827,19.113000000
119.314039,19.114000000
119.335586,19.115000000
119.335901,19.116000000
119.335937,19.117000000
119.345380,19.118000000
119.365755,19.119000000
119.365803,19.120000000
119.373115,19.121000000
119.383574,19.122000000
119.383618,19.123000000
119.400382,19.124000000
119.428927,19.125000000
119.430679,19.126000000
119.451589,19.127000000
119.491234,19.128000000
119.494191,19.129000000
119.500075,19.130000000
119.517219,19.131000000
119.520136,19.132000000
119.525065,19.133000000
119.532263,19.134000000
119.541491,19.135000000
119.543609,19.136000000
119.566986,19.137000000
119.575187,19.138000000
119.577338,19.139000000
119.592064,19.140000000
119.594217,19.141000000
119.607824,19.142000000
119.611022,19.143000000
119.613038,19.144000000
119.646690,19.145000000
119.660280,19.146000000
119.668249,19.147000000
119.670497,19.148000000
119.672581,19.149000000
119.681530,19.150000000
119.683713,19.151000000
119.692520,19.152000000
119.694620,19.153000000
119.696833,19.154000000
119.700607,19.155000000
119.706341,19.156000000
119.710744,19.157000000
119.716614,19.158000000
119.718946,19.159000000
119.721197,19.160000000
119.723332,19.161000000
119.726679,19.162000000
119.728906,19.163000000
119.731055,19.164000000
119.733307,19.165000000
119.738668,19.166000000
119.740808,19.167000000
119.745858,19.168000000
119.749836,19.169000000
119.763603,19.170000000
119.772213,19.171000000
119.775570,19.172000000
119.796032,19.173000000
119.804231,19.174000000
119.810563,19.175000000
119.814498,19.176000000
119.818081,19.177000000
119.842236,19.178000000
119.851874,19.179000000
119.856770,19.180000000
119.866488,19.181000000
119.873039,19.182000000
119.878438,19.183000000
119.901456,19.184000000
119.906880,19.185000000
119.914217,19.186000000
119.917870,19.187000000
119.924255,19.188000000
119.932064,19.189000000
119.937870,19.190000000
119.944170,19.191000000
119.950338,19.192000000
119.957803,19.193000000
119.965071,19.194000000
119.969292,19.195000000
119.975252,19.196000000
119.980399,19.197000000
119.986246,19.198000000
120.002296,19.199000000
120.006089,19.200000000
120.010731,19.201000000
120.026386,19.202000000
120.031572,19.203000000
120.034460,19.204000000
120.044273,19.205000000
120.048732,19.206000000
120.051901,19.207000000
120.067578,19.208000000
120.071853,19.209000000
120.077128,19.210000000
120.089636,19.211000000
120.093750,19.212000000
120.104464,19.213000000
120.134744,19.214000000
120.144376,19.215000000
120.156361,19.216000000
120.160695,19.217000000
120.172715,19.218000000
120.181035,19.219000000
120.187608,19.220000000
120.193070,19.221000000
120.201903,19.222000000
120.209395,19.223000000
120.218830,19.224000000
120.227189,19.225000000
120.234752,19.226000000
120.241642,19.227000000
120.263232,19.228000000
120.285274,19.229000000
120.305632,19.230000000
120.313130,19.231000000
120.317981,19.232000000
120.332298,19.233000000
120.336490,19.234000000
120.344892,19.235000000
120.360049,19.236000000
120.368402,19.237000000
120.375066,19.238000000
120.386272,19.239000000
120.388636,19.240000000
120.394802,19.241000000
120.399236,19.242000000
120.401443,19.243000000
120.404122,19.244000000
120.410067,19.245000000
120.414367,19.246000000
120.455086,19.247000000
120.466633,19.248000000
120.478221,19.249000000
120.488748,19.250000000
120.500014,19.251000000
120.512635,19.252000000
120.521625,19.253000000
120.531842,19.254000000
120.542075,19.255000000
120.552482,19.256000000
120.560890,19.257000000
120.572764,19.258000000
120.580532,19.259000000
120.584933,19.260000000
120.588624,19.261000000
120.590909,19.262000000
120.593314,19.263000000
120.595445,19.264000000
120.597732,19.265000000
120.600066,19.266000000
120.602514,19.267000000
120.604634,19.268000000
120.608451,19.269000000
120.612118,19.270000000
120.614591,19.271000000
120.616830,19.272000000
120.619151,19.273000000
120.621267,19.274000000
120.629565,19.275000000
120.637525,19.276000000
120.639594,19.277000000
120.641872,19.278000000
120.644218,19.279000000
120.651477,19.280000000
120.658028,19.281000000
120.662891,19.282000000
120.696474,19.283000000
120.702122,19.284000000
120.705817,19.285000000
120.723623,19.286000000
120.729693,19.287000000
120.734797,19.288000000
120.738124,19.289000000
120.758821,19.290000000
120.767042,19.291000000
120.774941,19.292000000
120.779637,19.293000000
120.785448,19.294000000
120.810232,19.295000000
120.820500,19.296000000
120.832172,19.297000000
120.838053,19.298000000
120.850183,19.299000000
120.857274,19.300000000
120.869786,19.301000000
120.877359,19.302000000
120.892884,19.303000000
120.898970,19.304000000
120.912083,19.305000000
120.917949,19.306000000
120.931064,19.307000000
120.935580,19.308000000
120.943793,19.309000000
120.964603,19.310000000
120.979223,19.311000000
120.983597,19.312000000
121.014590,19.313000000
121.019711,19.314000000
121.028938,19.315000000
121.033314,19.316000000
121.039108,19.317000000
121.043940,19.318000000
121.067839,19.319000000
121.076596,19.320000000
121.082985,19.321000000
121.093956,19.322000000
121.099951,19.323000000
121.140918,19.324000000
121.156317,19.325000000
121.171677,19.326000000
121.178547,19.327000000
121.187561,19.328000000
121.195664,19.329000000
121.198973,19.330000000
121.205134,19.331000000
121.218848,19.332000000
121.226979,19.333000000
121.237229,19.334000000
121.247406,19.335000000
121.255395,19.336000000
121.264441,19.337000000
121.268880,19.338000000
121.289735,19.339000000
121.292773,19.340000000
121.295438,19.341000000
121.302793,19.342000000
121.321369,19.343000000
121.329148,19.344000000
121.331606,19.345000000
121.336357,19.346000000
121.344371,19.347000000
121.346554,19.348000000
121.350621,19.349000000
121.367007,19.350000000
121.370024,19.351000000
121.372298,19.352000000
121.374496,19.353000000
121.378167,19.354000000
121.388877,19.355000000
121.392895,19.356000000
121.395157,19.357000000
121.420349,19.358000000
121.426458,19.359000000
121.432137,19.360000000
121.434859,19.361000000
121.441008,19.362000000
121.449197,19.363000000
121.455655,19.364000000
121.462257,19.365000000
121.471603,19.366000000
121.483006,19.367000000
121.493095,19.368000000
121.500366,19.369000000
121.508447,19.370000000
121.512648,19.371000000
121.543869,19.372000000
121.549025,19.373000000
121.570532,19.374000000
121.582968,19.375000000
121.585483,19.376000000
121.593496,19.377000000
121.595660,19.378000000
121.597974,19.379000000
121.600431,19.380000000
121.604479,19.381000000
121.610881,19.382000000
121.613107,19.383000000
121.615468,19.384000000
121.620264,19.385000000
121.622454,19.386000000
121.624602,19.387000000
121.626964,19.388000000
121.631081,19.389000000
121.644667,19.390000000
121.654755,19.391000000
121.657830,19.392000000
121.660174,19.393000000
121.662560,19.394000000
121.664742,19.395000000
121.667237,19.396000000
121.669836,19.397000000
121.672057,19.398000000
121.674234,19.399000000
121.676926,19.400000000
121.679247,19.401000000
121.682352,19.402000000
121.684688,19.403000000
121.686869,19.404000000
121.695033,19.405000000
121.697297,19.406000000
121.699461,19.407000000
121.701822,19.408000000
121.703986,19.409000000
121.706989,19.410000000
121.709663,19.411000000
121.712385,19.412000000
121.714651,19.413000000
121.716911,19.414000000
121.739014,19.415000000
121.748166,19.416000000
121.753356,19.417000000
121.756389,19.418000000
121.759105,19.419000000
121.765263,19.420000000
121.769461,19.421000000
121.773372,19.422000000
121.778758,19.423000000
121.783768,19.424000000
121.788492,19.425000000
121.790698,19.426000000
121.793384,19.427000000
121.800652,19.428000000
121.809083,19.429000000
121.812171,19.430000000
121.822669,19.431000000
121.835552,19.432000000
121.837765,19.433000000
121.847467,19.434000000
121.856676,19.435000000
121.864952,19.436000000
121.872885,19.437000000
121.879014,19.438000000
121.890730,19.439000000
121.891370,19.440000000
121.894146,19.441000000
121.898918,19.442000000
121.905223,19.443000000
121.917554,19.444000000
121.920536,19.445000000
121.928574,19.446000000
121.932820,19.447000000
121.937113,19.448000000
121.941185,19.449000000
121.947351,19.450000000
121.951553,19.451000000
121.975194,19.452000000
121.981375,19.453000000
121.985529,19.454000000
121.990658,19.455000000
122.005841,19.456000000
122.014169,19.457000000
122.025932,19.458000000
122.034893,19.459000000
122.039152,19.460000000
122.043657,19.461000000
122.049757,19.462000000
122.055295,19.463000000
122.075499,19.464000000
122.080850,19.465000000
122.087783,19.466000000
122.093053,19.467000000
122.104478,19.468000000
122.130794,19.469000000
122.141565,19.470000000
122.151659,19.471000000
122.158595,19.472000000
122.169554,19.473000000
122.178827,19.474000000
122.187466,19.475000000
122.198542,19.476000000
122.207545,19.477000000
122.218228,19.478000000
122.233064,19.479000000
122.239974,19.480000000
122.247722,19.481000000
122.255903,19.482000000
122.267370,19.483000000
122.272147,19.484000000
122.276443,19.485000000
122.279312,19.486000000
122.281929,19.487000000
122.284224,19.488000000
122.290581,19.489000000
122.293901,19.490000000
122.300632,19.491000000
122.312471,19.492000000
122.314853,19.493000000
122.320413,19.494000000
122.322724,19.495000000
122.325021,19.496000000
122.327602,19.497000000
122.335378,19.498000000
122.337608,19.499000000
122.340113,19.500000000
122.346671,19.501000000
122.351025,19.502000000
122.376466,19.503000000
122.382298,19.504000000
122.387754,19.505000000
122.389956,19.506000000
122.394265,19.507000000
122.396547,19.508000000
122.398689,19.509000000
122.404081,19.510000000
122.426414,19.511000000
122.430697,19.512000000
122.438705,19.513000000
122.443290,19.514000000
122.447876,19.515000000
122.452403,19.516000000
122.454887,19.517000000
122.457315,19.518000000
122.459870,19.519000000
122.467777,19.520000000
122.470191,19.521000000
122.472898,19.522000000
122.483249,19.523000000
122.502018,19.524000000
122.539703,19.525000000
122.542628,19.526000000
122.544561,19.527000000
122.556280,19.528000000
122.556341,19.529000000
122.568437,19.530000000
122.579766,19.531000000
122.589308,19.532000000
122.589363,19.533000000
122.616627,19.534000000
122.618481,19.535000000
122.630409,19.536000000
122.642966,19.537000000
122.653813,19.538000000
122.693123,19.539000000
122.705095,19.540000000
122.713887,19.541000000
122.736768,19.542000000
122.749284,19.543000000
122.755594,19.544000000
122.767365,19.545000000
122.769542,19.546000000
122.779692,19.547000000
122.802609,19.548000000
122.802679,19.549000000
122.845536,19.550000000
122.853442,19.551000000
122.868663,19.552000000
122.873009,19.553000000
122.890536,19.554000000
122.890599,19.555000000
122.905954,19.556000000
122.918555,19.557000000
122.929806,19.558000000
122.946040,19.559000000
122.962183,19.560000000
122.970605,19.561000000
122.982291,19.562000000
122.994717,19.563000000
122.994775,19.564000000
122.994817,19.565000000
123.020764,19.566000000
123.031816,19.567000000
123.052085,19.568000000
123.062265,19.569000000
123.062326,19.570000000
123.067879,19.571000000
123.067941,19.572000000
123.067981,19.573000000
123.111564,19.574000000
123.123352,19.575000000
123.135430,19.576000000
123.135495,19.577000000
123.135537,19.578000000
123.161507,19.579000000
123.172242,19.580000000
123.177162,19.581000000
123.208295,19.582000000
123.217399,19.583000000
123.225483,19.584000000
123.266498,19.585000000
123.266588,19.586000000
123.291629,19.587000000
123.293381,19.588000000
123.306807,19.589000000
123.306865,19.590000000
123.341804,19.591000000
123.341868,19.592000000
123.383286,19.593000000
123.384616,19.594000000
123.403959,19.595000000
123.414653,19.596000000
123.415027,19.597000000
123.415081,19.598000000
123.415120,19.599000000
123.450124,19.600000000
123.450187,19.601000000
123.450228,19.602000000
123.470955,19.603000000
123.516307,19.604000000
123.527729,19.605000000
123.546251,19.606000000
123.557892,19.607000000
123.562874,19.608000000
123.570785,19.609000000
123.584595,19.610000000
123.590190,19.611000000
123.594547,19.612000000
123.598143,19.613000000
123.611226,19.614000000
123.617230,19.615000000
123.624422,19.616000000
123.630591,19.617000000
123.640612,19.618000000
123.643862,19.619000000
123.654812,19.620000000
123.657867,19.621000000
123.669342,19.622000000
123.674978,19.623000000
123.679045,19.624000000
123.690726,19.625000000
123.694724,19.626000000
123.702403,19.627000000
123.706510,19.628000000
123.712093,19.629000000
123.721821,19.630000000
123.734035,19.631000000
123.736336,19.632000000
123.756791,19.633000000
123.757134,19.634000000
123.766101,19.635000000
123.766150,19.636000000
123.769367,19.637000000
123.771826,19.638000000
123.772638,19.639000000
123.774369,19.640000000
123.783951,19.641000000
123.784010,19.642000000
123.784050,19.643000000
123.792663,19.644000000
123.794110,19.645000000
123.803272,19.646000000
123.824941,19.647000000
123.827453,19.648000000
123.830091,19.649000000
123.834931,19.650000000
123.847077,19.651000000
123.861329,19.652000000
123.864114,19.653000000
123.894108,19.654000000
123.898906,19.655000000
123.902255,19.656000000
123.908301,19.657000000
123.910959,19.658000000
123.936709,19.659000000
123.936885,19.660000000
123.954530,19.661000000
123.969349,19.662000000
123.987974,19.663000000
124.001574,19.664000000
124.013350,19.665000000
124.021115,19.666000000
124.025409,19.667000000
124.040216,19.668000000
124.045528,19.669000000
124.051810,19.670000000
124.056231,19.671000000
124.076937,19.672000000
124.084085,19.673000000
124.087352,19.674000000
124.092862,19.675000000
124.098341,19.676000000
124.116220,19.677000000
124.122459,19.678000000
124.127118,19.679000000
124.132462,19.680000000
124.138516,19.681000000
124.159679,19.682000000
124.165293,19.683000000
124.171021,19.684000000
124.176872,19.685000000
124.181686,19.686000000
124.192346,19.687000000
124.197064,19.688000000
124.221369,19.689000000
124.236185,19.690000000
124.244943,19.691000000
124.256277,19.692000000
124.287072,19.693000000
124.297125,19.694000000
124.309828,19.695000000
124.322607,19.696000000
124.331195,19.697000000
124.350220,19.698000000
124.364033,19.699000000
124.373122,19.700000000
124.379109,19.701000000
124.390095,19.702000000
124.402737,19.703000000
124.412878,19.704000000
124.422386,19.705000000
124.431447,19.706000000
124.467854,19.707000000
124.477489,19.708000000
124.505836,19.709000000
124.509386,19.710000000
124.520939,19.711000000
124.526731,19.712000000
124.537874,19.713000000
124.554266,19.714000000
124.559818,19.715000000
124.566604,19.716000000
124.574586,19.717000000
124.581438,19.718000000
124.588636,19.719000000
124.595691,19.720000000
124.605851,19.721000000
124.611785,19.722000000
124.619130,19.723000000
124.629421,19.724000000
124.634923,19.725000000
124.644169,19.726000000
124.660862,19.727000000
124.674112,19.728000000
124.687414,19.729000000
124.696286,19.730000000
124.709013,19.731000000
124.729692,19.732000000
124.740879,19.733000000
124.754331,19.734000000
124.758096,19.735000000
124.758665,19.736000000
124.788970,19.737000000
124.789040,19.738000000
124.789083,19.739000000
124.796312,19.740000000
124.807742,19.741000000
124.807809,19.742000000
124.842436,19.743000000
124.842517,19.744000000
124.842560,19.745000000
124.852848,19.746000000
124.863384,19.747000000
124.864591,19.748000000
124.875762,19.749000000
124.880293,19.750000000
124.885276,19.751000000
124.887527,19.752000000
124.889921,19.753000000
124.892382,19.754000000
124.898813,19.755000000
124.901227,19.756000000
124.906051,19.757000000
124.908447,19.758000000
124.910979,19.759000000
124.917060,19.760000000
124.935701,19.761000000
124.946310,19.762000000
124.960744,19.763000000
124.971967,19.764000000
124.980531,19.765000000
124.987757,19.766000000
124.992790,19.767000000
125.008206,19.768000000
125.014359,19.769000000
125.030132,19.770000000
125.048115,19.771000000
125.054929,19.772000000
125.077890,19.773000000
125.083812,19.774000000
125.099763,19.775000000
125.115472,19.776000000
125.129447,19.777000000
125.146952,19.778000000
125.157380,19.779000000
125.171225,19.780000000
125.186969,19.781000000
125.194664,19.782000000
125.206274,19.783000000
125.215082,19.784000000
125.228448,19.785000000
125.242456,19.786000000
125.249251,19.787000000
125.268894,19.788000000
125.286007,19.789000000
125.311935,19.790000000
125.330785,19.791000000
125.347710,19.792000000
125.357243,19.793000000
125.358584,19.794000000
125.367851,19.795000000
125.368315,19.796000000
125.402544,19.797000000
125.408574,19.798000000
125.409083,19.799000000
125.418595,19.800000000
125.419492,19.801000000
125.440495,19.802000000
125.450673,19.803000000
125.459634,19.804000000
125.484190,19.805000000
125.484798,19.806000000
125.497323,19.807000000
125.497375,19.808000000
125.509246,19.809000000
125.511682,19.810000000
125.521351,19.811000000
125.523831,19.812000000
125.526191,19.813000000
125.531161,19.814000000
125.533497,19.815000000
125.556619,19.816000000
125.570012,19.817000000
125.582070,19.818000000
125.593596,19.819000000
125.602899,19.820000000
125.613525,19.821000000
125.629561,19.822000000
125.647684,19.823000000
125.649698,19.824000000
125.652359,19.825000000
125.655614,19.826000000
125.661750,19.827000000
125.663846,19.828000000
125.666880,19.829000000
125.672961,19.830000000
125.674850,19.831000000
125.676998,19.832000000
125.679251,19.833000000
125.681441,19.834000000
125.687582,19.835000000
125.690348,19.836000000
125.697554,19.837000000
125.699956,19.838000000
125.703159,19.839000000
125.705909,19.840000000
125.710051,19.841000000
125.717223,19.842000000
125.735523,19.843000000
125.745122,19.844000000
125.747705,19.845000000
125.759322,19.846000000
125.775378,19.847000000
125.780226,19.848000000
125.782346,19.849000000
125.792713,19.850000000
125.794729,19.851000000
125.823475,19.852000000
125.827815,19.853000000
125.840978,19.854000000
125.844027,19.855000000
125.847730,19.856000000
125.864552,19.857000000
125.864597,19.860000000
125.867233,19.861000000
125.868077,19.862000000
125.879098,19.863000000
125.879167,19.865000000
125.891404,19.866000000
125.909925,19.867000000
125.937177,19.868000000
125.949563,19.869000000
125.971027,19.870000000
125.974966,19.871000000
126.004633,19.872000000
126.030426,19.873000000
126.041708,19.874000000
126.053803,19.875000000
126.071436,19.876000000
126.088126,19.877000000
126.094234,19.878000000
126.098763,19.879000000
126.127328,19.880000000
126.135771,19.881000000
126.138435,19.882000000
126.170804,19.883000000
126.181916,19.884000000
126.189306,19.885000000
126.201589,19.886000000
126.213728,19.887000000
126.227934,19.888000000
126.242460,19.889000000
126.247308,19.890000000
126.253107,19.891000000
126.268853,19.892000000
126.276685,19.893000000
126.289444,19.894000000
126.298088,19.895000000
126.309673,19.896000000
126.320187,19.897000000
126.325494,19.898000000
126.361593,19.899000000
126.375056,19.900000000
126.389654,19.901000000
126.407681,19.902000000
126.417002,19.903000000
126.422344,19.904000000
126.432841,19.905000000
126.459134,19.906000000
126.464495,19.907000000
126.471595,19.908000000
126.503636,19.909000000
126.509040,19.910000000
126.521559,19.911000000
126.528089,19.912000000
126.538371,19.913000000
126.549983,19.914000000
126.561583,19.915000000
126.565957,19.916000000
126.577986,19.917000000
126.589228,19.918000000
126.594838,19.919000000
126.606097,19.920000000
126.623683,19.921000000
126.633951,19.922000000
126.638907,19.923000000
126.654997,19.924000000
126.659187,19.925000000
126.683910,19.926000000
126.693807,19.927000000
126.702999,19.928000000
126.726961,19.929000000
126.735306,19.930000000
126.737966,19.931000000
126.770581,19.932000000
126.782344,19.933000000
126.787709,19.934000000
126.823332,19.935000000
126.827932,19.936000000
126.850171,19.937000000
126.857239,19.938000000
126.888446,19.939000000
126.900221,19.940000000
126.923124,19.941000000
126.923187,19.942000000
126.924641,19.943000000
126.931618,19.944000000
126.931659,19.945000000
126.947996,19.946000000
126.948048,19.949000000
126.954330,19.950000000
126.965802,19.951000000
126.965850,19.954000000
126.975932,19.955000000
126.979609,19.956000000
126.983562,19.957000000
126.984539,19.958000000
126.987784,19.959000000
126.991543,19.960000000
126.996290,19.961000000
127.013223,19.962000000
127.020291,19.963000000
127.027812,19.964000000
127.054554,19.965000000
127.080657,19.966000000
127.106085,19.967000000
127.132151,19.968000000
127.152784,19.969000000
127.152832,19.970000000
127.167504,19.971000000
127.179738,19.972000000
127.213801,19.973000000
127.225462,19.974000000
127.244997,19.975000000
127.249238,19.976000000
127.255084,19.977000000
127.261152,19.978000000
127.280844,19.979000000
127.287620,19.980000000
127.293591,19.981000000
127.317688,19.982000000
127.326287,19.983000000
127.346940,19.984000000
127.377382,19.985000000
127.377435,19.986000000
127.389244,19.987000000
127.406120,19.988000000
127.413131,19.989000000
127.428869,19.990000000
127.441579,19.991000000
127.443768,19.992000000
127.473156,19.993000000
127.479237,19.994000000
127.492040,19.995000000
127.509086,19.996000000
127.521577,19.997000000
127.521623,19.999000000
127.538738,20.000000000
127.540755,20.001000000
127.552550,20.002000000
127.570160,20.003000000
127.580709,20.004000000
127.580757,20.005000000
127.595338,20.006000000
127.598835,20.007000000
127.607936,20.008000000
127.626845,20.009000000
127.641793,20.010000000
127.655430,20.011000000
127.673350,20.012000000
127.683259,20.013000000
127.689739,20.014000000
127.696973,20.015000000
127.704936,20.016000000
127.711303,20.017000000
127.719652,20.018000000
127.725924,20.019000000
127.734135,20.020000000
127.739989,20.021000000
127.748353,20.022000000
127.758497,20.023000000
127.766034,20.024000000
127.772593,20.025000000
127.780178,20.026000000
127.789479,20.027000000
127.795700,20.028000000
127.801750,20.029000000
127.813338,20.030000000
127.819591,20.031000000
127.827827,20.032000000
127.836050,20.033000000
127.842469,20.034000000
127.852488,20.035000000
127.860615,20.036000000
127.868741,20.037000000
127.874502,20.038000000
127.880897,20.039000000
127.888810,20.040000000
127.894810,20.041000000
127.912835,20.042000000
127.918572,20.043000000
127.928823,20.044000000
127.935042,20.045000000
127.950936,20.046000000
127.965079,20.047000000
127.971968,20.048000000
127.988433,20.049000000
128.001249,20.050000000
128.021471,20.051000000
128.030286,20.052000000
128.052876,20.053000000
128.062316,20.054000000
128.072049,20.055000000
128.096791,20.056000000
128.119398,20.057000000
128.125393,20.058000000
128.154673,20.059000000
128.161249,20.060000000
128.180202,20.061000000
128.198863,20.062000000
128.214470,20.063000000
128.228368,20.064000000
128.243412,20.065000000
128.257579,20.066000000
128.266923,20.067000000
128.279395,20.068000000
128.292788,20.069000000
128.307615,20.070000000
128.318330,20.071000000
128.325905,20.072000000
128.335076,20.073000000
128.377161,20.074000000
128.382340,20.075000000
128.389977,20.076000000
128.400180,20.077000000
128.410726,20.078000000
128.417087,20.079000000
128.425638,20.080000000
128.453930,20.081000000
128.468102,20.082000000
128.476048,20.083000000
128.485170,20.084000000
128.495503,20.085000000
128.504043,20.086000000
128.515632,20.087000000
128.523798,20.088000000
128.535430,20.089000000
128.553149,20.090000000
128.561414,20.091000000
128.567919,20.092000000
128.584370,20.093000000
128.592972,20.094000000
128.602075,20.095000000
128.611706,20.096000000
128.619395,20.097000000
128.630000,20.098000000
128.639845,20.099000000
128.647809,20.100000000
128.664997,20.101000000
128.677502,20.102000000
128.686945,20.103000000
128.696964,20.104000000
128.706921,20.105000000
128.718527,20.106000000
128.725051,20.107000000
128.736084,20.108000000
128.748742,20.109000000
128.760274,20.110000000
128.770728,20.111000000
128.783138,20.112000000
128.793452,20.113000000
128.803786,20.114000000
128.814014,20.115000000
128.816542,20.116000000
128.835806,20.117000000
128.843263,20.118000000
128.849396,20.119000000
128.862618,20.120000000
128.869073,20.121000000
128.878708,20.122000000
128.890185,20.123000000
128.898087,20.124000000
128.919085,20.125000000
128.924320,20.126000000
128.935416,20.127000000
128.946859,20.128000000
128.957522,20.129000000
128.961331,20.130000000
128.973735,20.131000000
128.992716,20.132000000
129.000287,20.133000000
129.026127,20.134000000
129.032386,20.135000000
129.042002,20.136000000
129.055345,20.137000000
129.064973,20.138000000
129.072897,20.139000000
129.098776,20.140000000
129.104330,20.141000000
129.111834,20.142000000
129.124162,20.143000000
129.129495,20.144000000
129.141652,20.145000000
129.170827,20.146000000
129.183574,20.147000000
129.206798,20.148000000
129.216635,20.149000000
129.224347,20.150000000
129.231282,20.151000000
129.237570,20.152000000
129.246329,20.153000000
129.253815,20.154000000
129.258331,20.155000000
129.269819,20.156000000
129.284623,20.157000000
129.290548,20.158000000
129.302392,20.159000000
129.334539,20.160000000
129.343207,20.161000000
129.347710,20.162000000
129.370458,20.163000000
129.374174,20.164000000
129.386575,20.165000000
129.391998,20.166000000
129.396851,20.167000000
129.399644,20.168000000
129.428415,20.169000000
129.435961,20.170000000
129.442290,20.171000000
129.460066,20.172000000
129.468641,20.173000000
129.479723,20.174000000
129.495434,20.175000000
129.508165,20.176000000
129.514594,20.177000000
129.537540,20.178000000
129.546601,20.179000000
129.558060,20.180000000
129.569954,20.181000000
129.583079,20.182000000
129.602295,20.183000000
129.609442,20.184000000
129.613997,20.185000000
129.620298,20.186000000
129.629919,20.187000000
129.652165,20.188000000
129.656952,20.189000000
129.662990,20.190000000
129.663054,20.191000000
129.663404,20.192000000
129.690730,20.193000000
129.702007,20.194000000
129.709553,20.195000000
129.719843,20.196000000
129.730783,20.197000000
129.733902,20.198000000
129.784541,20.199000000
129.794351,20.200000000
129.809017,20.201000000
129.820399,20.202000000
129.826292,20.203000000
129.832887,20.204000000
129.840176,20.205000000
129.844212,20.206000000
129.858681,20.207000000
129.864654,20.208000000
129.870788,20.209000000
129.881946,20.210000000
129.892530,20.211000000
129.901510,20.212000000
129.905145,20.213000000
129.929103,20.214000000
129.934086,20.215000000
129.945780,20.216000000
129.965077,20.217000000
129.974464,20.218000000
129.988343,20.219000000
129.992005,20.220000000
130.000527,20.221000000
130.008601,20.222000000
130.033747,20.223000000
130.036071,20.224000000
130.041393,20.225000000
130.055455,20.226000000
130.060809,20.227000000
130.064652,20.228000000
130.087159,20.229000000
130.092726,20.230000000
130.105396,20.231000000
130.116874,20.232000000
130.128706,20.233000000
130.135263,20.234000000
130.142022,20.235000000
130.156718,20.236000000
130.171479,20.237000000
130.187146,20.238000000
130.194989,20.239000000
130.205650,20.240000000
130.214096,20.241000000
130.237626,20.242000000
130.241211,20.243000000
130.258771,20.244000000
130.267866,20.245000000
130.279352,20.246000000
130.293770,20.247000000
130.316564,20.248000000
130.334818,20.249000000
130.336640,20.250000000
130.372705,20.251000000
130.372766,20.252000000
130.373233,20.253000000
130.373329,20.254000000
130.378395,20.255000000
130.389139,20.256000000
130.399609,20.257000000
130.433628,20.258000000
130.445123,20.259000000
130.455178,20.260000000
130.460571,20.261000000
130.465805,20.262000000
130.473831,20.263000000
130.480344,20.264000000
130.495178,20.265000000
130.509104,20.266000000
130.519609,20.267000000
130.522886,20.268000000
130.524947,20.269000000
130.527699,20.270000000
130.544879,20.271000000
130.563045,20.272000000
130.565996,20.273000000
130.572978,20.274000000
130.575811,20.275000000
130.578066,20.276000000
130.580389,20.277000000
130.586613,20.278000000
130.591304,20.279000000
130.616086,20.280000000
130.617884,20.281000000
130.620563,20.282000000
130.624977,20.283000000
130.631848,20.284000000
130.655388,20.285000000
130.657670,20.286000000
130.667457,20.287000000
130.667504,20.288000000
130.669368,20.289000000
130.672260,20.290000000
130.697247,20.291000000
130.703809,20.292000000
130.704018,20.293000000
130.712296,20.294000000
130.712875,20.295000000
130.723568,20.296000000
130.728466,20.297000000
130.737120,20.298000000
130.737165,20.299000000
130.773765,20.300000000
130.780607,20.301000000
130.782691,20.302000000
130.803167,20.303000000
130.808568,20.304000000
130.815915,20.305000000
130.829267,20.306000000
130.840317,20.307000000
130.846040,20.308000000
130.864781,20.309000000
130.871806,20.310000000
130.880818,20.311000000
130.885019,20.312000000
130.892109,20.313000000
130.896766,20.314000000
130.900827,20.315000000
130.908795,20.316000000
130.923069,20.317000000
130.923181,20.318000000
130.929334,20.319000000
130.933712,20.320000000
130.936009,20.321000000
130.960115,20.322000000
130.994359,20.323000000
130.994433,20.324000000
130.999243,20.325000000
131.035206,20.326000000
131.064057,20.327000000
131.068129,20.328000000
131.075844,20.329000000
131.094881,20.330000000
131.097035,20.331000000
131.126644,20.332000000
131.135439,20.333000000
131.145944,20.334000000
131.152708,20.335000000
131.165119,20.336000000
131.176576,20.337000000
131.184598,20.338000000
131.192913,20.339000000
131.203795,20.340000000
131.216086,20.341000000
131.228085,20.342000000
131.236194,20.343000000
131.244550,20.344000000
131.248640,20.345000000
131.262272,20.346000000
131.271826,20.347000000
131.290265,20.348000000
131.299479,20.349000000
131.303592,20.350000000
131.318775,20.351000000
131.322913,20.352000000
131.329894,20.353000000
131.362087,20.354000000
131.378256,20.355000000
131.381427,20.356000000
131.385658,20.357000000
131.397962,20.358000000
131.406114,20.359000000
131.412930,20.360000000
131.438490,20.361000000
131.447659,20.362000000
131.460628,20.363000000
131.475311,20.364000000
131.486636,20.365000000
131.492599,20.366000000
131.509558,20.367000000
131.524871,20.368000000
131.529491,20.369000000
131.539250,20.370000000
131.546507,20.371000000
131.556769,20.372000000
131.562560,20.373000000
131.594142,20.374000000
131.608578,20.375000000
131.635965,20.376000000
131.641102,20.377000000
131.655720,20.378000000
131.662866,20.379000000
131.668000,20.380000000
131.683580,20.381000000
131.687181,20.382000000
131.692234,20.383000000
131.701872,20.384000000
131.705372,20.385000000
131.707590,20.386000000
131.710334,20.387000000
131.713567,20.388000000
131.748580,20.389000000
131.784596,20.390000000
131.797256,20.391000000
131.809986,20.392000000
131.834902,20.393000000
131.835395,20.394000000
131.848867,20.395000000
131.848985,20.396000000
131.865427,20.397000000
131.894673,20.398000000
131.920504,20.399000000
131.936194,20.400000000
131.962396,20.401000000
131.962474,20.404000000
132.005053,20.405000000
132.014688,20.406000000
132.014745,20.407000000
132.038541,20.408000000
132.039531,20.409000000
132.048838,20.410000000
132.091959,20.411000000
132.139784,20.412000000
132.151205,20.413000000
132.156177,20.414000000
132.177787,20.415000000
132.208053,20.416000000
132.210225,20.417000000
132.221317,20.418000000
132.227275,20.419000000
132.229608,20.420000000
132.257965,20.421000000
132.267718,20.422000000
132.304566,20.423000000
132.323642,20.424000000
132.325943,20.425000000
132.335885,20.426000000
132.338091,20.427000000
132.362675,20.428000000
132.375202,20.429000000
132.377483,20.430000000
132.392338,20.431000000
132.400097,20.432000000
132.434109,20.433000000
132.442574,20.434000000
132.458176,20.435000000
132.491072,20.436000000
132.514593,20.437000000
132.522542,20.438000000
132.544402,20.439000000
132.545867,20.440000000
132.554983,20.441000000
132.561473,20.442000000
132.582896,20.443000000
132.590168,20.444000000
132.628249,20.445000000
132.638991,20.446000000
132.652938,20.447000000
132.669182,20.448000000
132.679366,20.449000000
132.690130,20.450000000
132.692486,20.451000000
132.727581,20.452000000
132.729982,20.453000000
132.738797,20.454000000
132.742083,20.455000000
132.753019,20.456000000
132.763184,20.457000000
132.770449,20.458000000
132.776234,20.459000000
132.786482,20.460000000
132.800556,20.461000000
132.824227,20.462000000
132.824281,20.467000000
132.833446,20.468000000
132.833499,20.470000000
132.839190,20.471000000
132.849998,20.472000000
132.856504,20.473000000
132.881018,20.474000000
132.881080,20.479000000
132.885577,20.480000000
132.893656,20.481000000
132.893701,20.483000000
132.903803,20.484000000
132.903851,20.485000000
132.927575,20.486000000
132.932853,20.487000000
132.942690,20.488000000
132.946387,20.489000000
132.956162,20.490000000
132.963084,20.491000000
132.966604,20.492000000
132.968172,20.493000000
132.970109,20.494000000
132.973310,20.495000000
132.975737,20.496000000
132.977748,20.497000000
132.996630,20.498000000
133.003926,20.499000000
133.006040,20.500000000
133.029871,20.501000000
133.041216,20.502000000
133.043235,20.503000000
133.069407,20.504000000
133.102245,20.505000000
133.105395,20.506000000
133.110564,20.507000000
133.132806,20.508000000
133.148137,20.509000000
133.179298,20.510000000
133.199131,20.511000000
133.209727,20.512000000
133.228051,20.513000000
133.257141,20.514000000
133.257183,20.515000000
133.261397,20.516000000
133.273373,20.517000000
133.273422,20.518000000
133.296392,20.519000000
133.296438,20.524000000
133.304960,20.525000000
133.305007,20.526000000
133.309928,20.527000000
133.318901,20.528000000
133.338673,20.529000000
133.357923,20.530000000
133.362253,20.531000000
133.373918,20.532000000
133.379747,20.533000000
133.400336,20.534000000
133.417447,20.535000000
133.417503,20.537000000
133.417535,20.539000000
133.424276,20.540000000
133.424318,20.541000000
133.435007,20.542000000
133.435053,20.543000000
133.436146,20.544000000
133.448745,20.545000000
133.450954,20.546000000
133.460183,20.547000000
133.508199,20.548000000
133.525618,20.549000000
133.539263,20.550000000
133.550138,20.551000000
133.559669,20.552000000
133.562461,20.553000000
133.565554,20.554000000
133.568522,20.555000000
133.570801,20.556000000
133.573804,20.557000000
133.577077,20.558000000
133.579933,20.559000000
133.583525,20.560000000
133.588533,20.561000000
133.590765,20.562000000
133.595335,20.563000000
133.597650,20.564000000
133.601008,20.565000000
133.618287,20.566000000
133.631197,20.567000000
133.643548,20.568000000
133.657773,20.569000000
133.679314,20.570000000
133.691021,20.571000000
133.699899,20.572000000
133.710971,20.573000000
133.717828,20.574000000
133.740201,20.575000000
133.749049,20.576000000
133.754820,20.577000000
133.770984,20.578000000
133.778882,20.579000000
133.780149,20.580000000
133.808684,20.581000000
133.818758,20.582000000
133.819757,20.583000000
133.837074,20.584000000
133.843544,20.585000000
133.850210,20.586000000
133.876398,20.587000000
133.886390,20.588000000
133.896924,20.589000000
133.904271,20.590000000
133.912678,20.591000000
133.932526,20.592000000
133.940522,20.593000000
133.947233,20.594000000
133.954808,20.595000000
133.964484,20.596000000
133.974097,20.597000000
133.985778,20.598000000
133.994945,20.599000000
133.998546,20.600000000
134.025362,20.601000000
134.032549,20.602000000
134.069080,20.603000000
134.083194,20.604000000
134.116931,20.605000000
134.116980,20.606000000
134.118629,20.607000000
134.127064,20.608000000
134.135004,20.609000000
134.163981,20.610000000
134.171486,20.611000000
134.187310,20.612000000
134.189086,20.613000000
134.198057,20.614000000
134.219968,20.615000000
134.230151,20.616000000
134.236512,20.617000000
134.245428,20.618000000
134.255394,20.619000000
134.263309,20.620000000
134.271039,20.621000000
134.280095,20.622000000
134.293792,20.623000000
134.298359,20.624000000
134.308835,20.625000000
134.318709,20.626000000
134.328559,20.627000000
134.331358,20.628000000
134.337169,20.629000000
134.354346,20.630000000
134.367064,20.631000000
134.383802,20.632000000
134.395261,20.633000000
134.398471,20.634000000
134.411698,20.635000000
134.417984,20.636000000
134.424141,20.637000000
134.442517,20.638000000
134.445879,20.639000000
134.449488,20.640000000
134.459954,20.641000000
134.465314,20.642000000
134.468763,20.643000000
134.499483,20.644000000
134.506266,20.645000000
134.515111,20.646000000
134.521322,20.647000000
134.541841,20.648000000
134.547789,20.649000000
134.563865,20.650000000
134.571015,20.651000000
134.579301,20.652000000
134.588671,20.653000000
134.596667,20.654000000
134.600981,20.655000000
134.612692,20.656000000
134.621939,20.657000000
134.628874,20.658000000
134.645190,20.659000000
134.654625,20.660000000
134.661431,20.661000000
134.694136,20.662000000
134.700507,20.663000000
134.712690,20.664000000
134.719334,20.665000000
134.724351,20.666000000
134.731212,20.667000000
134.752345,20.668000000
134.759014,20.669000000
134.764235,20.670000000
134.775291,20.671000000
134.784761,20.672000000
134.810498,20.673000000
134.818890,20.674000000
134.825700,20.675000000
134.832063,20.676000000
134.837682,20.677000000
134.844679,20.678000000
134.850783,20.679000000
134.859008,20.680000000
134.868049,20.681000000
134.878706,20.682000000
134.882874,20.683000000
134.894073,20.684000000
134.900754,20.685000000
134.914492,20.686000000
134.922171,20.687000000
134.945121,20.688000000
134.954530,20.689000000
134.974727,20.690000000
134.981508,20.691000000
134.999620,20.692000000
135.013835,20.693000000
135.021892,20.694000000
135.029333,20.695000000
135.072384,20.696000000
135.074403,20.697000000
135.088487,20.698000000
135.099980,20.699000000
135.104630,20.700000000
135.111522,20.701000000
135.148401,20.702000000
135.148448,20.705000000
135.158448,20.706000000
135.169033,20.707000000
135.180276,20.708000000
135.192018,20.709000000
135.198900,20.710000000
135.211035,20.711000000
135.220751,20.712000000
135.229739,20.713000000
135.235099,20.714000000
135.248319,20.715000000
135.260734,20.716000000
135.273696,20.717000000
135.273743,20.718000000
135.302392,20.719000000
135.312574,20.720000000
135.314512,20.721000000
135.316474,20.722000000
135.331667,20.723000000
135.335900,20.724000000
135.345736,20.725000000
135.361119,20.726000000
135.365485,20.727000000
135.377186,20.728000000
135.386977,20.729000000
135.387024,20.730000000
135.398540,20.731000000
135.404129,20.732000000
135.415179,20.733000000
135.425585,20.734000000
135.452803,20.735000000
135.459147,20.736000000
135.470829,20.737000000
135.503953,20.738000000
135.508329,20.739000000
135.515882,20.740000000
135.529197,20.741000000
135.539462,20.742000000
135.539509,20.744000000
135.546565,20.745000000
135.591060,20.746000000
135.604670,20.747000000
135.604723,20.748000000
135.644793,20.749000000
135.646207,20.750000000
135.663173,20.751000000
135.674467,20.752000000
135.674515,20.753000000
135.682987,20.754000000
135.689262,20.755000000
135.693771,20.756000000
135.709262,20.757000000
135.709309,20.758000000
135.717142,20.759000000
135.721523,20.760000000
135.755192,20.761000000
135.759143,20.762000000
135.760643,20.763000000
135.771791,20.764000000
135.776066,20.765000000
135.780803,20.766000000
135.809126,20.767000000
135.815212,20.768000000
135.818095,20.769000000
135.827853,20.770000000
135.831713,20.771000000
135.870453,20.772000000
135.879081,20.773000000
135.883661,20.774000000
135.891169,20.775000000
135.896914,20.776000000
135.916629,20.777000000
135.923718,20.778000000
135.927203,20.779000000
135.934776,20.780000000
135.938714,20.781000000
135.984519,20.782000000
135.997353,20.783000000
136.010095,20.784000000
136.012792,20.785000000
136.015592,20.786000000
136.020657,20.787000000
136.022972,20.788000000
136.039926,20.789000000
136.058874,20.790000000
136.061544,20.791000000
136.063972,20.792000000
136.069230,20.793000000
136.071662,20.794000000
136.074007,20.795000000
136.076524,20.796000000
136.079325,20.797000000
136.081910,20.798000000
136.084510,20.799000000
136.090437,20.800000000
136.092622,20.801000000
136.115995,20.802000000
136.126771,20.803000000
136.129737,20.804000000
136.131279,20.805000000
136.135119,20.806000000
136.136708,20.807000000
136.142494,20.808000000
136.150890,20.809000000
136.151494,20.810000000
136.151546,20.811000000
136.151749,20.812000000
136.166531,20.813000000
136.167578,20.814000000
136.184067,20.815000000
136.188303,20.816000000
136.188364,20.817000000
136.188555,20.818000000
136.194216,20.819000000
136.212648,20.820000000
136.220370,20.821000000
136.234927,20.822000000
136.248811,20.823000000
136.271724,20.824000000
136.275217,20.825000000
136.293433,20.826000000
136.306380,20.827000000
136.315024,20.828000000
136.329695,20.829000000
136.341119,20.830000000
136.353186,20.831000000
136.371217,20.832000000
136.389047,20.833000000
136.394519,20.834000000
136.400004,20.835000000
136.406546,20.836000000
136.415933,20.837000000
136.435759,20.838000000
136.446168,20.839000000
136.454721,20.840000000
136.464061,20.841000000
136.486584,20.842000000
136.497448,20.843000000
136.509310,20.844000000
136.512714,20.845000000
136.519112,20.846000000
136.532157,20.847000000
136.543313,20.848000000
136.554485,20.849000000
136.574145,20.850000000
136.585521,20.851000000
136.601809,20.852000000
136.617236,20.853000000
136.632746,20.854000000
136.645916,20.855000000
136.660976,20.856000000
136.671521,20.857000000
136.680212,20.858000000
136.691808,20.859000000
136.699402,20.860000000
136.706873,20.861000000
136.729199,20.862000000
136.736851,20.863000000
136.741946,20.864000000
136.767978,20.865000000
136.772939,20.866000000
136.786533,20.867000000
136.795218,20.868000000
136.801212,20.869000000
136.808287,20.870000000
136.835594,20.871000000
136.843984,20.872000000
136.855763,20.873000000
136.865512,20.874000000
136.868863,20.875000000
136.892885,20.876000000
136.900245,20.877000000
136.914597,20.878000000
136.925624,20.879000000
136.943175,20.880000000
136.956689,20.881000000
136.967423,20.882000000
136.978988,20.883000000
136.993105,20.884000000
137.001925,20.885000000
137.014862,20.886000000
137.024357,20.887000000
137.044658,20.888000000
137.053999,20.889000000
137.073914,20.890000000
137.082669,20.891000000
137.120647,20.892000000
137.126204,20.893000000
137.153036,20.894000000
137.167958,20.895000000
137.188758,20.896000000
137.195643,20.897000000
137.215207,20.898000000
137.235451,20.899000000
137.245662,20.900000000
137.284453,20.901000000
137.300608,20.902000000
137.318877,20.903000000
137.328705,20.904000000
137.342678,20.905000000
137.356945,20.906000000
137.364040,20.907000000
137.377770,20.908000000
137.391940,20.909000000
137.406430,20.910000000
137.436249,20.911000000
137.442465,20.912000000
137.461873,20.913000000
137.474088,20.914000000
137.481757,20.915000000
137.493416,20.916000000
137.498840,20.917000000
137.508958,20.918000000
137.509156,20.919000000
137.532972,20.920000000
137.540731,20.921000000
137.544998,20.922000000
137.549214,20.923000000
137.587065,20.924000000
137.591727,20.925000000
137.597108,20.926000000
137.628464,20.927000000
137.634345,20.928000000
137.640121,20.929000000
137.696380,20.930000000
137.711869,20.931000000
137.728364,20.932000000
137.740445,20.933000000
137.750481,20.934000000
137.762697,20.935000000
137.780177,20.936000000
137.804070,20.937000000
137.815930,20.938000000
137.827398,20.939000000
137.835037,20.940000000
137.841332,20.941000000
137.857822,20.942000000
137.866760,20.943000000
137.871013,20.944000000
137.897043,20.945000000
137.897219,20.946000000
137.934099,20.947000000
137.939169,20.948000000
137.960636,20.949000000
137.968765,20.950000000
137.997152,20.951000000
137.997384,20.952000000
137.997433,20.953000000
137.997472,20.954000000
137.997558,20.955000000
137.997598,20.956000000
137.997635,20.957000000
137.997847,20.958000000
138.013821,20.959000000
138.017531,20.960000000
138.035825,20.961000000
138.035957,20.962000000
138.048231,20.963000000
138.050288,20.964000000
138.058435,20.965000000
138.072138,20.966000000
138.072380,20.967000000
138.084841,20.968000000
138.084953,20.969000000
138.099019,20.970000000
138.099428,20.971000000
138.103145,20.972000000
138.116025,20.973000000
138.122140,20.974000000
138.137763,20.975000000
138.150938,20.976000000
138.151037,20.977000000
138.152110,20.978000000
138.162113,20.979000000
138.174117,20.980000000
138.193838,20.981000000
138.198357,20.982000000
138.217882,20.983000000
138.219751,20.984000000
138.232016,20.985000000
138.246589,20.986000000
138.255453,20.987000000
138.278439,20.988000000
138.278547,20.989000000
138.292407,20.990000000
138.301817,20.991000000
138.302156,20.992000000
138.302242,20.993000000
138.341118,20.994000000
138.341287,20.995000000
138.364729,20.996000000
138.364896,20.997000000
138.364945,20.998000000
138.373785,20.999000000
138.385419,21.000000000
138.390623,21.001000000
138.401584,21.002000000
138.402840,21.003000000
138.411075,21.004000000
138.420996,21.005000000
138.425608,21.006000000
138.433971,21.007000000
138.442812,21.008000000
138.474512,21.009000000
138.491014,21.010000000
138.496431,21.011000000
138.512055,21.012000000
138.515536,21.013000000
138.518342,21.014000000
138.525336,21.015000000
138.526906,21.016000000
138.539210,21.017000000
138.546545,21.018000000
138.553058,21.019000000
138.553544,21.020000000
138.555622,21.021000000
138.562274,21.022000000
138.562693,21.023000000
138.567594,21.024000000
138.569217,21.025000000
138.582478,21.026000000
138.582606,21.027000000
138.582650,21.028000000
138.582688,21.029000000
138.583857,21.030000000
138.599771,21.031000000
138.605368,21.032000000
138.605481,21.033000000
138.606075,21.034000000
138.608235,21.035000000
138.625499,21.036000000
138.627956,21.037000000
138.635454,21.038000000
138.648514,21.039000000
138.651781,21.040000000
138.657308,21.041000000
138.661645,21.042000000
138.665255,21.043000000
138.688703,21.044000000
138.688807,21.045000000
138.695362,21.046000000
138.716370,21.047000000
138.724389,21.048000000
138.728535,21.049000000
138.735217,21.050000000
138.740502,21.051000000
138.745361,21.052000000
138.755416,21.053000000
138.760478,21.054000000
138.766583,21.055000000
138.780405,21.056000000
138.788128,21.057000000
138.803065,21.058000000
138.805211,21.059000000
138.810207,21.060000000
138.820046,21.061000000
138.844848,21.062000000
138.855659,21.063000000
138.864334,21.064000000
138.874836,21.065000000
138.880642,21.066000000
138.888469,21.067000000
138.892419,21.068000000
138.895814,21.069000000
138.922889,21.070000000
138.922939,21.071000000
138.930671,21.072000000
138.944050,21.073000000
138.961018,21.074000000
138.980058,21.075000000
138.984462,21.076000000
138.990169,21.077000000
139.002972,21.078000000
139.007724,21.079000000
139.017832,21.080000000
139.028929,21.081000000
139.035692,21.082000000
139.050077,21.083000000
139.056729,21.084000000
139.070678,21.085000000
139.087039,21.086000000
139.104273,21.087000000
139.121721,21.088000000
139.132661,21.089000000
139.145357,21.090000000
139.195294,21.091000000
139.226208,21.092000000
139.233916,21.093000000
139.251522,21.094000000
139.257362,21.095000000
139.266232,21.096000000
139.299378,21.097000000
139.315564,21.098000000
139.322993,21.099000000
139.356092,21.100000000
139.359438,21.101000000
139.365716,21.102000000
139.389347,21.103000000
139.399687,21.104000000
139.428531,21.105000000
139.436982,21.106000000
139.444922,21.107000000
139.459047,21.108000000
139.479246,21.109000000
139.485522,21.110000000
139.499981,21.111000000
139.535098,21.112000000
139.540834,21.113000000
139.552143,21.114000000
139.567690,21.115000000
139.575262,21.116000000
139.581872,21.117000000
139.591767,21.118000000
139.591815,21.119000000
139.598301,21.120000000
139.602839,21.121000000
139.628381,21.122000000
139.635558,21.123000000
139.635608,21.124000000
139.648074,21.125000000
139.656606,21.126000000
139.657119,21.127000000
139.662659,21.128000000
139.673569,21.129000000
139.673627,21.130000000
139.678887,21.131000000
139.711440,21.132000000
139.711495,21.133000000
139.713719,21.134000000
139.726486,21.135000000
139.726538,21.136000000
139.746760,21.137000000
139.753130,21.138000000
139.753175,21.139000000
139.761472,21.140000000
139.761519,21.141000000
139.785104,21.142000000
139.794846,21.143000000
139.802899,21.144000000
139.816829,21.145000000
139.820014,21.146000000
139.838434,21.147000000
139.851779,21.148000000
139.859921,21.149000000
139.897046,21.150000000
139.907800,21.151000000
139.907850,21.152000000
139.925068,21.153000000
139.932315,21.154000000
139.939147,21.155000000
139.942107,21.156000000
139.944738,21.157000000
139.948067,21.158000000
139.950596,21.159000000
139.954046,21.160000000
139.957092,21.161000000
139.961591,21.162000000
139.970289,21.163000000
139.971011,21.164000000
139.987056,21.165000000
139.987139,21.166000000
139.987183,21.167000000
139.987222,21.168000000
140.002077,21.169000000
140.007173,21.170000000
140.007410,21.171000000
140.028856,21.172000000
140.029433,21.173000000
140.036172,21.174000000
140.045673,21.175000000
140.045856,21.176000000
140.055924,21.177000000
140.060007,21.178000000
140.068454,21.179000000
140.074618,21.180000000
140.085229,21.181000000
140.085295,21.182000000
140.094794,21.183000000
140.094982,21.184000000
140.101380,21.185000000
140.110752,21.186000000
140.113800,21.187000000
140.129420,21.188000000
140.134742,21.189000000
140.134855,21.190000000
140.146255,21.191000000
140.152616,21.192000000
140.159000,21.193000000
140.165504,21.194000000
140.172974,21.195000000
140.176385,21.196000000
140.188079,21.197000000
140.193207,21.198000000
140.206891,21.199000000
140.208157,21.200000000
140.217097,21.201000000
140.217591,21.202000000
140.226871,21.203000000
140.233923,21.204000000
140.248138,21.205000000
140.250104,21.206000000
140.253568,21.207000000
140.267254,21.208000000
140.269205,21.209000000
140.283256,21.210000000
140.287863,21.211000000
140.289718,21.212000000
140.321117,21.213000000
140.321183,21.214000000
140.322888,21.215000000
140.332096,21.216000000
140.334288,21.217000000
140.342657,21.218000000
140.342717,21.219000000
140.344005,21.220000000
140.351894,21.221000000
140.354258,21.222000000
140.372257,21.223000000
140.379710,21.224000000
140.380368,21.225000000
140.380424,21.226000000
140.380464,21.227000000
140.384661,21.228000000
140.386422,21.229000000
140.393270,21.230000000
140.398375,21.231000000
140.401978,21.232000000
140.406183,21.233000000
140.412754,21.234000000
140.415228,21.235000000
140.417651,21.236000000
140.436409,21.237000000
140.441458,21.238000000
140.453196,21.239000000
140.465507,21.240000000
140.471471,21.241000000
140.475574,21.242000000
140.484020,21.243000000
140.490260,21.244000000
140.496290,21.245000000
140.501869,21.246000000
140.507354,21.247000000
140.511794,21.248000000
140.518550,21.249000000
140.539616,21.250000000
140.545189,21.251000000
140.553789,21.252000000
140.567033,21.253000000
140.576178,21.254000000
140.582312,21.255000000
140.611395,21.256000000
140.622117,21.257000000
140.629936,21.258000000
140.639500,21.259000000
140.645159,21.260000000
140.652822,21.261000000
140.663047,21.262000000
140.666724,21.263000000
140.673512,21.264000000
140.685830,21.265000000
140.693740,21.266000000
140.704842,21.267000000
140.712089,21.268000000
140.716608,21.269000000
140.722918,21.270000000
140.754736,21.271000000
140.764206,21.272000000
140.780730,21.273000000
140.791758,21.274000000
140.799977,21.275000000
140.809307,21.276000000
140.814042,21.277000000
140.824937,21.278000000
140.848713,21.279000000
140.852503,21.280000000
140.860937,21.281000000
140.877124,21.282000000
140.881612,21.283000000
140.908281,21.284000000
140.910491,21.285000000
140.920453,21.286000000
140.922188,21.287000000
140.935019,21.288000000
140.941977,21.289000000
140.952794,21.290000000
140.955447,21.291000000
140.966547,21.292000000
140.967005,21.293000000
140.977663,21.294000000
140.983726,21.295000000
140.988289,21.296000000
140.996084,21.297000000
140.998067,21.298000000
141.009780,21.299000000
141.011850,21.300000000
141.026252,21.301000000
141.041592,21.302000000
141.048561,21.303000000
141.052704,21.304000000
141.062567,21.305000000
141.070922,21.306000000
141.079191,21.307000000
141.096974,21.308000000
141.097061,21.309000000
141.097181,21.310000000
141.097227,21.311000000
141.097266,21.312000000
141.098302,21.313000000
141.102438,21.314000000
141.105444,21.315000000
141.116003,21.316000000
141.116062,21.317000000
141.116104,21.318000000
141.117034,21.319000000
141.124294,21.320000000
141.124641,21.321000000
141.124690,21.322000000
141.127479,21.323000000
141.132124,21.324000000
141.136553,21.325000000
141.147998,21.326000000
141.148056,21.327000000
141.149822,21.328000000
141.158675,21.329000000
141.158731,21.330000000
141.158771,21.331000000
141.158809,21.332000000
141.159828,21.333000000
141.165925,21.334000000
141.166359,21.335000000
141.166874,21.336000000
141.169279,21.337000000
141.174619,21.338000000
141.174723,21.339000000
141.201248,21.340000000
141.218077,21.341000000
141.218211,21.342000000
141.218765,21.343000000
141.223257,21.344000000
141.228686,21.345000000
141.232812,21.346000000
141.245147,21.347000000
141.247895,21.348000000
141.267070,21.349000000
141.268219,21.350000000
141.274581,21.351000000
141.292391,21.352000000
141.304998,21.353000000
141.307326,21.354000000
141.314299,21.355000000
141.316944,21.356000000
141.326585,21.357000000
141.334542,21.358000000
141.340698,21.359000000
141.348331,21.360000000
141.355490,21.361000000
141.357982,21.362000000
141.368265,21.363000000
141.373322,21.364000000
141.384969,21.365000000
141.391669,21.366000000
141.394294,21.367000000
141.406535,21.368000000
141.413559,21.369000000
141.421275,21.370000000
141.427495,21.371000000
141.435628,21.372000000
141.437968,21.373000000
141.447706,21.374000000
141.453009,21.375000000
141.457566,21.376000000
141.466551,21.377000000
141.473038,21.378000000
141.475599,21.379000000
141.485812,21.380000000
141.489898,21.381000000
141.498090,21.382000000
141.504902,21.383000000
141.508458,21.384000000
141.510901,21.385000000
141.525501,21.386000000
141.548132,21.387000000
141.559155,21.388000000
141.576892,21.389000000
141.583756,21.390000000
141.588414,21.391000000
141.594079,21.392000000
141.596501,21.393000000
141.603407,21.394000000
141.608266,21.395000000
141.636591,21.396000000
141.646129,21.397000000
141.669206,21.398000000
141.674136,21.399000000
141.681689,21.400000000
141.686321,21.401000000
141.693342,21.402000000
141.698128,21.403000000
141.715050,21.404000000
141.721820,21.405000000
141.738324,21.406000000
141.745270,21.407000000
141.750370,21.408000000
141.756204,21.409000000
141.759612,21.410000000
141.768290,21.411000000
141.771053,21.412000000
141.776530,21.413000000
141.781017,21.414000000
141.786815,21.415000000
141.792711,21.416000000
141.800841,21.417000000
141.803880,21.418000000
141.810993,21.419000000
141.816723,21.420000000
141.823517,21.421000000
141.830370,21.422000000
141.834696,21.423000000
141.840254,21.424000000
141.846623,21.425000000
141.849147,21.426000000
141.858465,21.427000000
141.863204,21.428000000
141.869535,21.429000000
141.871768,21.430000000
141.878795,21.431000000
141.885102,21.432000000
141.891128,21.433000000
141.893858,21.434000000
141.901218,21.435000000
141.907965,21.436000000
141.913571,21.437000000
141.921146,21.438000000
141.927752,21.439000000
141.935009,21.440000000
141.939442,21.441000000
141.945843,21.442000000
141.964106,21.443000000
141.965868,21.444000000
141.981850,21.445000000
141.985338,21.446000000
141.998948,21.447000000
141.999691,21.448000000
142.008526,21.449000000
142.008585,21.450000000
142.042534,21.451000000
142.052946,21.452000000
142.053936,21.453000000
142.053994,21.454000000
142.065099,21.455000000
142.078945,21.456000000
142.084917,21.457000000
142.124204,21.458000000
142.134417,21.459000000
142.134485,21.460000000
142.150558,21.461000000
142.163351,21.462000000
142.165859,21.463000000
142.170895,21.464000000
142.207378,21.465000000
142.220412,21.466000000
142.221403,21.467000000
142.224830,21.468000000
142.248972,21.469000000
142.249038,21.470000000
142.249079,21.471000000
142.298117,21.472000000
142.307163,21.473000000
142.308839,21.474000000
142.327094,21.475000000
142.335080,21.476000000
142.351444,21.477000000
142.359461,21.478000000
142.369459,21.479000000
142.375780,21.480000000
142.383792,21.481000000
142.388720,21.482000000
142.395002,21.483000000
142.401796,21.484000000
142.407415,21.485000000
142.413158,21.486000000
142.421121,21.487000000
142.427665,21.488000000
142.430140,21.489000000
142.438064,21.490000000
142.443856,21.491000000
142.448993,21.492000000
142.456339,21.493000000
142.464331,21.494000000
142.466807,21.495000000
142.473669,21.496000000
142.492327,21.497000000
142.495094,21.498000000
142.505583,21.499000000
142.563242,21.500000000
142.565155,21.501000000
142.575321,21.502000000
142.584682,21.503000000
142.594919,21.504000000
142.601006,21.505000000
142.601075,21.506000000
142.601120,21.507000000
142.624419,21.508000000
142.636517,21.509000000
142.636585,21.510000000
142.636630,21.511000000
142.643196,21.512000000
142.667721,21.513000000
142.674006,21.514000000
142.684420,21.515000000
142.698838,21.516000000
142.705430,21.517000000
142.718935,21.518000000
142.737242,21.519000000
142.795679,21.520000000
142.797839,21.521000000
142.816254,21.522000000
142.831171,21.523000000
142.831218,21.524000000
142.847753,21.525000000
142.847798,21.526000000
142.857627,21.527000000
142.857676,21.528000000
142.869218,21.529000000
142.869266,21.530000000
142.884677,21.531000000
142.884744,21.533000000
142.900632,21.534000000
142.900677,21.535000000
142.903318,21.536000000
142.909178,21.537000000
142.922790,21.538000000
142.922836,21.539000000
142.932906,21.540000000
142.932953,21.541000000
142.940627,21.542000000
142.940667,21.543000000
142.957383,21.544000000
142.957445,21.545000000
142.966031,21.546000000
142.979614,21.547000000
143.000099,21.548000000
143.000161,21.550000000
143.022827,21.551000000
143.040354,21.552000000
143.040406,21.554000000
143.052666,21.555000000
143.064509,21.556000000
143.068645,21.557000000
143.077568,21.558000000
143.096695,21.559000000
143.106467,21.560000000
143.106523,21.561000000
143.132008,21.562000000
143.134278,21.563000000
143.161295,21.564000000
143.161346,21.569000000
143.162382,21.570000000
143.169496,21.571000000
143.170398,21.572000000
143.179491,21.573000000
143.179536,21.574000000
143.187461,21.575000000
143.187502,21.576000000
143.189640,21.577000000
143.205175,21.578000000
143.207256,21.579000000
143.213876,21.580000000
143.225365,21.581000000
143.225430,21.582000000
143.265196,21.583000000
143.265246,21.587000000
143.281149,21.588000000
143.281202,21.591000000
143.288511,21.592000000
143.302346,21.593000000
143.302392,21.594000000
143.308903,21.595000000
143.308946,21.596000000
143.325205,21.597000000
143.325258,21.598000000
143.325288,21.600000000
143.336421,21.601000000
143.336465,21.602000000
143.352098,21.603000000
143.352156,21.607000000
143.356595,21.608000000
143.356640,21.609000000
143.360693,21.610000000
143.383042,21.611000000
143.383097,21.612000000
143.400262,21.613000000
143.421830,21.614000000
143.440655,21.615000000
143.464205,21.616000000
143.474489,21.617000000
143.474540,21.618000000
143.478076,21.619000000
143.487283,21.620000000
143.507385,21.621000000
143.509572,21.622000000
143.511707,21.623000000
143.513546,21.624000000
143.520570,21.625000000
143.529730,21.626000000
143.533911,21.627000000
143.535978,21.628000000
143.538479,21.629000000
143.562344,21.630000000
143.576902,21.631000000
143.589746,21.632000000
143.600534,21.633000000
143.622569,21.634000000
143.645082,21.635000000
143.648133,21.636000000
143.658827,21.637000000
143.665404,21.638000000
143.675863,21.639000000
143.675918,21.643000000
143.681870,21.644000000
143.681959,21.645000000
143.699832,21.646000000
143.704111,21.647000000
143.712297,21.648000000
143.719761,21.649000000
143.731655,21.650000000
143.733772,21.651000000
143.746543,21.652000000
143.756085,21.653000000
143.771888,21.654000000
143.773812,21.655000000
143.786435,21.656000000
143.792837,21.657000000
143.798703,21.658000000
143.798746,21.659000000
143.824100,21.660000000
143.824152,21.665000000
143.838667,21.666000000
143.838714,21.667000000
143.848235,21.668000000
143.848280,21.669000000
143.854269,21.670000000
143.881687,21.671000000
143.901589,21.672000000
143.922904,21.673000000
143.939790,21.674000000
143.962226,21.675000000
143.971019,21.676000000
143.973096,21.677000000
143.982449,21.678000000
143.984305,21.679000000
143.994658,21.680000000
144.014069,21.681000000
144.014118,21.682000000
144.016172,21.683000000
144.050858,21.684000000
144.050909,21.688000000
144.055573,21.689000000
144.092523,21.690000000
144.099356,21.691000000
144.112117,21.692000000
144.125353,21.693000000
144.134510,21.694000000
144.160470,21.695000000
144.170772,21.696000000
144.181418,21.697000000
144.190447,21.698000000
144.204331,21.699000000
144.222320,21.700000000
144.225316,21.701000000
144.262442,21.702000000
144.264996,21.703000000
144.281847,21.704000000
144.297292,21.705000000
144.299581,21.706000000
144.302425,21.707000000
144.337935,21.708000000
144.337985,21.713000000
144.359168,21.714000000
144.372923,21.715000000
144.383291,21.716000000
144.409616,21.717000000
144.409667,21.720000000
144.443974,21.721000000
144.446188,21.722000000
144.448508,21.723000000
144.481025,21.724000000
144.481072,21.725000000
144.505216,21.726000000
144.505297,21.727000000
144.514307,21.728000000
144.540982,21.729000000
144.551149,21.730000000
144.565983,21.731000000
144.577626,21.732000000
144.590198,21.733000000
144.601765,21.734000000
144.615573,21.735000000
144.660992,21.736000000
144.662850,21.737000000
144.689187,21.738000000
144.691496,21.739000000
144.702633,21.740000000
144.714830,21.741000000
144.714878,21.743000000
144.724450,21.744000000
144.724496,21.747000000
144.753633,21.748000000
144.753687,21.751000000
144.755512,21.752000000
144.768861,21.753000000
144.787092,21.754000000
144.795903,21.755000000
144.795947,21.757000000
144.803430,21.758000000
144.817670,21.759000000
144.830068,21.760000000
144.840787,21.761000000
144.840839,21.764000000
144.848046,21.765000000
144.873821,21.766000000
144.887161,21.767000000
144.899146,21.768000000
144.911444,21.769000000
144.929402,21.770000000
144.946973,21.771000000
144.958588,21.772000000
144.972933,21.773000000
144.983925,21.774000000
144.999294,21.775000000
145.019224,21.776000000
145.025199,21.777000000
145.055579,21.778000000
145.081908,21.779000000
145.092401,21.780000000
145.105302,21.781000000
145.118551,21.782000000
145.135238,21.783000000
145.135291,21.784000000
145.155561,21.785000000
145.155612,21.790000000
145.160610,21.791000000
145.191340,21.792000000
145.198144,21.793000000
145.199365,21.794000000
145.210385,21.795000000
145.210433,21.797000000
145.225829,21.798000000
145.225906,21.800000000
145.234362,21.801000000
145.234415,21.804000000
145.239574,21.805000000
145.239617,21.807000000
145.247950,21.808000000
145.247993,21.810000000
145.250596,21.811000000
145.267411,21.812000000
145.280504,21.813000000
145.285732,21.814000000
145.289975,21.815000000
145.302253,21.816000000
145.308848,21.817000000
145.321955,21.818000000
145.325404,21.819000000
145.329895,21.820000000
145.344334,21.821000000
145.344380,21.822000000
145.352325,21.823000000
145.380342,21.824000000
145.404985,21.825000000
145.421471,21.826000000
145.421527,21.827000000
145.421558,21.828000000
145.447135,21.829000000
145.447189,21.830000000
145.449303,21.831000000
145.461090,21.832000000
145.461130,21.833000000
145.465348,21.834000000
145.465473,21.835000000
145.472136,21.836000000
145.479373,21.837000000
145.479419,21.839000000
145.484795,21.840000000
145.487000,21.841000000
145.518260,21.842000000
145.535761,21.843000000
145.540038,21.844000000
145.585670,21.845000000
145.617503,21.846000000
145.633881,21.847000000
145.636513,21.848000000
145.646247,21.849000000
145.646298,21.851000000
145.660658,21.852000000
145.660706,21.853000000
145.662485,21.854000000
145.678910,21.855000000
145.678960,21.856000000
145.685247,21.857000000
145.689143,21.858000000
145.699341,21.859000000
145.699388,21.860000000
145.703273,21.861000000
145.729129,21.862000000
145.743818,21.863000000
145.744651,21.864000000
145.744689,21.865000000
145.752562,21.866000000
145.758823,21.867000000
145.758865,21.868000000
145.759464,21.869000000
145.773940,21.870000000
145.777386,21.871000000
145.783556,21.872000000
145.795142,21.873000000
145.795208,21.874000000
145.795238,21.875000000
145.805481,21.876000000
145.805564,21.878000000
145.833291,21.879000000
145.841126,21.880000000
145.841186,21.881000000
145.845126,21.882000000
145.851462,21.883000000
145.866929,21.884000000
145.866993,21.885000000
145.876245,21.886000000
145.881874,21.887000000
145.892956,21.888000000
145.898887,21.889000000
145.905438,21.890000000
145.912973,21.891000000
145.921510,21.892000000
145.925632,21.893000000
145.930536,21.894000000
145.939237,21.895000000
145.941443,21.896000000
145.958983,21.897000000
145.973757,21.898000000
145.984470,21.899000000
145.994935,21.900000000
145.999591,21.901000000
146.011343,21.902000000
146.025805,21.903000000
146.029026,21.904000000
146.032397,21.905000000
146.039464,21.906000000
146.041263,21.907000000
146.059910,21.908000000
146.066773,21.909000000
146.078508,21.910000000
146.097326,21.911000000
146.120724,21.912000000
146.124567,21.913000000
146.149706,21.914000000
146.163850,21.915000000
146.176960,21.916000000
146.191943,21.917000000
146.199569,21.918000000
146.208760,21.919000000
146.229040,21.920000000
146.247153,21.921000000
146.247881,21.922000000
146.255831,21.923000000
146.262442,21.924000000
146.264732,21.925000000
146.272903,21.926000000
146.273258,21.927000000
146.279544,21.928000000
146.279587,21.930000000
146.287515,21.931000000
146.287841,21.932000000
146.294673,21.933000000
146.297819,21.934000000
146.297861,21.935000000
146.331247,21.936000000
146.357011,21.937000000
146.357062,21.938000000
146.374102,21.939000000
146.392075,21.940000000
146.395720,21.941000000
146.408814,21.942000000
146.418633,21.943000000
146.438622,21.944000000
146.444244,21.945000000
146.454061,21.946000000
146.466398,21.947000000
146.480596,21.948000000
146.494817,21.949000000
146.494867,21.950000000
146.502901,21.951000000
146.507028,21.952000000
146.518188,21.953000000
146.531737,21.954000000
146.533928,21.955000000
146.536091,21.956000000
146.542896,21.957000000
146.549955,21.958000000
146.555645,21.959000000
146.563225,21.960000000
146.573393,21.961000000
146.578506,21.962000000
146.590631,21.963000000
146.594938,21.964000000
146.594976,21.965000000
146.612633,21.966000000
146.612991,21.967000000
146.617433,21.968000000
146.623658,21.969000000
146.632593,21.970000000
146.633248,21.971000000
146.646245,21.972000000
146.656319,21.973000000
146.663920,21.974000000
146.668764,21.975000000
146.675825,21.976000000
146.681001,21.977000000
146.691891,21.978000000
146.700452,21.979000000
146.700499,21.982000000
146.704807,21.983000000
146.707380,21.984000000
146.731214,21.985000000
146.741144,21.986000000
146.752039,21.987000000
146.759110,21.988000000
146.768003,21.989000000
146.792852,21.990000000
146.801971,21.991000000
146.807676,21.992000000
146.822147,21.993000000
146.831489,21.994000000
146.839659,21.995000000
146.854059,21.996000000
146.858225,21.997000000
146.879959,21.998000000
146.896032,21.999000000
146.914548,22.000000000
146.926611,22.001000000
146.939698,22.002000000
146.947393,22.003000000
146.953556,22.004000000
146.955733,22.005000000
146.962128,22.006000000
146.964066,22.007000000
146.966209,22.008000000
146.968509,22.009000000
146.970773,22.010000000
147.017695,22.011000000
147.020724,22.012000000
147.030075,22.013000000
147.060475,22.014000000
147.079476,22.015000000
147.091057,22.016000000
147.100643,22.017000000
147.106279,22.018000000
147.111982,22.019000000
147.120082,22.020000000
147.126557,22.021000000
147.133815,22.022000000
147.139743,22.023000000
147.153391,22.024000000
147.159426,22.025000000
147.170675,22.026000000
147.180424,22.027000000
147.185429,22.028000000
147.214040,22.029000000
147.224788,22.030000000
147.240472,22.031000000
147.245711,22.032000000
147.253780,22.033000000
147.266385,22.034000000
147.271744,22.035000000
147.279923,22.036000000
147.282867,22.037000000
147.300539,22.038000000
147.304523,22.039000000
147.326504,22.040000000
147.328384,22.041000000
147.338262,22.042000000
147.375644,22.043000000
147.383496,22.044000000
147.399524,22.045000000
147.407689,22.046000000
147.411677,22.047000000
147.417829,22.048000000
147.423287,22.049000000
147.428429,22.050000000
147.435933,22.051000000
147.441561,22.052000000
147.456317,22.053000000
147.464994,22.054000000
147.472618,22.055000000
147.480541,22.056000000
147.485660,22.057000000
147.485702,22.058000000
147.504904,22.059000000
147.518538,22.060000000
147.538340,22.061000000
147.538422,22.062000000
147.551373,22.063000000
147.558569,22.064000000
147.564013,22.065000000
147.567773,22.066000000
147.589236,22.067000000
147.589291,22.071000000
147.603542,22.072000000
147.628971,22.073000000
147.678272,22.074000000
147.678321,22.076000000
147.697595,22.077000000
147.697644,22.078000000
147.707481,22.079000000
147.707531,22.080000000
147.719276,22.081000000
147.727852,22.082000000
147.739442,22.083000000
147.739506,22.084000000
147.764252,22.085000000
147.764848,22.086000000
147.776535,22.087000000
147.788685,22.088000000
147.803838,22.089000000
147.803894,22.090000000
147.810926,22.091000000
147.824121,22.092000000
147.840337,22.093000000
147.842522,22.094000000
147.849916,22.095000000
147.854497,22.096000000
147.872902,22.097000000
147.880341,22.098000000
147.888676,22.099000000
147.901605,22.100000000
147.912849,22.101000000
147.915367,22.102000000
147.923876,22.103000000
147.943219,22.104000000
147.948531,22.105000000
147.956624,22.106000000
147.971107,22.107000000
147.973279,22.108000000
147.980098,22.109000000
147.984935,22.110000000
148.016438,22.111000000
148.029772,22.112000000
148.039843,22.113000000
148.068889,22.114000000
148.089249,22.115000000
148.093215,22.116000000
148.109677,22.117000000
148.119780,22.118000000
148.134024,22.119000000
148.141285,22.120000000
148.146438,22.121000000
148.149972,22.122000000
148.168119,22.123000000
148.171169,22.124000000
148.177091,22.125000000
148.183161,22.126000000
148.205402,22.127000000
148.212938,22.128000000
148.231348,22.129000000
148.243417,22.130000000
148.250391,22.131000000
148.254066,22.132000000
148.276903,22.133000000
148.288120,22.134000000
148.290064,22.135000000
148.303894,22.136000000
148.312041,22.137000000
148.340270,22.138000000
148.348681,22.139000000
148.362458,22.140000000
148.382060,22.141000000
148.386034,22.142000000
148.402408,22.143000000
148.406791,22.144000000
148.418679,22.145000000
148.440950,22.146000000
148.454702,22.147000000
148.463713,22.148000000
148.470242,22.149000000
148.478102,22.150000000
148.493407,22.151000000
148.500351,22.152000000
148.504596,22.153000000
148.510398,22.154000000
148.532095,22.155000000
148.536544,22.156000000
148.544040,22.157000000
148.558756,22.158000000
148.560935,22.159000000
148.575823,22.160000000
148.596865,22.161000000
148.603086,22.162000000
148.605085,22.163000000
148.625760,22.164000000
148.628116,22.165000000
148.634305,22.166000000
148.661889,22.167000000
148.672190,22.168000000
148.691093,22.169000000
148.708303,22.170000000
148.714771,22.171000000
148.728199,22.172000000
148.742011,22.173000000
148.757817,22.174000000
148.767920,22.175000000
148.775632,22.176000000
148.780696,22.177000000
148.810011,22.178000000
148.816050,22.179000000
148.825693,22.180000000
148.860464,22.181000000
148.872741,22.182000000
148.887812,22.183000000
148.893654,22.184000000
148.921261,22.185000000
148.927123,22.186000000
148.944152,22.187000000
148.948153,22.188000000
148.954482,22.189000000
148.986909,22.190000000
148.999014,22.191000000
149.012043,22.192000000
149.022795,22.193000000
149.033196,22.194000000
149.046146,22.195000000
149.055557,22.196000000
149.076114,22.197000000
149.079503,22.198000000
149.088214,22.199000000
149.094059,22.200000000
149.101792,22.201000000
149.116633,22.202000000
149.125836,22.203000000
149.127783,22.204000000
149.151783,22.205000000
149.162867,22.206000000
149.167897,22.207000000
149.169920,22.208000000
149.182879,22.209000000
149.189215,22.210000000
149.195146,22.211000000
149.201355,22.212000000
149.241394,22.213000000
149.247286,22.214000000
149.258460,22.215000000
149.273211,22.216000000
149.278330,22.217000000
149.309452,22.218000000
149.321978,22.219000000
149.334335,22.220000000
149.345780,22.221000000
149.353369,22.222000000
149.364116,22.223000000
149.375504,22.224000000
149.389719,22.225000000
149.401098,22.226000000
149.409090,22.227000000
149.417914,22.228000000
149.432334,22.229000000
149.437765,22.230000000
149.456884,22.231000000
149.464592,22.232000000
149.481021,22.233000000
149.494012,22.234000000
149.499874,22.235000000
149.515214,22.236000000
149.519501,22.237000000
149.524704,22.238000000
149.531744,22.239000000
149.556839,22.240000000
149.560382,22.241000000
149.566708,22.242000000
149.583208,22.243000000
149.592420,22.244000000
149.622585,22.245000000
149.649822,22.246000000
149.666615,22.247000000
149.685344,22.248000000
149.695657,22.249000000
149.705014,22.250000000
149.719041,22.251000000
149.729901,22.252000000
149.737242,22.253000000
149.743632,22.254000000
149.749544,22.255000000
149.772413,22.256000000
149.772750,22.257000000
149.780626,22.258000000
149.787905,22.259000000
149.810486,22.260000000
149.818009,22.261000000
149.825090,22.262000000
149.837100,22.263000000
149.845270,22.264000000
149.849887,22.265000000
149.873145,22.266000000
149.881988,22.267000000
149.886587,22.268000000
149.900890,22.269000000
149.908727,22.270000000
149.939574,22.271000000
149.956945,22.272000000
149.966609,22.273000000
149.979206,22.274000000
149.999007,22.275000000
150.017176,22.276000000
150.033815,22.277000000
150.055623,22.278000000
150.062186,22.279000000
150.070947,22.280000000
150.089974,22.281000000
150.094108,22.282000000
150.100665,22.283000000
150.121901,22.284000000
150.131695,22.285000000
150.134195,22.286000000
150.152449,22.287000000
150.154589,22.288000000
150.158470,22.289000000
150.166730,22.290000000
150.176710,22.291000000
150.191972,22.292000000
150.196548,22.293000000
150.202685,22.294000000
150.216748,22.295000000
150.223049,22.296000000
150.225667,22.297000000
150.235838,22.298000000
150.266588,22.299000000
150.278261,22.300000000
150.290215,22.301000000
150.302200,22.302000000
150.319840,22.303000000
150.325824,22.304000000
150.335024,22.305000000
150.335068,22.308000000
150.336896,22.309000000
150.339137,22.310000000
150.341249,22.311000000
150.343526,22.312000000
150.346651,22.313000000
150.370826,22.314000000
150.378052,22.315000000
150.385823,22.316000000
150.423977,22.317000000
150.424035,22.318000000
150.427217,22.319000000
150.441193,22.320000000
150.452038,22.321000000
150.466667,22.322000000
150.490770,22.323000000
150.490824,22.324000000
150.500699,22.325000000
150.509721,22.326000000
150.517271,22.327000000
150.524462,22.328000000
150.545384,22.329000000
150.555303,22.330000000
150.566073,22.331000000
150.566147,22.332000000
150.568141,22.333000000
150.580185,22.334000000
150.582024,22.335000000
150.598020,22.336000000
150.598105,22.337000000
150.608159,22.338000000
150.621005,22.339000000
150.628196,22.340000000
150.635929,22.341000000
150.663407,22.342000000
150.676828,22.343000000
150.682098,22.344000000
150.699140,22.345000000
150.705119,22.346000000
150.709576,22.347000000
150.739977,22.348000000
150.744409,22.349000000
150.747050,22.350000000
150.752362,22.351000000
150.752424,22.352000000
150.756323,22.353000000
150.762630,22.354000000
150.762692,22.355000000
150.763633,22.356000000
150.770212,22.357000000
150.770280,22.358000000
150.777281,22.359000000
150.788071,22.360000000
150.797161,22.361000000
150.801943,22.362000000
150.804893,22.363000000
150.817176,22.364000000
150.822413,22.365000000
150.828895,22.366000000
150.831583,22.367000000
150.835335,22.368000000
150.842076,22.369000000
150.854324,22.370000000
150.857789,22.371000000
150.862396,22.372000000
150.864934,22.373000000
150.869632,22.374000000
150.883589,22.375000000
150.906915,22.376000000
150.914889,22.377000000
150.923713,22.378000000
150.926459,22.379000000
150.929419,22.380000000
150.942058,22.381000000
150.944393,22.382000000
150.952753,22.383000000
150.956579,22.384000000
150.961010,22.385000000
150.970564,22.386000000
150.974515,22.387000000
150.977351,22.388000000
150.979595,22.389000000
150.981746,22.390000000
150.983917,22.391000000
150.986371,22.392000000
150.992589,22.393000000
150.996749,22.394000000
151.002687,22.395000000
151.005298,22.396000000
151.008511,22.397000000
151.010895,22.398000000
151.014479,22.399000000
151.018610,22.400000000
151.021987,22.401000000
151.025337,22.402000000
151.030237,22.403000000
151.034113,22.404000000
151.044718,22.405000000
151.057846,22.406000000
151.071634,22.407000000
151.082818,22.408000000
151.098809,22.409000000
151.113606,22.410000000
151.123140,22.411000000
151.126658,22.412000000
151.128918,22.413000000
151.146947,22.414000000
151.156947,22.415000000
151.159258,22.416000000
151.176665,22.417000000
151.185943,22.418000000
151.195956,22.419000000
151.229571,22.420000000
151.245262,22.421000000
151.247545,22.422000000
151.257324,22.423000000
151.264109,22.424000000
151.283228,22.425000000
151.324296,22.426000000
151.332451,22.427000000
151.345689,22.428000000
151.359532,22.429000000
151.369141,22.430000000
151.379753,22.431000000
151.379811,22.432000000
151.392510,22.433000000
151.394731,22.434000000
151.410857,22.435000000
151.418085,22.436000000
151.423895,22.437000000
151.432142,22.438000000
151.440300,22.439000000
151.454086,22.440000000
151.462076,22.441000000
151.466069,22.442000000
151.475516,22.443000000
151.475569,22.444000000
151.495427,22.445000000
151.497443,22.446000000
151.505579,22.447000000
151.511340,22.448000000
151.511937,22.449000000
151.536679,22.450000000
151.552689,22.451000000
151.561538,22.452000000
151.576046,22.453000000
151.588756,22.454000000
151.604695,22.455000000
151.616832,22.456000000
151.627586,22.457000000
151.636405,22.458000000
151.639532,22.459000000
151.647195,22.460000000
151.655560,22.461000000
151.680682,22.462000000
151.685271,22.463000000
151.689079,22.464000000
151.702441,22.465000000
151.717198,22.466000000
151.728971,22.467000000
151.742968,22.468000000
151.765954,22.469000000
151.776048,22.470000000
151.784168,22.471000000
151.796206,22.472000000
151.807823,22.473000000
151.833394,22.474000000
151.852150,22.475000000
151.875540,22.476000000
151.883575,22.477000000
151.901045,22.478000000
151.917087,22.479000000
151.926583,22.480000000
151.937178,22.481000000
151.955310,22.482000000
151.967097,22.483000000
151.975239,22.484000000
151.982730,22.485000000
151.992359,22.486000000
152.001064,22.487000000
152.017667,22.488000000
152.027044,22.489000000
152.035086,22.490000000
152.044603,22.491000000
152.052924,22.492000000
152.064987,22.493000000
152.076265,22.494000000
152.085840,22.495000000
152.098009,22.496000000
152.100323,22.497000000
152.105040,22.498000000
152.110341,22.499000000
152.114273,22.500000000
152.128467,22.501000000
152.141941,22.502000000
152.167406,22.503000000
152.184615,22.504000000
152.194344,22.505000000
152.216244,22.506000000
152.229713,22.507000000
152.245170,22.508000000
152.251989,22.509000000
152.258176,22.510000000
152.267153,22.511000000
152.283080,22.512000000
152.293710,22.513000000
152.311478,22.514000000
152.319610,22.515000000
152.331826,22.516000000
152.340294,22.517000000
152.363358,22.518000000
152.371676,22.519000000
152.379010,22.520000000
152.389838,22.521000000
152.394577,22.522000000
152.413526,22.523000000
152.413583,22.524000000
152.414377,22.525000000
152.421599,22.526000000
152.430553,22.527000000
152.434639,22.528000000
152.449367,22.529000000
152.449782,22.530000000
152.464937,22.531000000
152.465000,22.532000000
152.476948,22.533000000
152.480618,22.534000000
152.486339,22.535000000
152.495830,22.536000000
152.501346,22.537000000
152.506418,22.538000000
152.513763,22.539000000
152.521992,22.540000000
152.525949,22.541000000
152.534001,22.542000000
152.554921,22.543000000
152.559805,22.544000000
152.573245,22.545000000
152.578955,22.546000000
152.585730,22.547000000
152.591588,22.548000000
152.601310,22.549000000
152.605237,22.550000000
152.616070,22.551000000
152.621125,22.552000000
152.624908,22.553000000
152.632990,22.554000000
152.642720,22.555000000
152.651417,22.556000000
152.661246,22.557000000
152.666867,22.558000000
152.672233,22.559000000
152.686250,22.560000000
152.686312,22.561000000
152.688781,22.562000000
152.698667,22.563000000
152.709012,22.564000000
152.709476,22.565000000
152.722405,22.566000000
152.723032,22.567000000
152.741505,22.568000000
152.751842,22.569000000
152.777177,22.570000000
152.788311,22.571000000
152.802441,22.572000000
152.812904,22.573000000
152.812958,22.574000000
152.825528,22.575000000
152.839662,22.576000000
152.843725,22.577000000
152.849116,22.578000000
152.849226,22.579000000
152.856381,22.580000000
152.856446,22.581000000
152.863195,22.582000000
152.866303,22.583000000
152.874105,22.584000000
152.874159,22.585000000
152.874199,22.586000000
152.874883,22.587000000
152.906311,22.588000000
152.919207,22.589000000
152.927670,22.590000000
152.942736,22.591000000
152.959047,22.592000000
152.982307,22.593000000
152.991450,22.594000000
153.010014,22.595000000
153.022122,22.596000000
153.031510,22.597000000
153.046663,22.598000000
153.052320,22.599000000
153.063136,22.600000000
153.075862,22.601000000
153.088180,22.602000000
153.096433,22.603000000
153.108334,22.604000000
153.121072,22.605000000
153.133014,22.606000000
153.140031,22.607000000
153.152533,22.608000000
153.154918,22.609000000
153.176434,22.610000000
153.178970,22.611000000
153.188151,22.612000000
153.198737,22.613000000
153.206594,22.614000000
153.223319,22.615000000
153.232863,22.616000000
153.254883,22.617000000
153.267945,22.618000000
153.273332,22.619000000
153.293979,22.620000000
153.310697,22.621000000
153.315303,22.622000000
153.329607,22.623000000
153.337446,22.624000000
153.361292,22.625000000
153.372985,22.626000000
153.378602,22.627000000
153.385493,22.628000000
153.387932,22.629000000
153.403744,22.630000000
153.416451,22.631000000
153.423497,22.632000000
153.451338,22.633000000
153.467660,22.634000000
153.488228,22.635000000
153.494927,22.636000000
153.502023,22.637000000
153.510044,22.638000000
153.514618,22.639000000
153.533247,22.640000000
153.536088,22.641000000
153.548853,22.642000000
153.562249,22.643000000
153.563248,22.644000000
153.579289,22.645000000
153.620241,22.646000000
153.623702,22.647000000
153.649825,22.648000000
153.669464,22.649000000
153.674519,22.650000000
153.688366,22.651000000
153.717395,22.652000000
153.725934,22.653000000
153.736667,22.654000000
153.752427,22.655000000
153.759834,22.656000000
153.784975,22.657000000
153.793250,22.658000000
153.801239,22.659000000
153.812860,22.660000000
153.818270,22.661000000
153.828603,22.662000000
153.834545,22.663000000
153.852563,22.664000000
153.862538,22.665000000
153.866540,22.666000000
153.880023,22.667000000
153.892865,22.668000000
153.898087,22.669000000
153.921169,22.670000000
153.935160,22.671000000
153.942629,22.672000000
153.959203,22.673000000
153.959668,22.674000000
153.972615,22.675000000
154.004867,22.676000000
154.004949,22.677000000
154.024475,22.678000000
154.026811,22.679000000
154.029175,22.680000000
154.036676,22.681000000
154.063988,22.682000000
154.076431,22.683000000
154.087108,22.684000000
154.107040,22.685000000
154.115506,22.686000000
154.119117,22.687000000
154.157477,22.688000000
154.167595,22.689000000
154.176780,22.690000000
154.190289,22.691000000
154.195393,22.692000000
154.200091,22.693000000
154.211579,22.694000000
154.223162,22.695000000
154.229431,22.696000000
154.236281,22.697000000
154.247452,22.698000000
154.257451,22.699000000
154.268698,22.700000000
154.278276,22.701000000
154.285537,22.702000000
154.287841,22.703000000
154.292470,22.704000000
154.296861,22.705000000
154.299560,22.706000000
154.306852,22.707000000
154.309018,22.708000000
154.323232,22.709000000
154.330766,22.710000000
154.333124,22.711000000
154.338727,22.712000000
154.342202,22.713000000
154.348316,22.714000000
154.365251,22.715000000
154.380176,22.716000000
154.382868,22.717000000
154.385389,22.718000000
154.394942,22.719000000
154.411604,22.720000000
154.415415,22.721000000
154.423900,22.722000000
154.429958,22.723000000
154.432326,22.724000000
154.435434,22.725000000
154.442302,22.726000000
154.457330,22.727000000
154.459887,22.728000000
154.462279,22.729000000
154.464628,22.730000000
154.466886,22.731000000
154.475346,22.732000000
154.478270,22.733000000
154.483183,22.734000000
154.486211,22.735000000
154.488593,22.736000000
154.491019,22.737000000
154.493487,22.738000000
154.495766,22.739000000
154.498533,22.740000000
154.534842,22.741000000
154.542750,22.742000000
154.564110,22.743000000
154.572811,22.744000000
154.583775,22.745000000
154.589192,22.746000000
154.595312,22.747000000
154.598433,22.748000000
154.601526,22.749000000
154.606235,22.750000000
154.608623,22.751000000
154.612544,22.752000000
154.615052,22.753000000
154.617607,22.754000000
154.623935,22.755000000
154.626480,22.756000000
154.628854,22.757000000
154.631209,22.758000000
154.633853,22.759000000
154.644882,22.760000000
154.647668,22.761000000
154.657085,22.762000000
154.657186,22.763000000
154.702404,22.764000000
154.707280,22.765000000
154.718442,22.766000000
154.726667,22.767000000
154.748284,22.768000000
154.750851,22.769000000
154.753374,22.770000000
154.774615,22.771000000
154.783993,22.772000000
154.797213,22.773000000
154.816557,22.774000000
154.819034,22.775000000
154.838160,22.776000000
154.849326,22.777000000
154.861550,22.778000000
154.870769,22.779000000
154.875405,22.780000000
154.889644,22.781000000
154.898421,22.782000000
154.913051,22.783000000
154.915377,22.784000000
154.920344,22.785000000
154.924731,22.786000000
154.944659,22.787000000
154.954104,22.788000000
154.965348,22.789000000
154.983671,22.790000000
154.996683,22.791000000
155.006235,22.792000000
155.012890,22.793000000
155.018808,22.794000000
155.024014,22.795000000
155.024059,22.797000000
155.030744,22.798000000
155.030785,22.799000000
155.060707,22.800000000
155.066592,22.801000000
155.077362,22.802000000
155.077408,22.804000000
155.092829,22.805000000
155.092894,22.807000000
155.134831,22.808000000
155.134874,22.810000000
155.147063,22.811000000
155.159388,22.812000000
155.159433,22.813000000
155.176296,22.814000000
155.204284,22.815000000
155.205286,22.816000000
155.216197,22.817000000
155.222908,22.818000000
155.240829,22.819000000
155.253646,22.820000000
155.253710,22.821000000
155.271542,22.822000000
155.279125,22.823000000
155.288243,22.824000000
155.293494,22.825000000
155.303794,22.826000000
155.316561,22.827000000
155.316607,22.828000000
155.328506,22.829000000
155.334621,22.830000000
155.361858,22.831000000
155.361921,22.832000000
155.361960,22.833000000
155.362603,22.834000000
155.400375,22.835000000
155.407488,22.836000000
155.417710,22.837000000
155.427635,22.838000000
155.431237,22.839000000
155.433642,22.840000000
155.439989,22.841000000
155.458648,22.842000000
155.461616,22.843000000
155.464352,22.844000000
155.466737,22.845000000
155.470126,22.846000000
155.483759,22.847000000
155.486784,22.848000000
155.544732,22.849000000
155.563891,22.850000000
155.575798,22.851000000
155.592899,22.852000000
155.592956,22.853000000
155.609666,22.854000000
155.612762,22.855000000
155.629396,22.856000000
155.632629,22.857000000
155.644317,22.858000000
155.664137,22.859000000
155.664195,22.860000000
155.664263,22.861000000
155.664302,22.862000000
155.677440,22.863000000
155.688146,22.864000000
155.693348,22.865000000
155.713013,22.866000000
155.713061,22.867000000
155.724819,22.868000000
155.752324,22.869000000
155.766367,22.870000000
155.773339,22.871000000
155.795562,22.872000000
155.806569,22.873000000
155.818539,22.874000000
155.826949,22.875000000
155.859374,22.876000000
155.863029,22.877000000
155.877830,22.878000000
155.895209,22.879000000
155.914685,22.880000000
155.947260,22.881000000
155.960963,22.882000000
155.971389,22.883000000
155.976787,22.884000000
155.983247,22.885000000
155.983289,22.886000000
155.989146,22.887000000
155.999389,22.888000000
155.999432,22.889000000
156.007014,22.890000000
156.012657,22.891000000
156.019206,22.892000000
156.023199,22.893000000
156.028737,22.894000000
156.034279,22.895000000
156.047534,22.896000000
156.059411,22.897000000
156.071450,22.898000000
156.081915,22.899000000
156.086178,22.900000000
156.096069,22.901000000
156.115487,22.902000000
156.116890,22.903000000
156.120125,22.904000000
156.124692,22.905000000
156.124734,22.906000000
156.126410,22.907000000
156.138973,22.908000000
156.145844,22.909000000
156.149128,22.910000000
156.154445,22.911000000
156.156182,22.912000000
156.158183,22.913000000
156.160416,22.914000000
156.162363,22.915000000
156.164375,22.916000000
156.169652,22.917000000
156.171756,22.918000000
156.174353,22.919000000
156.176543,22.920000000
156.178517,22.921000000
156.180614,22.922000000
156.182733,22.923000000
156.187183,22.924000000
156.191323,22.925000000
156.196712,22.926000000
156.196792,22.927000000
156.198922,22.928000000
156.201820,22.929000000
156.203906,22.930000000
156.206218,22.931000000
156.212093,22.932000000
156.214429,22.933000000
156.216466,22.934000000
156.219610,22.935000000
156.221728,22.936000000
156.227437,22.937000000
156.230129,22.938000000
156.232142,22.939000000
156.234384,22.940000000
156.236978,22.941000000
156.240190,22.942000000
156.242405,22.943000000
156.248310,22.944000000
156.250867,22.945000000
156.262779,22.946000000
156.264673,22.947000000
156.270156,22.948000000
156.273164,22.949000000
156.275195,22.950000000
156.280540,22.951000000
156.285210,22.952000000
156.291753,22.953000000
156.296296,22.954000000
156.299819,22.955000000
156.304280,22.956000000
156.306913,22.957000000
156.311162,22.958000000
156.311502,22.959000000
156.317492,22.960000000
156.324181,22.961000000
156.329545,22.962000000
156.332206,22.963000000
156.340492,22.964000000
156.342643,22.965000000
156.348108,22.966000000
156.353760,22.967000000
156.356274,22.968000000
156.366494,22.969000000
156.371996,22.970000000
156.376327,22.971000000
156.383531,22.972000000
156.394650,22.973000000
156.408667,22.974000000
156.415299,22.975000000
156.424861,22.976000000
156.439036,22.977000000
156.447103,22.978000000
156.451684,22.979000000
156.471718,22.980000000
156.502059,22.981000000
156.513002,22.982000000
156.521237,22.983000000
156.529067,22.984000000
156.546184,22.985000000
156.553675,22.986000000
156.558672,22.987000000
156.583491,22.988000000
156.597975,22.989000000
156.598022,22.990000000
156.620550,22.991000000
156.639531,22.992000000
156.643303,22.993000000
156.654215,22.994000000
156.670674,22.995000000
156.683940,22.996000000
156.688209,22.997000000
156.697116,22.998000000
156.708529,22.999000000
156.716756,23.000000000
156.723114,23.001000000
156.727847,23.002000000
156.749554,23.003000000
156.756976,23.004000000
156.779076,23.005000000
156.785671,23.006000000
156.794174,23.007000000
156.805922,23.008000000
156.815318,23.009000000
156.819617,23.010000000
156.824273,23.011000000
156.847516,23.012000000
156.853510,23.013000000
156.865341,23.014000000
156.873905,23.015000000
156.878943,23.016000000
156.899252,23.017000000
156.905598,23.018000000
156.912978,23.019000000
156.916826,23.020000000
156.925566,23.021000000
156.933681,23.022000000
156.941134,23.023000000
156.951361,23.024000000
156.960117,23.025000000
156.968008,23.026000000
156.973066,23.027000000
156.996063,23.028000000
157.001925,23.029000000
157.012423,23.030000000
157.024551,23.031000000
157.032746,23.032000000
157.046708,23.033000000
157.055660,23.034000000
157.058628,23.035000000
157.071293,23.036000000
157.078291,23.037000000
157.097916,23.038000000
157.120933,23.039000000
157.132736,23.040000000
157.141557,23.041000000
157.147922,23.042000000
157.170247,23.043000000
157.174338,23.044000000
157.195361,23.045000000
157.206090,23.046000000
157.207503,23.047000000
157.233426,23.048000000
157.235706,23.049000000
157.247217,23.050000000
157.274144,23.051000000
157.282159,23.052000000
157.298941,23.053000000
157.323070,23.054000000
157.336326,23.055000000
157.340767,23.056000000
157.375314,23.057000000
157.382720,23.058000000
157.393717,23.059000000
157.400071,23.060000000
157.433693,23.061000000
157.436136,23.062000000
157.444109,23.063000000
157.448654,23.064000000
157.451930,23.065000000
157.484255,23.066000000
157.501785,23.067000000
157.501831,23.068000000
157.503944,23.069000000
157.512258,23.070000000
157.521120,23.071000000
157.527108,23.072000000
157.538696,23.073000000
157.546686,23.074000000
157.555375,23.075000000
157.563856,23.076000000
157.571666,23.077000000
157.580874,23.078000000
157.599306,23.079000000
157.608679,23.080000000
157.614176,23.081000000
157.619353,23.082000000
157.625603,23.083000000
157.648547,23.084000000
157.664380,23.085000000
157.673820,23.086000000
157.691911,23.087000000
157.696022,23.088000000
157.713428,23.089000000
157.719623,23.090000000
157.723548,23.091000000
157.730245,23.092000000
157.750374,23.093000000
157.756582,23.094000000
157.760950,23.095000000
157.765289,23.096000000
157.765570,23.097000000
157.775386,23.098000000
157.775430,23.100000000
157.786177,23.101000000
157.801235,23.102000000
157.803949,23.103000000
157.812913,23.104000000
157.817000,23.105000000
157.827431,23.106000000
157.833893,23.107000000
157.837813,23.108000000
157.838600,23.109000000
157.842343,23.110000000
157.846943,23.111000000
157.849678,23.112000000
157.857639,23.113000000
157.861583,23.114000000
157.863551,23.115000000
157.865534,23.116000000
157.872754,23.117000000
157.880255,23.118000000
157.889637,23.119000000
157.899507,23.120000000
157.905107,23.121000000
157.911052,23.122000000
157.913877,23.123000000
157.919475,23.124000000
157.922998,23.125000000
157.927901,23.126000000
157.938115,23.127000000
157.947187,23.128000000
157.948659,23.129000000
157.952468,23.130000000
157.966360,23.131000000
157.968925,23.132000000
157.971358,23.133000000
157.977160,23.134000000
157.979139,23.135000000
157.981369,23.136000000
157.998800,23.137000000
158.008091,23.138000000
158.008137,23.139000000
158.012189,23.140000000
158.013751,23.141000000
158.015935,23.142000000
158.021820,23.143000000
158.023987,23.144000000
158.025876,23.145000000
158.028457,23.146000000
158.031274,23.147000000
158.042348,23.148000000
158.046328,23.149000000
158.049563,23.150000000
158.077678,23.151000000
158.079580,23.152000000
158.093122,23.153000000
158.106832,23.154000000
158.113322,23.155000000
158.129175,23.156000000
158.131444,23.157000000
158.133562,23.158000000
158.171940,23.159000000
158.179041,23.160000000
158.184667,23.161000000
158.191959,23.162000000
158.201852,23.163000000
158.214872,23.164000000
158.224709,23.165000000
158.230445,23.166000000
158.239060,23.167000000
158.248552,23.168000000
158.253005,23.169000000
158.265516,23.170000000
158.275386,23.171000000
158.292232,23.172000000
158.306776,23.173000000
158.310940,23.174000000
158.347201,23.175000000
158.349142,23.176000000
158.356836,23.177000000
158.376980,23.178000000
158.382746,23.179000000
158.384952,23.180000000
158.398395,23.181000000
158.403768,23.182000000
158.408833,23.183000000
158.410860,23.184000000
158.431781,23.185000000
158.441907,23.186000000
158.447088,23.187000000
158.450955,23.188000000
158.455497,23.189000000
158.475527,23.190000000
158.487503,23.191000000
158.497471,23.192000000
158.511218,23.193000000
158.520856,23.194000000
158.526604,23.195000000
158.535538,23.196000000
158.544954,23.197000000
158.554680,23.198000000
158.561485,23.199000000
158.571256,23.200000000
158.579169,23.201000000
158.586804,23.202000000
158.589411,23.203000000
158.593865,23.204000000
158.606479,23.205000000
158.628738,23.206000000
158.634635,23.207000000
158.651137,23.208000000
158.653104,23.209000000
158.668754,23.210000000
158.676812,23.211000000
158.681061,23.212000000
158.681759,23.213000000
158.700237,23.214000000
158.708397,23.215000000
158.719374,23.216000000
158.739965,23.217000000
158.759804,23.218000000
158.768831,23.219000000
158.799025,23.220000000
158.802582,23.221000000
158.813307,23.222000000
158.816414,23.223000000
158.821624,23.224000000
158.824213,23.225000000
158.828748,23.226000000
158.838958,23.227000000
158.849020,23.228000000
158.860576,23.229000000
158.864237,23.230000000
158.873142,23.231000000
158.881225,23.232000000
158.885045,23.233000000
158.896411,23.234000000
158.905181,23.235000000
158.908200,23.236000000
158.919551,23.237000000
158.923181,23.238000000
158.934634,23.239000000
158.943975,23.240000000
158.945954,23.241000000
158.963968,23.242000000
158.970193,23.243000000
158.974387,23.244000000
158.990915,23.245000000
158.992832,23.246000000
159.014396,23.247000000
159.022432,23.248000000
159.029780,23.249000000
159.044086,23.250000000
159.046021,23.251000000
159.051745,23.252000000
159.063799,23.253000000
159.088739,23.254000000
159.092392,23.255000000
159.093413,23.256000000
159.097837,23.257000000
159.104115,23.258000000
159.117165,23.259000000
159.117222,23.260000000
159.117720,23.261000000
159.133495,23.262000000
159.143471,23.263000000
159.144321,23.264000000
159.150537,23.265000000
159.151522,23.266000000
159.161478,23.267000000
159.168275,23.268000000
159.168330,23.269000000
159.201630,23.270000000
159.204841,23.271000000
159.232304,23.272000000
159.246851,23.273000000
159.274432,23.274000000
159.282010,23.275000000
159.288450,23.276000000
159.293166,23.277000000
159.301169,23.278000000
159.308672,23.279000000
159.331307,23.280000000
159.350904,23.281000000
159.373099,23.282000000
159.382742,23.283000000
159.385123,23.284000000
159.387501,23.285000000
159.397621,23.286000000
159.404299,23.287000000
159.413065,23.288000000
159.438111,23.289000000
159.444952,23.290000000
159.470069,23.291000000
159.478146,23.292000000
159.484059,23.293000000
159.489064,23.294000000
159.495281,23.295000000
159.502859,23.296000000
159.511702,23.297000000
159.516113,23.298000000
159.536042,23.299000000
159.548330,23.300000000
159.561069,23.301000000
159.586985,23.302000000
159.594790,23.303000000
159.604143,23.304000000
159.615098,23.305000000
159.627362,23.306000000
159.640081,23.307000000
159.647092,23.308000000
159.676548,23.309000000
159.697526,23.310000000
159.706455,23.311000000
159.720301,23.312000000
159.730045,23.313000000
159.747506,23.314000000
159.759546,23.315000000
159.762663,23.316000000
159.765719,23.317000000
159.765779,23.318000000
159.768009,23.319000000
159.779404,23.320000000
159.779471,23.321000000
159.779542,23.322000000
159.780104,23.323000000
159.788358,23.324000000
159.788784,23.325000000
159.793311,23.326000000
159.797285,23.327000000
159.826644,23.328000000
159.831694,23.329000000
159.839008,23.330000000
159.855395,23.331000000
159.861389,23.332000000
159.862600,23.333000000
159.913777,23.334000000
159.926122,23.335000000
159.938311,23.336000000
159.947519,23.337000000
159.955656,23.338000000
159.962708,23.339000000
159.966328,23.340000000
159.970119,23.341000000
159.973498,23.342000000
159.979599,23.343000000
159.982986,23.344000000
160.009949,23.345000000
160.016332,23.346000000
160.018790,23.347000000
160.035186,23.348000000
160.045392,23.349000000
160.081486,23.350000000
160.082931,23.351000000
160.086230,23.352000000
160.094799,23.353000000
160.097188,23.354000000
160.101167,23.355000000
160.103518,23.356000000
160.107455,23.357000000
160.110405,23.358000000
160.113107,23.359000000
160.144051,23.360000000
160.148057,23.361000000
160.175002,23.362000000
160.186590,23.363000000
160.202431,23.364000000
160.208377,23.365000000
160.220912,23.366000000
160.234546,23.367000000
160.245141,23.368000000
160.261564,23.369000000
160.267624,23.370000000
160.270625,23.371000000
160.304365,23.372000000
160.308270,23.373000000
160.320778,23.374000000
160.330800,23.375000000
160.339582,23.376000000
160.349449,23.377000000
160.356223,23.378000000
160.382760,23.379000000
160.390656,23.380000000
160.405210,23.381000000
160.411077,23.382000000
160.448874,23.383000000
160.462266,23.384000000
160.470698,23.385000000
160.497288,23.386000000
160.517300,23.387000000
160.524558,23.388000000
160.540860,23.389000000
160.550967,23.390000000
160.558409,23.391000000
160.588005,23.392000000
160.592183,23.393000000
160.599779,23.394000000
160.608623,23.395000000
160.608685,23.396000000
160.622116,23.397000000
160.641328,23.398000000
160.641388,23.399000000
160.650149,23.400000000
160.659722,23.401000000
160.675113,23.402000000
160.675167,23.403000000
160.693229,23.404000000
160.693302,23.405000000
160.703345,23.406000000
160.717180,23.407000000
160.719386,23.408000000
160.732527,23.409000000
160.741990,23.410000000
160.743904,23.411000000
160.756023,23.412000000
160.764668,23.413000000
160.774110,23.414000000
160.784075,23.415000000
160.784142,23.416000000
160.803773,23.417000000
160.809857,23.418000000
160.818762,23.419000000
160.825161,23.420000000
160.839134,23.421000000
160.839222,23.422000000
160.851166,23.423000000
160.858613,23.424000000
160.868287,23.425000000
160.878824,23.426000000
160.880529,23.427000000
160.911069,23.428000000
160.911130,23.429000000
160.911790,23.430000000
160.911840,23.431000000
160.940270,23.432000000
160.946393,23.433000000
160.959752,23.434000000
160.959818,23.435000000
160.970855,23.436000000
160.976609,23.437000000
160.983739,23.438000000
160.999050,23.439000000
160.999663,23.440000000
161.018407,23.441000000
161.024628,23.442000000
161.025100,23.443000000
161.033003,23.444000000
161.038976,23.445000000
161.044949,23.446000000
161.054156,23.447000000
161.058372,23.448000000
161.064886,23.449000000
161.064937,23.450000000
161.081754,23.451000000
161.081849,23.452000000
161.089823,23.453000000
161.098554,23.454000000
161.103095,23.455000000
161.106228,23.456000000
161.126712,23.457000000
161.135235,23.458000000
161.141284,23.459000000
161.163001,23.460000000
161.166628,23.461000000
161.172390,23.462000000
161.184648,23.463000000
161.191006,23.464000000
161.207426,23.465000000
161.210319,23.466000000
161.213199,23.467000000
161.229550,23.468000000
161.248840,23.469000000
161.253664,23.470000000
161.266206,23.471000000
161.286191,23.472000000
161.316310,23.473000000
161.321619,23.474000000
161.330016,23.475000000
161.344013,23.476000000
161.351331,23.477000000
161.364784,23.478000000
161.374338,23.479000000
161.381985,23.480000000
161.390741,23.481000000
161.398695,23.482000000
161.410467,23.483000000
161.421121,23.484000000
161.427706,23.485000000
161.435160,23.486000000
161.469712,23.487000000
161.495060,23.488000000
161.501282,23.489000000
161.534780,23.490000000
161.537344,23.491000000
161.542843,23.492000000
161.548371,23.493000000
161.551574,23.494000000
161.566949,23.495000000
161.567562,23.496000000
161.593817,23.497000000
161.596368,23.498000000
161.598636,23.499000000
161.603957,23.500000000
161.613929,23.501000000
161.617255,23.502000000
161.629059,23.503000000
161.633052,23.504000000
161.640645,23.505000000
161.646089,23.506000000
161.648530,23.507000000
161.654220,23.508000000
161.676909,23.509000000
161.694628,23.510000000
161.701804,23.511000000
161.707296,23.512000000
161.712261,23.513000000
161.719086,23.514000000
161.742328,23.515000000
161.748429,23.516000000
161.758833,23.517000000
161.758983,23.518000000
161.774225,23.519000000
161.786995,23.520000000
161.791816,23.521000000
161.806473,23.522000000
161.819005,23.523000000
161.831604,23.524000000
161.853516,23.525000000
161.856406,23.526000000
161.876522,23.527000000
161.877008,23.528000000
161.881534,23.529000000
161.881953,23.530000000
161.883068,23.531000000
161.888112,23.532000000
161.888688,23.533000000
161.892088,23.534000000
161.892141,23.535000000
161.894560,23.536000000
161.896889,23.537000000
161.902471,23.538000000
161.903414,23.539000000
161.904360,23.540000000
161.915353,23.541000000
161.951190,23.542000000
161.958899,23.543000000
161.971031,23.544000000
161.981385,23.545000000
161.985657,23.546000000
161.992971,23.547000000
161.997355,23.548000000
162.004798,23.549000000
162.012550,23.550000000
162.019710,23.551000000
162.026938,23.552000000
162.032625,23.553000000
162.042264,23.554000000
162.047644,23.555000000
162.051332,23.556000000
162.057360,23.557000000
162.077150,23.558000000
162.086102,23.559000000
162.096010,23.560000000
162.113628,23.561000000
162.115205,23.562000000
162.132922,23.563000000
162.133707,23.564000000
162.133759,23.565000000
162.139763,23.566000000
162.140245,23.567000000
162.140301,23.568000000
162.140821,23.569000000
162.159752,23.570000000
162.170239,23.571000000
162.208004,23.572000000
162.214607,23.573000000
162.220014,23.574000000
162.237794,23.575000000
162.241626,23.576000000
162.248899,23.577000000
162.274207,23.578000000
162.279556,23.579000000
162.287637,23.580000000
162.302721,23.581000000
162.330458,23.582000000
162.348684,23.583000000
162.362611,23.584000000
162.374237,23.585000000
162.384259,23.586000000
162.394403,23.587000000
162.406461,23.588000000
162.412360,23.589000000
162.449174,23.590000000
162.449222,23.591000000
162.466937,23.592000000
162.479249,23.593000000
162.493210,23.594000000
162.493257,23.595000000
162.509942,23.596000000
162.521604,23.597000000
162.541051,23.598000000
162.553038,23.599000000
162.563036,23.600000000
162.569846,23.601000000
162.577214,23.602000000
162.589726,23.603000000
162.596775,23.604000000
162.602849,23.605000000
162.613373,23.606000000
162.633378,23.607000000
162.652034,23.608000000
162.660526,23.609000000
162.669090,23.610000000
162.703159,23.611000000
162.722065,23.612000000
162.729138,23.613000000
162.742789,23.614000000
162.758116,23.615000000
162.768453,23.616000000
162.801178,23.617000000
162.818025,23.618000000
162.829610,23.619000000
162.845729,23.620000000
162.858755,23.621000000
162.858844,23.625000000
162.867120,23.626000000
162.867185,23.627000000
162.870985,23.628000000
162.891356,23.629000000
162.905980,23.630000000
162.915154,23.631000000
162.942931,23.632000000
162.952007,23.633000000
162.963412,23.634000000
162.964915,23.635000000
162.982167,23.636000000
162.986114,23.637000000
162.996792,23.638000000
163.023955,23.639000000
163.024039,23.640000000
163.024089,23.641000000
163.041570,23.642000000
163.044924,23.643000000
163.056914,23.644000000
163.075248,23.645000000
163.079284,23.646000000
163.107919,23.647000000
163.119402,23.648000000
163.131207,23.649000000
163.135685,23.650000000
163.136223,23.651000000
163.138388,23.652000000
163.145010,23.653000000
163.165020,23.654000000
163.165171,23.655000000
163.165226,23.656000000
163.165270,23.657000000
163.165311,23.658000000
163.165351,23.659000000
163.166421,23.660000000
163.166479,23.661000000
163.166522,23.662000000
163.167403,23.663000000
163.173946,23.664000000
163.174447,23.665000000
163.174503,23.666000000
163.175668,23.667000000
163.197965,23.668000000
163.207424,23.669000000
163.213546,23.670000000
163.217195,23.671000000
163.237381,23.672000000
163.258610,23.673000000
163.264935,23.674000000
163.269193,23.675000000
163.282772,23.676000000
163.287025,23.677000000
163.289677,23.678000000
163.292130,23.679000000
163.294518,23.680000000
163.297517,23.681000000
163.300228,23.682000000
163.302721,23.683000000
163.305461,23.684000000
163.307826,23.685000000
163.311651,23.686000000
163.314507,23.687000000
163.316867,23.688000000
163.322989,23.689000000
163.325935,23.690000000
163.342292,23.691000000
163.344751,23.692000000
163.347130,23.693000000
163.349549,23.694000000
163.359377,23.695000000
163.374165,23.696000000
163.385468,23.697000000
163.393653,23.698000000
163.405993,23.699000000
163.434383,23.700000000
163.444399,23.701000000
163.461985,23.702000000
163.474025,23.703000000
163.489886,23.704000000
163.500899,23.705000000
163.508956,23.706000000
163.514122,23.707000000
163.522670,23.708000000
163.530758,23.709000000
163.542713,23.710000000
163.544232,23.711000000
163.557285,23.712000000
163.562221,23.713000000
163.568866,23.714000000
163.569860,23.715000000
163.570577,23.716000000
163.576695,23.717000000
163.582910,23.718000000
163.582961,23.719000000
163.583000,23.720000000
163.585572,23.721000000
163.592736,23.722000000
163.592787,23.723000000
163.592825,23.724000000
163.593355,23.725000000
163.595059,23.726000000
163.602029,23.727000000
163.602605,23.728000000
163.602659,23.729000000
163.602700,23.730000000
163.604343,23.731000000
163.607984,23.732000000
163.613973,23.733000000
163.614024,23.734000000
163.614088,23.735000000
163.617364,23.736000000
163.617715,23.737000000
163.619287,23.738000000
163.621068,23.739000000
163.630190,23.740000000
163.630247,23.741000000
163.630287,23.742000000
163.630324,23.743000000
163.630361,23.744000000
163.632354,23.745000000
163.636195,23.746000000
163.638097,23.747000000
163.644139,23.748000000
163.650216,23.749000000
163.656693,23.750000000
163.698117,23.751000000
163.709986,23.752000000
163.727761,23.753000000
163.727811,23.755000000
163.741491,23.756000000
163.751999,23.757000000
163.752048,23.759000000
163.761887,23.760000000
163.777538,23.761000000
163.781954,23.762000000
163.781998,23.763000000
163.799358,23.764000000
163.799407,23.765000000
163.808563,23.766000000
163.817240,23.767000000
163.817285,23.768000000
163.819290,23.769000000
163.830372,23.770000000
163.839398,23.771000000
163.839461,23.772000000
163.848905,23.773000000
163.854522,23.774000000
163.874115,23.775000000
163.874167,23.777000000
163.891561,23.778000000
163.891611,23.779000000
163.897427,23.780000000
163.898621,23.781000000
163.911499,23.782000000
163.911546,23.783000000
163.921084,23.784000000
163.921125,23.785000000
163.927352,23.786000000
163.939013,23.787000000
163.939763,23.788000000
163.950917,23.789000000
163.957306,23.790000000
163.957346,23.791000000
163.966412,23.792000000
163.972018,23.793000000
163.987256,23.794000000
163.987302,23.795000000
163.990909,23.796000000
163.990946,23.797000000
164.003336,23.798000000
164.003383,23.799000000
164.013258,23.800000000
164.020959,23.801000000
164.028752,23.802000000
164.028792,23.803000000
164.047512,23.804000000
164.053081,23.805000000
164.067250,23.806000000
164.075090,23.807000000
164.080948,23.808000000
164.091720,23.809000000
164.095600,23.810000000
164.095639,23.811000000
164.109338,23.812000000
164.115100,23.813000000
164.123149,23.814000000
164.127401,23.815000000
164.127441,23.816000000
164.144232,23.817000000
164.144306,23.818000000
164.146888,23.819000000
164.156388,23.820000000
164.158617,23.821000000
164.160129,23.822000000
164.174046,23.823000000
164.184738,23.824000000
164.184786,23.825000000
164.190970,23.826000000
164.200654,23.827000000
164.208384,23.828000000
164.208427,23.829000000
164.216624,23.830000000
164.222590,23.831000000
164.228551,23.832000000
164.235615,23.833000000
164.243653,23.834000000
164.243872,23.835000000
164.247574,23.836000000
164.260772,23.837000000
164.272249,23.838000000
164.284325,23.839000000
164.284373,23.840000000
164.289304,23.841000000
164.301522,23.842000000
164.301579,23.843000000
164.314276,23.844000000
164.320019,23.845000000
164.327477,23.846000000
164.336302,23.847000000
164.347019,23.848000000
164.347064,23.849000000
164.363298,23.850000000
164.363347,23.852000000
164.377920,23.853000000
164.383286,23.854000000
164.394039,23.855000000
164.394087,23.856000000
164.408256,23.857000000
164.408310,23.858000000
164.421035,23.859000000
164.426069,23.860000000
164.426944,23.861000000
164.440690,23.862000000
164.450069,23.863000000
164.461477,23.864000000
164.466847,23.865000000
164.473217,23.866000000
164.486793,23.867000000
164.486846,23.868000000
164.498642,23.869000000
164.498691,23.870000000
164.507080,23.871000000
164.513317,23.872000000
164.522455,23.873000000
164.522503,23.874000000
164.530352,23.875000000
164.542505,23.876000000
164.548277,23.877000000
164.548319,23.878000000
164.556618,23.879000000
164.556654,23.880000000
164.565566,23.881000000
164.576385,23.882000000
164.582085,23.883000000
164.582125,23.885000000
164.602376,23.886000000
164.602426,23.888000000
164.613147,23.889000000
164.613191,23.890000000
164.626704,23.891000000
164.627467,23.892000000
164.629752,23.893000000
164.636386,23.894000000
164.642037,23.895000000
164.651732,23.896000000
164.657149,23.897000000
164.663340,23.898000000
164.664157,23.899000000
164.675138,23.900000000
164.675211,23.901000000
164.683701,23.902000000
164.683748,23.903000000
164.699602,23.904000000
164.699651,23.906000000
164.708519,23.907000000
164.718155,23.908000000
164.719590,23.909000000
164.733265,23.910000000
164.733312,23.911000000
164.744403,23.912000000
164.744445,23.913000000
164.749191,23.914000000
164.755169,23.915000000
164.763461,23.916000000
164.763500,23.917000000
164.771658,23.918000000
164.778729,23.919000000
164.784982,23.920000000
164.789403,23.921000000
164.799003,23.922000000
164.802125,23.923000000
164.802165,23.924000000
164.812079,23.925000000
164.820147,23.926000000
164.826254,23.927000000
164.826298,23.928000000
164.836762,23.929000000
164.860871,23.930000000
164.860919,23.931000000
164.879835,23.932000000
164.881323,23.933000000
164.891756,23.934000000
164.907501,23.935000000
164.907550,23.936000000
164.912083,23.937000000
164.926997,23.938000000
164.927056,23.939000000
164.937526,23.940000000
164.948102,23.941000000
164.948172,23.943000000
164.960532,23.944000000
164.960576,23.945000000
164.969393,23.946000000
164.976661,23.947000000
164.976703,23.948000000
164.985358,23.949000000
164.993907,23.950000000
164.996034,23.951000000
165.008413,23.952000000
165.022216,23.953000000
165.032303,23.954000000
165.047255,23.955000000
165.063632,23.956000000
165.082158,23.957000000
165.089422,23.958000000
165.107283,23.959000000
165.119627,23.960000000
165.130215,23.961000000
165.139570,23.962000000
165.189860,23.963000000
165.198632,23.964000000
165.217658,23.965000000
165.226031,23.966000000
165.233495,23.967000000
165.247713,23.968000000
165.257198,23.969000000
165.259199,23.970000000
165.283995,23.971000000
165.290580,23.972000000
165.294750,23.973000000
165.312573,23.974000000
165.319283,23.975000000
165.351279,23.976000000
165.375246,23.977000000
165.375294,23.978000000
165.378310,23.979000000
165.392842,23.980000000
165.399803,23.981000000
165.400917,23.982000000
165.421652,23.983000000
165.421699,23.984000000
165.423961,23.985000000
165.434039,23.986000000
165.440012,23.987000000
165.453053,23.988000000
165.461658,23.989000000
165.496229,23.990000000
165.496288,23.991000000
165.504967,23.992000000
165.505084,23.993000000
165.524667,23.994000000
165.534381,23.995000000
165.534426,23.998000000
165.538532,23.999000000
165.542072,24.000000000
165.547953,24.001000000
165.547998,24.002000000
165.554585,24.003000000
165.558174,24.004000000
165.564475,24.005000000
165.569556,24.006000000
165.569600,24.007000000
165.583165,24.008000000
165.588440,24.009000000
165.593997,24.010000000
165.597494,24.011000000
165.603658,24.012000000
165.623048,24.013000000
165.623134,24.014000000
165.628830,24.015000000
165.630917,24.016000000
165.640768,24.017000000
165.653774,24.018000000
165.657140,24.019000000
165.663888,24.020000000
165.667551,24.021000000
165.669688,24.022000000
165.671930,24.023000000
165.674917,24.024000000
165.680256,24.025000000
165.682502,24.026000000
165.685191,24.027000000
165.687628,24.028000000
165.690919,24.029000000
165.693547,24.030000000
165.696290,24.031000000
165.698556,24.032000000
165.704316,24.033000000
165.716168,24.034000000
165.718173,24.035000000
165.720334,24.036000000
165.722957,24.037000000
165.725017,24.038000000
165.727109,24.039000000
165.730188,24.040000000
165.732735,24.041000000
165.735156,24.042000000
165.738602,24.043000000
165.755656,24.044000000
165.763826,24.045000000
165.767995,24.046000000
165.771105,24.047000000
165.782022,24.048000000
165.787470,24.049000000
165.804911,24.050000000
165.808198,24.051000000
165.817032,24.052000000
165.825135,24.053000000
165.838655,24.054000000
165.845180,24.055000000
165.857478,24.056000000
165.866950,24.057000000
165.869571,24.058000000
165.872701,24.059000000
165.878495,24.060000000
165.880689,24.061000000
165.883975,24.062000000
165.890278,24.063000000
165.894972,24.064000000
165.897190,24.065000000
165.900126,24.066000000
165.902780,24.067000000
165.915011,24.068000000
165.917187,24.069000000
165.921929,24.070000000
165.924316,24.071000000
165.926475,24.072000000
165.930378,24.073000000
165.933162,24.074000000
165.936384,24.075000000
165.939623,24.076000000
165.942710,24.077000000
165.945981,24.078000000
165.967932,24.079000000
165.969946,24.080000000
165.972031,24.081000000
165.974147,24.082000000
165.976231,24.083000000
165.978490,24.084000000
165.980691,24.085000000
165.983281,24.086000000
165.985518,24.087000000
165.987490,24.088000000
165.990930,24.089000000
165.992225,24.090000000
165.994312,24.091000000
165.996459,24.092000000
166.006618,24.093000000
166.011015,24.094000000
166.015337,24.095000000
166.019666,24.096000000
166.025052,24.097000000
166.045948,24.098000000
166.052334,24.099000000
166.056616,24.100000000
166.059855,24.101000000
166.060609,24.102000000
166.062939,24.103000000
166.065050,24.104000000
166.067158,24.105000000
166.069654,24.106000000
166.071708,24.107000000
166.073764,24.108000000
166.075828,24.109000000
166.077945,24.110000000
166.080146,24.111000000
166.082774,24.112000000
166.084821,24.113000000
166.090054,24.114000000
166.092356,24.115000000
166.094452,24.116000000
166.096585,24.117000000
166.098864,24.118000000
166.101369,24.119000000
166.103436,24.120000000
166.105458,24.121000000
166.107901,24.122000000
166.111057,24.123000000
166.122527,24.124000000
166.122653,24.125000000
166.133763,24.126000000
166.151299,24.127000000
166.158769,24.128000000
166.158818,24.129000000
166.166601,24.130000000
166.172805,24.131000000
166.172845,24.132000000
166.182674,24.133000000
166.182713,24.134000000
166.185158,24.135000000
166.192924,24.136000000
166.193388,24.137000000
166.204441,24.138000000
166.204480,24.140000000
166.213791,24.141000000
166.214095,24.142000000
166.220730,24.143000000
166.224356,24.144000000
166.224692,24.145000000
166.264520,24.146000000
166.279613,24.147000000
166.288207,24.148000000
166.314160,24.149000000
166.328616,24.150000000
166.344257,24.151000000
166.362442,24.152000000
166.374296,24.153000000
166.405661,24.154000000
166.422839,24.155000000
166.434415,24.156000000
166.442856,24.157000000
166.462292,24.158000000
166.467837,24.159000000
166.488945,24.160000000
166.499364,24.161000000
166.507153,24.162000000
166.517145,24.163000000
166.527568,24.164000000
166.537302,24.165000000
166.547103,24.166000000
166.556880,24.167000000
166.567181,24.168000000
166.573781,24.169000000
166.584963,24.170000000
166.596346,24.171000000
166.602507,24.172000000
166.607953,24.173000000
166.629406,24.174000000
166.636332,24.175000000
166.655974,24.176000000
166.677764,24.177000000
166.677810,24.178000000
166.692471,24.179000000
166.692521,24.180000000
166.708292,24.181000000
166.714082,24.182000000
166.736803,24.183000000
166.746537,24.184000000
166.758567,24.185000000
166.769165,24.186000000
166.769211,24.187000000
166.836165,24.188000000
166.858119,24.189000000
166.867798,24.190000000
166.878112,24.191000000
166.884776,24.192000000
166.905233,24.193000000
166.914547,24.194000000
166.924054,24.195000000
166.939260,24.196000000
166.950263,24.197000000
166.950310,24.198000000
166.979436,24.199000000
166.989982,24.200000000
166.990028,24.201000000
167.009439,24.202000000
167.018191,24.203000000
167.039317,24.204000000
167.045103,24.205000000
167.045173,24.206000000
167.065529,24.207000000
167.076831,24.208000000
167.106439,24.209000000
167.114486,24.210000000
167.131280,24.211000000
167.145540,24.212000000
167.151035,24.213000000
167.171072,24.214000000
167.187960,24.215000000
167.196265,24.216000000
167.206860,24.217000000
167.220763,24.218000000
167.233679,24.219000000
167.242963,24.220000000
167.249166,24.221000000
167.266592,24.222000000
167.266641,24.223000000
167.278188,24.224000000
167.303541,24.225000000
167.311376,24.226000000
167.311422,24.227000000
167.329207,24.228000000
167.356608,24.229000000
167.372223,24.230000000
167.372609,24.231000000
167.372647,24.232000000
167.395206,24.233000000
167.406424,24.234000000
167.442391,24.235000000
167.442466,24.236000000
167.470885,24.237000000
167.487108,24.238000000
167.499091,24.239000000
167.517496,24.240000000
167.521225,24.241000000
167.538326,24.242000000
167.545992,24.243000000
167.560799,24.244000000
167.582696,24.245000000
167.592345,24.246000000
167.601292,24.247000000
167.601340,24.248000000
167.625952,24.249000000
167.647243,24.250000000
167.654116,24.251000000
167.658963,24.252000000
167.689317,24.253000000
167.689364,24.254000000
167.701032,24.255000000
167.711029,24.256000000
167.748223,24.257000000
167.760353,24.258000000
167.768860,24.259000000
167.779925,24.260000000
167.798916,24.261000000
167.802860,24.262000000
167.817845,24.263000000
167.831063,24.264000000
167.841042,24.265000000
167.846357,24.266000000
167.861928,24.267000000
167.865578,24.268000000
167.873213,24.269000000
167.880364,24.270000000
167.903772,24.271000000
167.913170,24.272000000
167.922808,24.273000000
167.941193,24.274000000
167.952549,24.275000000
167.987345,24.276000000
167.995779,24.277000000
168.003240,24.278000000
168.018553,24.279000000
168.024927,24.280000000
168.058026,24.281000000
168.081861,24.282000000
168.092559,24.283000000
168.102960,24.284000000
168.122849,24.285000000
168.132715,24.286000000
168.142421,24.287000000
168.150089,24.288000000
168.156552,24.289000000
168.178900,24.290000000
168.184361,24.291000000
168.189680,24.292000000
168.214782,24.293000000
168.214833,24.294000000
168.226576,24.295000000
168.236892,24.296000000
168.245873,24.297000000
168.253278,24.298000000
168.273434,24.299000000
168.284584,24.300000000
168.285232,24.301000000
168.299210,24.302000000
168.306763,24.303000000
168.357514,24.304000000
168.377211,24.305000000
168.387812,24.306000000
168.407342,24.307000000
168.422903,24.308000000
168.433258,24.309000000
168.441963,24.310000000
168.447896,24.311000000
168.472516,24.312000000
168.472892,24.313000000
168.482837,24.314000000
168.488430,24.315000000
168.512901,24.316000000
168.520882,24.317000000
168.544586,24.318000000
168.552547,24.319000000
168.561746,24.320000000
168.581530,24.321000000
168.587068,24.322000000
168.591194,24.323000000
168.612297,24.324000000
168.617979,24.325000000
168.635340,24.326000000
168.645275,24.327000000
168.665880,24.328000000
168.673101,24.329000000
168.680512,24.330000000
168.688859,24.331000000
168.697860,24.332000000
168.701790,24.333000000
168.710950,24.334000000
168.725415,24.335000000
168.733217,24.336000000
168.740985,24.337000000
168.767079,24.338000000
168.780720,24.339000000
168.796858,24.340000000
168.821011,24.341000000
168.821446,24.342000000
168.826906,24.343000000
168.837772,24.344000000
168.838563,24.345000000
168.879851,24.346000000
168.894940,24.347000000
168.908011,24.348000000
168.911189,24.349000000
168.937201,24.350000000
168.951327,24.351000000
168.957644,24.352000000
168.968668,24.353000000
168.971434,24.354000000
169.011558,24.355000000
169.025121,24.356000000
169.031611,24.357000000
169.047120,24.358000000
169.059649,24.359000000
169.068449,24.360000000
169.085585,24.361000000
169.099241,24.362000000
169.118207,24.363000000
169.134609,24.364000000
169.137753,24.365000000
169.144790,24.366000000
169.172442,24.367000000
169.176532,24.368000000
169.179476,24.369000000
169.186612,24.370000000
169.187020,24.371000000
169.195773,24.372000000
169.195831,24.373000000
169.200786,24.374000000
169.201223,24.375000000
169.201770,24.376000000
169.235255,24.377000000
169.237660,24.378000000
169.239825,24.379000000
169.243968,24.380000000
169.247939,24.381000000
169.250164,24.382000000
169.262055,24.383000000
169.268049,24.384000000
169.274216,24.385000000
169.281813,24.386000000
169.316592,24.387000000
169.318940,24.388000000
169.321272,24.389000000
169.323499,24.390000000
169.336240,24.391000000
169.342123,24.392000000
169.344568,24.393000000
169.348951,24.394000000
169.354173,24.395000000
169.356588,24.396000000
169.364507,24.397000000
169.387713,24.398000000
169.394111,24.399000000
169.400829,24.400000000
169.406449,24.401000000
169.409555,24.402000000
169.412062,24.403000000
169.414669,24.404000000
169.417223,24.405000000
169.419719,24.406000000
169.422065,24.407000000
169.430294,24.408000000
169.434142,24.409000000
169.437044,24.410000000
169.449003,24.411000000
169.453749,24.412000000
169.456095,24.413000000
169.458391,24.414000000
169.464879,24.415000000
169.467171,24.416000000
169.469390,24.417000000
169.472776,24.418000000
169.483333,24.419000000
169.490500,24.420000000
169.494039,24.421000000
169.496484,24.422000000
169.499937,24.423000000
169.521745,24.424000000
169.526874,24.425000000
169.531416,24.426000000
169.546971,24.427000000
169.551507,24.428000000
169.555961,24.429000000
169.577330,24.430000000
169.585105,24.431000000
169.591120,24.432000000
169.603911,24.433000000
169.613207,24.434000000
169.640592,24.435000000
169.650538,24.436000000
169.654921,24.437000000
169.668004,24.438000000
169.678675,24.439000000
169.689006,24.440000000
169.697791,24.441000000
169.705427,24.442000000
169.713814,24.443000000
169.730687,24.444000000
169.742324,24.445000000
169.744614,24.446000000
169.751517,24.447000000
169.768141,24.448000000
169.773012,24.449000000
169.786506,24.450000000
169.797586,24.451000000
169.802576,24.452000000
169.810248,24.453000000
169.822243,24.454000000
169.833123,24.455000000
169.838114,24.456000000
169.857424,24.457000000
169.871900,24.458000000
169.875629,24.459000000
169.884570,24.460000000
169.901038,24.461000000
169.911056,24.462000000
169.915651,24.463000000
169.919225,24.464000000
169.927562,24.465000000
169.933101,24.466000000
169.939835,24.467000000
169.955993,24.468000000
169.966545,24.469000000
169.971861,24.470000000
169.981836,24.471000000
169.993206,24.472000000
170.010846,24.473000000
170.017172,24.474000000
170.026971,24.475000000
170.057995,24.476000000
170.067340,24.477000000
170.070027,24.478000000
170.075675,24.479000000
170.083247,24.480000000
170.085601,24.481000000
170.093415,24.482000000
170.132182,24.483000000
170.136215,24.484000000
170.140505,24.485000000
170.150289,24.486000000
170.167317,24.487000000
170.169772,24.488000000
170.176920,24.489000000
170.203760,24.490000000
170.206305,24.491000000
170.210312,24.492000000
170.223903,24.493000000
170.273363,24.494000000
170.287725,24.495000000
170.304117,24.496000000
170.304157,24.497000000
170.308554,24.498000000
170.314125,24.499000000
170.335185,24.500000000
170.344511,24.501000000
170.346354,24.502000000
170.350713,24.503000000
170.356136,24.504000000
170.358212,24.505000000
170.362373,24.506000000
170.366600,24.507000000
170.370063,24.508000000
170.372635,24.509000000
170.374701,24.510000000
170.376714,24.511000000
170.378708,24.512000000
170.382087,24.513000000
170.383260,24.514000000
170.407919,24.515000000
170.414248,24.516000000
170.421555,24.517000000
170.455333,24.518000000
170.463318,24.519000000
170.473357,24.520000000
170.475394,24.521000000
170.477387,24.522000000
170.479405,24.523000000
170.481917,24.524000000
170.483733,24.525000000
170.486951,24.526000000
170.489251,24.527000000
170.503967,24.528000000
170.509606,24.529000000
170.523223,24.530000000
170.558222,24.531000000
170.566226,24.532000000
170.578521,24.533000000
170.591552,24.534000000
170.606927,24.535000000
170.621093,24.536000000
170.652051,24.537000000
170.654266,24.538000000
170.678092,24.539000000
170.699218,24.540000000
170.720633,24.541000000
170.743064,24.542000000
170.745706,24.543000000
170.765590,24.544000000
170.767653,24.545000000
170.774118,24.546000000
170.785074,24.547000000
170.797930,24.548000000
170.805934,24.549000000
170.818613,24.550000000
170.831206,24.551000000
170.845271,24.552000000
170.856736,24.553000000
170.870425,24.554000000
170.907687,24.555000000
170.912175,24.556000000
170.925252,24.557000000
170.939995,24.558000000
170.949789,24.559000000
170.961912,24.560000000
170.978145,24.561000000
170.988877,24.562000000
170.995952,24.563000000
171.024457,24.564000000
171.034569,24.565000000
171.040691,24.566000000
171.050838,24.567000000
171.054446,24.568000000
171.059559,24.569000000
171.084360,24.570000000
171.089834,24.571000000
171.094818,24.572000000
171.107278,24.573000000
171.114915,24.574000000
171.126906,24.575000000
171.138255,24.576000000
171.146159,24.577000000
171.151355,24.578000000
171.155256,24.579000000
171.168932,24.580000000
171.174913,24.581000000
171.184736,24.582000000
171.190832,24.583000000
171.205948,24.584000000
171.222130,24.585000000
171.227115,24.586000000
171.248607,24.587000000
171.258865,24.588000000
171.262104,24.589000000
171.274143,24.590000000
171.283889,24.591000000
171.291166,24.592000000
171.316045,24.593000000
171.320017,24.594000000
171.327613,24.595000000
171.345165,24.596000000
171.349590,24.597000000
171.355594,24.598000000
171.379965,24.599000000
171.389697,24.600000000
171.398763,24.601000000
171.403768,24.602000000
171.416896,24.603000000
171.424552,24.604000000
171.433137,24.605000000
171.442528,24.606000000
171.452534,24.607000000
171.463633,24.608000000
171.470436,24.609000000
171.478720,24.610000000
171.481103,24.611000000
171.493284,24.612000000
171.501710,24.613000000
171.507850,24.614000000
171.525413,24.615000000
171.530406,24.616000000
171.534137,24.617000000
171.537946,24.618000000
171.549434,24.619000000
171.552735,24.620000000
171.562521,24.621000000
171.564225,24.622000000
171.569987,24.623000000
171.572497,24.624000000
171.575975,24.625000000
171.600250,24.626000000
171.602950,24.627000000
171.610929,24.628000000
171.635666,24.629000000
171.637774,24.630000000
171.640768,24.631000000
171.647883,24.632000000
171.657864,24.633000000
171.661620,24.634000000
171.665738,24.635000000
171.670231,24.636000000
171.678879,24.637000000
171.681907,24.638000000
171.699106,24.639000000
171.713689,24.640000000
171.717282,24.641000000
171.728937,24.642000000
171.729205,24.643000000
171.729244,24.644000000
171.737492,24.645000000
171.737571,24.646000000
171.779495,24.647000000
171.789551,24.648000000
171.793353,24.649000000
171.808898,24.650000000
171.831294,24.651000000
171.835781,24.652000000
171.840825,24.653000000
171.847661,24.654000000
171.856764,24.655000000
171.862482,24.656000000
171.869438,24.657000000
171.887007,24.658000000
171.932031,24.659000000
171.939449,24.660000000
171.949034,24.661000000
171.965297,24.662000000
171.965352,24.663000000
171.967663,24.664000000
171.985618,24.665000000
171.989358,24.666000000
171.995940,24.667000000
172.005777,24.668000000
172.017234,24.669000000
172.021619,24.670000000
172.042744,24.671000000
172.052165,24.672000000
172.072711,24.673000000
172.080616,24.674000000
172.091919,24.675000000
172.102537,24.676000000
172.115348,24.677000000
172.121732,24.678000000
172.137371,24.679000000
172.146294,24.680000000
172.151850,24.681000000
172.156603,24.682000000
172.162983,24.683000000
172.170658,24.684000000
172.175405,24.685000000
172.180387,24.686000000
172.187231,24.687000000
172.193102,24.688000000
172.215294,24.689000000
172.229640,24.690000000
172.234113,24.691000000
172.273766,24.692000000
172.284575,24.693000000
172.294360,24.694000000
172.318173,24.695000000
172.331059,24.696000000
172.340650,24.697000000
172.381324,24.698000000
172.386023,24.699000000
172.391410,24.700000000
172.395734,24.701000000
172.398473,24.702000000
172.401623,24.703000000
172.405573,24.704000000
172.411450,24.705000000
172.417334,24.706000000
172.446858,24.707000000
172.449340,24.708000000
172.455934,24.709000000
172.462281,24.710000000
172.469110,24.711000000
172.476286,24.712000000
172.482548,24.713000000
172.490608,24.714000000
172.498354,24.715000000
172.506571,24.716000000
172.516775,24.717000000
172.522881,24.718000000
172.531217,24.719000000
172.539481,24.720000000
172.547180,24.721000000
172.555654,24.722000000
172.563603,24.723000000
172.572844,24.724000000
172.581120,24.725000000
172.589291,24.726000000
172.596581,24.727000000
172.627529,24.728000000
172.632681,24.729000000
172.639807,24.730000000
172.668334,24.731000000
172.673322,24.732000000
172.679123,24.733000000
172.686085,24.734000000
172.692007,24.735000000
172.723745,24.736000000
172.745551,24.737000000
172.753514,24.738000000
172.760304,24.739000000
172.786571,24.740000000
172.798414,24.741000000
172.808643,24.742000000
172.826224,24.743000000
172.828054,24.744000000
172.838274,24.745000000
172.850993,24.746000000
172.863149,24.747000000
172.874090,24.748000000
172.882674,24.749000000
172.893754,24.750000000
172.914393,24.751000000
172.928291,24.752000000
172.944093,24.753000000
172.948059,24.754000000
172.952598,24.755000000
172.983371,24.756000000
173.000779,24.757000000
173.008422,24.758000000
173.028408,24.759000000
173.048854,24.760000000
173.053828,24.761000000
173.058705,24.762000000
173.075140,24.763000000
173.085367,24.764000000
173.119513,24.765000000
173.119610,24.766000000
173.148871,24.767000000
173.160246,24.768000000
173.162767,24.769000000
173.164993,24.770000000
173.167249,24.771000000
173.169662,24.772000000
173.205428,24.773000000
173.216015,24.774000000
173.219289,24.775000000
173.229812,24.776000000
173.240030,24.777000000
173.249179,24.778000000
173.260502,24.779000000
173.271844,24.780000000
173.279533,24.781000000
173.289951,24.782000000
173.299611,24.783000000
173.313973,24.784000000
173.322348,24.785000000
173.326064,24.786000000
173.331028,24.787000000
173.333974,24.788000000
173.337224,24.789000000
173.341691,24.790000000
173.347026,24.791000000
173.349643,24.792000000
173.364432,24.793000000
173.367612,24.794000000
173.372149,24.795000000
173.375492,24.796000000
173.380663,24.797000000
173.383074,24.798000000
173.387521,24.799000000
173.395964,24.800000000
173.408726,24.801000000
173.417650,24.802000000
173.426521,24.803000000
173.432218,24.804000000
173.434705,24.805000000
173.440809,24.806000000
173.444552,24.807000000
173.448747,24.808000000
173.454595,24.809000000
173.458756,24.810000000
173.462796,24.811000000
173.465714,24.812000000
173.475767,24.813000000
173.492801,24.814000000
173.499998,24.815000000
173.505392,24.816000000
173.519405,24.817000000
173.525242,24.818000000
173.527703,24.819000000
173.533938,24.820000000
173.538255,24.821000000
173.554065,24.822000000
173.565049,24.823000000
173.573472,24.824000000
173.583133,24.825000000
173.589466,24.826000000
173.594170,24.827000000
173.603834,24.828000000
173.612442,24.829000000
173.618824,24.830000000
173.633338,24.831000000
173.638101,24.832000000
173.647193,24.833000000
173.662978,24.834000000
173.667760,24.835000000
173.671989,24.836000000
173.676130,24.837000000
173.683444,24.838000000
173.687869,24.839000000
173.692091,24.840000000
173.703348,24.841000000
173.711305,24.842000000
173.716192,24.843000000
173.720506,24.844000000
173.724024,24.845000000
173.732767,24.846000000
173.752176,24.847000000
173.754504,24.848000000
173.758848,24.849000000
173.770116,24.850000000
173.775811,24.851000000
173.781900,24.852000000
173.789317,24.853000000
173.800084,24.854000000
173.815451,24.855000000
173.821007,24.856000000
173.833030,24.857000000
173.840196,24.858000000
173.844523,24.859000000
173.871149,24.860000000
173.893698,24.861000000
173.906936,24.862000000
173.916102,24.863000000
173.932885,24.864000000
173.937355,24.865000000
173.952052,24.866000000
173.964717,24.867000000
173.984530,24.868000000
173.992324,24.869000000
174.001406,24.870000000
174.006518,24.871000000
174.013999,24.872000000
174.018874,24.873000000
174.024388,24.874000000
174.040248,24.875000000
174.044406,24.876000000
174.050967,24.877000000
174.055309,24.878000000
174.060968,24.879000000
174.084454,24.880000000
174.090223,24.881000000
174.093643,24.882000000
174.106846,24.883000000
174.113778,24.884000000
174.118073,24.885000000
174.123196,24.886000000
174.127936,24.887000000
174.149948,24.888000000
174.155051,24.889000000
174.160959,24.890000000
174.166521,24.891000000
174.172447,24.892000000
174.186380,24.893000000
174.190655,24.894000000
174.196406,24.895000000
174.206550,24.896000000
174.247016,24.897000000
174.259924,24.898000000
174.260377,24.899000000
174.284797,24.900000000
174.301038,24.901000000
174.316114,24.902000000
174.323648,24.903000000
174.333639,24.904000000
174.351187,24.905000000
174.356860,24.906000000
174.366549,24.907000000
174.373220,24.908000000
174.379190,24.909000000
174.384230,24.910000000
174.395315,24.911000000
174.401275,24.912000000
174.406676,24.913000000
174.411714,24.914000000
174.418892,24.915000000
174.422633,24.916000000
174.428666,24.917000000
174.450999,24.918000000
174.458237,24.919000000
174.464303,24.920000000
174.476910,24.921000000
174.482477,24.922000000
174.488659,24.923000000
174.496572,24.924000000
174.500244,24.925000000
174.508377,24.926000000
174.518529,24.927000000
174.537065,24.928000000
174.544400,24.929000000
174.546792,24.930000000
174.561207,24.931000000
174.565173,24.932000000
174.569387,24.933000000
174.573691,24.934000000
174.578022,24.935000000
174.601439,24.936000000
174.609076,24.937000000
174.620042,24.938000000
174.626305,24.939000000
174.636580,24.940000000
174.640758,24.941000000
174.658237,24.942000000
174.663765,24.943000000
174.672398,24.944000000
174.677995,24.945000000
174.683028,24.946000000
174.688496,24.947000000
174.692317,24.948000000
174.696677,24.949000000
174.709532,24.950000000
174.712415,24.951000000
174.718006,24.952000000
174.724399,24.953000000
174.735897,24.954000000
174.747011,24.955000000
174.755419,24.956000000
174.759631,24.957000000
174.779094,24.958000000
174.801077,24.959000000
174.808288,24.960000000
174.818013,24.961000000
174.820372,24.962000000
174.833594,24.963000000
174.840060,24.964000000
174.848102,24.965000000
174.860016,24.966000000
174.864345,24.967000000
174.882939,24.968000000
174.888224,24.969000000
174.890611,24.970000000
174.894945,24.971000000
174.922426,24.972000000
174.931341,24.973000000
174.941170,24.974000000
174.952375,24.975000000
174.964179,24.976000000
174.970243,24.977000000
174.983196,24.978000000
174.991113,24.979000000
175.002936,24.980000000
175.011569,24.981000000
175.019130,24.982000000
175.023635,24.983000000
175.027194,24.984000000
175.031341,24.985000000
175.042788,24.986000000
175.048513,24.987000000
175.054713,24.988000000
175.056948,24.989000000
175.070259,24.990000000
175.074744,24.991000000
175.080822,24.992000000
175.092200,24.993000000
175.094704,24.994000000
175.097175,24.995000000
175.129921,24.996000000
175.145306,24.997000000
175.148152,24.998000000
175.161296,24.999000000
175.169938,25.000000000
175.172663,25.001000000
175.175117,25.002000000
175.178166,25.003000000
175.198534,25.004000000
175.203418,25.005000000
175.205717,25.006000000
175.211083,25.007000000
175.213389,25.008000000
175.215671,25.009000000
175.220454,25.010000000
175.222803,25.011000000
175.226337,25.012000000
175.239464,25.013000000
175.246496,25.014000000
175.259155,25.015000000
175.276481,25.016000000
175.282520,25.017000000
175.288871,25.018000000
175.296281,25.019000000
175.301249,25.020000000
175.307364,25.021000000
175.313639,25.022000000
175.323013,25.023000000
175.329012,25.024000000
175.339690,25.025000000
175.341981,25.026000000
175.351584,25.027000000
175.359578,25.028000000
175.369590,25.029000000
175.377751,25.030000000
175.383533,25.031000000
175.388783,25.032000000
175.394501,25.033000000
175.399963,25.034000000
175.414533,25.035000000
175.417462,25.036000000
175.436275,25.037000000
175.445113,25.038000000
175.457097,25.039000000
175.465816,25.040000000
175.470316,25.041000000
175.475362,25.042000000
175.478720,25.043000000
175.498341,25.044000000
175.504033,25.045000000
175.509753,25.046000000
175.529969,25.047000000
175.545349,25.048000000
175.555021,25.049000000
175.566392,25.050000000
175.593781,25.051000000
175.595334,25.052000000
175.608678,25.053000000
175.631989,25.054000000
175.642044,25.055000000
175.661152,25.056000000
175.670353,25.057000000
175.687598,25.058000000
175.687655,25.059000000
175.710134,25.060000000
175.710196,25.061000000
175.751311,25.062000000
175.751839,25.063000000
175.784407,25.064000000
175.788784,25.065000000
175.792838,25.066000000
175.810670,25.067000000
175.815757,25.068000000
175.844339,25.069000000
175.861352,25.070000000
175.872741,25.071000000
175.882604,25.072000000
175.894296,25.073000000
175.900839,25.074000000
175.912396,25.075000000
175.936497,25.076000000
175.944441,25.077000000
175.959732,25.078000000
175.969632,25.079000000
175.980294,25.080000000
175.990788,25.081000000
176.002260,25.082000000
176.013167,25.083000000
176.033632,25.084000000
176.033917,25.085000000
176.054739,25.086000000
176.066151,25.087000000
176.081082,25.088000000
176.103805,25.089000000
176.112194,25.090000000
176.136657,25.091000000
176.146618,25.092000000
176.164751,25.093000000
176.187854,25.094000000
176.187918,25.095000000
176.214105,25.096000000
176.225711,25.097000000
176.237336,25.098000000
176.248976,25.099000000
176.261338,25.100000000
176.288828,25.101000000
176.303842,25.102000000
176.330351,25.103000000
176.330411,25.104000000
176.355972,25.105000000
176.377461,25.106000000
176.397304,25.107000000
176.397368,25.108000000
176.420259,25.109000000
176.440257,25.110000000
176.440315,25.111000000
176.467291,25.112000000
176.486424,25.113000000
176.501663,25.114000000
176.519526,25.115000000
176.536973,25.116000000
176.537032,25.117000000
176.547283,25.118000000
176.558844,25.119000000
176.569315,25.120000000
176.582175,25.121000000
176.590640,25.122000000
176.599099,25.123000000
176.604281,25.124000000
176.637999,25.125000000
176.642594,25.126000000
176.662951,25.127000000
176.683157,25.128000000
176.701951,25.129000000
176.709122,25.130000000
176.713881,25.131000000
176.719378,25.132000000
176.723222,25.133000000
176.741634,25.134000000
176.757595,25.135000000
176.782895,25.136000000
176.791454,25.137000000
176.794454,25.138000000
176.809591,25.139000000
176.816532,25.140000000
176.822155,25.141000000
176.836899,25.142000000
176.838463,25.143000000
176.846455,25.144000000
176.853084,25.145000000
176.857794,25.146000000
176.860383,25.147000000
176.863804,25.148000000
176.873027,25.149000000
176.882530,25.150000000
176.889918,25.151000000
176.898835,25.152000000
176.901370,25.153000000
176.903883,25.154000000
176.907563,25.155000000
176.929894,25.156000000
176.936131,25.157000000
176.939813,25.158000000
176.946233,25.159000000
176.951956,25.160000000
176.957385,25.161000000
176.967783,25.162000000
176.973899,25.163000000
176.980788,25.164000000
176.987510,25.165000000
176.993436,25.166000000
177.003634,25.167000000
177.011349,25.168000000
177.011405,25.169000000
177.011443,25.170000000
177.016630,25.171000000
177.027537,25.172000000
177.032482,25.173000000
177.035159,25.174000000
177.037413,25.175000000
177.043872,25.176000000
177.052683,25.177000000
177.067546,25.178000000
177.071772,25.179000000
177.074201,25.180000000
177.080083,25.181000000
177.086630,25.182000000
177.092142,25.183000000
177.094904,25.184000000
177.097169,25.185000000
177.100462,25.186000000
177.116580,25.187000000
177.136453,25.188000000
177.138816,25.189000000
177.142293,25.190000000
177.152835,25.191000000
177.155809,25.192000000
177.159922,25.193000000
177.176369,25.194000000
177.181969,25.195000000
177.184757,25.196000000
177.187661,25.197000000
177.195866,25.198000000
177.198281,25.199000000
177.201184,25.200000000
177.203693,25.201000000
177.210406,25.202000000
177.215627,25.203000000
177.218202,25.204000000
177.226180,25.205000000
177.229558,25.206000000
177.239743,25.207000000
177.244657,25.208000000
177.247092,25.209000000
177.262237,25.210000000
177.264694,25.211000000
177.272024,25.212000000
177.274310,25.213000000
177.282516,25.214000000
177.287773,25.215000000
177.290030,25.216000000
177.292259,25.217000000
177.296365,25.218000000
177.305637,25.219000000
177.309779,25.220000000
177.314873,25.221000000
177.318069,25.222000000
177.320767,25.223000000
177.323191,25.224000000
177.328407,25.225000000
177.330724,25.226000000
177.338264,25.227000000
177.340814,25.228000000
177.343012,25.229000000
177.346706,25.230000000
177.352765,25.231000000
177.359192,25.232000000
177.363857,25.233000000
177.366316,25.234000000
177.370531,25.235000000
177.376944,25.236000000
177.381956,25.237000000
177.384632,25.238000000
177.387279,25.239000000
177.393465,25.240000000
177.397108,25.241000000
177.405142,25.242000000
177.407756,25.243000000
177.412211,25.244000000
177.414680,25.245000000
177.417309,25.246000000
177.421655,25.247000000
177.426601,25.248000000
177.431398,25.249000000
177.443519,25.250000000
177.453413,25.251000000
177.463251,25.252000000
177.478942,25.253000000
177.485015,25.254000000
177.489763,25.255000000
177.496321,25.256000000
177.501501,25.257000000
177.504246,25.258000000
177.506156,25.259000000
177.514367,25.260000000
177.538256,25.261000000
177.540767,25.262000000
177.546075,25.263000000
177.549950,25.264000000
177.589997,25.265000000
177.598730,25.266000000
177.603801,25.267000000
177.612240,25.268000000
177.623658,25.269000000
177.638298,25.270000000
177.641696,25.271000000
177.648900,25.272000000
177.658461,25.273000000
177.658509,25.275000000
177.664876,25.276000000
177.709618,25.277000000
177.709667,25.280000000
177.735342,25.281000000
177.735388,25.282000000
177.786159,25.283000000
177.788090,25.284000000
177.797716,25.285000000
177.821000,25.286000000
177.823116,25.287000000
177.836296,25.288000000
177.846156,25.289000000
177.861960,25.290000000
177.865608,25.291000000
177.886466,25.292000000
177.897360,25.293000000
177.941595,25.294000000
177.943736,25.295000000
177.965573,25.296000000
177.986137,25.297000000
177.991022,25.298000000
177.993218,25.299000000
178.022301,25.300000000
178.041226,25.301000000
178.048445,25.302000000
178.056917,25.303000000
178.076613,25.304000000
178.092433,25.305000000
178.110778,25.306000000
178.112727,25.307000000
178.160019,25.308000000
178.170946,25.309000000
178.181359,25.310000000
178.183780,25.311000000
178.197489,25.312000000
178.207769,25.313000000
178.214126,25.314000000
178.225983,25.315000000
178.228679,25.316000000
178.249725,25.317000000
178.259079,25.318000000
178.282974,25.319000000
178.289052,25.320000000
178.309747,25.321000000
178.320080,25.322000000
178.321222,25.323000000
178.357074,25.324000000
178.357152,25.325000000
178.372990,25.326000000
178.385756,25.327000000
178.387770,25.328000000
178.416048,25.329000000
178.418420,25.330000000
178.428321,25.331000000
178.430234,25.332000000
178.443639,25.333000000
178.446025,25.334000000
178.458856,25.335000000
178.504972,25.336000000
178.506877,25.337000000
178.529228,25.338000000
178.530688,25.339000000
178.555253,25.340000000
178.559042,25.341000000
178.580651,25.342000000
178.587727,25.343000000
178.601948,25.344000000
178.613647,25.345000000
178.634857,25.346000000
178.641256,25.347000000
178.643234,25.348000000
178.670885,25.349000000
178.674506,25.350000000
178.697016,25.351000000
178.697415,25.352000000
178.708057,25.353000000
178.729234,25.354000000
178.732116,25.355000000
178.742362,25.356000000
178.755680,25.357000000
178.764720,25.358000000
178.773722,25.359000000
178.814212,25.360000000
178.834955,25.361000000
178.837597,25.362000000
178.856724,25.363000000
178.868813,25.364000000
178.883673,25.365000000
178.896966,25.366000000
178.905209,25.367000000
178.908224,25.368000000
178.933938,25.369000000
178.934556,25.370000000
178.959858,25.371000000
178.989376,25.372000000
178.992894,25.373000000
179.005352,25.374000000
179.017946,25.375000000
179.028016,25.376000000
179.036466,25.377000000
179.051678,25.378000000
179.061370,25.379000000
179.078362,25.380000000
179.081851,25.381000000
179.087460,25.382000000
179.118249,25.383000000
179.139908,25.384000000
179.145968,25.385000000
179.161738,25.386000000
179.183601,25.387000000
179.185714,25.388000000
179.195550,25.389000000
179.209401,25.390000000
179.224765,25.391000000
179.232706,25.392000000
179.237547,25.393000000
179.239523,25.394000000
179.258222,25.395000000
179.264530,25.396000000
179.274999,25.397000000
179.312040,25.398000000
179.321350,25.399000000
179.342423,25.400000000
179.343118,25.401000000
179.354080,25.402000000
179.363867,25.403000000
179.383723,25.404000000
179.396989,25.405000000
179.405692,25.406000000
179.407748,25.407000000
179.416805,25.408000000
179.430398,25.409000000
179.459890,25.410000000
179.473705,25.411000000
179.483904,25.412000000
179.495272,25.413000000
179.506524,25.414000000
179.520348,25.415000000
179.538883,25.416000000
179.538930,25.417000000
179.564151,25.418000000
179.564228,25.419000000
179.564257,25.420000000
179.575968,25.421000000
179.582875,25.422000000
179.597223,25.423000000
179.606124,25.424000000
179.614018,25.425000000
179.616019,25.426000000
179.622786,25.427000000
179.666302,25.428000000
179.668615,25.429000000
179.678611,25.430000000
179.681350,25.431000000
179.697678,25.432000000
179.707866,25.433000000
179.709857,25.434000000
179.734215,25.435000000
179.740134,25.436000000
179.750537,25.437000000
179.765816,25.438000000
179.768032,25.439000000
179.799233,25.440000000
179.815650,25.441000000
179.819395,25.442000000
179.834998,25.443000000
179.844887,25.444000000
179.856091,25.445000000
179.868148,25.446000000
179.881092,25.447000000
179.894233,25.448000000
179.904561,25.449000000
179.907027,25.450000000
179.927139,25.451000000
179.929314,25.452000000
179.939373,25.453000000
179.947308,25.454000000
179.957771,25.455000000
179.983219,25.456000000
179.995909,25.457000000
179.998919,25.458000000
180.016619,25.459000000
180.025912,25.460000000
180.033684,25.461000000
180.037271,25.462000000
180.063465,25.463000000
180.071281,25.464000000
180.081536,25.465000000
180.094878,25.466000000
180.137856,25.467000000
180.149366,25.468000000
180.170435,25.469000000
180.172579,25.470000000
180.185019,25.471000000
180.200989,25.472000000
180.214470,25.473000000
180.225337,25.474000000
180.239031,25.475000000
180.249641,25.476000000
180.251775,25.477000000
180.261980,25.478000000
180.277445,25.479000000
180.280838,25.480000000
180.292288,25.481000000
180.294187,25.482000000
180.314446,25.483000000
180.322494,25.484000000
180.331664,25.485000000
180.337612,25.486000000
180.368771,25.487000000
180.378267,25.488000000
180.380730,25.489000000
180.410687,25.490000000
180.416724,25.491000000
180.429663,25.492000000
180.438433,25.493000000
180.461756,25.494000000
180.473734,25.495000000
180.476819,25.496000000
180.493505,25.497000000
180.506699,25.498000000
180.510749,25.499000000
180.532791,25.500000000
180.534819,25.501000000
180.546750,25.502000000
180.558958,25.503000000
180.572469,25.504000000
180.581582,25.505000000
180.583777,25.506000000
180.602712,25.507000000
180.604805,25.508000000
180.614224,25.509000000
180.622777,25.510000000
180.624598,25.511000000
180.652066,25.512000000
180.652458,25.513000000
180.665233,25.514000000
180.675055,25.515000000
180.687011,25.516000000
180.688986,25.517000000
180.708090,25.518000000
180.750350,25.519000000
180.764565,25.520000000
180.768965,25.521000000
180.783190,25.522000000
180.800407,25.523000000
180.831983,25.524000000
180.843005,25.525000000
180.856352,25.526000000
180.856399,25.527000000
180.868701,25.528000000
180.878774,25.529000000
180.892879,25.530000000
180.900687,25.531000000
180.908631,25.532000000
180.935806,25.533000000
180.935855,25.534000000
180.945060,25.535000000
180.945105,25.536000000
180.966680,25.537000000
180.991632,25.538000000
181.014654,25.539000000
181.020520,25.540000000
181.058070,25.541000000
181.065854,25.542000000
181.072195,25.543000000
181.090299,25.544000000
181.104418,25.545000000
181.129598,25.546000000
181.135014,25.547000000
181.139319,25.548000000
181.167407,25.549000000
181.178822,25.550000000
181.202465,25.551000000
181.220671,25.552000000
181.234618,25.553000000
181.244148,25.554000000
181.253070,25.555000000
181.264623,25.556000000
181.276140,25.557000000
181.300565,25.558000000
181.307904,25.559000000
181.322343,25.560000000
181.339561,25.561000000
181.349400,25.562000000
181.349449,25.563000000
181.377307,25.564000000
181.405459,25.565000000
181.414856,25.566000000
181.436011,25.567000000
181.452212,25.568000000
181.462958,25.569000000
181.478778,25.570000000
181.490573,25.571000000
181.498406,25.572000000
181.520518,25.573000000
181.540245,25.574000000
181.553723,25.575000000
181.575940,25.576000000
181.587821,25.577000000
181.593731,25.578000000
181.622859,25.579000000
181.639860,25.580000000
181.639909,25.581000000
181.652714,25.582000000
181.664495,25.583000000
181.677721,25.584000000
181.693024,25.585000000
181.707355,25.586000000
181.707399,25.587000000
181.720676,25.588000000
181.733104,25.589000000
181.735160,25.590000000
181.745968,25.591000000
181.772016,25.592000000
181.790287,25.593000000
181.818106,25.594000000
181.818156,25.595000000
181.836401,25.596000000
181.844318,25.597000000
181.873991,25.598000000
181.884717,25.599000000
181.896160,25.600000000
181.918311,25.601000000
181.942071,25.602000000
181.942606,25.603000000
181.984194,25.604000000
181.984240,25.605000000
181.984794,25.606000000
181.993196,25.607000000
181.993765,25.608000000
182.005877,25.609000000
182.015368,25.610000000
182.028150,25.611000000
182.039647,25.612000000
182.049624,25.613000000
182.065250,25.614000000
182.088678,25.615000000
182.102236,25.616000000
182.127380,25.617000000
182.140993,25.618000000
182.156024,25.619000000
182.186233,25.620000000
182.186296,25.621000000
182.206330,25.622000000
182.206867,25.623000000
182.231153,25.624000000
182.241827,25.625000000
182.246206,25.626000000
182.268746,25.627000000
182.268821,25.628000000
182.294749,25.629000000
182.295229,25.630000000
182.305759,25.631000000
182.306299,25.632000000
182.327073,25.633000000
182.327519,25.634000000
182.341039,25.635000000
182.341127,25.636000000
182.341809,25.637000000
182.377282,25.638000000
182.377383,25.639000000
182.406539,25.640000000
182.414628,25.641000000
182.436558,25.642000000
182.436624,25.643000000
182.465935,25.644000000
182.467897,25.645000000
182.480006,25.646000000
182.480661,25.647000000
182.482931,25.648000000
182.514781,25.649000000
182.514853,25.650000000
182.520301,25.651000000
182.532377,25.652000000
182.532442,25.653000000
182.537203,25.654000000
182.552093,25.655000000
182.553223,25.656000000
182.567997,25.657000000
182.574519,25.658000000
182.599011,25.659000000
182.608447,25.660000000
182.614016,25.661000000
182.618417,25.662000000
182.630059,25.663000000
182.634441,25.664000000
182.642774,25.665000000
182.660491,25.666000000
182.665159,25.667000000
182.687556,25.668000000
182.691967,25.669000000
182.697655,25.670000000
182.710370,25.671000000
182.717463,25.672000000
182.724059,25.673000000
182.733395,25.674000000
182.737107,25.675000000
182.743562,25.676000000
182.752309,25.677000000
182.758904,25.678000000
182.765985,25.679000000
182.773386,25.680000000
182.779640,25.681000000
182.787269,25.682000000
182.793826,25.683000000
182.800896,25.684000000
182.808013,25.685000000
182.815887,25.686000000
182.824531,25.687000000
182.831144,25.688000000
182.838161,25.689000000
182.852202,25.690000000
182.858580,25.691000000
182.864373,25.692000000
182.873229,25.693000000
182.881481,25.694000000
182.890057,25.695000000
182.896902,25.696000000
182.906642,25.697000000
182.927953,25.698000000
182.933405,25.699000000
182.941495,25.700000000
182.962602,25.701000000
182.968836,25.702000000
182.974358,25.703000000
182.982975,25.704000000
182.990221,25.705000000
183.009213,25.706000000
183.028228,25.707000000
183.040557,25.708000000
183.050605,25.709000000
183.056536,25.710000000
183.062857,25.711000000
183.070031,25.712000000
183.083735,25.713000000
183.103026,25.714000000
183.125700,25.715000000
183.133720,25.716000000
183.139692,25.717000000
183.148189,25.718000000
183.155625,25.719000000
183.163445,25.720000000
183.172475,25.721000000
183.189318,25.722000000
183.198750,25.723000000
183.208925,25.724000000
183.218050,25.725000000
183.227583,25.726000000
183.237672,25.727000000
183.244926,25.728000000
183.254527,25.729000000
183.262980,25.730000000
183.270610,25.731000000
183.280188,25.732000000
183.290010,25.733000000
183.298020,25.734000000
183.331951,25.735000000
183.339901,25.736000000
183.368755,25.737000000
183.373303,25.738000000
183.380644,25.739000000
183.389028,25.740000000
183.396959,25.741000000
183.410432,25.742000000
183.425936,25.743000000
183.451277,25.744000000
183.460780,25.745000000
183.466714,25.746000000
183.476939,25.747000000
183.485091,25.748000000
183.493142,25.749000000
183.501137,25.750000000
183.533252,25.751000000
183.541034,25.752000000
183.558769,25.753000000
183.565023,25.754000000
183.571144,25.755000000
183.580632,25.756000000
183.594743,25.757000000
183.615277,25.758000000
183.618680,25.759000000
183.638863,25.760000000
183.639251,25.761000000
183.657222,25.762000000
183.659191,25.763000000
183.663013,25.764000000
183.677811,25.765000000
183.686094,25.766000000
183.701607,25.767000000
183.713490,25.768000000
183.715686,25.769000000
183.725469,25.770000000
183.727614,25.771000000
183.759733,25.772000000
183.768140,25.773000000
183.785576,25.774000000
183.804652,25.775000000
183.806522,25.776000000
183.819215,25.777000000
183.832797,25.778000000
183.845067,25.779000000
183.850505,25.780000000
183.877594,25.781000000
183.885672,25.782000000
183.892165,25.783000000
183.903762,25.784000000
183.909439,25.785000000
183.925477,25.786000000
183.960732,25.787000000
183.976229,25.788000000
183.987244,25.789000000
183.996728,25.790000000
184.008101,25.791000000
184.018836,25.792000000
184.029637,25.793000000
184.039812,25.794000000
184.053057,25.795000000
184.065871,25.796000000
184.072871,25.797000000
184.075057,25.798000000
184.084725,25.799000000
184.096079,25.800000000
184.101048,25.801000000
184.107486,25.802000000
184.127095,25.803000000
184.137751,25.804000000
184.148837,25.805000000
184.151021,25.806000000
184.158659,25.807000000
184.172035,25.808000000
184.174058,25.809000000
184.181667,25.810000000
184.189407,25.811000000
184.225679,25.812000000
184.232802,25.813000000
184.240973,25.814000000
184.253607,25.815000000
184.262377,25.816000000
184.269730,25.817000000
184.278796,25.818000000
184.284168,25.819000000
184.292348,25.820000000
184.301119,25.821000000
184.312885,25.822000000
184.314992,25.823000000
184.328471,25.824000000
184.338172,25.825000000
184.340139,25.826000000
184.348411,25.827000000
184.357734,25.828000000
184.369632,25.829000000
184.371714,25.830000000
184.377316,25.831000000
184.384947,25.832000000
184.396914,25.833000000
184.398890,25.834000000
184.405124,25.835000000
184.417019,25.836000000
184.422439,25.837000000
184.429952,25.838000000
184.438122,25.839000000
184.443797,25.840000000
184.453713,25.841000000
184.469107,25.842000000
184.476835,25.843000000
184.484236,25.844000000
184.492574,25.845000000
184.500225,25.846000000
184.506086,25.847000000
184.513359,25.848000000
184.522748,25.849000000
184.537536,25.850000000
184.548790,25.851000000
184.558211,25.852000000
184.569703,25.853000000
184.588573,25.854000000
184.601120,25.855000000
184.603326,25.856000000
184.613442,25.857000000
184.621673,25.858000000
184.637084,25.859000000
184.639281,25.860000000
184.652544,25.861000000
184.660940,25.862000000
184.663126,25.863000000
184.671209,25.864000000
184.680766,25.865000000
184.691045,25.866000000
184.692730,25.867000000
184.708157,25.868000000
184.710312,25.869000000
184.720661,25.870000000
184.730117,25.871000000
184.732320,25.872000000
184.741806,25.873000000
184.748222,25.874000000
184.761750,25.875000000
184.763923,25.876000000
184.773537,25.877000000
184.789116,25.878000000
184.797238,25.879000000
184.812057,25.880000000
184.824872,25.881000000
184.837538,25.882000000
184.847450,25.883000000
184.859759,25.884000000
184.873910,25.885000000
184.880759,25.886000000
184.883051,25.887000000
184.888949,25.888000000
184.891796,25.889000000
184.908259,25.890000000
184.926190,25.891000000
184.928351,25.892000000
184.930860,25.893000000
184.943697,25.894000000
184.945719,25.895000000
184.953936,25.896000000
184.963755,25.897000000
184.969796,25.898000000
184.978144,25.899000000
184.997557,25.900000000
184.998028,25.901000000
185.005671,25.902000000
185.005736,25.903000000
185.020483,25.904000000
185.025906,25.905000000
185.027827,25.906000000
185.039454,25.907000000
185.039516,25.908000000
185.039584,25.909000000
185.050528,25.910000000
185.051211,25.911000000
185.086285,25.912000000
185.086347,25.913000000
185.086387,25.914000000
185.108768,25.915000000
185.108831,25.916000000
185.108872,25.917000000
185.108910,25.918000000
185.109445,25.919000000
185.118989,25.920000000
185.133277,25.921000000
185.151644,25.922000000
185.158936,25.923000000
185.190646,25.924000000
185.198045,25.925000000
185.211588,25.926000000
185.224718,25.927000000
185.236909,25.928000000
185.249079,25.929000000
185.270760,25.930000000
185.285003,25.931000000
185.316967,25.932000000
185.340509,25.933000000
185.348674,25.934000000
185.360659,25.935000000
185.386603,25.936000000
185.398777,25.937000000
185.407486,25.938000000
185.414582,25.939000000
185.432720,25.940000000
185.442208,25.941000000
185.448247,25.942000000
185.481645,25.943000000
185.489467,25.944000000
185.511149,25.945000000
185.518322,25.946000000
185.524182,25.947000000
185.563007,25.948000000
185.572134,25.949000000
185.589719,25.950000000
185.601572,25.951000000
185.614531,25.952000000
185.633506,25.953000000
185.643548,25.954000000
185.654198,25.955000000
185.662176,25.956000000
185.672401,25.957000000
185.711083,25.958000000
185.717866,25.959000000
185.744328,25.960000000
185.758544,25.961000000
185.770725,25.962000000
185.786455,25.963000000
185.795146,25.964000000
185.845291,25.965000000
185.856918,25.966000000
185.871994,25.967000000
185.888810,25.968000000
185.890636,25.969000000
185.898205,25.970000000
185.904086,25.971000000
185.943106,25.972000000
185.943926,25.973000000
185.959563,25.974000000
185.971446,25.975000000
185.989586,25.976000000
185.999662,25.977000000
186.012778,25.978000000
186.021012,25.979000000
186.051885,25.980000000
186.077233,25.981000000
186.089979,25.982000000
186.098581,25.983000000
186.104474,25.984000000
186.109214,25.985000000
186.121131,25.986000000
186.121414,25.987000000
186.153219,25.988000000
186.184835,25.989000000
186.194598,25.990000000
186.209000,25.991000000
186.209051,25.992000000
186.216795,25.993000000
186.217084,25.994000000
186.225725,25.995000000
186.244528,25.996000000
186.253977,25.997000000
186.280756,25.998000000
186.281541,25.999000000
186.291634,26.000000000
186.293808,26.001000000
186.301501,26.002000000
186.314162,26.003000000
186.315523,26.004000000
186.327529,26.005000000
186.335485,26.006000000
186.341453,26.007000000
186.351228,26.008000000
186.353096,26.009000000
186.370978,26.010000000
186.376696,26.011000000
186.387494,26.012000000
186.393492,26.013000000
186.400764,26.014000000
186.411556,26.015000000
186.417053,26.016000000
186.436436,26.017000000
186.436486,26.019000000
186.444850,26.020000000
186.444904,26.022000000
186.448428,26.023000000
186.466382,26.024000000
186.476841,26.025000000
186.491283,26.026000000
186.502383,26.027000000
186.513764,26.028000000
186.539672,26.029000000
186.558569,26.030000000
186.575327,26.031000000
186.583641,26.032000000
186.593543,26.033000000
186.608842,26.034000000
186.618663,26.035000000
186.632458,26.036000000
186.640727,26.037000000
186.650813,26.038000000
186.673801,26.039000000
186.699152,26.040000000
186.711785,26.041000000
186.727350,26.042000000
186.740990,26.043000000
186.754399,26.044000000
186.767747,26.045000000
186.800070,26.046000000
186.817645,26.047000000
186.833957,26.048000000
186.859042,26.049000000
186.875638,26.050000000
186.905414,26.051000000
186.911794,26.052000000
186.927112,26.053000000
186.933273,26.054000000
186.962215,26.055000000
186.979214,26.056000000
186.987247,26.057000000
187.005424,26.058000000
187.033758,26.059000000
187.042433,26.060000000
187.046257,26.061000000
187.063407,26.062000000
187.082437,26.063000000
187.112562,26.064000000
187.120139,26.065000000
187.127302,26.066000000
187.138593,26.067000000
187.153302,26.068000000
187.166028,26.069000000
187.189665,26.070000000
187.198146,26.071000000
187.217426,26.072000000
187.226526,26.073000000
187.240974,26.074000000
187.253739,26.075000000
187.262118,26.076000000
187.282891,26.077000000
187.336414,26.078000000
187.344560,26.079000000
187.362732,26.080000000
187.374502,26.081000000
187.384561,26.082000000
187.412635,26.083000000
187.417455,26.084000000
187.422889,26.085000000
187.434780,26.086000000
187.443058,26.087000000
187.463196,26.088000000
187.470175,26.089000000
187.492936,26.090000000
187.500669,26.091000000
187.517984,26.092000000
187.524434,26.093000000
187.550334,26.094000000
187.558328,26.095000000
187.562117,26.096000000
187.568900,26.097000000
187.572255,26.098000000
187.574925,26.099000000
187.580339,26.100000000
187.583373,26.101000000
187.604310,26.102000000
187.619358,26.103000000
187.639110,26.104000000
187.647168,26.105000000
187.659164,26.106000000
187.667164,26.107000000
187.680614,26.108000000
187.696557,26.109000000
187.698873,26.110000000
187.710984,26.111000000
187.716670,26.112000000
187.745465,26.113000000
187.749120,26.114000000
187.751951,26.115000000
187.754594,26.116000000
187.780985,26.117000000
187.797343,26.118000000
187.805453,26.119000000
187.825137,26.120000000
187.828640,26.121000000
187.843078,26.122000000
187.868866,26.123000000
187.868928,26.124000000
187.868970,26.125000000
187.893947,26.126000000
187.894011,26.127000000
187.917957,26.128000000
187.938365,26.129000000
187.938427,26.130000000
187.941697,26.131000000
187.950894,26.132000000
187.960673,26.133000000
187.973783,26.134000000
187.979447,26.135000000
187.992888,26.136000000
188.002180,26.137000000
188.003105,26.138000000
188.013338,26.139000000
188.025882,26.140000000
188.035510,26.141000000
188.048489,26.142000000
188.049054,26.143000000
188.055474,26.144000000
188.064007,26.145000000
188.070001,26.146000000
188.082481,26.147000000
188.090922,26.148000000
188.110684,26.149000000
188.121747,26.150000000
188.135912,26.151000000
188.152139,26.152000000
188.159390,26.153000000
188.171966,26.154000000
188.182683,26.155000000
188.195776,26.156000000
188.208521,26.157000000
188.217948,26.158000000
188.230260,26.159000000
188.240564,26.160000000
188.248951,26.161000000
188.266561,26.162000000
188.277447,26.163000000
188.287291,26.164000000
188.305165,26.165000000
188.313807,26.166000000
188.320256,26.167000000
188.328271,26.168000000
188.335897,26.169000000
188.344806,26.170000000
188.351709,26.171000000
188.363720,26.172000000
188.372181,26.173000000
188.383777,26.174000000
188.394545,26.175000000
188.402111,26.176000000
188.411729,26.177000000
188.418376,26.178000000
188.427555,26.179000000
188.436366,26.180000000
188.446708,26.181000000
188.457804,26.182000000
188.461856,26.183000000
188.470468,26.184000000
188.499714,26.185000000
188.506247,26.186000000
188.519002,26.187000000
188.532445,26.188000000
188.547593,26.189000000
188.584150,26.190000000
188.590540,26.191000000
188.608980,26.192000000
188.611912,26.193000000
188.623035,26.194000000
188.639347,26.195000000
188.654744,26.196000000
188.663150,26.197000000
188.673441,26.198000000
188.682252,26.199000000
188.710716,26.200000000
188.729083,26.201000000
188.741360,26.202000000
188.761832,26.203000000
188.792084,26.204000000
188.801253,26.205000000
188.814859,26.206000000
188.832639,26.207000000
188.844167,26.208000000
188.850332,26.209000000
188.873956,26.210000000
188.888570,26.211000000
188.898782,26.212000000
188.907357,26.213000000
188.922656,26.214000000
188.965993,26.215000000
188.977055,26.216000000
188.987467,26.217000000
189.004159,26.218000000
189.016237,26.219000000
189.034095,26.220000000
189.045410,26.221000000
189.059213,26.222000000
189.067705,26.223000000
189.108322,26.224000000
189.115882,26.225000000
189.136884,26.226000000
189.157458,26.227000000
189.164829,26.228000000
189.192553,26.229000000
189.206208,26.230000000
189.210317,26.231000000
189.221864,26.232000000
189.244742,26.233000000
189.258291,26.234000000
189.260403,26.235000000
189.277650,26.236000000
189.287697,26.237000000
189.312720,26.238000000
189.326463,26.239000000
189.334470,26.240000000
189.347088,26.241000000
189.360239,26.242000000
189.384747,26.243000000
189.397064,26.244000000
189.414064,26.245000000
189.433426,26.246000000
189.440872,26.247000000
189.447119,26.248000000
189.467958,26.249000000
189.475954,26.250000000
189.479654,26.251000000
189.506111,26.252000000
189.515745,26.253000000
189.531152,26.254000000
189.537927,26.255000000
189.544571,26.256000000
189.548906,26.257000000
189.570685,26.258000000
189.579530,26.259000000
189.590277,26.260000000
189.611099,26.261000000
189.614441,26.262000000
189.644357,26.263000000
189.659096,26.264000000
189.676399,26.265000000
189.692472,26.266000000
189.698587,26.267000000
189.737488,26.268000000
189.750346,26.269000000
189.759259,26.270000000
189.769195,26.271000000
189.775360,26.272000000
189.792189,26.273000000
189.797261,26.274000000
189.804767,26.275000000
189.811380,26.276000000
189.833939,26.277000000
189.841275,26.278000000
189.854745,26.279000000
189.860604,26.280000000
189.866836,26.281000000
189.893105,26.282000000
189.898583,26.283000000
189.914583,26.284000000
189.937563,26.285000000
189.956263,26.286000000
189.963119,26.287000000
189.976475,26.288000000
189.987671,26.289000000
189.999730,26.290000000
190.016985,26.291000000
190.033914,26.292000000
190.039063,26.293000000
190.054964,26.294000000
190.059134,26.295000000
190.087398,26.296000000
190.090068,26.297000000
190.103524,26.298000000
190.113192,26.299000000
190.136636,26.300000000
190.142668,26.301000000
190.161673,26.302000000
190.167227,26.303000000
190.183617,26.304000000
190.196294,26.305000000
190.214562,26.306000000
190.230078,26.307000000
190.235578,26.308000000
190.243076,26.309000000
190.276186,26.310000000
190.297368,26.311000000
190.299575,26.312000000
190.315060,26.313000000
190.326412,26.314000000
190.346353,26.315000000
190.360043,26.316000000
190.364285,26.317000000
190.372639,26.318000000
190.380590,26.319000000
190.393327,26.320000000
190.401187,26.321000000
190.408947,26.322000000
190.448657,26.323000000
190.458874,26.324000000
190.464214,26.325000000
190.482050,26.326000000
190.487838,26.327000000
190.511712,26.328000000
190.519471,26.329000000
190.536720,26.330000000
190.562716,26.331000000
190.575977,26.332000000
190.586647,26.333000000
190.600617,26.334000000
190.616741,26.335000000
190.624653,26.336000000
190.636921,26.337000000
190.646973,26.338000000
190.659399,26.339000000
190.669282,26.340000000
190.680461,26.341000000
190.686525,26.342000000
190.705342,26.343000000
190.709235,26.344000000
190.735439,26.345000000
190.744963,26.346000000
190.746687,26.347000000
190.756763,26.348000000
190.767108,26.349000000
190.773309,26.350000000
190.783087,26.351000000
190.812464,26.352000000
190.818773,26.353000000
190.826367,26.354000000
190.837706,26.355000000
190.842709,26.356000000
190.872777,26.357000000
190.886568,26.358000000
190.898237,26.359000000
190.910239,26.360000000
190.928760,26.361000000
190.934645,26.362000000
190.955148,26.363000000
190.963776,26.364000000
190.968318,26.365000000
190.976104,26.366000000
190.981790,26.367000000
190.997938,26.368000000
191.004436,26.369000000
191.010229,26.370000000
191.019217,26.371000000
191.048922,26.372000000
191.065466,26.373000000
191.073817,26.374000000
191.081030,26.375000000
191.117206,26.376000000
191.123174,26.377000000
191.141082,26.378000000
191.145703,26.379000000
191.174952,26.380000000
191.196896,26.381000000
191.207752,26.382000000
191.220499,26.383000000
191.229040,26.384000000
191.248272,26.385000000
191.260610,26.386000000
191.271090,26.387000000
191.281489,26.388000000
191.287918,26.389000000
191.297144,26.390000000
191.316263,26.391000000
191.318663,26.392000000
191.324045,26.393000000
191.331775,26.394000000
191.354455,26.395000000
191.365033,26.396000000
191.367543,26.397000000
191.392377,26.398000000
191.396818,26.399000000
191.402566,26.400000000
191.444016,26.401000000
191.456257,26.402000000
191.470783,26.403000000
191.480162,26.404000000
191.487976,26.405000000
191.518955,26.406000000
191.531538,26.407000000
191.544327,26.408000000
191.558343,26.409000000
191.570504,26.410000000
191.577728,26.411000000
191.589093,26.412000000
191.605467,26.413000000
191.615136,26.414000000
191.622692,26.415000000
191.628070,26.416000000
191.649001,26.417000000
191.656072,26.418000000
191.664340,26.419000000
191.690368,26.420000000
191.693614,26.421000000
191.701901,26.422000000
191.708127,26.423000000
191.722996,26.424000000
191.728643,26.425000000
191.755769,26.426000000
191.760447,26.427000000
191.768428,26.428000000
191.783938,26.429000000
191.829111,26.430000000
191.840937,26.431000000
191.862865,26.432000000
191.873029,26.433000000
191.885563,26.434000000
191.900607,26.435000000
191.913324,26.436000000
191.921898,26.437000000
191.932797,26.438000000
191.941224,26.439000000
191.947186,26.440000000
191.960270,26.441000000
191.967956,26.442000000
191.979530,26.443000000
191.984220,26.444000000
192.010104,26.445000000
192.012372,26.446000000
192.027934,26.447000000
192.034834,26.448000000
192.042420,26.449000000
192.060683,26.450000000
192.076769,26.451000000
192.087156,26.452000000
192.101318,26.453000000
192.108497,26.454000000
192.139546,26.455000000
192.161015,26.456000000
192.175881,26.457000000
192.192523,26.458000000
192.208117,26.459000000
192.226337,26.460000000
192.236821,26.461000000
192.251921,26.462000000
192.261791,26.463000000
192.269597,26.464000000
192.276075,26.465000000
192.291580,26.466000000
192.297739,26.467000000
192.305447,26.468000000
192.311703,26.469000000
192.332634,26.470000000
192.339736,26.471000000
192.344269,26.472000000
192.353775,26.473000000
192.363295,26.474000000
192.373164,26.475000000
192.378198,26.476000000
192.392261,26.477000000
192.409876,26.478000000
192.412825,26.479000000
192.423948,26.480000000
192.431272,26.481000000
192.441463,26.482000000
192.490866,26.483000000
192.502244,26.484000000
192.511089,26.485000000
192.531914,26.486000000
192.540832,26.487000000
192.553743,26.488000000
192.571529,26.489000000
192.596273,26.490000000
192.599965,26.491000000
192.608744,26.492000000
192.623898,26.493000000
192.636556,26.494000000
192.658086,26.495000000
192.664264,26.496000000
192.671027,26.497000000
192.697689,26.498000000
192.704196,26.499000000
192.709010,26.500000000
192.730060,26.501000000
192.734874,26.502000000
192.741330,26.503000000
192.757404,26.504000000
192.764368,26.505000000
192.800074,26.506000000
192.808154,26.507000000
192.821509,26.508000000
192.834306,26.509000000
192.855903,26.510000000
192.868332,26.511000000
192.886763,26.512000000
192.894298,26.513000000
192.902403,26.514000000
192.919152,26.515000000
192.928009,26.516000000
192.932361,26.517000000
192.938705,26.518000000
192.964104,26.519000000
192.968107,26.520000000
192.975765,26.521000000
192.987623,26.522000000
192.995500,26.523000000
193.024836,26.524000000
193.028778,26.525000000
193.042521,26.526000000
193.051220,26.527000000
193.057203,26.528000000
193.068425,26.529000000
193.095292,26.530000000
193.109021,26.531000000
193.123041,26.532000000
193.137083,26.533000000
193.143852,26.534000000
193.164631,26.535000000
193.180620,26.536000000
193.200837,26.537000000
193.214143,26.538000000
193.218464,26.539000000
193.235037,26.540000000
193.261237,26.541000000
193.270721,26.542000000
193.278773,26.543000000
193.283157,26.544000000
193.292101,26.545000000
193.303623,26.546000000
193.303691,26.547000000
193.303738,26.548000000
193.327195,26.549000000
193.351937,26.550000000
193.354840,26.551000000
193.366328,26.552000000
193.372035,26.553000000
193.394089,26.554000000
193.394169,26.555000000
193.395545,26.556000000
193.405869,26.557000000
193.422911,26.558000000
193.422971,26.559000000
193.423011,26.560000000
193.428514,26.561000000
193.443625,26.562000000
193.443682,26.563000000
193.446383,26.564000000
193.463158,26.565000000
193.463219,26.566000000
193.463643,26.567000000
193.473734,26.568000000
193.486662,26.569000000
193.486721,26.570000000
193.493475,26.571000000
193.501932,26.572000000
193.508523,26.573000000
193.529273,26.574000000
193.543423,26.575000000
193.549670,26.576000000
193.575786,26.577000000
193.584303,26.578000000
193.599193,26.579000000
193.618235,26.580000000
193.623549,26.581000000
193.633226,26.582000000
193.654969,26.583000000
193.664561,26.584000000
193.681877,26.585000000
193.686074,26.586000000
193.694587,26.587000000
193.723362,26.588000000
193.730400,26.589000000
193.738622,26.590000000
193.748348,26.591000000
193.757029,26.592000000
193.764575,26.593000000
193.778250,26.594000000
193.788072,26.595000000
193.796583,26.596000000
193.805718,26.597000000
193.818177,26.598000000
193.828696,26.599000000
193.838912,26.600000000
193.847343,26.601000000
193.869961,26.602000000
193.880011,26.603000000
193.896045,26.604000000
193.898913,26.605000000
193.932342,26.606000000
193.932407,26.607000000
193.932447,26.608000000
193.932485,26.609000000
193.932521,26.610000000
193.932593,26.611000000
193.932631,26.612000000
193.932667,26.613000000
193.933351,26.614000000
193.949537,26.615000000
193.951602,26.616000000
193.964788,26.617000000
193.972398,26.618000000
193.990978,26.619000000
193.991043,26.620000000
194.000508,26.621000000
194.016623,26.622000000
194.018842,26.623000000
194.058376,26.624000000
194.069365,26.625000000
194.069442,26.626000000
194.085317,26.627000000
194.085379,26.628000000
194.090588,26.629000000
194.091058,26.630000000
194.102881,26.631000000
194.102951,26.632000000
194.114150,26.633000000
194.116995,26.634000000
194.127971,26.635000000
194.128015,26.636000000
194.141282,26.637000000
194.152838,26.638000000
194.160676,26.639000000
194.167990,26.640000000
194.186560,26.641000000
194.195360,26.642000000
194.201147,26.643000000
194.220864,26.644000000
194.229268,26.645000000
194.240475,26.646000000
194.250505,26.647000000
194.257829,26.648000000
194.277994,26.649000000
194.283076,26.650000000
194.286445,26.651000000
194.299915,26.652000000
194.305214,26.653000000
194.328836,26.654000000
194.337271,26.655000000
194.347172,26.656000000
194.354299,26.657000000
194.362727,26.658000000
194.372453,26.659000000
194.385572,26.660000000
194.392504,26.661000000
194.398578,26.662000000
194.413876,26.663000000
194.413919,26.664000000
194.421352,26.665000000
194.439988,26.666000000
194.463157,26.667000000
194.479530,26.668000000
194.483800,26.669000000
194.513496,26.670000000
194.517813,26.671000000
194.529558,26.672000000
194.529637,26.673000000
194.529682,26.674000000
194.529723,26.675000000
194.529762,26.676000000
194.531640,26.677000000
194.531696,26.678000000
194.531737,26.679000000
194.537958,26.680000000
194.538180,26.681000000
194.538226,26.682000000
194.550632,26.683000000
194.550695,26.684000000
194.550735,26.685000000
194.550773,26.686000000
194.554730,26.687000000
194.556594,26.688000000
194.565240,26.689000000
194.565295,26.690000000
194.566449,26.691000000
194.584413,26.692000000
194.592299,26.693000000
194.600576,26.694000000
194.607665,26.695000000
194.611367,26.696000000
194.619283,26.697000000
194.625352,26.698000000
194.641488,26.699000000
194.661269,26.700000000
194.666555,26.701000000
194.701272,26.702000000
194.711411,26.703000000
194.727260,26.704000000
194.727306,26.705000000
194.745004,26.706000000
194.745050,26.707000000
194.768605,26.708000000
194.768656,26.709000000
194.776283,26.710000000
194.776354,26.711000000
194.807200,26.712000000
194.807247,26.713000000
194.811530,26.714000000
194.840553,26.715000000
194.840605,26.717000000
194.852674,26.718000000
194.852731,26.721000000
194.860788,26.722000000
194.860832,26.724000000
194.884644,26.725000000
194.884694,26.727000000
194.886941,26.728000000
194.895980,26.729000000
194.912508,26.730000000
194.912559,26.732000000
194.936491,26.733000000
194.936550,26.735000000
194.938437,26.736000000
194.954734,26.737000000
194.954839,26.739000000
194.967632,26.740000000
194.968549,26.741000000
194.977717,26.742000000
194.978568,26.743000000
194.986074,26.744000000
195.009527,26.745000000
195.016163,26.746000000
195.028862,26.747000000
195.032718,26.748000000
195.062904,26.749000000
195.080827,26.750000000
195.083143,26.751000000
195.086930,26.752000000
195.098592,26.753000000
195.102424,26.754000000
195.111766,26.755000000
195.117908,26.756000000
195.124317,26.757000000
195.136607,26.758000000
195.165887,26.759000000
195.167873,26.760000000
195.167916,26.761000000
195.178536,26.762000000
195.183443,26.763000000
195.198267,26.764000000
195.222631,26.765000000
195.222681,26.767000000
195.229757,26.768000000
195.229806,26.769000000
195.239733,26.770000000
195.239782,26.771000000
195.243253,26.772000000
195.254672,26.773000000
195.281024,26.774000000
195.283468,26.775000000
195.286645,26.776000000
195.300341,26.777000000
195.310324,26.778000000
195.312672,26.779000000
195.321817,26.780000000
195.358599,26.781000000
195.363855,26.782000000
195.390649,26.783000000
195.396688,26.784000000
195.447017,26.785000000
195.450952,26.786000000
195.459232,26.787000000
195.476390,26.788000000
195.481184,26.789000000
195.488825,26.790000000
195.501780,26.791000000
195.513001,26.792000000
195.525520,26.793000000
195.551913,26.794000000
195.563196,26.795000000
195.580727,26.796000000
195.585376,26.797000000
195.593577,26.798000000
195.599535,26.799000000
195.604043,26.800000000
195.609325,26.801000000
195.613442,26.802000000
195.614224,26.803000000
195.636693,26.804000000
195.636747,26.805000000
195.636776,26.806000000
195.647366,26.807000000
195.655978,26.808000000
195.656069,26.809000000
195.669862,26.810000000
195.673813,26.811000000
195.692525,26.812000000
195.694350,26.813000000
195.699848,26.814000000
195.716226,26.815000000
195.716276,26.816000000
195.722859,26.817000000
195.752149,26.818000000
195.752194,26.819000000
195.766968,26.820000000
195.774995,26.821000000
195.782598,26.822000000
195.800715,26.823000000
195.800764,26.824000000
195.807935,26.825000000
195.822715,26.826000000
195.834640,26.827000000
195.842373,26.828000000
195.855779,26.829000000
195.867986,26.830000000
195.882207,26.831000000
195.882255,26.832000000
195.884119,26.833000000
195.887205,26.834000000
195.889432,26.835000000
195.891630,26.836000000
195.900862,26.837000000
195.910011,26.838000000
195.910055,26.839000000
195.928548,26.840000000
195.928590,26.842000000
195.948549,26.843000000
195.956883,26.844000000
195.959761,26.845000000
195.978908,26.846000000
195.978957,26.847000000
195.995463,26.848000000
195.995506,26.850000000
196.021031,26.851000000
196.021105,26.853000000
196.026174,26.854000000
196.031357,26.855000000
196.044459,26.856000000
196.044503,26.857000000
196.057177,26.858000000
196.062537,26.859000000
196.064464,26.860000000
196.072868,26.861000000
196.086179,26.862000000
196.086250,26.863000000
196.109648,26.864000000
196.120096,26.865000000
196.120905,26.866000000
196.128568,26.867000000
196.142241,26.868000000
196.142285,26.869000000
196.151491,26.870000000
196.151531,26.871000000
196.189229,26.872000000
196.189306,26.873000000
196.209508,26.874000000
196.209551,26.876000000
196.221067,26.877000000
196.233289,26.878000000
196.245005,26.879000000
196.256660,26.880000000
196.260364,26.881000000
196.273734,26.882000000
196.288814,26.883000000
196.302268,26.884000000
196.316428,26.885000000
196.323956,26.886000000
196.342167,26.887000000
196.342212,26.889000000
196.343043,26.890000000
196.349530,26.891000000
196.349588,26.892000000
196.387656,26.893000000
196.387701,26.897000000
196.400253,26.898000000
196.414261,26.899000000
196.425916,26.900000000
196.449634,26.901000000
196.451565,26.902000000
196.462250,26.903000000
196.496692,26.904000000
196.498707,26.905000000
196.516413,26.906000000
196.518360,26.907000000
196.528224,26.908000000
196.528274,26.909000000
196.534222,26.910000000
196.540442,26.911000000
196.550673,26.912000000
196.552572,26.913000000
196.561565,26.914000000
196.598231,26.915000000
196.602773,26.916000000
196.608134,26.917000000
196.610100,26.918000000
196.617264,26.919000000
196.626021,26.920000000
196.632075,26.921000000
196.636037,26.922000000
196.643380,26.923000000
196.653898,26.924000000
196.655759,26.925000000
196.664683,26.926000000
196.677348,26.927000000
196.679237,26.928000000
196.687562,26.929000000
196.696292,26.930000000
196.708647,26.931000000
196.710375,26.932000000
196.722581,26.933000000
196.724836,26.934000000
196.744510,26.935000000
196.754915,26.936000000
196.764737,26.937000000
196.783841,26.938000000
196.795054,26.939000000
196.833404,26.940000000
196.856853,26.941000000
196.867709,26.942000000
196.871668,26.943000000
196.880027,26.944000000
196.881742,26.945000000
196.887686,26.946000000
196.895821,26.947000000
196.923732,26.948000000
196.929357,26.949000000
196.952659,26.950000000
196.959414,26.951000000
196.969026,26.952000000
196.970581,26.953000000
196.979381,26.954000000
196.999167,26.955000000
197.016877,26.956000000
197.026985,26.957000000
197.027570,26.958000000
197.031905,26.959000000
197.041769,26.960000000
197.052585,26.961000000
197.054539,26.962000000
197.066733,26.963000000
197.072595,26.964000000
197.084222,26.965000000
197.086145,26.966000000
197.104921,26.967000000
197.125098,26.968000000
197.131347,26.969000000
197.142855,26.970000000
197.154052,26.971000000
197.168632,26.972000000
197.183048,26.973000000
197.184781,26.974000000
197.200957,26.975000000
197.202855,26.976000000
197.218532,26.977000000
197.244682,26.978000000
197.252835,26.979000000
197.254778,26.980000000
197.261289,26.981000000
197.287158,26.982000000
197.295470,26.983000000
197.297540,26.984000000
197.303149,26.985000000
197.311268,26.986000000
197.349526,26.987000000
197.372691,26.988000000
197.374767,26.989000000
197.381953,26.990000000
197.388148,26.991000000
197.401259,26.992000000
197.403110,26.993000000
197.430773,26.994000000
197.431211,26.995000000
197.436047,26.996000000
197.443609,26.997000000
197.465631,26.998000000
197.470857,26.999000000
197.482435,27.000000000
197.497243,27.001000000
197.499186,27.002000000
197.509077,27.003000000
197.520862,27.004000000
197.539105,27.005000000
197.567049,27.006000000
197.575569,27.007000000
197.593083,27.008000000
197.595054,27.009000000
197.616036,27.010000000
197.618068,27.011000000
197.633605,27.012000000
197.645835,27.013000000
197.656662,27.014000000
197.668406,27.015000000
197.670348,27.016000000
197.680561,27.017000000
197.698098,27.018000000
197.699190,27.019000000
197.745081,27.020000000
197.745129,27.021000000
197.752939,27.022000000
197.783833,27.023000000
197.783894,27.026000000
197.798986,27.027000000
197.802380,27.028000000
197.827547,27.029000000
197.827624,27.034000000
197.842177,27.035000000
197.853225,27.036000000
197.861259,27.037000000
197.861298,27.038000000
197.884420,27.039000000
197.909206,27.040000000
197.909252,27.041000000
197.924739,27.042000000
197.924781,27.043000000
197.941264,27.044000000
197.941317,27.046000000
197.962962,27.047000000
197.976613,27.048000000
197.996165,27.049000000
197.996211,27.050000000
197.999689,27.051000000
198.017806,27.052000000
198.017848,27.054000000
198.032015,27.055000000
198.043305,27.056000000
198.067225,27.057000000
198.069280,27.058000000
198.071105,27.059000000
198.073045,27.060000000
198.074976,27.061000000
198.078218,27.062000000
198.080086,27.063000000
198.106946,27.064000000
198.107668,27.065000000
198.117711,27.066000000
198.140662,27.067000000
198.144366,27.068000000
198.148526,27.069000000
198.151116,27.070000000
198.158777,27.071000000
198.171460,27.072000000
198.174977,27.073000000
198.191646,27.074000000
198.201309,27.075000000
198.203821,27.076000000
198.209123,27.077000000
198.212658,27.078000000
198.217192,27.079000000
198.233694,27.080000000
198.239814,27.081000000
198.254003,27.082000000
198.262472,27.083000000
198.274026,27.084000000
198.287150,27.085000000
198.292799,27.086000000
198.306635,27.087000000
198.311187,27.088000000
198.330036,27.089000000
198.340271,27.090000000
198.357132,27.091000000
198.374707,27.092000000
198.384016,27.093000000
198.406723,27.094000000
198.414538,27.095000000
198.423738,27.096000000
198.427539,27.097000000
198.445512,27.098000000
198.450563,27.099000000
198.460727,27.100000000
198.483046,27.101000000
198.492515,27.102000000
198.506867,27.103000000
198.512826,27.104000000
198.532042,27.105000000
198.538746,27.106000000
198.559483,27.107000000
198.566189,27.108000000
198.580536,27.109000000
198.588180,27.110000000
198.596628,27.111000000
198.607447,27.112000000
198.617942,27.113000000
198.623133,27.114000000
198.639984,27.115000000
198.644872,27.116000000
198.674784,27.117000000
198.681329,27.118000000
198.704940,27.119000000
198.716541,27.120000000
198.724217,27.121000000
198.750422,27.122000000
198.754853,27.123000000
198.766217,27.124000000
198.769780,27.125000000
198.790422,27.126000000
198.797512,27.127000000
198.804727,27.128000000
198.810308,27.129000000
198.817039,27.130000000
198.823914,27.131000000
198.831591,27.132000000
198.835373,27.133000000
198.841415,27.134000000
198.848742,27.135000000
198.853834,27.136000000
198.860437,27.137000000
198.867820,27.138000000
198.874683,27.139000000
198.878234,27.140000000
198.881853,27.141000000
198.912558,27.142000000
198.923218,27.143000000
198.933608,27.144000000
198.939439,27.145000000
198.948444,27.146000000
198.962250,27.147000000
198.987398,27.148000000
199.002225,27.149000000
199.018534,27.150000000
199.027258,27.151000000
199.034783,27.152000000
199.048696,27.153000000
199.060884,27.154000000
199.066797,27.155000000
199.076014,27.156000000
199.093562,27.157000000
199.100185,27.158000000
199.126620,27.159000000
199.129361,27.160000000
199.145351,27.161000000
199.159364,27.162000000
199.159479,27.163000000
199.192167,27.164000000
199.199347,27.165000000
199.226862,27.166000000
199.232167,27.167000000
199.239020,27.168000000
199.255179,27.169000000
199.270984,27.170000000
199.279827,27.171000000
199.285821,27.172000000
199.311023,27.173000000
199.319660,27.174000000
199.324250,27.175000000
199.340966,27.176000000
199.346741,27.177000000
199.355660,27.178000000
199.366457,27.179000000
199.369804,27.180000000
199.388787,27.181000000
199.407881,27.182000000
199.411961,27.183000000
199.418723,27.184000000
199.428894,27.185000000
199.435908,27.186000000
199.441987,27.187000000
199.461961,27.188000000
199.464672,27.189000000
199.485228,27.190000000
199.507340,27.191000000
199.521310,27.192000000
199.535717,27.193000000
199.547003,27.194000000
199.550860,27.195000000
199.573140,27.196000000
199.586210,27.197000000
199.611192,27.198000000
199.630470,27.199000000
199.646461,27.200000000
199.653915,27.201000000
199.665196,27.202000000
199.683681,27.203000000
199.686621,27.204000000
199.693033,27.205000000
199.702214,27.206000000
199.711146,27.207000000
199.720943,27.208000000
199.735229,27.209000000
199.748585,27.210000000
199.753752,27.211000000
199.765149,27.212000000
199.786694,27.213000000
199.801263,27.214000000
199.812011,27.215000000
199.815741,27.216000000
199.818481,27.217000000
199.826506,27.218000000
199.829214,27.219000000
199.832605,27.220000000
199.842098,27.221000000
199.858807,27.222000000
199.861424,27.223000000
199.863732,27.224000000
199.866015,27.225000000
199.869373,27.226000000
199.871844,27.227000000
199.887824,27.228000000
199.896705,27.229000000
199.901210,27.230000000
199.906683,27.231000000
199.928605,27.232000000
199.931237,27.233000000
199.946476,27.234000000
199.952191,27.235000000
199.966918,27.236000000
199.978640,27.237000000
199.989963,27.238000000
200.001904,27.239000000
200.014282,27.240000000
200.025942,27.241000000
200.033426,27.242000000
200.050756,27.243000000
200.062302,27.244000000
200.067959,27.245000000
200.081854,27.246000000
200.090165,27.247000000
200.097116,27.248000000
200.103943,27.249000000
200.109132,27.250000000
200.129148,27.251000000
200.139020,27.252000000
200.157189,27.253000000
200.177274,27.254000000
200.189418,27.255000000
200.210863,27.256000000
200.212653,27.257000000
200.228832,27.258000000
200.249651,27.259000000
200.258886,27.260000000
200.270712,27.261000000
200.282806,27.262000000
200.284959,27.263000000
200.294445,27.264000000
200.294975,27.265000000
200.307714,27.266000000
200.316016,27.267000000
200.328172,27.268000000
200.328605,27.269000000
200.334023,27.270000000
200.338681,27.271000000
200.347870,27.272000000
200.350446,27.273000000
200.355446,27.274000000
200.367265,27.275000000
200.373728,27.276000000
200.375402,27.277000000
200.385841,27.278000000
200.399653,27.279000000
200.413891,27.280000000
200.424140,27.281000000
200.435946,27.282000000
200.440858,27.283000000
200.441297,27.284000000
200.467399,27.285000000
200.467480,27.286000000
200.467521,27.287000000
200.467559,27.288000000
200.473530,27.289000000
200.476187,27.290000000
200.478959,27.291000000
200.491148,27.292000000
200.491206,27.293000000
200.491644,27.294000000
200.524719,27.295000000
200.530790,27.296000000
200.530841,27.297000000
200.536182,27.298000000
200.536274,27.299000000
200.546180,27.300000000
200.549236,27.301000000
200.551629,27.302000000
200.570544,27.303000000
200.573280,27.304000000
200.577896,27.305000000
200.581955,27.306000000
200.584659,27.307000000
200.590886,27.308000000
200.595613,27.309000000
200.600431,27.310000000
200.605550,27.311000000
200.608203,27.312000000
200.623535,27.313000000
200.627949,27.314000000
200.642350,27.315000000
200.648609,27.316000000
200.659463,27.317000000
200.664177,27.318000000
200.675008,27.319000000
200.679516,27.320000000
200.684486,27.321000000
200.687465,27.322000000
200.690749,27.323000000
200.701919,27.324000000
200.704743,27.325000000
200.707288,27.326000000
200.711140,27.327000000
200.714668,27.328000000
200.723966,27.329000000
200.726719,27.330000000
200.729499,27.331000000
200.733546,27.332000000
200.739236,27.333000000
200.748677,27.334000000
200.752799,27.335000000
200.764863,27.336000000
200.771712,27.337000000
200.778630,27.338000000
200.790390,27.339000000
200.805732,27.340000000
200.822814,27.341000000
200.834898,27.342000000
200.843253,27.343000000
200.856830,27.344000000
200.898205,27.345000000
200.900941,27.346000000
200.903708,27.347000000
200.921344,27.348000000
200.937517,27.349000000
200.943140,27.350000000
200.954060,27.351000000
200.959763,27.352000000
200.967125,27.353000000
200.969594,27.354000000
200.982470,27.355000000
200.994593,27.356000000
201.005072,27.357000000
201.013834,27.358000000
201.025441,27.359000000
201.031550,27.360000000
201.042683,27.361000000
201.053313,27.362000000
201.060358,27.363000000
201.068951,27.364000000
201.085422,27.365000000
201.093848,27.366000000
201.099111,27.367000000
201.104132,27.368000000
201.115971,27.369000000
201.118790,27.370000000
201.121341,27.371000000
201.125823,27.372000000
201.146024,27.373000000
201.161898,27.374000000
201.178600,27.375000000
201.191464,27.376000000
201.198383,27.377000000
201.216949,27.378000000
201.223819,27.379000000
201.233466,27.380000000
201.256808,27.381000000
201.265525,27.382000000
201.276715,27.383000000
201.279348,27.384000000
201.285061,27.385000000
201.295084,27.386000000
201.315633,27.387000000
201.329482,27.388000000
201.340090,27.389000000
201.351866,27.390000000
201.368704,27.391000000
201.380154,27.392000000
201.391316,27.393000000
201.400628,27.394000000
201.411466,27.395000000
201.419763,27.396000000
201.428434,27.397000000
201.430812,27.398000000
201.435225,27.399000000
201.441353,27.400000000
201.443817,27.401000000
201.446259,27.402000000
201.466007,27.403000000
201.470430,27.404000000
201.476876,27.405000000
201.501489,27.406000000
201.514149,27.407000000
201.520315,27.408000000
201.547690,27.409000000
201.554660,27.410000000
201.557188,27.411000000
201.567673,27.412000000
201.592551,27.413000000
201.597212,27.414000000
201.605835,27.415000000
201.615220,27.416000000
201.630753,27.417000000
201.636914,27.418000000
201.645391,27.419000000
201.654178,27.420000000
201.661671,27.421000000
201.669748,27.422000000
201.677746,27.423000000
201.686187,27.424000000
201.699068,27.425000000
201.701508,27.426000000
201.712744,27.427000000
201.720996,27.428000000
201.723511,27.429000000
201.733642,27.430000000
201.765909,27.431000000
201.786226,27.432000000
201.791938,27.433000000
201.820820,27.434000000
201.824896,27.435000000
201.832473,27.436000000
201.836697,27.437000000
201.844116,27.438000000
201.853357,27.439000000
201.863041,27.440000000
201.866639,27.441000000
201.883438,27.442000000
201.896846,27.443000000
201.903533,27.444000000
201.925732,27.445000000
201.925804,27.447000000
201.929255,27.448000000
201.936521,27.449000000
201.948136,27.450000000
201.960073,27.451000000
201.976509,27.452000000
201.983387,27.453000000
201.997324,27.454000000
202.006574,27.455000000
202.016973,27.456000000
202.036422,27.457000000
202.043149,27.458000000
202.051729,27.459000000
202.056267,27.460000000
202.066464,27.461000000
202.071135,27.462000000
202.087791,27.463000000
202.093991,27.464000000
202.097739,27.465000000
202.101684,27.466000000
202.105112,27.467000000
202.110818,27.468000000
202.113476,27.469000000
202.115765,27.470000000
202.118090,27.471000000
202.120206,27.472000000
202.133909,27.473000000
202.135810,27.474000000
202.137720,27.475000000
202.142310,27.476000000
202.144811,27.477000000
202.147969,27.478000000
202.165820,27.479000000
202.182564,27.480000000
202.186458,27.481000000
202.217670,27.482000000
202.217719,27.483000000
202.239028,27.484000000
202.244164,27.485000000
202.250008,27.486000000
202.287508,27.487000000
202.291625,27.488000000
202.300299,27.489000000
202.310304,27.490000000
202.317685,27.491000000
202.328370,27.492000000
202.343748,27.493000000
202.355513,27.494000000
202.367109,27.495000000
202.376284,27.496000000
202.390173,27.497000000
202.400946,27.498000000
202.406949,27.499000000
202.411476,27.500000000
202.418685,27.501000000
202.438341,27.502000000
202.447277,27.503000000
202.476907,27.504000000
202.481711,27.505000000
202.494667,27.506000000
202.505158,27.507000000
202.540270,27.508000000
202.565460,27.509000000
202.571577,27.510000000
202.601790,27.511000000
202.629984,27.512000000
202.630033,27.513000000
202.635860,27.514000000
202.657252,27.515000000
202.669973,27.516000000
202.681523,27.517000000
202.693858,27.518000000
202.697611,27.519000000
202.743187,27.520000000
202.752190,27.521000000
202.769083,27.522000000
202.773332,27.523000000
202.780679,27.524000000
202.795168,27.525000000
202.803894,27.526000000
202.807936,27.527000000
202.814342,27.528000000
202.838089,27.529000000
202.840848,27.530000000
202.848878,27.531000000
202.861169,27.532000000
202.867275,27.533000000
202.887059,27.534000000
202.891330,27.535000000
202.908517,27.536000000
202.924746,27.537000000
202.933750,27.538000000
202.943608,27.539000000
202.952804,27.540000000
202.972116,27.541000000
202.975369,27.542000000
202.996967,27.543000000
203.002220,27.544000000
203.016384,27.545000000
203.032867,27.546000000
203.046956,27.547000000
203.059721,27.548000000
203.079277,27.549000000
203.088973,27.550000000
203.104859,27.551000000
203.110967,27.552000000
203.114944,27.553000000
203.120416,27.554000000
203.132170,27.555000000
203.139540,27.556000000
203.144118,27.557000000
203.150434,27.558000000
203.161428,27.559000000
203.171988,27.560000000
203.186691,27.561000000
203.193213,27.562000000
203.206055,27.563000000
203.224047,27.564000000
203.232637,27.565000000
203.243880,27.566000000
203.250597,27.567000000
203.263728,27.568000000
203.274726,27.569000000
203.285553,27.570000000
203.299441,27.571000000
203.312733,27.572000000
203.317311,27.573000000
203.335092,27.574000000
203.335141,27.575000000
203.362502,27.576000000
203.362573,27.577000000
203.375274,27.578000000
203.385891,27.579000000
203.385933,27.580000000
203.405886,27.581000000
203.406359,27.582000000
203.419647,27.583000000
203.438152,27.584000000
203.444356,27.585000000
203.451387,27.586000000
203.463453,27.587000000
203.471232,27.588000000
203.476304,27.589000000
203.489100,27.590000000
203.504501,27.591000000
203.519108,27.592000000
203.528260,27.593000000
203.533853,27.594000000
203.543551,27.595000000
203.549771,27.596000000
203.578194,27.597000000
203.582042,27.598000000
203.590960,27.599000000
203.595524,27.600000000
203.627823,27.601000000
203.637262,27.602000000
203.646419,27.603000000
203.651567,27.604000000
203.663526,27.605000000
203.674030,27.606000000
203.684721,27.607000000
203.692590,27.608000000
203.702033,27.609000000
203.714622,27.610000000
203.729473,27.611000000
203.734911,27.612000000
203.749649,27.613000000
203.761543,27.614000000
203.762231,27.615000000
203.771634,27.616000000
203.794507,27.617000000
203.796123,27.618000000
203.802881,27.619000000
203.807293,27.620000000
203.812919,27.621000000
203.820921,27.622000000
203.823007,27.623000000
203.844882,27.624000000
203.846760,27.625000000
203.871249,27.626000000
203.877129,27.627000000
203.879176,27.628000000
203.886209,27.629000000
203.886253,27.630000000
203.888256,27.631000000
203.890298,27.632000000
203.892411,27.633000000
203.894901,27.634000000
203.897190,27.635000000
203.899241,27.636000000
203.901242,27.637000000
203.903279,27.638000000
203.905404,27.639000000
203.907434,27.640000000
203.917110,27.641000000
203.919203,27.642000000
203.921695,27.643000000
203.927483,27.644000000
203.929540,27.645000000
203.934362,27.646000000
203.949679,27.647000000
203.951485,27.648000000
203.957447,27.649000000
203.964816,27.650000000
203.970476,27.651000000
203.975000,27.652000000
203.982698,27.653000000
203.990787,27.654000000
203.994952,27.655000000
204.003221,27.656000000
204.006876,27.657000000
204.029325,27.658000000
204.048640,27.659000000
204.056132,27.660000000
204.059503,27.661000000
204.072236,27.662000000
204.077711,27.663000000
204.082799,27.664000000
204.082844,27.666000000
204.097865,27.667000000
204.097943,27.672000000
204.099234,27.673000000
204.107634,27.674000000
204.107694,27.676000000
204.111925,27.677000000
204.123528,27.678000000
204.131537,27.679000000
204.131580,27.682000000
204.134031,27.683000000
204.136136,27.684000000
204.138243,27.685000000
204.155015,27.686000000
204.161257,27.687000000
204.191263,27.688000000
204.200476,27.689000000
204.214011,27.690000000
204.233114,27.691000000
204.239425,27.692000000
204.255485,27.693000000
204.286674,27.694000000
204.288424,27.695000000
204.290746,27.696000000
204.294816,27.697000000
204.301357,27.698000000
204.303632,27.699000000
204.305871,27.700000000
204.310416,27.701000000
204.313146,27.702000000
204.316670,27.703000000
204.319076,27.704000000
204.321870,27.705000000
204.324272,27.706000000
204.329751,27.707000000
204.331926,27.708000000
204.354988,27.709000000
204.360606,27.710000000
204.373686,27.711000000
204.381006,27.712000000
204.386777,27.713000000
204.397151,27.714000000
204.405595,27.715000000
204.410045,27.716000000
204.420109,27.717000000
204.423816,27.718000000
204.428023,27.719000000
204.438527,27.720000000
204.444433,27.721000000
204.448541,27.722000000
204.455649,27.723000000
204.460059,27.724000000
204.462177,27.725000000
204.464509,27.726000000
204.473478,27.727000000
204.475116,27.728000000
204.483027,27.729000000
204.485282,27.730000000
204.491484,27.731000000
204.493683,27.732000000
204.498298,27.733000000
204.500594,27.734000000
204.509506,27.735000000
204.517234,27.736000000
204.519984,27.737000000
204.524003,27.738000000
204.526070,27.739000000
204.528197,27.740000000
204.532166,27.741000000
204.534333,27.742000000
204.537724,27.743000000
204.540102,27.744000000
204.547103,27.745000000
204.549362,27.746000000
204.551700,27.747000000
204.554186,27.748000000
204.557789,27.749000000
204.561048,27.750000000
204.563871,27.751000000
204.575357,27.752000000
204.584658,27.753000000
204.592513,27.754000000
204.598769,27.755000000
204.602253,27.756000000
204.621094,27.757000000
204.621141,27.758000000
204.629334,27.759000000
204.635527,27.760000000
204.637919,27.761000000
204.665151,27.762000000
204.673057,27.763000000
204.683805,27.764000000
204.686606,27.765000000
204.690997,27.766000000
204.693274,27.767000000
204.695191,27.768000000
204.697307,27.769000000
204.699327,27.770000000
204.715422,27.771000000
204.719623,27.772000000
204.723781,27.773000000
204.730872,27.774000000
204.740214,27.775000000
204.742317,27.776000000
204.750099,27.777000000
204.753279,27.778000000
204.763881,27.779000000
204.765970,27.780000000
204.769054,27.781000000
204.775067,27.782000000
204.780511,27.783000000
204.791554,27.784000000
204.800769,27.785000000
204.805087,27.786000000
204.815233,27.787000000
204.825520,27.788000000
204.831978,27.789000000
204.838753,27.790000000
204.844760,27.791000000
204.860884,27.792000000
204.863411,27.793000000
204.884052,27.794000000
204.893218,27.795000000
204.911975,27.796000000
204.935761,27.797000000
204.942059,27.798000000
204.953931,27.799000000
204.989353,27.800000000
204.989403,27.802000000
205.004148,27.803000000
205.011000,27.804000000
205.018042,27.805000000
205.048982,27.806000000
205.064435,27.807000000
205.076255,27.808000000
205.079050,27.809000000
205.086347,27.810000000
205.089846,27.811000000
205.094651,27.812000000
205.104181,27.813000000
205.109060,27.814000000
205.120000,27.815000000
205.126510,27.816000000
205.136276,27.817000000
205.141311,27.818000000
205.160578,27.819000000
205.172825,27.820000000
205.172872,27.821000000
205.182518,27.822000000
205.188095,27.823000000
205.193238,27.824000000
205.194023,27.825000000
205.197385,27.826000000
205.197879,27.827000000
205.209694,27.828000000
205.219804,27.829000000
205.233116,27.830000000
205.255853,27.831000000
205.260016,27.832000000
205.262329,27.833000000
205.265253,27.834000000
205.267799,27.835000000
205.270353,27.836000000
205.273320,27.837000000
205.275965,27.838000000
205.278540,27.839000000
205.280813,27.840000000
205.283059,27.841000000
205.285669,27.842000000
205.291564,27.843000000
205.319780,27.844000000
205.324593,27.845000000
205.334883,27.846000000
205.352070,27.847000000
205.371599,27.848000000
205.378941,27.849000000
205.389452,27.850000000
205.399911,27.851000000
205.429353,27.852000000
205.439811,27.853000000
205.443406,27.854000000
205.456694,27.855000000
205.469208,27.856000000
205.489235,27.857000000
205.496974,27.858000000
205.503031,27.859000000
205.515387,27.860000000
205.528064,27.861000000
205.544771,27.862000000
205.544819,27.863000000
205.576536,27.864000000
205.589068,27.865000000
205.595366,27.866000000
205.632217,27.867000000
205.637403,27.868000000
205.656651,27.869000000
205.666114,27.870000000
205.680964,27.871000000
205.710920,27.872000000
205.712977,27.873000000
205.719771,27.874000000
205.733471,27.875000000
205.744925,27.876000000
205.774955,27.877000000
205.781146,27.878000000
205.790075,27.879000000
205.802382,27.880000000
205.814831,27.881000000
205.826694,27.882000000
205.830956,27.883000000
205.837101,27.884000000
205.844921,27.885000000
205.851179,27.886000000
205.856696,27.887000000
205.862817,27.888000000
205.880987,27.889000000
205.889267,27.890000000
205.894431,27.891000000
205.896559,27.892000000
205.912222,27.893000000
205.912273,27.895000000
205.927666,27.896000000
205.927741,27.899000000
205.951841,27.900000000
205.952287,27.902000000
205.972852,27.903000000
205.981870,27.904000000
206.000232,27.905000000
206.009894,27.906000000
206.023776,27.907000000
206.032088,27.908000000
206.043854,27.909000000
206.054142,27.910000000
206.069877,27.911000000
206.080690,27.912000000
206.086463,27.913000000
206.097498,27.914000000
206.109560,27.915000000
206.129826,27.916000000
206.145406,27.917000000
206.147952,27.918000000
206.153552,27.919000000
206.153617,27.920000000
206.155116,27.921000000
206.157103,27.922000000
206.161193,27.923000000
206.163826,27.924000000
206.166601,27.925000000
206.168820,27.926000000
206.172801,27.927000000
206.174960,27.928000000
206.177104,27.929000000
206.179967,27.930000000
206.182351,27.931000000
206.188649,27.932000000
206.190579,27.933000000
206.193105,27.934000000
206.195000,27.935000000
206.197110,27.936000000
206.199350,27.937000000
206.201751,27.938000000
206.204754,27.939000000
206.207324,27.940000000
206.210315,27.941000000
206.224726,27.942000000
206.238649,27.943000000
206.252061,27.944000000
206.263115,27.945000000
206.276375,27.946000000
206.283203,27.947000000
206.303929,27.948000000
206.307718,27.949000000
206.326742,27.950000000
206.338828,27.951000000
206.356053,27.952000000
206.360663,27.953000000
206.368377,27.954000000
206.379002,27.955000000
206.391289,27.956000000
206.403552,27.957000000
206.408293,27.958000000
206.432514,27.959000000
206.453893,27.960000000
206.463017,27.961000000
206.492073,27.962000000
206.492636,27.963000000
206.501534,27.964000000
206.523674,27.965000000
206.531788,27.966000000
206.533788,27.967000000
206.536573,27.968000000
206.556308,27.969000000
206.558420,27.970000000
206.568734,27.971000000
206.588258,27.972000000
206.594326,27.973000000
206.606975,27.974000000
206.609335,27.975000000
206.627820,27.976000000
206.630043,27.977000000
206.666912,27.978000000
206.671273,27.979000000
206.690849,27.980000000
206.692708,27.981000000
206.710312,27.982000000
206.724692,27.983000000
206.737360,27.984000000
206.756873,27.985000000
206.766004,27.986000000
206.779866,27.987000000
206.791619,27.988000000
206.816345,27.989000000
206.824292,27.990000000
206.826638,27.991000000
206.835887,27.992000000
206.860211,27.993000000
206.868724,27.994000000
206.876150,27.995000000
206.888829,27.996000000
206.902938,27.997000000
206.915053,27.998000000
206.924943,27.999000000
206.943531,28.000000000
206.945151,28.001000000
206.956824,28.002000000
206.967432,28.003000000
206.994809,28.004000000
207.004257,28.005000000
207.013867,28.006000000
207.016008,28.007000000
207.025304,28.008000000
207.034552,28.009000000
207.041529,28.010000000
207.051658,28.011000000
207.061410,28.012000000
207.063195,28.013000000
207.076625,28.014000000
207.078640,28.015000000
207.089354,28.016000000
207.104692,28.017000000
207.114808,28.018000000
207.138339,28.019000000
207.144501,28.020000000
207.155821,28.021000000
207.167259,28.022000000
207.172421,28.023000000
207.185575,28.024000000
207.204812,28.025000000
207.241404,28.026000000
207.243337,28.027000000
207.251637,28.028000000
207.255098,28.029000000
207.265947,28.030000000
207.271136,28.031000000
207.302661,28.032000000
207.305220,28.033000000
207.327648,28.034000000
207.340262,28.035000000
207.345760,28.036000000
207.351526,28.037000000
207.362778,28.038000000
207.362826,28.040000000
207.365138,28.041000000
207.371831,28.042000000
207.379837,28.043000000
207.379885,28.045000000
207.390790,28.046000000
207.390835,28.047000000
207.397232,28.048000000
207.412060,28.049000000
207.412106,28.050000000
207.422585,28.051000000
207.429001,28.052000000
207.438043,28.053000000
207.449582,28.054000000
207.449634,28.055000000
207.461233,28.056000000
207.473932,28.057000000
207.473998,28.059000000
207.474906,28.060000000
207.483783,28.061000000
207.490130,28.062000000
207.493054,28.063000000
207.496175,28.064000000
207.502188,28.065000000
207.503382,28.066000000
207.515022,28.067000000
207.532537,28.068000000
207.532585,28.070000000
207.535089,28.071000000
207.538055,28.072000000
207.539944,28.073000000
207.542109,28.074000000
207.544223,28.075000000
207.546239,28.076000000
207.548317,28.077000000
207.558197,28.078000000
207.560034,28.079000000
207.566011,28.080000000
207.569525,28.081000000
207.571452,28.082000000
207.577794,28.083000000
207.580133,28.084000000
207.585913,28.085000000
207.587838,28.086000000
207.594916,28.087000000
207.596774,28.088000000
207.602908,28.089000000
207.604909,28.090000000
207.610452,28.091000000
207.613904,28.092000000
207.642075,28.093000000
207.651976,28.094000000
207.676794,28.095000000
207.682956,28.096000000
207.687907,28.097000000
207.695134,28.098000000
207.699015,28.099000000
207.707040,28.100000000
207.708997,28.101000000
207.727622,28.102000000
207.735778,28.103000000
207.735867,28.104000000
207.735909,28.105000000
207.737682,28.106000000
207.744950,28.107000000
207.745844,28.108000000
207.745898,28.109000000
207.752801,28.110000000
207.758471,28.111000000
207.767364,28.112000000
207.767425,28.113000000
207.767493,28.114000000
207.767531,28.115000000
207.782667,28.116000000
207.790077,28.117000000
207.799521,28.118000000
207.809845,28.119000000
207.823698,28.120000000
207.825630,28.121000000
207.835737,28.122000000
207.845421,28.123000000
207.870509,28.124000000
207.883764,28.125000000
207.889544,28.126000000
207.897657,28.127000000
207.898970,28.128000000
207.904804,28.129000000
207.908695,28.130000000
207.933876,28.131000000
207.933962,28.132000000
207.935638,28.133000000
207.940140,28.134000000
207.969865,28.135000000
207.977767,28.136000000
207.991885,28.137000000
207.999851,28.138000000
208.007063,28.139000000
208.013199,28.140000000
208.019480,28.141000000
208.034644,28.142000000
208.043086,28.143000000
208.059545,28.144000000
208.088551,28.145000000
208.103828,28.146000000
208.113047,28.147000000
208.122901,28.148000000
208.136685,28.149000000
208.145403,28.150000000
208.169084,28.151000000
208.170834,28.152000000
208.193889,28.153000000
208.193991,28.154000000
208.194033,28.155000000
208.194707,28.156000000
208.209711,28.157000000
208.209780,28.158000000
208.209822,28.159000000
208.210389,28.160000000
208.228324,28.161000000
208.236673,28.162000000
208.236762,28.163000000
208.237297,28.164000000
208.242399,28.165000000
208.245102,28.166000000
208.248917,28.167000000
208.251648,28.168000000
208.254994,28.169000000
208.258078,28.170000000
208.266676,28.171000000
208.280316,28.172000000
208.283315,28.173000000
208.287679,28.174000000
208.293554,28.175000000
208.296119,28.176000000
208.301169,28.177000000
208.306599,28.178000000
208.316401,28.179000000
208.319524,28.180000000
208.321970,28.181000000
208.324867,28.182000000
208.366396,28.183000000
208.369865,28.184000000
208.373608,28.185000000
208.379670,28.186000000
208.389597,28.187000000
208.404586,28.188000000
208.421292,28.189000000
208.424599,28.190000000
208.428476,28.191000000
208.435158,28.192000000
208.437427,28.193000000
208.439766,28.194000000
208.442489,28.195000000
208.448497,28.196000000
208.455222,28.197000000
208.458000,28.198000000
208.460238,28.199000000
208.462664,28.200000000
208.465568,28.201000000
208.472977,28.202000000
208.475564,28.203000000
208.477793,28.204000000
208.480232,28.205000000
208.484123,28.206000000
208.486792,28.207000000
208.491845,28.208000000
208.502189,28.209000000
208.505674,28.210000000
208.507898,28.211000000
208.511722,28.212000000
208.533933,28.213000000
208.553342,28.214000000
208.567305,28.215000000
208.587955,28.216000000
208.599829,28.217000000
208.623426,28.218000000
208.631876,28.219000000
208.638587,28.220000000
208.653126,28.221000000
208.658327,28.222000000
208.664002,28.223000000
208.674805,28.224000000
208.701926,28.225000000
208.705744,28.226000000
208.719771,28.227000000
208.724847,28.228000000
208.730807,28.229000000
208.800651,28.230000000
208.821354,28.231000000
208.829160,28.232000000
208.847204,28.233000000
208.858412,28.234000000
208.863179,28.235000000
208.863238,28.236000000
208.863278,28.237000000
208.865519,28.238000000
208.892895,28.239000000
208.892953,28.240000000
208.893472,28.241000000
208.893519,28.242000000
208.901165,28.243000000
208.901697,28.244000000
208.901747,28.245000000
208.901805,28.246000000
208.902947,28.247000000
208.911377,28.248000000
208.919230,28.249000000
208.919314,28.250000000
208.919359,28.251000000
208.923628,28.252000000
208.923989,28.253000000
208.924467,28.254000000
208.932226,28.255000000
208.932740,28.256000000
208.932796,28.257000000
208.932837,28.258000000
208.934128,28.259000000
208.972181,28.260000000
208.972606,28.261000000
208.974648,28.262000000
208.977752,28.263000000
209.003148,28.264000000
209.007069,28.265000000
209.007119,28.266000000
209.007500,28.267000000
209.011153,28.268000000
209.020822,28.269000000
209.021004,28.270000000
209.029762,28.271000000
209.065820,28.272000000
209.067995,28.273000000
209.072222,28.274000000
209.092448,28.275000000
209.092860,28.276000000
209.099809,28.277000000
209.099874,28.278000000
209.109916,28.279000000
209.109983,28.280000000
209.118718,28.281000000
209.118872,28.282000000
209.119069,28.283000000
209.143715,28.284000000
209.147086,28.285000000
209.162220,28.286000000
209.166132,28.287000000
209.183004,28.288000000
209.205092,28.289000000
209.219120,28.290000000
209.252683,28.291000000
209.257759,28.292000000
209.286549,28.293000000
209.293804,28.294000000
209.298215,28.295000000
209.302732,28.296000000
209.307997,28.297000000
209.317438,28.298000000
209.324060,28.299000000
209.355063,28.300000000
209.363162,28.301000000
209.386588,28.302000000
209.396870,28.303000000
209.404428,28.304000000
209.408963,28.305000000
209.415931,28.306000000
209.435968,28.307000000
209.436132,28.308000000
209.453287,28.309000000
209.453363,28.310000000
209.461873,28.311000000
209.464775,28.312000000
209.498156,28.313000000
209.513598,28.314000000
209.531071,28.315000000
209.541585,28.316000000
209.573410,28.317000000
209.600285,28.318000000
209.600446,28.319000000
209.610100,28.320000000
209.610165,28.321000000
209.610206,28.322000000
209.616703,28.323000000
209.616788,28.324000000
209.619658,28.325000000
209.623478,28.326000000
209.623530,28.327000000
209.624666,28.328000000
209.626976,28.329000000
209.638405,28.330000000
209.645057,28.331000000
209.650926,28.332000000
209.657860,28.333000000
209.683038,28.334000000
209.683100,28.335000000
209.683143,28.336000000
209.683181,28.337000000
209.696281,28.338000000
209.701342,28.339000000
209.712481,28.340000000
209.718482,28.341000000
209.739587,28.342000000
209.739653,28.343000000
209.739723,28.344000000
209.752495,28.345000000
209.759526,28.346000000
209.759580,28.347000000
209.786764,28.348000000
209.787584,28.349000000
209.805159,28.350000000
209.805218,28.351000000
209.816198,28.352000000
209.817636,28.353000000
209.824846,28.354000000
209.835589,28.355000000
209.843884,28.356000000
209.851063,28.357000000
209.859614,28.358000000
209.871023,28.359000000
209.879359,28.360000000
209.889795,28.361000000
209.896591,28.362000000
209.900023,28.363000000
209.906206,28.364000000
209.928168,28.365000000
209.933961,28.366000000
209.976732,28.367000000
209.990913,28.368000000
209.998756,28.369000000
210.020782,28.370000000
210.020847,28.371000000
210.020889,28.372000000
210.024390,28.373000000
210.025013,28.374000000
210.025061,28.375000000
210.040827,28.376000000
210.065499,28.377000000
210.065567,28.378000000
210.065609,28.379000000
210.066237,28.380000000
210.072107,28.381000000
210.072169,28.382000000
210.099466,28.383000000
210.099982,28.384000000
210.104466,28.385000000
210.131317,28.386000000
210.131864,28.387000000
210.142440,28.388000000
210.142927,28.389000000
210.151620,28.390000000
210.157315,28.391000000
210.164778,28.392000000
210.177387,28.393000000
210.192436,28.394000000
210.192515,28.395000000
210.201491,28.396000000
210.212201,28.397000000
210.221772,28.398000000
210.229661,28.399000000
210.236325,28.400000000
210.240829,28.401000000
210.266800,28.402000000
210.267237,28.403000000
210.284679,28.404000000
210.293169,28.405000000
210.303993,28.406000000
210.306145,28.407000000
210.308372,28.408000000
210.310763,28.409000000
210.314438,28.410000000
210.317579,28.411000000
210.321519,28.412000000
210.324209,28.413000000
210.327683,28.414000000
210.329881,28.415000000
210.353122,28.416000000
210.388394,28.417000000
210.396216,28.418000000
210.406682,28.419000000
210.424240,28.420000000
210.424289,28.421000000
210.431937,28.422000000
210.453405,28.423000000
210.464284,28.424000000
210.477123,28.425000000
210.477183,28.426000000
210.494577,28.427000000
210.494635,28.428000000
210.495355,28.429000000
210.519559,28.430000000
210.519620,28.431000000
210.519690,28.432000000
210.520435,28.433000000
210.545732,28.434000000
210.545794,28.435000000
210.557024,28.436000000
210.573113,28.437000000
210.583807,28.438000000
210.611927,28.439000000
210.619846,28.440000000
210.625488,28.441000000
210.653639,28.442000000
210.656067,28.443000000
210.664509,28.444000000
210.677779,28.445000000
210.688194,28.446000000
210.712552,28.447000000
210.722656,28.448000000
210.724940,28.449000000
210.739918,28.450000000
210.746554,28.451000000
210.789016,28.452000000
210.805867,28.453000000
210.825684,28.454000000
210.845003,28.455000000
210.853216,28.456000000
210.877269,28.457000000
210.884673,28.458000000
210.892806,28.459000000
210.898674,28.460000000
210.906448,28.461000000
210.928990,28.462000000
210.934602,28.463000000
210.939291,28.464000000
210.944758,28.465000000
210.976513,28.466000000
210.980852,28.467000000
210.990712,28.468000000
210.992991,28.469000000
211.010942,28.470000000
211.014698,28.471000000
211.028011,28.472000000
211.030324,28.473000000
211.063951,28.474000000
211.081622,28.475000000
211.088907,28.476000000
211.105044,28.477000000
211.110709,28.478000000
211.167886,28.479000000
211.192242,28.480000000
211.200934,28.481000000
211.209604,28.482000000
211.220767,28.483000000
211.228801,28.484000000
211.237014,28.485000000
211.248472,28.486000000
211.274784,28.487000000
211.277021,28.488000000
211.285809,28.489000000
211.295036,28.490000000
211.297514,28.491000000
211.304973,28.492000000
211.310421,28.493000000
211.335168,28.494000000
211.347027,28.495000000
211.356980,28.496000000
211.378373,28.497000000
211.391826,28.498000000
211.428136,28.499000000
211.437173,28.500000000
211.448844,28.501000000
211.452733,28.502000000
211.466324,28.503000000
211.475618,28.504000000
211.478818,28.505000000
211.510917,28.506000000
211.534916,28.507000000
211.544008,28.508000000
211.560789,28.509000000
211.560852,28.510000000
211.570801,28.511000000
211.579271,28.512000000
211.589003,28.513000000
211.602831,28.514000000
211.603377,28.515000000
211.616733,28.516000000
211.630462,28.517000000
211.644399,28.518000000
211.644936,28.519000000
211.654352,28.520000000
211.660591,28.521000000
211.700024,28.522000000
211.705635,28.523000000
211.712687,28.524000000
211.746713,28.525000000
211.761766,28.526000000
211.771500,28.527000000
211.777646,28.528000000
211.780262,28.529000000
211.790463,28.530000000
211.793176,28.531000000
211.818851,28.532000000
211.830421,28.533000000
211.838574,28.534000000
211.852384,28.535000000
211.886099,28.536000000
211.889645,28.537000000
211.913209,28.538000000
211.925824,28.539000000
211.936703,28.540000000
211.948118,28.541000000
211.950380,28.542000000
211.960034,28.543000000
211.964599,28.544000000
211.973794,28.545000000
211.985501,28.546000000
212.003589,28.547000000
212.011883,28.548000000
212.018614,28.549000000
212.030384,28.550000000
212.033303,28.551000000
212.043073,28.552000000
212.048183,28.553000000
212.050503,28.554000000
212.053451,28.555000000
212.059652,28.556000000
212.062310,28.557000000
212.064625,28.558000000
212.068122,28.559000000
212.090953,28.560000000
212.093605,28.561000000
212.096453,28.562000000
212.128738,28.563000000
212.144632,28.564000000
212.144949,28.565000000
212.153470,28.566000000
212.153530,28.567000000
212.169465,28.568000000
212.177162,28.569000000
212.177210,28.570000000
212.183209,28.571000000
212.183253,28.572000000
212.192407,28.573000000
212.195939,28.574000000
212.208296,28.575000000
212.213710,28.576000000
212.213749,28.577000000
212.223607,28.578000000
212.231692,28.579000000
212.235871,28.580000000
212.241890,28.581000000
212.253189,28.582000000
212.255691,28.583000000
212.262186,28.584000000
212.295449,28.585000000
212.297658,28.586000000
212.320232,28.587000000
212.322628,28.588000000
212.345704,28.589000000
212.347958,28.590000000
212.353671,28.591000000
212.376558,28.592000000
212.383545,28.593000000
212.396804,28.594000000
212.402645,28.595000000
212.408683,28.596000000
212.438101,28.597000000
212.458904,28.598000000
212.476991,28.599000000
212.486294,28.600000000
212.511242,28.601000000
212.511292,28.603000000
212.520541,28.604000000
212.530489,28.605000000
212.552959,28.606000000
212.567229,28.607000000
212.572806,28.608000000
212.577102,28.609000000
212.601287,28.610000000
212.601351,28.611000000
212.616048,28.612000000
212.634475,28.613000000
212.639048,28.614000000
212.651789,28.615000000
212.659451,28.616000000
212.667883,28.617000000
212.674841,28.618000000
212.689422,28.619000000
212.700583,28.620000000
212.700654,28.621000000
212.727401,28.622000000
212.736274,28.623000000
212.742805,28.624000000
212.773621,28.625000000
212.783207,28.626000000
212.797600,28.627000000
212.806101,28.628000000
212.820890,28.629000000
212.827300,28.630000000
212.854201,28.631000000
212.854258,28.633000000
212.866344,28.634000000
212.866387,28.635000000
212.867139,28.636000000
212.882473,28.637000000
212.888849,28.638000000
212.892839,28.639000000
212.893886,28.640000000
212.899602,28.641000000
212.901984,28.642000000
212.904022,28.643000000
212.908442,28.644000000
212.914521,28.645000000
212.917920,28.646000000
212.920164,28.647000000
212.922423,28.648000000
212.925004,28.649000000
212.928136,28.650000000
212.944944,28.651000000
212.962914,28.652000000
212.967713,28.653000000
212.972848,28.654000000
212.975358,28.655000000
212.989463,28.656000000
212.989514,28.657000000
213.012886,28.658000000
213.021790,28.659000000
213.023852,28.660000000
213.025879,28.661000000
213.028038,28.662000000
213.031988,28.663000000
213.034607,28.664000000
213.039412,28.665000000
213.040749,28.666000000
213.044729,28.667000000
213.047955,28.668000000
213.068525,28.669000000
213.084040,28.670000000
213.087407,28.671000000
213.107523,28.672000000
213.112374,28.673000000
213.139960,28.674000000
213.149210,28.675000000
213.159798,28.676000000
213.166794,28.677000000
213.174926,28.678000000
213.184098,28.679000000
213.192358,28.680000000
213.202811,28.681000000
213.210846,28.682000000
213.219977,28.683000000
213.228600,28.684000000
213.236159,28.685000000
213.244118,28.686000000
213.248278,28.687000000
213.257377,28.688000000
213.276214,28.689000000
213.284233,28.690000000
213.305665,28.691000000
213.312323,28.692000000
213.320530,28.693000000
213.328155,28.694000000
213.335738,28.695000000
213.343285,28.696000000
213.363738,28.697000000
213.368162,28.698000000
213.383219,28.699000000
213.391440,28.700000000
213.414635,28.701000000
213.429198,28.702000000
213.429254,28.705000000
213.441054,28.706000000
213.441101,28.708000000
213.442160,28.709000000
213.452830,28.710000000
213.452878,28.711000000
213.461980,28.712000000
213.462038,28.713000000
213.470920,28.714000000
213.470977,28.715000000
213.474552,28.716000000
213.481380,28.717000000
213.488594,28.718000000
213.488656,28.719000000
213.499378,28.720000000
213.499441,28.721000000
213.517299,28.722000000
213.523585,28.723000000
213.531245,28.724000000
213.550195,28.725000000
213.562587,28.726000000
213.569219,28.727000000
213.574377,28.728000000
213.589162,28.729000000
213.591603,28.730000000
213.596277,28.731000000
213.600974,28.732000000
213.603128,28.733000000
213.607712,28.734000000
213.611627,28.735000000
213.639405,28.736000000
213.645606,28.737000000
213.653897,28.738000000
213.667687,28.739000000
213.672410,28.740000000
213.689537,28.741000000
213.697912,28.742000000
213.716079,28.743000000
213.729270,28.744000000
213.738456,28.745000000
213.756512,28.746000000
213.764106,28.747000000
213.773981,28.748000000
213.782283,28.749000000
213.794320,28.750000000
213.803144,28.751000000
213.807663,28.752000000
213.816245,28.753000000
213.822016,28.754000000
213.829583,28.755000000
213.841804,28.756000000
213.847087,28.757000000
213.851120,28.758000000
213.854670,28.759000000
213.859141,28.760000000
213.867131,28.761000000
213.889865,28.762000000
213.898075,28.763000000
213.907196,28.764000000
213.910945,28.765000000
213.934931,28.766000000
213.942400,28.767000000
213.956136,28.768000000
213.962330,28.769000000
213.969098,28.770000000
213.985767,28.771000000
213.989783,28.772000000
213.994605,28.773000000
213.999629,28.774000000
214.002078,28.775000000
214.006245,28.776000000
214.023463,28.777000000
214.051679,28.778000000
214.055703,28.779000000
214.065642,28.780000000
214.075639,28.781000000
214.084812,28.782000000
214.096222,28.783000000
214.116131,28.784000000
214.127745,28.785000000
214.131410,28.786000000
214.158365,28.787000000
214.171240,28.788000000
214.175887,28.789000000
214.181024,28.790000000
214.193609,28.791000000
214.205806,28.792000000
214.209674,28.793000000
214.235401,28.794000000
214.249350,28.795000000
214.275563,28.796000000
214.283983,28.797000000
214.290979,28.798000000
214.304188,28.799000000
214.310238,28.800000000
214.318138,28.801000000
214.324020,28.802000000
214.351201,28.803000000
214.359421,28.804000000
214.377149,28.805000000
214.413569,28.806000000
214.420655,28.807000000
214.431493,28.808000000
214.441786,28.809000000
214.450145,28.810000000
214.459230,28.811000000
214.471259,28.812000000
214.482667,28.813000000
214.485261,28.814000000
214.505119,28.815000000
214.507156,28.816000000
214.515305,28.817000000
214.523322,28.818000000
214.523391,28.819000000
214.529011,28.820000000
214.529053,28.822000000
214.567551,28.823000000
214.580707,28.824000000
214.592952,28.825000000
214.611594,28.826000000
214.611648,28.828000000
214.618292,28.829000000
214.620433,28.830000000
214.623130,28.831000000
214.632056,28.832000000
214.652208,28.833000000
214.652708,28.834000000
214.657738,28.835000000
214.671401,28.836000000
214.701000,28.837000000
214.701092,28.838000000
214.708308,28.839000000
214.711348,28.840000000
214.711450,28.841000000
214.711494,28.842000000
214.729068,28.843000000
214.740664,28.844000000
214.752015,28.845000000
214.754800,28.846000000
214.783903,28.847000000
214.802555,28.848000000
214.808210,28.849000000
214.820431,28.850000000
214.825913,28.851000000
214.831275,28.852000000
214.847506,28.853000000
214.849929,28.854000000
214.859084,28.855000000
214.870636,28.856000000
214.894781,28.857000000
214.903215,28.858000000
214.912986,28.859000000
214.938452,28.860000000
214.968343,28.861000000
214.990951,28.862000000
214.999004,28.863000000
215.007401,28.864000000
215.034501,28.865000000
215.041809,28.866000000
215.046727,28.867000000
215.065567,28.868000000
215.068833,28.869000000
215.076262,28.870000000
215.101794,28.871000000
215.117728,28.872000000
215.125767,28.873000000
215.133596,28.874000000
215.145392,28.875000000
215.151173,28.876000000
215.164659,28.877000000
215.172287,28.878000000
215.186747,28.879000000
215.201091,28.880000000
215.211514,28.881000000
215.218005,28.882000000
215.225186,28.883000000
215.230292,28.884000000
215.267218,28.885000000
215.271971,28.886000000
215.289593,28.887000000
215.292048,28.888000000
215.312416,28.889000000
215.323766,28.890000000
215.341842,28.891000000
215.369159,28.892000000
215.381361,28.893000000
215.384751,28.894000000
215.411018,28.895000000
215.415466,28.896000000
215.430170,28.897000000
215.434337,28.898000000
215.439589,28.899000000
215.479175,28.900000000
215.489640,28.901000000
215.495346,28.902000000
215.504302,28.903000000
215.513438,28.904000000
215.518303,28.905000000
215.522991,28.906000000
215.528283,28.907000000
215.534961,28.908000000
215.549513,28.909000000
215.563491,28.910000000
215.580370,28.911000000
215.592865,28.912000000
215.594306,28.913000000
215.600857,28.914000000
215.605846,28.915000000
215.617797,28.916000000
215.619411,28.917000000
215.621385,28.918000000
215.638166,28.919000000
215.638934,28.920000000
215.639080,28.921000000
215.644115,28.922000000
215.649391,28.923000000
215.649446,28.924000000
215.649873,28.925000000
215.651843,28.926000000
215.656807,28.927000000
215.669737,28.928000000
215.669802,28.929000000
215.669844,28.930000000
215.669910,28.931000000
215.690547,28.932000000
215.691090,28.933000000
215.691143,28.934000000
215.708196,28.935000000
215.708263,28.936000000
215.708305,28.937000000
215.708343,28.938000000
215.708380,28.939000000
215.719051,28.940000000
215.719144,28.941000000
215.719187,28.942000000
215.730219,28.943000000
215.753565,28.944000000
215.768911,28.945000000
215.802876,28.946000000
215.818127,28.947000000
215.835874,28.948000000
215.835943,28.949000000
215.841070,28.950000000
215.855938,28.951000000
215.856709,28.952000000
215.864985,28.953000000
215.889116,28.954000000
215.900275,28.955000000
215.907800,28.956000000
215.912197,28.957000000
215.924201,28.958000000
215.924261,28.959000000
215.924301,28.960000000
215.941950,28.961000000
215.942013,28.962000000
215.949788,28.963000000
215.950705,28.964000000
215.955492,28.965000000
215.961638,28.966000000
215.967302,28.967000000
215.980095,28.968000000
215.987514,28.969000000
215.994318,28.970000000
216.019732,28.971000000
216.026117,28.972000000
216.026182,28.973000000
216.059437,28.974000000
216.066571,28.975000000
216.070417,28.976000000
216.088125,28.977000000
216.100225,28.978000000
216.108581,28.979000000
216.132575,28.980000000
216.142002,28.981000000
216.161281,28.982000000
216.174086,28.983000000
216.174150,28.984000000
216.176369,28.985000000
216.185841,28.986000000
216.191509,28.987000000
216.200597,28.988000000
216.211415,28.989000000
216.211480,28.990000000
216.224316,28.991000000
216.224376,28.992000000
216.240828,28.993000000
216.258094,28.994000000
216.266311,28.995000000
216.279289,28.996000000
216.291056,28.997000000
216.308752,28.998000000
216.327392,28.999000000
216.339343,29.000000000
216.342035,29.001000000
216.370266,29.002000000
216.385985,29.003000000
216.387580,29.004000000
216.397276,29.005000000
216.414524,29.006000000
216.417777,29.007000000
216.428275,29.008000000
216.434165,29.009000000
216.438494,29.010000000
216.454629,29.011000000
216.461461,29.012000000
216.465886,29.013000000
216.468606,29.014000000
216.472707,29.015000000
216.475078,29.016000000
216.477388,29.017000000
216.494649,29.018000000
216.501242,29.019000000
216.507993,29.020000000
216.510851,29.021000000
216.513387,29.022000000
216.515555,29.023000000
216.518000,29.024000000
216.521167,29.025000000
216.523610,29.026000000
216.526608,29.027000000
216.534088,29.028000000
216.544616,29.029000000
216.552968,29.030000000
216.555949,29.031000000
216.558240,29.032000000
216.566554,29.033000000
216.571504,29.034000000
216.575942,29.035000000
216.578233,29.036000000
216.580690,29.037000000
216.583922,29.038000000
216.588108,29.039000000
216.602290,29.040000000
216.606387,29.041000000
216.614009,29.042000000
216.621305,29.043000000
216.629479,29.044000000
216.632281,29.045000000
216.647273,29.046000000
216.653148,29.047000000
216.659791,29.048000000
216.673188,29.049000000
216.681085,29.050000000
216.692927,29.051000000
216.707611,29.052000000
216.719787,29.053000000
216.735840,29.054000000
216.740241,29.055000000
216.748007,29.056000000
216.757922,29.057000000
216.765020,29.058000000
216.768872,29.059000000
216.786920,29.060000000
216.791137,29.061000000
216.803301,29.062000000
216.813575,29.063000000
216.825809,29.064000000
216.855091,29.065000000
216.857381,29.066000000
216.870298,29.067000000
216.888984,29.068000000
216.914638,29.069000000
216.934247,29.070000000
216.950234,29.071000000
216.950299,29.072000000
216.950342,29.073000000
216.980510,29.074000000
216.996673,29.075000000
216.996733,29.076000000
217.021904,29.077000000
217.021968,29.078000000
217.032682,29.079000000
217.053376,29.080000000
217.067227,29.081000000
217.069999,29.082000000
217.076436,29.083000000
217.109966,29.084000000
217.110042,29.085000000
217.119117,29.086000000
217.119620,29.087000000
217.128139,29.088000000
217.130652,29.089000000
217.173881,29.090000000
217.176318,29.091000000
217.178871,29.092000000
217.187829,29.093000000
217.203462,29.094000000
217.205846,29.095000000
217.214467,29.096000000
217.238775,29.097000000
217.248440,29.098000000
217.260721,29.099000000
217.263457,29.100000000
217.272821,29.101000000
217.303050,29.102000000
217.336262,29.103000000
217.338644,29.104000000
217.357222,29.105000000
217.365229,29.106000000
217.377076,29.107000000
217.390492,29.108000000
217.392747,29.109000000
217.399319,29.110000000
217.416176,29.111000000
217.422948,29.112000000
217.433817,29.113000000
217.458131,29.114000000
217.460956,29.115000000
217.469666,29.116000000
217.482566,29.117000000
217.492979,29.118000000
217.506228,29.119000000
217.541739,29.120000000
217.556710,29.121000000
217.567492,29.122000000
217.584978,29.123000000
217.597257,29.124000000
217.625290,29.125000000
217.635904,29.126000000
217.648457,29.127000000
217.650706,29.128000000
217.664079,29.129000000
217.669593,29.130000000
217.681975,29.131000000
217.690385,29.132000000
217.695096,29.133000000
217.709475,29.134000000
217.722367,29.135000000
217.727858,29.136000000
217.732490,29.137000000
217.745740,29.138000000
217.750864,29.139000000
217.756935,29.140000000
217.776123,29.141000000
217.786554,29.142000000
217.788916,29.143000000
217.822059,29.144000000
217.824547,29.145000000
217.836203,29.146000000
217.849581,29.147000000
217.863892,29.148000000
217.868762,29.149000000
217.876964,29.150000000
217.892287,29.151000000
217.895099,29.152000000
217.898288,29.153000000
217.922630,29.154000000
217.922694,29.155000000
217.931530,29.156000000
217.949389,29.157000000
217.949463,29.158000000
217.949509,29.159000000
217.950015,29.160000000
217.951614,29.161000000
217.957119,29.162000000
217.965848,29.163000000
217.975078,29.164000000
217.975141,29.165000000
217.987172,29.166000000
217.987232,29.167000000
217.994444,29.168000000
218.011242,29.169000000
218.024556,29.170000000
218.037225,29.171000000
218.053235,29.172000000
218.090355,29.173000000
218.121325,29.174000000
218.126861,29.175000000
218.148504,29.176000000
218.151699,29.177000000
218.168201,29.178000000
218.178103,29.179000000
218.180034,29.180000000
218.185828,29.181000000
218.199246,29.182000000
218.217782,29.183000000
218.229172,29.184000000
218.233082,29.185000000
218.243430,29.186000000
218.245701,29.187000000
218.296600,29.188000000
218.309169,29.189000000
218.322537,29.190000000
218.332511,29.191000000
218.347325,29.192000000
218.369312,29.193000000
218.369373,29.194000000
218.382714,29.195000000
218.390394,29.196000000
218.419934,29.197000000
218.427922,29.198000000
218.451970,29.199000000
218.459294,29.200000000
218.469090,29.201000000
218.469543,29.202000000
218.482760,29.203000000
218.483294,29.204000000
218.514955,29.205000000
218.525046,29.206000000
218.535987,29.207000000
218.545948,29.208000000
218.555611,29.209000000
218.556014,29.210000000
218.563321,29.211000000
218.567130,29.212000000
218.579504,29.213000000
218.579570,29.214000000
218.599706,29.215000000
218.626372,29.216000000
218.632842,29.217000000
218.645758,29.218000000
218.645821,29.219000000
218.654187,29.220000000
218.654921,29.221000000
218.665310,29.222000000
218.670232,29.223000000
218.682231,29.224000000
218.690112,29.225000000
218.696594,29.226000000
218.703566,29.227000000
218.717184,29.228000000
218.717246,29.229000000
218.728875,29.230000000
218.734165,29.231000000
218.741183,29.232000000
218.751188,29.233000000
218.755364,29.234000000
218.776780,29.235000000
218.776844,29.236000000
218.786400,29.237000000
218.794578,29.238000000
218.801180,29.239000000
218.816222,29.240000000
218.819914,29.241000000
218.849749,29.242000000
218.858092,29.243000000
218.878986,29.244000000
218.889928,29.245000000
218.893698,29.246000000
218.905735,29.247000000
218.905806,29.248000000
218.916375,29.249000000
218.935279,29.250000000
218.943402,29.251000000
218.964885,29.252000000
218.972040,29.253000000
218.990169,29.254000000
218.990236,29.255000000
219.002623,29.256000000
219.003381,29.257000000
219.013190,29.258000000
219.017633,29.259000000
219.039427,29.260000000
219.046225,29.261000000
219.070232,29.262000000
219.071171,29.263000000
219.080132,29.264000000
219.080190,29.265000000
219.080231,29.266000000
219.081854,29.267000000
219.102388,29.268000000
219.108544,29.269000000
219.115333,29.270000000
219.133770,29.271000000
219.133827,29.272000000
219.139899,29.273000000
219.141732,29.274000000
219.149782,29.275000000
219.162588,29.276000000
219.162647,29.277000000
219.173862,29.278000000
219.181338,29.279000000
219.202549,29.280000000
219.210962,29.281000000
219.234546,29.282000000
219.242054,29.283000000
219.249913,29.284000000
219.252680,29.285000000
219.260383,29.286000000
219.270712,29.287000000
219.270776,29.288000000
219.295660,29.289000000
219.298050,29.290000000
219.300356,29.291000000
219.302664,29.292000000
219.304879,29.293000000
219.307130,29.294000000
219.309786,29.295000000
219.312029,29.296000000
219.315519,29.297000000
219.317808,29.298000000
219.340628,29.299000000
219.358318,29.300000000
219.365901,29.301000000
219.368497,29.302000000
219.380745,29.303000000
219.387181,29.304000000
219.400008,29.305000000
219.405789,29.306000000
219.425300,29.307000000
219.431091,29.308000000
219.442426,29.309000000
219.446319,29.310000000
219.452724,29.311000000
219.455007,29.312000000
219.472404,29.313000000
219.482475,29.314000000
219.494054,29.315000000
219.504406,29.316000000
219.511390,29.317000000
219.528227,29.318000000
219.532199,29.319000000
219.562814,29.320000000
219.583012,29.321000000
219.598983,29.322000000
219.614421,29.323000000
219.617541,29.324000000
219.623747,29.325000000
219.625893,29.326000000
219.633813,29.327000000
219.636011,29.328000000
219.650018,29.329000000
219.652369,29.330000000
219.660049,29.331000000
219.662280,29.332000000
219.670334,29.333000000
219.691691,29.334000000
219.697855,29.335000000
219.706184,29.336000000
219.709037,29.337000000
219.724654,29.338000000
219.772679,29.339000000
219.772743,29.340000000
219.801508,29.341000000
219.816446,29.342000000
219.828511,29.343000000
219.841884,29.344000000
219.855652,29.345000000
219.869316,29.346000000
219.884305,29.347000000
219.895796,29.348000000
219.908950,29.349000000
219.923636,29.350000000
219.932101,29.351000000
219.965373,29.352000000
219.981334,29.353000000
219.986370,29.354000000
219.998313,29.355000000
220.000589,29.356000000
220.009055,29.357000000
220.014057,29.358000000
220.036263,29.359000000
220.040338,29.360000000
220.055450,29.361000000
220.060515,29.362000000
220.105644,29.363000000
220.108780,29.364000000
220.122333,29.365000000
220.122399,29.366000000
220.122441,29.367000000
220.131212,29.368000000
220.146352,29.369000000
220.152508,29.370000000
220.152591,29.371000000
220.163953,29.372000000
220.164016,29.373000000
220.205487,29.374000000
220.224814,29.375000000
220.241004,29.376000000
220.248747,29.377000000
220.254783,29.378000000
220.264600,29.379000000
220.269765,29.380000000
220.285460,29.381000000
220.294831,29.382000000
220.307228,29.383000000
220.318533,29.384000000
220.347534,29.385000000
220.355029,29.386000000
220.371270,29.387000000
220.387058,29.388000000
220.419076,29.389000000
220.419519,29.390000000
220.427684,29.391000000
220.427781,29.392000000
220.436479,29.393000000
220.443249,29.394000000
220.451379,29.395000000
220.451443,29.396000000
220.465223,29.397000000
220.483464,29.398000000
220.483637,29.399000000
220.483690,29.400000000
220.484377,29.401000000
220.517637,29.402000000
220.526740,29.403000000
220.526800,29.404000000
220.546665,29.405000000
220.546727,29.406000000
220.547186,29.407000000
220.552752,29.408000000
220.552812,29.409000000
220.552853,29.410000000
220.554588,29.411000000
220.564477,29.412000000
220.564533,29.413000000
220.564575,29.414000000
220.564613,29.415000000
220.565102,29.416000000
220.571686,29.417000000
220.572134,29.418000000
220.572182,29.419000000
220.572565,29.420000000
220.599025,29.421000000
220.616286,29.422000000
220.616334,29.423000000
220.622229,29.424000000
220.634000,29.425000000
220.648681,29.426000000
220.648743,29.427000000
220.653971,29.428000000
220.654346,29.429000000
220.659476,29.430000000
220.670846,29.431000000
220.681431,29.432000000
220.681494,29.433000000
220.705111,29.434000000
220.705176,29.435000000
220.721295,29.436000000
220.721357,29.437000000
220.732332,29.438000000
220.733135,29.439000000
220.762327,29.440000000
220.773353,29.441000000
220.773417,29.442000000
220.783489,29.443000000
220.795348,29.444000000
220.795409,29.445000000
220.806314,29.446000000
220.806376,29.447000000
220.812569,29.448000000
220.832424,29.449000000
220.842145,29.450000000
220.842551,29.451000000
220.851054,29.452000000
220.862279,29.453000000
220.873277,29.454000000
220.873340,29.455000000
220.883795,29.456000000
220.883859,29.457000000
220.916027,29.458000000
220.916089,29.459000000
220.931169,29.460000000
220.937618,29.461000000
220.946512,29.462000000
220.957027,29.463000000
220.973967,29.464000000
220.979983,29.465000000
220.996612,29.466000000
220.998946,29.467000000
221.014227,29.468000000
221.056274,29.469000000
221.083231,29.470000000
221.100177,29.471000000
221.110583,29.472000000
221.114811,29.473000000
221.134092,29.474000000
221.171914,29.475000000
221.181084,29.476000000
221.191930,29.477000000
221.210083,29.478000000
221.216115,29.479000000
221.248125,29.480000000
221.261776,29.481000000
221.274547,29.482000000
221.278178,29.483000000
221.292340,29.484000000
221.302839,29.485000000
221.317823,29.486000000
221.332181,29.487000000
221.343642,29.488000000
221.347900,29.489000000
221.350266,29.490000000
221.353164,29.491000000
221.355456,29.492000000
221.359358,29.493000000
221.361560,29.494000000
221.363704,29.495000000
221.365953,29.496000000
221.368080,29.497000000
221.370244,29.498000000
221.377006,29.499000000
221.381542,29.500000000
221.383836,29.501000000
221.413389,29.502000000
221.419343,29.503000000
221.433385,29.504000000
221.463082,29.505000000
221.463143,29.506000000
221.463184,29.507000000
221.483992,29.508000000
221.509754,29.509000000
221.526990,29.510000000
221.535651,29.511000000
221.552244,29.512000000
221.572367,29.513000000
221.587104,29.514000000
221.587482,29.515000000
221.599123,29.516000000
221.607070,29.517000000
221.620644,29.518000000
221.630715,29.519000000
221.643393,29.520000000
221.655668,29.521000000
221.660247,29.522000000
221.675769,29.523000000
221.689178,29.524000000
221.689239,29.525000000
221.694679,29.526000000
221.695803,29.527000000
221.701994,29.528000000
221.704310,29.529000000
221.710143,29.530000000
221.729482,29.531000000
221.734867,29.532000000
221.741153,29.533000000
221.743674,29.534000000
221.796115,29.535000000
221.798838,29.536000000
221.816918,29.537000000
221.822005,29.538000000
221.829334,29.539000000
221.852200,29.540000000
221.877572,29.541000000
221.881950,29.542000000
221.884148,29.543000000
221.891256,29.544000000
221.904622,29.545000000
221.909611,29.546000000
221.914022,29.547000000
221.949653,29.548000000
221.961779,29.549000000
221.971763,29.550000000
221.986711,29.551000000
221.996690,29.552000000
222.005573,29.553000000
222.018856,29.554000000
222.028867,29.555000000
222.046666,29.556000000
222.055901,29.557000000
222.064208,29.558000000
222.072002,29.559000000
222.077025,29.560000000
222.079615,29.561000000
222.088286,29.562000000
222.095596,29.563000000
222.097837,29.564000000
222.103281,29.565000000
222.105459,29.566000000
222.123518,29.567000000
222.129228,29.568000000
222.132321,29.569000000
222.134968,29.570000000
222.150230,29.571000000
222.183775,29.572000000
222.187665,29.573000000
222.197002,29.574000000
222.206618,29.575000000
222.211370,29.576000000
222.216776,29.577000000
222.220302,29.578000000
222.250024,29.579000000
222.254625,29.580000000
222.269404,29.581000000
222.271865,29.582000000
222.276001,29.583000000
222.292635,29.584000000
222.299232,29.585000000
222.307742,29.586000000
222.315682,29.587000000
222.319282,29.588000000
222.328344,29.589000000
222.336981,29.590000000
222.341445,29.591000000
222.351145,29.592000000
222.355644,29.593000000
222.364154,29.594000000
222.374198,29.595000000
222.384628,29.596000000
222.392585,29.597000000
222.398700,29.598000000
222.420719,29.599000000
222.424543,29.600000000
222.447222,29.601000000
222.458446,29.602000000
222.467406,29.603000000
222.474877,29.604000000
222.497720,29.605000000
222.512314,29.606000000
222.521089,29.607000000
222.531374,29.608000000
222.551028,29.609000000
222.577417,29.610000000
222.580671,29.611000000
222.595004,29.612000000
222.618042,29.613000000
222.622370,29.614000000
222.643394,29.615000000
222.654363,29.616000000
222.659935,29.617000000
222.670316,29.618000000
222.678025,29.619000000
222.686189,29.620000000
222.695814,29.621000000
222.705784,29.622000000
222.718371,29.623000000
222.725210,29.624000000
222.729859,29.625000000
222.738927,29.626000000
222.744316,29.627000000
222.754628,29.628000000
222.767162,29.629000000
222.774907,29.630000000
222.799425,29.631000000
222.801940,29.632000000
222.808863,29.633000000
222.839958,29.634000000
222.859272,29.635000000
222.869562,29.636000000
222.872107,29.637000000
222.884978,29.638000000
222.898021,29.639000000
222.919540,29.640000000
222.930175,29.641000000
222.946202,29.642000000
222.946267,29.643000000
222.963998,29.644000000
222.980353,29.645000000
222.997585,29.646000000
223.024781,29.647000000
223.034700,29.648000000
223.048213,29.649000000
223.058404,29.650000000
223.072623,29.651000000
223.072671,29.652000000
223.089309,29.653000000
223.104272,29.654000000
223.115139,29.655000000
223.126266,29.656000000
223.149347,29.657000000
223.172962,29.658000000
223.184732,29.659000000
223.203826,29.660000000
223.205781,29.661000000
223.213314,29.662000000
223.223387,29.663000000
223.233283,29.664000000
223.235325,29.665000000
223.248232,29.666000000
223.250172,29.667000000
223.261066,29.668000000
223.265563,29.669000000
223.286268,29.670000000
223.301923,29.671000000
223.301962,29.672000000
223.324464,29.673000000
223.330908,29.674000000
223.354147,29.675000000
223.354256,29.676000000
223.402107,29.677000000
223.402161,29.678000000
223.411802,29.679000000
223.429103,29.680000000
223.441551,29.681000000
223.451919,29.682000000
223.465590,29.683000000
223.465635,29.684000000
223.474333,29.685000000
223.474370,29.686000000
223.485896,29.687000000
223.492289,29.688000000
223.496255,29.689000000
223.524851,29.690000000
223.525368,29.691000000
223.525403,29.692000000
223.532527,29.693000000
223.550076,29.694000000
223.557351,29.695000000
223.580661,29.696000000
223.588542,29.697000000
223.612897,29.698000000
223.623738,29.699000000
223.626192,29.700000000
223.632362,29.701000000
223.634966,29.702000000
223.639257,29.703000000
223.642474,29.704000000
223.644794,29.705000000
223.647031,29.706000000
223.654163,29.707000000
223.656562,29.708000000
223.658839,29.709000000
223.664516,29.710000000
223.668772,29.711000000
223.671393,29.712000000
223.680030,29.713000000
223.700936,29.714000000
223.707120,29.715000000
223.711679,29.716000000
223.716074,29.717000000
223.720194,29.718000000
223.733737,29.719000000
223.745443,29.720000000
223.774847,29.721000000
223.784424,29.722000000
223.795405,29.723000000
223.808520,29.724000000
223.819108,29.725000000
223.835176,29.726000000
223.843770,29.727000000
223.858860,29.728000000
223.864856,29.729000000
223.872785,29.730000000
223.880321,29.731000000
223.884406,29.732000000
223.890610,29.733000000
223.903988,29.734000000
223.921357,29.735000000
223.928741,29.736000000
223.953364,29.737000000
223.960631,29.738000000
223.968076,29.739000000
223.971646,29.740000000
223.977861,29.741000000
223.996572,29.742000000
223.996634,29.743000000
224.027492,29.744000000
224.041253,29.745000000
224.049982,29.746000000
224.065040,29.747000000
224.081280,29.748000000
224.099676,29.749000000
224.118530,29.750000000
224.132370,29.751000000
224.132435,29.752000000
224.144264,29.753000000
224.153729,29.754000000
224.163611,29.755000000
224.170699,29.756000000
224.182214,29.757000000
224.195530,29.758000000
224.203701,29.759000000
224.209495,29.760000000
224.221509,29.761000000
224.228122,29.762000000
224.244204,29.763000000
224.244260,29.764000000
224.257646,29.765000000
224.272701,29.766000000
224.284876,29.767000000
224.298370,29.768000000
224.305455,29.769000000
224.305496,29.770000000
224.307460,29.771000000
224.310376,29.772000000
224.312903,29.773000000
224.315152,29.774000000
224.317526,29.775000000
224.320114,29.776000000
224.324425,29.777000000
224.326767,29.778000000
224.329340,29.779000000
224.331610,29.780000000
224.334022,29.781000000
224.337122,29.782000000
224.339766,29.783000000
224.342010,29.784000000
224.345280,29.785000000
224.360733,29.786000000
224.369621,29.787000000
224.374463,29.788000000
224.378326,29.789000000
224.380709,29.790000000
224.407660,29.791000000
224.410187,29.792000000
224.413057,29.793000000
224.415439,29.794000000
224.424590,29.795000000
224.430672,29.796000000
224.433949,29.797000000
224.436413,29.798000000
224.438742,29.799000000
224.444475,29.800000000
224.449029,29.801000000
224.451813,29.802000000
224.462207,29.803000000
224.503575,29.804000000
224.514921,29.805000000
224.517449,29.806000000
224.524808,29.807000000
224.528022,29.808000000
224.532167,29.809000000
224.538571,29.810000000
224.542849,29.811000000
224.548926,29.812000000
224.551445,29.813000000
224.559695,29.814000000
224.563362,29.815000000
224.567822,29.816000000
224.572274,29.817000000
224.574656,29.818000000
224.581232,29.819000000
224.590079,29.820000000
224.596522,29.821000000
224.608001,29.822000000
224.619859,29.823000000
224.641430,29.824000000
224.651380,29.825000000
224.659290,29.826000000
224.662843,29.827000000
224.668507,29.828000000
224.672184,29.829000000
224.675196,29.830000000
224.677490,29.831000000
224.682276,29.832000000
224.688431,29.833000000
224.690707,29.834000000
224.695073,29.835000000
224.707896,29.836000000
224.712798,29.837000000
224.715096,29.838000000
224.721717,29.839000000
224.725159,29.840000000
224.727685,29.841000000
224.733266,29.842000000
224.736541,29.843000000
224.760350,29.844000000
224.764421,29.845000000
224.770034,29.846000000
224.774401,29.847000000
224.777118,29.848000000
224.783046,29.849000000
224.787235,29.850000000
224.797109,29.851000000
224.802150,29.852000000
224.805254,29.853000000
224.807475,29.854000000
224.822492,29.855000000
224.827446,29.856000000
224.867039,29.857000000
224.871183,29.858000000
224.876797,29.859000000
224.881599,29.860000000
224.887178,29.861000000
224.889846,29.862000000
224.902734,29.863000000
224.907034,29.864000000
224.914190,29.865000000
224.918186,29.866000000
224.922476,29.867000000
224.924794,29.868000000
224.927390,29.869000000
224.960447,29.870000000
224.974285,29.871000000
224.980533,29.872000000
224.994957,29.873000000
225.001463,29.874000000
225.011481,29.875000000
225.022957,29.876000000
225.032214,29.877000000
225.044539,29.878000000
225.049144,29.879000000
225.061907,29.880000000
225.071393,29.881000000
225.074659,29.882000000
225.080398,29.883000000
225.083981,29.884000000
225.089962,29.885000000
225.094276,29.886000000
225.096550,29.887000000
225.098902,29.888000000
225.103005,29.889000000
225.110231,29.890000000
225.121512,29.891000000
225.128077,29.892000000
225.131854,29.893000000
225.134982,29.894000000
225.139090,29.895000000
225.143467,29.896000000
225.145821,29.897000000
225.171072,29.898000000
225.177100,29.899000000
225.179896,29.900000000
225.182492,29.901000000
225.185085,29.902000000
225.216203,29.903000000
225.222195,29.904000000
225.232969,29.905000000
225.236419,29.906000000
225.242621,29.907000000
225.277851,29.908000000
225.285753,29.909000000
225.289334,29.910000000
225.293383,29.911000000
225.298083,29.912000000
225.309631,29.913000000
225.314446,29.914000000
225.318944,29.915000000
225.321470,29.916000000
225.326703,29.917000000
225.331023,29.918000000
225.365187,29.919000000
225.376020,29.920000000
225.386079,29.921000000
225.397267,29.922000000
225.403551,29.923000000
225.415859,29.924000000
225.421568,29.925000000
225.437110,29.926000000
225.442379,29.927000000
225.452756,29.928000000
225.458497,29.929000000
225.469894,29.930000000
225.478181,29.931000000
225.480695,29.932000000
225.483151,29.933000000
225.489646,29.934000000
225.491821,29.935000000
225.495952,29.936000000
225.498118,29.937000000
225.501573,29.938000000
225.504483,29.939000000
225.509389,29.940000000
225.517788,29.941000000
225.523369,29.942000000
225.527924,29.943000000
225.530291,29.944000000
225.535610,29.945000000
225.539574,29.946000000
225.544163,29.947000000
225.567238,29.948000000
225.569824,29.949000000
225.583901,29.950000000
225.588901,29.951000000
225.591324,29.952000000
225.593691,29.953000000
225.597870,29.954000000
225.613053,29.955000000
225.621672,29.956000000
225.626310,29.957000000
225.656996,29.958000000
225.664690,29.959000000
225.671100,29.960000000
225.673995,29.961000000
225.676688,29.962000000
225.679477,29.963000000
225.681812,29.964000000
225.685362,29.965000000
225.692052,29.966000000
225.702984,29.967000000
225.706325,29.968000000
225.709491,29.969000000
225.716405,29.970000000
225.720987,29.971000000
225.724601,29.972000000
225.728053,29.973000000
225.733266,29.974000000
225.776429,29.975000000
225.788000,29.976000000
225.796096,29.977000000
225.806909,29.978000000
225.814574,29.979000000
225.827825,29.980000000
225.836547,29.981000000
225.848205,29.982000000
225.858719,29.983000000
225.869817,29.984000000
225.879109,29.985000000
225.890402,29.986000000
225.893351,29.987000000
225.898667,29.988000000
225.906819,29.989000000
225.908068,29.990000000
225.910355,29.991000000
225.914183,29.992000000
225.916502,29.993000000
225.919266,29.994000000
225.936214,29.995000000
225.938753,29.996000000
225.941749,29.997000000
225.948413,29.998000000
225.952939,29.999000000
225.956239,30.000000000
225.959426,30.001000000
225.989416,30.002000000
225.991785,30.003000000
225.997117,30.004000000
226.000807,30.005000000
226.004787,30.006000000
226.009426,30.007000000
226.040593,30.008000000
226.047727,30.009000000
226.055286,30.010000000
226.065837,30.011000000
226.069227,30.012000000
226.094679,30.013000000
226.097215,30.014000000
226.099646,30.015000000
226.106884,30.016000000
226.111207,30.017000000
226.123660,30.018000000
226.128532,30.019000000
226.132936,30.020000000
226.135581,30.021000000
226.166679,30.022000000
226.180478,30.023000000
226.187652,30.024000000
226.199772,30.025000000
226.210025,30.026000000
226.216024,30.027000000
226.228011,30.028000000
226.239706,30.029000000
226.247331,30.030000000
226.260984,30.031000000
226.267284,30.032000000
226.274182,30.033000000
226.284719,30.034000000
226.303823,30.035000000
226.306626,30.036000000
226.308855,30.037000000
226.315353,30.038000000
226.318425,30.039000000
226.323554,30.040000000
226.326276,30.041000000
226.328911,30.042000000
226.346295,30.043000000
226.354120,30.044000000
226.363826,30.045000000
226.370524,30.046000000
226.399882,30.047000000
226.412352,30.048000000
226.421393,30.049000000
226.442718,30.050000000
226.452860,30.051000000
226.463572,30.052000000
226.468259,30.053000000
226.487383,30.054000000
226.498240,30.055000000
226.511105,30.056000000
226.516265,30.057000000
226.523378,30.058000000
226.553009,30.059000000
226.564326,30.060000000
226.572006,30.061000000
226.582012,30.062000000
226.593726,30.063000000
226.597944,30.064000000
226.611544,30.065000000
226.621100,30.066000000
226.635103,30.067000000
226.643094,30.068000000
226.653115,30.069000000
226.660537,30.070000000
226.679744,30.071000000
226.687676,30.072000000
226.699605,30.073000000
226.717106,30.074000000
226.724293,30.075000000
226.728771,30.076000000
226.742337,30.077000000
226.746133,30.078000000
226.754603,30.079000000
226.760425,30.080000000
226.780676,30.081000000
226.794965,30.082000000
226.814499,30.083000000
226.817846,30.084000000
226.827487,30.085000000
226.842163,30.086000000
226.861458,30.087000000
226.863252,30.088000000
226.875513,30.089000000
226.888175,30.090000000
226.889508,30.091000000
226.902297,30.092000000
226.906191,30.093000000
226.913143,30.094000000
226.920618,30.095000000
226.928385,30.096000000
226.936750,30.097000000
226.951253,30.098000000
226.972034,30.099000000
226.995366,30.100000000
227.003628,30.101000000
227.011214,30.102000000
227.021377,30.103000000
227.021443,30.104000000
227.029739,30.105000000
227.030497,30.106000000
227.074285,30.107000000
227.085985,30.108000000
227.091906,30.109000000
227.099329,30.110000000
227.110331,30.111000000
227.115897,30.112000000
227.135964,30.113000000
227.146446,30.114000000
227.153734,30.115000000
227.163754,30.116000000
227.171464,30.117000000
227.180607,30.118000000
227.186747,30.119000000
227.196607,30.120000000
227.204358,30.121000000
227.226466,30.122000000
227.247566,30.123000000
227.265645,30.124000000
227.276412,30.125000000
227.290371,30.126000000
227.291828,30.127000000
227.303664,30.128000000
227.314811,30.129000000
227.326815,30.130000000
227.349248,30.131000000
227.353102,30.132000000
227.364305,30.133000000
227.367662,30.134000000
227.401869,30.135000000
227.404874,30.136000000
227.425596,30.137000000
227.434088,30.138000000
227.471134,30.139000000
227.480608,30.140000000
227.492054,30.141000000
227.495803,30.142000000
227.507781,30.143000000
227.511187,30.144000000
227.519712,30.145000000
227.526312,30.146000000
227.532803,30.147000000
227.543844,30.148000000
227.548761,30.149000000
227.554356,30.150000000
227.561857,30.151000000
227.567388,30.152000000
227.571838,30.153000000
227.575709,30.154000000
227.579437,30.155000000
227.588558,30.156000000
227.594677,30.157000000
227.597077,30.158000000
227.599469,30.159000000
227.601774,30.160000000
227.604352,30.161000000
227.633822,30.162000000
227.636212,30.163000000
227.640006,30.164000000
227.642308,30.165000000
227.655632,30.166000000
227.660866,30.167000000
227.663144,30.168000000
227.665498,30.169000000
227.667843,30.170000000
227.670240,30.171000000
227.698395,30.172000000
227.703667,30.173000000
227.711531,30.174000000
227.718965,30.175000000
227.728074,30.176000000
227.745578,30.177000000
227.754923,30.178000000
227.767265,30.179000000
227.776469,30.180000000
227.791705,30.181000000
227.801830,30.182000000
227.813800,30.183000000
227.827497,30.184000000
227.838650,30.185000000
227.844401,30.186000000
227.859357,30.187000000
227.868632,30.188000000
227.877849,30.189000000
227.895304,30.190000000
227.906018,30.191000000
227.910025,30.192000000
227.961160,30.193000000
227.977261,30.194000000
227.983044,30.195000000
227.987909,30.196000000
227.998724,30.197000000
228.032043,30.198000000
228.041892,30.199000000
228.048168,30.200000000
228.068919,30.201000000
228.076752,30.202000000
228.079129,30.203000000
228.108155,30.204000000
228.118677,30.205000000
228.132973,30.206000000
228.147382,30.207000000
228.165169,30.208000000
228.174675,30.209000000
228.192869,30.210000000
228.193841,30.211000000
228.203580,30.212000000
228.227442,30.213000000
228.246717,30.214000000
228.250749,30.215000000
228.276857,30.216000000
228.284126,30.217000000
228.297221,30.218000000
228.313666,30.219000000
228.321079,30.220000000
228.333085,30.221000000
228.345675,30.222000000
228.356712,30.223000000
228.370035,30.224000000
228.370776,30.225000000
228.392260,30.226000000
228.399843,30.227000000
228.408775,30.228000000
228.415990,30.229000000
228.434232,30.230000000
228.446938,30.231000000
228.461971,30.232000000
228.474423,30.233000000
228.476372,30.234000000
228.503174,30.235000000
228.519450,30.236000000
228.547870,30.237000000
228.560671,30.238000000
228.569306,30.239000000
228.594236,30.240000000
228.603104,30.241000000
228.614566,30.242000000
228.628156,30.243000000
228.642183,30.244000000
228.651018,30.245000000
228.662076,30.246000000
228.672006,30.247000000
228.682677,30.248000000
228.693193,30.249000000
228.705008,30.250000000
228.712628,30.251000000
228.725548,30.252000000
228.725611,30.253000000
228.736509,30.254000000
228.745997,30.255000000
228.747599,30.256000000
228.762744,30.257000000
228.766339,30.258000000
228.773108,30.259000000
228.775455,30.260000000
228.800669,30.261000000
228.807204,30.262000000
228.824306,30.263000000
228.829263,30.264000000
228.838788,30.265000000
228.851391,30.266000000
228.855137,30.267000000
228.863811,30.268000000
228.891304,30.269000000
228.895025,30.270000000
228.903458,30.271000000
228.909010,30.272000000
228.919706,30.273000000
228.927122,30.274000000
228.936420,30.275000000
228.948347,30.276000000
228.955768,30.277000000
228.967951,30.278000000
228.974202,30.279000000
228.986395,30.280000000
229.007905,30.281000000
229.011683,30.282000000
229.026021,30.283000000
229.043707,30.284000000
229.056051,30.285000000
229.073832,30.286000000
229.078223,30.287000000
229.086923,30.288000000
229.093031,30.289000000
229.119548,30.290000000
229.127731,30.291000000
229.142645,30.292000000
229.148349,30.293000000
229.156896,30.294000000
229.191458,30.295000000
229.194939,30.296000000
229.204175,30.297000000
229.211386,30.298000000
229.217813,30.299000000
229.225146,30.300000000
229.231451,30.301000000
229.246180,30.302000000
229.256145,30.303000000
229.261723,30.304000000
229.273118,30.305000000
229.282449,30.306000000
229.298284,30.307000000
229.307816,30.308000000
229.319167,30.309000000
229.325449,30.310000000
229.337465,30.311000000
229.347026,30.312000000
229.355994,30.313000000
229.365555,30.314000000
229.391483,30.315000000
229.402016,30.316000000
229.409393,30.317000000
229.435180,30.318000000
229.436873,30.319000000
229.447050,30.320000000
229.449234,30.321000000
229.454453,30.322000000
229.461274,30.323000000
229.469310,30.324000000
229.476853,30.325000000
229.482265,30.326000000
229.485984,30.327000000
229.494121,30.328000000
229.503257,30.329000000
229.506677,30.330000000
229.517778,30.331000000
229.520930,30.332000000
229.527810,30.333000000
229.535722,30.334000000
229.539949,30.335000000
229.551540,30.336000000
229.556143,30.337000000
229.571494,30.338000000
229.576061,30.339000000
229.585036,30.340000000
229.590306,30.341000000
229.595167,30.342000000
229.600735,30.343000000
229.606209,30.344000000
229.609756,30.345000000
229.612579,30.346000000
229.618610,30.347000000
229.623118,30.348000000
229.626348,30.349000000
229.630665,30.350000000
229.634291,30.351000000
229.639623,30.352000000
229.644106,30.353000000
229.652022,30.354000000
229.654419,30.355000000
229.657239,30.356000000
229.661680,30.357000000
229.669305,30.358000000
229.672087,30.359000000
229.674649,30.360000000
229.679402,30.361000000
229.683943,30.362000000
229.688222,30.363000000
229.694401,30.364000000
229.696974,30.365000000
229.699487,30.366000000
229.705924,30.367000000
229.724369,30.368000000
229.729750,30.369000000
229.737209,30.370000000
229.742700,30.371000000
229.746266,30.372000000
229.751156,30.373000000
229.759945,30.374000000
229.771778,30.375000000
229.782282,30.376000000
229.792255,30.377000000
229.797362,30.378000000
229.800379,30.379000000
229.807797,30.380000000
229.812375,30.381000000
229.815995,30.382000000
229.819592,30.383000000
229.822125,30.384000000
229.824409,30.385000000
229.849878,30.386000000
229.852902,30.387000000
229.857452,30.388000000
229.865886,30.389000000
229.870805,30.390000000
229.879690,30.391000000
229.888276,30.392000000
229.891811,30.393000000
229.921607,30.394000000
229.934257,30.395000000
229.945085,30.396000000
229.958932,30.397000000
229.975437,30.398000000
229.978837,30.399000000
229.991719,30.400000000
230.002830,30.401000000
230.008851,30.402000000
230.020355,30.403000000
230.022048,30.404000000
230.034195,30.405000000
230.048619,30.406000000
230.066016,30.407000000
230.076566,30.408000000
230.084757,30.409000000
230.110728,30.410000000
230.113879,30.411000000
230.117020,30.412000000
230.132414,30.413000000
230.138829,30.414000000
230.143439,30.415000000
230.155323,30.416000000
230.163086,30.417000000
230.169557,30.418000000
230.177763,30.419000000
230.182610,30.420000000
230.202374,30.421000000
230.202440,30.422000000
230.209013,30.423000000
230.214874,30.424000000
230.221733,30.425000000
230.242385,30.426000000
230.256034,30.427000000
230.262897,30.428000000
230.271035,30.429000000
230.271103,30.430000000
230.300292,30.431000000
230.302499,30.432000000
230.306304,30.433000000
230.317310,30.434000000
230.324939,30.435000000
230.339129,30.436000000
230.339192,30.437000000
230.349602,30.438000000
230.361431,30.439000000
230.361880,30.440000000
230.366662,30.441000000
230.380491,30.442000000
230.380554,30.443000000
230.383651,30.444000000
230.391207,30.445000000
230.404215,30.446000000
230.429788,30.447000000
230.434744,30.448000000
230.444762,30.449000000
230.456603,30.450000000
230.459404,30.451000000
230.463116,30.452000000
230.472592,30.453000000
230.493673,30.454000000
230.495995,30.455000000
230.503346,30.456000000
230.528411,30.457000000
230.540456,30.458000000
230.550055,30.459000000
230.553660,30.460000000
230.563465,30.461000000
230.566829,30.462000000
230.574566,30.463000000
230.584460,30.464000000
230.605382,30.465000000
230.607695,30.466000000
230.611546,30.467000000
230.614948,30.468000000
230.621106,30.469000000
230.634113,30.470000000
230.636721,30.471000000
230.639204,30.472000000
230.643179,30.473000000
230.653235,30.474000000
230.657528,30.475000000
230.682028,30.476000000
230.684630,30.477000000
230.690435,30.478000000
230.701657,30.479000000
230.709334,30.480000000
230.719431,30.481000000
230.724585,30.482000000
230.731234,30.483000000
230.738216,30.484000000
230.748307,30.485000000
230.759782,30.486000000
230.763904,30.487000000
230.776697,30.488000000
230.786216,30.489000000
230.797159,30.490000000
230.803608,30.491000000
230.818788,30.492000000
230.841506,30.493000000
230.858593,30.494000000
230.863246,30.495000000
230.885155,30.496000000
230.890713,30.497000000
230.911767,30.498000000
230.920286,30.499000000
230.920353,30.500000000
230.928261,30.501000000
230.934871,30.502000000
230.941306,30.503000000
230.952393,30.504000000
230.956896,30.505000000
230.959402,30.506000000
230.970207,30.507000000
230.973532,30.508000000
230.977428,30.509000000
230.988313,30.510000000
230.990991,30.511000000
231.006656,30.512000000
231.010856,30.513000000
231.015363,30.514000000
231.021157,30.515000000
231.025548,30.516000000
231.030147,30.517000000
231.040142,30.518000000
231.046241,30.519000000
231.052365,30.520000000
231.069402,30.521000000
231.076882,30.522000000
231.085052,30.523000000
231.088497,30.524000000
231.099290,30.525000000
231.105823,30.526000000
231.109023,30.527000000
231.122479,30.528000000
231.126915,30.529000000
231.142918,30.530000000
231.153583,30.531000000
231.158283,30.532000000
231.161433,30.533000000
231.182711,30.534000000
231.185145,30.535000000
231.187897,30.536000000
231.211204,30.537000000
231.225963,30.538000000
231.243771,30.539000000
231.246153,30.540000000
231.255892,30.541000000
231.260694,30.542000000
231.286773,30.543000000
231.292772,30.544000000
231.304852,30.545000000
231.317086,30.546000000
231.337990,30.547000000
231.340715,30.548000000
231.346751,30.549000000
231.352973,30.550000000
231.357208,30.551000000
231.360273,30.552000000
231.378598,30.553000000
231.389083,30.554000000
231.395751,30.555000000
231.403306,30.556000000
231.410494,30.557000000
231.419641,30.558000000
231.427069,30.559000000
231.434098,30.560000000
231.443983,30.561000000
231.446599,30.562000000
231.469081,30.563000000
231.486583,30.564000000
231.493902,30.565000000
231.500752,30.566000000
231.516046,30.567000000
231.542655,30.568000000
231.549340,30.569000000
231.554238,30.570000000
231.581395,30.571000000
231.590101,30.572000000
231.614167,30.573000000
231.616625,30.574000000
231.622643,30.575000000
231.648623,30.576000000
231.662392,30.577000000
231.665169,30.578000000
231.680057,30.579000000
231.680119,30.580000000
231.680191,30.581000000
231.680855,30.582000000
231.686356,30.583000000
231.686819,30.584000000
231.686871,30.585000000
231.688243,30.586000000
231.697160,30.587000000
231.697253,30.588000000
231.697296,30.589000000
231.697875,30.590000000
231.698201,30.591000000
231.698750,30.592000000
231.729393,30.593000000
231.730656,30.594000000
231.742654,30.595000000
231.754547,30.596000000
231.769616,30.597000000
231.782330,30.598000000
231.786097,30.599000000
231.791884,30.600000000
231.797949,30.601000000
231.802545,30.602000000
231.805231,30.603000000
231.815789,30.604000000
231.818199,30.605000000
231.820867,30.606000000
231.824381,30.607000000
231.826701,30.608000000
231.829022,30.609000000
231.831497,30.610000000
231.834512,30.611000000
231.838243,30.612000000
231.841546,30.613000000
231.848431,30.614000000
231.851401,30.615000000
231.866740,30.616000000
231.880010,30.617000000
231.884608,30.618000000
231.912265,30.619000000
231.922999,30.620000000
231.944117,30.621000000
231.946423,30.622000000
231.968842,30.623000000
231.979090,30.624000000
231.992167,30.625000000
231.996037,30.626000000
232.006424,30.627000000
232.023423,30.628000000
232.038258,30.629000000
232.041808,30.630000000
232.056480,30.631000000
232.058668,30.632000000
232.068998,30.633000000
232.073614,30.634000000
232.078771,30.635000000
232.097716,30.636000000
232.116876,30.637000000
232.132574,30.638000000
232.151017,30.639000000
232.163163,30.640000000
232.168032,30.641000000
232.189598,30.642000000
232.217234,30.643000000
232.224525,30.644000000
232.258384,30.645000000
232.275831,30.646000000
232.281257,30.647000000
232.305112,30.648000000
232.310137,30.649000000
232.316858,30.650000000
232.321779,30.651000000
232.324520,30.652000000
232.331978,30.653000000
232.336709,30.654000000
232.386379,30.655000000
232.393816,30.656000000
232.405080,30.657000000
232.407726,30.658000000
232.410154,30.659000000
232.415865,30.660000000
232.423950,30.661000000
232.424013,30.662000000
232.424448,30.663000000
232.432577,30.664000000
232.441795,30.665000000
232.441859,30.666000000
232.451131,30.667000000
232.458537,30.668000000
232.472175,30.669000000
232.480717,30.670000000
232.481723,30.671000000
232.497856,30.672000000
232.514173,30.673000000
232.514715,30.674000000
232.544150,30.675000000
232.567691,30.676000000
232.567808,30.677000000
232.590248,30.678000000
232.642298,30.679000000
232.653566,30.680000000
232.669162,30.681000000
232.671273,30.682000000
232.690721,30.683000000
232.702063,30.684000000
232.721070,30.685000000
232.722838,30.686000000
232.735384,30.687000000
232.771234,30.688000000
232.775036,30.689000000
232.797425,30.690000000
232.799285,30.691000000
232.836108,30.692000000
232.836171,30.693000000
232.851040,30.694000000
232.851101,30.695000000
232.851141,30.696000000
232.871371,30.697000000
232.892391,30.698000000
232.892511,30.699000000
232.910042,30.700000000
232.918977,30.701000000
232.933939,30.702000000
232.935576,30.703000000
232.936085,30.704000000
232.937129,30.705000000
232.950184,30.706000000
232.950316,30.707000000
232.950362,30.708000000
232.950401,30.709000000
232.985343,30.710000000
233.011496,30.711000000
233.023517,30.712000000
233.039243,30.713000000
233.043983,30.714000000
233.044125,30.715000000
233.063295,30.716000000
233.097195,30.717000000
233.097338,30.718000000
233.124443,30.719000000
233.127156,30.720000000
233.174569,30.721000000
233.180193,30.722000000
233.207580,30.723000000
233.228802,30.724000000
233.232472,30.725000000
233.258834,30.726000000
233.263779,30.727000000
233.282207,30.728000000
233.292272,30.729000000
233.313618,30.730000000
233.327048,30.731000000
233.341463,30.732000000
233.344559,30.733000000
233.355349,30.734000000
233.360471,30.735000000
233.364139,30.736000000
233.373444,30.737000000
233.378823,30.738000000
233.383565,30.739000000
233.387739,30.740000000
233.398693,30.741000000
233.412094,30.742000000
233.434398,30.743000000
233.438862,30.744000000
233.456398,30.745000000
233.465358,30.746000000
233.475592,30.747000000
233.481922,30.748000000
233.490458,30.749000000
233.495783,30.750000000
233.502063,30.751000000
233.504642,30.752000000
233.513740,30.753000000
233.521218,30.754000000
233.533997,30.755000000
233.539250,30.756000000
233.544857,30.757000000
233.549203,30.758000000
233.557404,30.759000000
233.562199,30.760000000
233.568041,30.761000000
233.573368,30.762000000
233.577662,30.763000000
233.583100,30.764000000
233.589376,30.765000000
233.592998,30.766000000
233.597379,30.767000000
233.602859,30.768000000
233.605268,30.769000000
233.613657,30.770000000
233.619735,30.771000000
233.623541,30.772000000
233.629422,30.773000000
233.633755,30.774000000
233.639325,30.775000000
233.645687,30.776000000
233.651247,30.777000000
233.657100,30.778000000
233.662428,30.779000000
233.666533,30.780000000
233.672633,30.781000000
233.675510,30.782000000
233.678077,30.783000000
233.685480,30.784000000
233.690944,30.785000000
233.699117,30.786000000
233.702009,30.787000000
233.711043,30.788000000
233.717068,30.789000000
233.721504,30.790000000
233.728867,30.791000000
233.734825,30.792000000
233.740170,30.793000000
233.759331,30.794000000
233.769246,30.795000000
233.779842,30.796000000
233.786300,30.797000000
233.805339,30.798000000
233.812849,30.799000000
233.817075,30.800000000
233.820192,30.801000000
233.833416,30.802000000
233.841161,30.803000000
233.850440,30.804000000
233.862531,30.805000000
233.872628,30.806000000
233.878579,30.807000000
233.885565,30.808000000
233.893051,30.809000000
233.901132,30.810000000
233.905802,30.811000000
233.917808,30.812000000
233.922185,30.813000000
233.926888,30.814000000
233.936125,30.815000000
233.944515,30.816000000
233.951088,30.817000000
233.958805,30.818000000
233.965150,30.819000000
233.973234,30.820000000
233.982021,30.821000000
233.986464,30.822000000
233.997817,30.823000000
234.000779,30.824000000
234.007712,30.825000000
234.015649,30.826000000
234.022027,30.827000000
234.027670,30.828000000
234.036707,30.829000000
234.041103,30.830000000
234.047525,30.831000000
234.056551,30.832000000
234.066283,30.833000000
234.072578,30.834000000
234.081418,30.835000000
234.087801,30.836000000
234.096460,30.837000000
234.105271,30.838000000
234.111068,30.839000000
234.118947,30.840000000
234.125942,30.841000000
234.130214,30.842000000
234.151351,30.843000000
234.163124,30.844000000
234.177059,30.845000000
234.189324,30.846000000
234.194911,30.847000000
234.205659,30.848000000
234.211976,30.849000000
234.223287,30.850000000
234.228777,30.851000000
234.234890,30.852000000
234.242405,30.853000000
234.250073,30.854000000
234.257409,30.855000000
234.268191,30.856000000
234.274391,30.857000000
234.283926,30.858000000
234.291928,30.859000000
234.297709,30.860000000
234.305827,30.861000000
234.310850,30.862000000
234.318251,30.863000000
234.321419,30.864000000
234.336376,30.865000000
234.345936,30.866000000
234.352286,30.867000000
234.359496,30.868000000
234.368203,30.869000000
234.373854,30.870000000
234.381887,30.871000000
234.387971,30.872000000
234.394887,30.873000000
234.399613,30.874000000
234.410612,30.875000000
234.416388,30.876000000
234.423601,30.877000000
234.433067,30.878000000
234.440588,30.879000000
234.447200,30.880000000
234.456089,30.881000000
234.463220,30.882000000
234.473696,30.883000000
234.488759,30.884000000
234.498372,30.885000000
234.519175,30.886000000
234.538998,30.887000000
234.572792,30.888000000
234.577708,30.889000000
234.596369,30.890000000
234.603024,30.891000000
234.623030,30.892000000
234.626523,30.893000000
234.631522,30.894000000
234.637225,30.895000000
234.652641,30.896000000
234.655138,30.897000000
234.663357,30.898000000
234.667067,30.899000000
234.676842,30.900000000
234.681497,30.901000000
234.686335,30.902000000
234.689329,30.903000000
234.693742,30.904000000
234.698363,30.905000000
234.703303,30.906000000
234.706969,30.907000000
234.711275,30.908000000
234.715553,30.909000000
234.719022,30.910000000
234.723441,30.911000000
234.737815,30.912000000
234.745765,30.913000000
234.753237,30.914000000
234.761232,30.915000000
234.768139,30.916000000
234.770643,30.917000000
234.781502,30.918000000
234.797527,30.919000000
234.814976,30.920000000
234.834826,30.921000000
234.843419,30.922000000
234.851110,30.923000000
234.859893,30.924000000
234.862389,30.925000000
234.879690,30.926000000
234.882276,30.927000000
234.884779,30.928000000
234.893305,30.929000000
234.909665,30.930000000
234.936712,30.931000000
234.968510,30.932000000
234.983226,30.933000000
234.995343,30.934000000
235.006056,30.935000000
235.021606,30.936000000
235.033374,30.937000000
235.045460,30.938000000
235.064547,30.939000000
235.076713,30.940000000
235.084654,30.941000000
235.105427,30.942000000
235.117171,30.943000000
235.140590,30.944000000
235.161564,30.945000000
235.167907,30.946000000
235.186869,30.947000000
235.195058,30.948000000
235.202147,30.949000000
235.224380,30.950000000
235.244205,30.951000000
235.256445,30.952000000
235.284269,30.953000000
235.291841,30.954000000
235.326579,30.955000000
235.340314,30.956000000
235.359757,30.957000000
235.366302,30.958000000
235.379869,30.959000000
235.393397,30.960000000
235.407784,30.961000000
235.415605,30.962000000
235.422434,30.963000000
235.438934,30.964000000
235.445426,30.965000000
235.456286,30.966000000
235.483978,30.967000000
235.495071,30.968000000
235.502532,30.969000000
235.511145,30.970000000
235.533973,30.971000000
235.540016,30.972000000
235.547273,30.973000000
235.559370,30.974000000
235.570941,30.975000000
235.577334,30.976000000
235.589775,30.977000000
235.617218,30.978000000
235.617280,30.979000000
235.626040,30.980000000
235.648316,30.981000000
235.652811,30.982000000
235.668185,30.983000000
235.678231,30.984000000
235.713791,30.985000000
235.750743,30.986000000
235.760904,30.987000000
235.768769,30.988000000
235.776169,30.989000000
235.780258,30.990000000
235.788646,30.991000000
235.789400,30.992000000
235.817899,30.993000000
235.822367,30.994000000
235.845709,30.995000000
235.858695,30.996000000
235.859155,30.997000000
235.862751,30.998000000
235.871638,30.999000000
235.872526,31.000000000
235.883268,31.001000000
235.914359,31.002000000
235.925758,31.003000000
235.938100,31.004000000
235.939051,31.005000000
235.945308,31.006000000
235.951240,31.007000000
235.951891,31.008000000
235.966248,31.009000000
235.966389,31.010000000
235.976434,31.011000000
235.976573,31.012000000
235.990113,31.013000000
235.990645,31.014000000
236.000282,31.015000000
236.008888,31.016000000
236.018752,31.017000000
236.025680,31.018000000
236.033757,31.019000000
236.042940,31.020000000
236.050601,31.021000000
236.059506,31.022000000
236.064860,31.023000000
236.075208,31.024000000
236.081118,31.025000000
236.092036,31.026000000
236.107990,31.027000000
236.126369,31.028000000
236.134599,31.029000000
236.140802,31.030000000
236.175896,31.031000000
236.186511,31.032000000
236.204095,31.033000000
236.218302,31.034000000
236.218774,31.035000000
236.227288,31.036000000
236.230806,31.037000000
236.238023,31.038000000
236.246077,31.039000000
236.246139,31.040000000
236.268071,31.041000000
236.289527,31.042000000
236.299153,31.043000000
236.303524,31.044000000
236.314700,31.045000000
236.314921,31.046000000
236.319046,31.047000000
236.327497,31.048000000
236.328961,31.049000000
236.348655,31.050000000
236.356353,31.051000000
236.372487,31.052000000
236.383173,31.053000000
236.385160,31.054000000
236.394842,31.055000000
236.394981,31.056000000
236.404585,31.057000000
236.408631,31.058000000
236.419300,31.059000000
236.419432,31.060000000
236.426081,31.061000000
236.436341,31.062000000
236.437220,31.063000000
236.450707,31.064000000
236.454487,31.065000000
236.466681,31.066000000
236.467292,31.067000000
236.477125,31.068000000
236.490307,31.069000000
236.519363,31.070000000
236.530038,31.071000000
236.539190,31.072000000
236.548614,31.073000000
236.581143,31.074000000
236.599010,31.075000000
236.607277,31.076000000
236.610008,31.077000000
236.616781,31.078000000
236.645340,31.079000000
236.656384,31.080000000
236.681383,31.081000000
236.693304,31.082000000
236.703739,31.083000000
236.708901,31.084000000
236.733373,31.085000000
236.745921,31.086000000
236.752880,31.087000000
236.756702,31.088000000
236.780546,31.089000000
236.785729,31.090000000
236.798371,31.091000000
236.807044,31.092000000
236.814408,31.093000000
236.829870,31.094000000
236.840856,31.095000000
236.851123,31.096000000
236.861858,31.097000000
236.868268,31.098000000
236.886274,31.099000000
236.912582,31.100000000
236.918531,31.101000000
236.926601,31.102000000
236.933641,31.103000000
236.959290,31.104000000
236.973083,31.105000000
236.973130,31.106000000
236.998606,31.107000000
237.007516,31.108000000
237.012015,31.109000000
237.024224,31.110000000
237.033918,31.111000000
237.044374,31.112000000
237.068949,31.113000000
237.070656,31.114000000
237.080229,31.115000000
237.088314,31.116000000
237.099421,31.117000000
237.128014,31.118000000
237.138993,31.119000000
237.144778,31.120000000
237.149815,31.121000000
237.165684,31.122000000
237.169674,31.123000000
237.175906,31.124000000
237.186876,31.125000000
237.201779,31.126000000
237.202953,31.127000000
237.233016,31.128000000
237.237593,31.129000000
237.258997,31.130000000
237.284307,31.131000000
237.303327,31.132000000
237.316243,31.133000000
237.352160,31.134000000
237.359507,31.135000000
237.365087,31.136000000
237.383882,31.137000000
237.395544,31.138000000
237.402606,31.139000000
237.406561,31.140000000
237.416427,31.141000000
237.423088,31.142000000
237.429698,31.143000000
237.437095,31.144000000
237.449045,31.145000000
237.451864,31.146000000
237.452445,31.147000000
237.461095,31.148000000
237.470290,31.149000000
237.481441,31.150000000
237.481536,31.151000000
237.490931,31.152000000
237.491004,31.153000000
237.518987,31.154000000
237.529811,31.155000000
237.539218,31.156000000
237.544155,31.157000000
237.559795,31.158000000
237.571691,31.159000000
237.579411,31.160000000
237.587823,31.161000000
237.595619,31.162000000
237.599483,31.163000000
237.610896,31.164000000
237.612679,31.165000000
237.618595,31.166000000
237.620766,31.167000000
237.621394,31.168000000
237.624454,31.169000000
237.642418,31.170000000
237.648182,31.171000000
237.650652,31.172000000
237.673747,31.173000000
237.676345,31.174000000
237.682349,31.175000000
237.685155,31.176000000
237.701167,31.177000000
237.710992,31.178000000
237.715788,31.179000000
237.720511,31.180000000
237.729664,31.181000000
237.745823,31.182000000
237.755040,31.183000000
237.757629,31.184000000
237.760064,31.185000000
237.762604,31.186000000
237.766507,31.187000000
237.768648,31.188000000
237.771634,31.189000000
237.779972,31.190000000
237.782378,31.191000000
237.784636,31.192000000
237.787125,31.193000000
237.795931,31.194000000
237.798990,31.195000000
237.805585,31.196000000
237.810572,31.197000000
237.815424,31.198000000
237.818019,31.199000000
237.824583,31.200000000
237.829098,31.201000000
237.833766,31.202000000
237.839531,31.203000000
237.845300,31.204000000
237.851443,31.205000000
237.860427,31.206000000
237.865015,31.207000000
237.869560,31.208000000
237.875841,31.209000000
237.882096,31.210000000
237.887022,31.211000000
237.893689,31.212000000
237.899493,31.213000000
237.907088,31.214000000
237.912462,31.215000000
237.917982,31.216000000
237.923199,31.217000000
237.929040,31.218000000
237.937697,31.219000000
237.941599,31.220000000
237.945992,31.221000000
237.955750,31.222000000
237.964372,31.223000000
237.969177,31.224000000
237.975599,31.225000000
237.984863,31.226000000
237.987333,31.227000000
237.994907,31.228000000
237.999208,31.229000000
238.005872,31.230000000
238.012302,31.231000000
238.017754,31.232000000
238.022877,31.233000000
238.029381,31.234000000
238.031967,31.235000000
238.034470,31.236000000
238.036790,31.237000000
238.038990,31.238000000
238.041381,31.239000000
238.043669,31.240000000
238.045905,31.241000000
238.048023,31.242000000
238.050268,31.243000000
238.052517,31.244000000
238.054703,31.245000000
238.058043,31.246000000
238.060601,31.247000000
238.062879,31.248000000
238.067235,31.249000000
238.069795,31.250000000
238.072323,31.251000000
238.074792,31.252000000
238.077019,31.253000000
238.079846,31.254000000
238.082154,31.255000000
238.084526,31.256000000
238.086875,31.257000000
238.089221,31.258000000
238.091422,31.259000000
238.099294,31.260000000
238.108191,31.261000000
238.128953,31.262000000
238.144200,31.263000000
238.168913,31.264000000
238.195589,31.265000000
238.208551,31.266000000
238.210212,31.267000000
238.224244,31.268000000
238.246258,31.269000000
238.247796,31.270000000
238.274138,31.271000000
238.274202,31.272000000
238.296214,31.273000000
238.297720,31.274000000
238.329551,31.275000000
238.342702,31.276000000
238.350335,31.277000000
238.360804,31.278000000
238.374790,31.279000000
238.378401,31.280000000
238.396816,31.281000000
238.417405,31.282000000
238.431013,31.283000000
238.435951,31.284000000
238.463269,31.285000000
238.469007,31.286000000
238.484413,31.287000000
238.488258,31.288000000
238.497956,31.289000000
238.503545,31.290000000
238.525481,31.291000000
238.531026,31.292000000
238.550386,31.293000000
238.568840,31.294000000
238.576964,31.295000000
238.604521,31.296000000
238.621618,31.297000000
238.632063,31.298000000
238.641449,31.299000000
238.656010,31.300000000
238.663897,31.301000000
238.674387,31.302000000
238.685109,31.303000000
238.694402,31.304000000
238.706714,31.305000000
238.712780,31.306000000
238.723879,31.307000000
238.730397,31.308000000
238.739155,31.309000000
238.761386,31.310000000
238.770965,31.311000000
238.790392,31.312000000
238.803640,31.313000000
238.809844,31.314000000
238.823656,31.315000000
238.828948,31.316000000
238.836100,31.317000000
238.839715,31.318000000
238.861571,31.319000000
238.872382,31.320000000
238.886137,31.321000000
238.895544,31.322000000
238.899221,31.323000000
238.939398,31.324000000
238.945291,31.325000000
238.959655,31.326000000
238.971329,31.327000000
238.983310,31.328000000
239.001077,31.329000000
239.024126,31.330000000
239.028938,31.331000000
239.042632,31.332000000
239.045555,31.333000000
239.062442,31.334000000
239.077034,31.335000000
239.084043,31.336000000
239.102759,31.337000000
239.123042,31.338000000
239.136305,31.339000000
239.152037,31.340000000
239.164241,31.341000000
239.185199,31.342000000
239.200407,31.343000000
239.218855,31.344000000
239.218924,31.348000000
239.237425,31.349000000
239.237469,31.353000000
239.264549,31.354000000
239.275807,31.355000000
239.275851,31.357000000
239.287355,31.358000000
239.294447,31.359000000
239.300659,31.360000000
239.313512,31.361000000
239.314017,31.362000000
239.328578,31.363000000
239.340297,31.364000000
239.357071,31.365000000
239.357115,31.366000000
239.362889,31.367000000
239.376036,31.368000000
239.376240,31.369000000
239.385681,31.370000000
239.392708,31.371000000
239.395177,31.372000000
239.417014,31.373000000
239.429660,31.374000000
239.439058,31.375000000
239.449243,31.376000000
239.463253,31.377000000
239.463331,31.378000000
239.487003,31.379000000
239.487070,31.381000000
239.519097,31.382000000
239.519141,31.383000000
239.538642,31.384000000
239.548129,31.385000000
239.551362,31.386000000
239.568498,31.387000000
239.568552,31.389000000
239.580097,31.390000000
239.605772,31.391000000
239.605814,31.392000000
239.618346,31.393000000
239.623689,31.394000000
239.625749,31.395000000
239.632652,31.396000000
239.651643,31.397000000
239.651690,31.398000000
239.661769,31.399000000
239.672181,31.400000000
239.672223,31.401000000
239.685369,31.402000000
239.693600,31.403000000
239.703932,31.404000000
239.703977,31.405000000
239.716090,31.406000000
239.716135,31.407000000
239.720072,31.408000000
239.740449,31.409000000
239.740519,31.411000000
239.754839,31.412000000
239.776111,31.413000000
239.786056,31.414000000
239.801680,31.415000000
239.821440,31.416000000
239.827024,31.417000000
239.840639,31.418000000
239.857340,31.419000000
239.870668,31.420000000
239.889841,31.421000000
239.899787,31.422000000
239.911223,31.423000000
239.917438,31.424000000
239.925963,31.425000000
239.933961,31.426000000
239.943881,31.427000000
239.954827,31.428000000
239.964659,31.429000000
239.971627,31.430000000
239.981231,31.431000000
239.988535,31.432000000
240.004054,31.433000000
240.013432,31.434000000
