wall_time,ros_time
0.019334,7.097000000
0.028181,7.098000000
0.038391,7.099000000
0.043370,7.100000000
0.048893,7.101000000
0.053679,7.102000000
0.056154,7.103000000
0.060906,7.104000000
0.066685,7.105000000
0.071975,7.106000000
0.088030,7.107000000
0.091335,7.108000000
0.099901,7.109000000
0.114589,7.110000000
0.134079,7.111000000
0.138415,7.112000000
0.143122,7.113000000
0.159719,7.114000000
0.166430,7.115000000
0.171337,7.116000000
0.188604,7.117000000
0.195945,7.118000000
0.199356,7.119000000
0.235080,7.120000000
0.255301,7.121000000
0.292917,7.122000000
0.316308,7.123000000
0.334142,7.124000000
0.345127,7.125000000
0.381128,7.126000000
0.393930,7.127000000
0.408020,7.128000000
0.408755,7.129000000
0.453943,7.130000000
0.457812,7.131000000
0.467192,7.132000000
0.476783,7.133000000
0.513679,7.134000000
0.519686,7.135000000
0.556391,7.136000000
0.570401,7.137000000
0.579398,7.138000000
0.594406,7.139000000
0.603377,7.140000000
0.612852,7.141000000
0.629168,7.142000000
0.636256,7.143000000
0.649858,7.144000000
0.676527,7.145000000
0.701370,7.146000000
0.736443,7.147000000
0.736492,7.148000000
0.758266,7.149000000
0.758317,7.150000000
0.768288,7.151000000
0.768332,7.152000000
0.785151,7.153000000
0.792249,7.154000000
0.792304,7.155000000
0.792316,7.156000000
0.814332,7.157000000
0.841113,7.158000000
0.877739,7.159000000
0.897791,7.160000000
0.917471,7.161000000
0.926865,7.162000000
0.944001,7.163000000
0.953995,7.164000000
0.963159,7.165000000
0.991120,7.166000000
1.006933,7.167000000
1.029306,7.168000000
1.041825,7.169000000
1.052463,7.170000000
1.059918,7.171000000
1.072452,7.172000000
1.091690,7.173000000
1.099134,7.174000000
1.129412,7.175000000
1.129521,7.176000000
1.144980,7.177000000
1.159080,7.178000000
1.179457,7.179000000
1.212847,7.180000000
1.226318,7.181000000
1.237174,7.182000000
1.248541,7.183000000
1.259437,7.184000000
1.268501,7.185000000
1.271283,7.186000000
1.298741,7.187000000
1.301650,7.188000000
1.328898,7.189000000
1.341056,7.190000000
1.341102,7.191000000
1.358136,7.192000000
1.358183,7.193000000
1.359269,7.194000000
1.372017,7.195000000
1.372578,7.196000000
1.386633,7.197000000
1.386749,7.198000000
1.399980,7.199000000
1.401105,7.200000000
1.410914,7.201000000
1.417879,7.202000000
1.429920,7.203000000
1.440148,7.204000000
1.455641,7.205000000
1.455687,7.206000000
1.464767,7.207000000
1.474476,7.208000000
1.493145,7.209000000
1.496322,7.210000000
1.512532,7.211000000
1.518389,7.212000000
1.529184,7.213000000
1.531512,7.214000000
1.543695,7.215000000
1.549785,7.216000000
1.558889,7.217000000
1.573619,7.218000000
1.579376,7.219000000
1.585854,7.220000000
1.596802,7.221000000
1.607435,7.222000000
1.647539,7.223000000
1.650967,7.224000000
1.659796,7.225000000
1.668975,7.226000000
1.712439,7.227000000
1.723634,7.228000000
1.756844,7.229000000
1.766760,7.230000000
1.774029,7.231000000
1.786966,7.232000000
1.793004,7.233000000
1.799421,7.234000000
1.807623,7.235000000
1.814909,7.236000000
1.820725,7.237000000
1.836255,7.238000000
1.846195,7.239000000
1.854243,7.240000000
1.860514,7.241000000
1.866680,7.242000000
1.868876,7.243000000
1.877958,7.244000000
1.882020,7.245000000
1.888915,7.246000000
1.896183,7.247000000
1.901647,7.248000000
1.911581,7.249000000
1.916211,7.250000000
1.922556,7.251000000
1.926958,7.252000000
1.936407,7.253000000
1.943050,7.254000000
1.949356,7.255000000
1.954988,7.256000000
1.991786,7.257000000
2.002314,7.258000000
2.022951,7.259000000
2.028736,7.260000000
2.065286,7.261000000
2.072296,7.262000000
2.080290,7.263000000
2.087402,7.264000000
2.095022,7.265000000
2.102197,7.266000000
2.116328,7.267000000
2.127126,7.268000000
2.136167,7.269000000
2.144382,7.270000000
2.150153,7.271000000
2.162018,7.272000000
2.168065,7.273000000
2.180323,7.274000000
2.187297,7.275000000
2.195376,7.276000000
2.230365,7.277000000
2.242835,7.278000000
2.256230,7.279000000
2.273084,7.280000000
2.290078,7.281000000
2.302075,7.282000000
2.314148,7.283000000
2.329680,7.284000000
2.343346,7.285000000
2.355186,7.286000000
2.373238,7.287000000
2.421491,7.288000000
2.431434,7.289000000
2.439465,7.290000000
2.483451,7.291000000
2.492067,7.292000000
2.523298,7.293000000
2.552641,7.294000000
2.559745,7.295000000
2.587761,7.296000000
2.595523,7.297000000
2.653631,7.298000000
2.680329,7.299000000
2.701594,7.300000000
2.727220,7.301000000
2.742265,7.302000000
2.799158,7.303000000
2.799214,7.304000000
2.799224,7.305000000
2.846510,7.306000000
2.899209,7.307000000
2.920102,7.308000000
2.945522,7.309000000
2.975092,7.310000000
2.975183,7.311000000
2.999532,7.312000000
3.005585,7.313000000
3.055686,7.314000000
3.078651,7.315000000
3.098670,7.316000000
3.098757,7.317000000
3.098770,7.318000000
3.098779,7.319000000
3.102615,7.320000000
3.112499,7.321000000
3.112544,7.322000000
3.113272,7.323000000
3.128151,7.324000000
3.128195,7.325000000
3.135120,7.326000000
3.144848,7.327000000
3.156165,7.328000000
3.178110,7.329000000
3.196796,7.330000000
3.201621,7.331000000
3.218551,7.332000000
3.225830,7.333000000
3.240279,7.334000000
3.240335,7.335000000
3.240348,7.336000000
3.245083,7.337000000
3.259714,7.338000000
3.259769,7.339000000
3.259779,7.340000000
3.282154,7.341000000
3.309055,7.342000000
3.328370,7.343000000
3.331377,7.344000000
3.347612,7.345000000
3.362972,7.346000000
3.371108,7.347000000
3.376858,7.348000000
3.383542,7.349000000
3.383590,7.350000000
3.477656,7.351000000
3.501466,7.352000000
3.509870,7.353000000
3.518322,7.354000000
3.525638,7.355000000
3.557976,7.356000000
3.575022,7.357000000
3.597085,7.358000000
3.605122,7.359000000
3.645371,7.360000000
3.647430,7.361000000
3.692300,7.362000000
3.710355,7.363000000
3.724856,7.364000000
3.742215,7.365000000
3.745776,7.366000000
3.754903,7.367000000
3.754956,7.368000000
3.770956,7.369000000
3.774482,7.370000000
3.805674,7.371000000
3.819693,7.372000000
3.825930,7.373000000
3.834469,7.374000000
3.852128,7.375000000
3.858400,7.376000000
3.892415,7.377000000
3.901107,7.378000000
3.922660,7.379000000
3.939093,7.380000000
3.946447,7.381000000
3.974446,7.382000000
3.986163,7.383000000
3.996386,7.384000000
4.003951,7.385000000
4.014042,7.386000000
4.027543,7.387000000
4.047369,7.388000000
4.054870,7.389000000
4.074518,7.390000000
4.114495,7.391000000
4.124696,7.392000000
4.135308,7.393000000
4.149847,7.394000000
4.180586,7.395000000
4.192791,7.396000000
4.199148,7.397000000
4.239878,7.398000000
4.253422,7.399000000
4.271309,7.400000000
4.296175,7.401000000
4.316503,7.402000000
4.331364,7.403000000
4.343960,7.404000000
4.357338,7.405000000
4.372073,7.406000000
4.392472,7.407000000
4.403638,7.408000000
4.413674,7.409000000
4.423954,7.410000000
4.437991,7.411000000
4.446817,7.412000000
4.492160,7.413000000
4.494845,7.414000000
4.518569,7.415000000
4.518750,7.416000000
4.518835,7.417000000
4.520268,7.418000000
4.524649,7.419000000
4.524724,7.420000000
4.532245,7.421000000
4.532394,7.422000000
4.536428,7.423000000
4.536688,7.424000000
4.536782,7.425000000
4.539604,7.426000000
4.541132,7.427000000
4.543395,7.428000000
4.549989,7.429000000
4.566607,7.430000000
4.582960,7.431000000
4.602042,7.432000000
4.610513,7.433000000
4.620213,7.434000000
4.625780,7.435000000
4.637090,7.436000000
4.662165,7.437000000
4.662483,7.438000000
4.662535,7.439000000
4.662599,7.440000000
4.668374,7.441000000
4.670666,7.442000000
4.676242,7.443000000
4.684771,7.444000000
4.686944,7.445000000
4.688308,7.446000000
4.692812,7.447000000
4.717524,7.448000000
4.733943,7.449000000
4.750086,7.450000000
4.760356,7.451000000
4.760461,7.452000000
4.770350,7.453000000
4.776140,7.454000000
4.780229,7.455000000
4.791657,7.456000000
4.800258,7.457000000
4.814797,7.458000000
4.832421,7.459000000
4.842373,7.460000000
4.852679,7.461000000
4.860710,7.462000000
4.864381,7.463000000
4.866448,7.464000000
4.869049,7.465000000
4.873871,7.466000000
4.886290,7.467000000
4.900648,7.468000000
4.907161,7.469000000
4.909188,7.470000000
4.938319,7.471000000
4.954928,7.472000000
4.962062,7.473000000
4.968418,7.474000000
4.973741,7.475000000
4.990558,7.476000000
5.000277,7.477000000
5.002467,7.478000000
5.026345,7.479000000
5.032774,7.480000000
5.036258,7.481000000
5.044796,7.482000000
5.053444,7.483000000
5.060819,7.484000000
5.068125,7.485000000
5.074802,7.486000000
5.079791,7.487000000
5.086042,7.488000000
5.097857,7.489000000
5.102985,7.490000000
5.115435,7.491000000
5.127302,7.492000000
5.133351,7.493000000
5.155062,7.494000000
5.157320,7.495000000
5.164230,7.496000000
5.170697,7.497000000
5.186365,7.498000000
5.189775,7.499000000
5.192389,7.500000000
5.196381,7.501000000
5.198613,7.502000000
5.208014,7.503000000
5.212038,7.504000000
5.218712,7.505000000
5.220831,7.506000000
5.223049,7.507000000
5.237021,7.508000000
5.239165,7.509000000
5.245109,7.510000000
5.247486,7.511000000
5.250036,7.512000000
5.258621,7.513000000
5.262107,7.514000000
5.266196,7.515000000
5.269083,7.516000000
5.271291,7.517000000
5.274518,7.518000000
5.285291,7.519000000
5.288036,7.520000000
5.301254,7.521000000
5.325987,7.522000000
5.348344,7.523000000
5.355000,7.524000000
5.360250,7.525000000
5.362464,7.526000000
5.364935,7.527000000
5.366987,7.528000000
5.369437,7.529000000
5.371546,7.530000000
5.373762,7.531000000
5.375879,7.532000000
5.377953,7.533000000
5.380076,7.534000000
5.384490,7.535000000
5.388098,7.536000000
5.390310,7.537000000
5.392780,7.538000000
5.395040,7.539000000
5.397375,7.540000000
5.399488,7.541000000
5.401573,7.542000000
5.403700,7.543000000
5.406048,7.544000000
5.413057,7.545000000
5.417280,7.546000000
5.420513,7.547000000
5.424327,7.548000000
5.428512,7.549000000
5.432372,7.550000000
5.440655,7.551000000
5.442847,7.552000000
5.445719,7.553000000
5.447914,7.554000000
5.450160,7.555000000
5.452727,7.556000000
5.454877,7.557000000
5.464309,7.558000000
5.468581,7.559000000
5.472463,7.560000000
5.477195,7.561000000
5.482525,7.562000000
5.484674,7.563000000
5.490488,7.564000000
5.492651,7.565000000
5.497383,7.566000000
5.508405,7.567000000
5.512938,7.568000000
5.516743,7.569000000
5.527407,7.570000000
5.537986,7.571000000
5.547511,7.572000000
5.558119,7.573000000
5.560977,7.574000000
5.592541,7.575000000
5.594897,7.576000000
5.613293,7.577000000
5.621094,7.578000000
5.623989,7.579000000
5.626132,7.580000000
5.646688,7.581000000
5.669826,7.582000000
5.672030,7.583000000
5.674048,7.584000000
5.696692,7.585000000
5.720447,7.586000000
5.722579,7.587000000
5.731769,7.588000000
5.749565,7.589000000
5.752194,7.590000000
5.761548,7.591000000
5.769392,7.592000000
5.772214,7.593000000
5.784280,7.594000000
5.788313,7.595000000
5.796787,7.596000000
5.805854,7.597000000
5.810303,7.598000000
5.817298,7.599000000
5.828970,7.600000000
5.833565,7.601000000
5.841161,7.602000000
5.847135,7.603000000
5.854656,7.604000000
5.865228,7.605000000
5.875007,7.606000000
5.881897,7.607000000
5.887348,7.608000000
5.911433,7.609000000
5.915627,7.610000000
5.930003,7.611000000
5.932064,7.612000000
5.943336,7.613000000
5.952661,7.614000000
5.954444,7.615000000
5.973505,7.616000000
5.982891,7.617000000
5.989099,7.618000000
5.991311,7.619000000
5.993425,7.620000000
6.003585,7.621000000
6.004228,7.622000000
6.011523,7.623000000
6.014419,7.624000000
6.021179,7.625000000
6.037594,7.626000000
6.039995,7.627000000
6.046232,7.628000000
6.051401,7.629000000
6.057405,7.630000000
6.068901,7.631000000
6.076258,7.632000000
6.087986,7.633000000
6.098937,7.634000000
6.109914,7.635000000
6.115050,7.636000000
6.129708,7.637000000
6.141273,7.638000000
6.148254,7.639000000
6.157617,7.640000000
6.169952,7.641000000
6.180808,7.642000000
6.186411,7.643000000
6.211006,7.644000000
6.218704,7.645000000
6.223633,7.646000000
6.270680,7.647000000
6.275716,7.648000000
6.292090,7.649000000
6.301632,7.650000000
6.305598,7.651000000
6.318213,7.652000000
6.325598,7.653000000
6.333164,7.654000000
6.333241,7.655000000
6.380253,7.656000000
6.383020,7.657000000
6.394242,7.658000000
6.412174,7.659000000
6.431578,7.660000000
6.436109,7.661000000
6.443747,7.662000000
6.456074,7.663000000
6.460258,7.664000000
6.469082,7.665000000
6.479359,7.666000000
6.483660,7.667000000
6.488011,7.668000000
6.498251,7.669000000
6.509110,7.670000000
6.513226,7.671000000
6.520842,7.672000000
6.528507,7.673000000
6.539240,7.674000000
6.546569,7.675000000
6.554051,7.676000000
6.571359,7.677000000
6.577947,7.678000000
6.593809,7.679000000
6.609054,7.680000000
6.616091,7.681000000
6.629899,7.682000000
6.637758,7.683000000
6.642073,7.684000000
6.659380,7.685000000
6.677483,7.686000000
6.680041,7.687000000
6.686622,7.688000000
6.711123,7.689000000
6.721609,7.690000000
6.730240,7.691000000
6.751378,7.692000000
6.756390,7.693000000
6.763304,7.694000000
6.774445,7.695000000
6.785039,7.696000000
6.792100,7.697000000
6.800306,7.698000000
6.807429,7.699000000
6.813448,7.700000000
6.825933,7.701000000
6.846068,7.702000000
6.856938,7.703000000
6.873605,7.704000000
6.888286,7.705000000
6.894361,7.706000000
6.918428,7.707000000
6.925402,7.708000000
6.944684,7.709000000
6.944732,7.710000000
6.963029,7.711000000
6.971918,7.712000000
6.972992,7.713000000
6.982864,7.714000000
6.998512,7.715000000
7.020559,7.716000000
7.032378,7.717000000
7.044414,7.718000000
7.051188,7.719000000
7.061402,7.720000000
7.077642,7.721000000
7.083982,7.722000000
7.120689,7.723000000
7.132937,7.724000000
7.154565,7.725000000
7.169415,7.726000000
7.180502,7.727000000
7.190838,7.728000000
7.201064,7.729000000
7.207446,7.730000000
7.221244,7.731000000
7.232587,7.732000000
7.243201,7.733000000
7.254258,7.734000000
7.262322,7.735000000
7.272208,7.736000000
7.295227,7.737000000
7.301148,7.738000000
7.322975,7.739000000
7.341364,7.740000000
7.345507,7.741000000
7.352527,7.742000000
7.374148,7.743000000
7.389332,7.744000000
7.419918,7.745000000
7.421080,7.746000000
7.431767,7.747000000
7.446313,7.748000000
7.461488,7.749000000
7.466362,7.750000000
7.471919,7.751000000
7.480562,7.752000000
7.496475,7.753000000
7.496802,7.754000000
7.507287,7.755000000
7.511034,7.756000000
7.521928,7.757000000
7.527171,7.758000000
7.537250,7.759000000
7.539441,7.760000000
7.549254,7.761000000
7.556002,7.762000000
7.563999,7.763000000
7.568373,7.764000000
7.578239,7.765000000
7.582345,7.766000000
7.594130,7.767000000
7.600078,7.768000000
7.609472,7.769000000
7.617136,7.770000000
7.621436,7.771000000
7.631423,7.772000000
7.636402,7.773000000
7.644873,7.774000000
7.652642,7.775000000
7.659150,7.776000000
7.664304,7.777000000
7.675358,7.778000000
7.681965,7.779000000
7.688856,7.780000000
7.697770,7.781000000
7.703970,7.782000000
7.711125,7.783000000
7.717427,7.784000000
7.727390,7.785000000
7.731402,7.786000000
7.740501,7.787000000
7.757379,7.788000000
7.771234,7.789000000
7.779384,7.790000000
7.793285,7.791000000
7.801493,7.792000000
7.810545,7.793000000
7.817967,7.794000000
7.821910,7.795000000
7.832177,7.796000000
7.837953,7.797000000
7.843836,7.798000000
7.854166,7.799000000
7.860360,7.800000000
7.870519,7.801000000
7.879055,7.802000000
7.882753,7.803000000
7.896208,7.804000000
7.909472,7.805000000
7.909784,7.806000000
7.918205,7.807000000
7.922416,7.808000000
7.928600,7.809000000
7.936795,7.810000000
7.948172,7.811000000
7.958150,7.812000000
7.965173,7.813000000
7.972856,7.814000000
7.977170,7.815000000
7.983041,7.816000000
7.989520,7.817000000
8.001194,7.818000000
8.009433,7.819000000
8.013156,7.820000000
8.022228,7.821000000
8.034757,7.822000000
8.041904,7.823000000
8.047847,7.824000000
8.052442,7.825000000
8.066028,7.826000000
8.076628,7.827000000
8.098346,7.828000000
8.111513,7.829000000
8.122170,7.830000000
8.132337,7.831000000
8.139894,7.832000000
8.150053,7.833000000
8.154627,7.834000000
8.164541,7.835000000
8.174695,7.836000000
8.182351,7.837000000
8.190781,7.838000000
8.202212,7.839000000
8.210360,7.840000000
8.214041,7.841000000
8.226078,7.842000000
8.234905,7.843000000
8.241134,7.844000000
8.251196,7.845000000
8.260271,7.846000000
8.268157,7.847000000
8.275880,7.848000000
8.281791,7.849000000
8.291264,7.850000000
8.305379,7.851000000
8.305668,7.852000000
8.310147,7.853000000
8.323950,7.854000000
8.333872,7.855000000
8.343836,7.856000000
8.347274,7.857000000
8.360469,7.858000000
8.370256,7.859000000
8.378108,7.860000000
8.387206,7.861000000
8.394589,7.862000000
8.404076,7.863000000
8.413423,7.864000000
8.413785,7.865000000
8.423549,7.866000000
8.443039,7.867000000
8.447380,7.868000000
8.463719,7.869000000
8.472832,7.870000000
8.482772,7.871000000
8.484736,7.872000000
8.490131,7.873000000
8.495598,7.874000000
8.504169,7.875000000
8.510990,7.876000000
8.522590,7.877000000
8.535437,7.878000000
8.555722,7.879000000
8.568962,7.880000000
8.569014,7.881000000
8.572870,7.882000000
8.581010,7.883000000
8.590120,7.884000000
8.597507,7.885000000
8.611626,7.886000000
8.611903,7.887000000
8.624281,7.888000000
8.632872,7.889000000
8.642876,7.890000000
8.650503,7.891000000
8.658221,7.892000000
8.666238,7.893000000
8.674440,7.894000000
8.688056,7.895000000
8.688357,7.896000000
8.696216,7.897000000
8.702813,7.898000000
8.702861,7.899000000
8.703173,7.900000000
8.709073,7.901000000
8.709405,7.902000000
8.709440,7.903000000
8.719188,7.904000000
8.719231,7.905000000
8.727164,7.906000000
8.727507,7.907000000
8.727522,7.908000000
8.727530,7.909000000
8.727539,7.910000000
8.753977,7.911000000
8.762866,7.912000000
8.773259,7.913000000
8.782634,7.914000000
8.805541,7.915000000
8.817014,7.916000000
8.828361,7.917000000
8.840389,7.918000000
8.849494,7.919000000
8.861266,7.920000000
8.873670,7.921000000
8.883873,7.922000000
8.890108,7.923000000
8.894463,7.924000000
8.901702,7.925000000
8.905780,7.926000000
8.923151,7.927000000
8.927461,7.928000000
8.933655,7.929000000
8.940289,7.930000000
8.946111,7.931000000
8.972910,7.932000000
8.975314,7.933000000
8.981356,7.934000000
8.985611,7.935000000
8.999442,7.936000000
9.005019,7.937000000
9.010027,7.938000000
9.016041,7.939000000
9.020662,7.940000000
9.029235,7.941000000
9.049168,7.942000000
9.055496,7.943000000
9.060935,7.944000000
9.065782,7.945000000
9.070012,7.946000000
9.083878,7.947000000
9.088682,7.948000000
9.094551,7.949000000
9.100662,7.950000000
9.106635,7.951000000
9.110905,7.952000000
9.114927,7.953000000
9.121291,7.954000000
9.155610,7.955000000
9.177670,7.956000000
9.187117,7.957000000
9.199912,7.958000000
9.209810,7.959000000
9.219226,7.960000000
9.229745,7.961000000
9.246083,7.962000000
9.250256,7.963000000
9.260944,7.964000000
9.270348,7.965000000
9.281372,7.966000000
9.289169,7.967000000
9.293402,7.968000000
9.298884,7.969000000
9.306231,7.970000000
9.311161,7.971000000
9.315267,7.972000000
9.328880,7.973000000
9.333115,7.974000000
9.340049,7.975000000
9.345817,7.976000000
9.349971,7.977000000
9.369622,7.978000000
9.385012,7.979000000
9.390572,7.980000000
9.396037,7.981000000
9.401153,7.982000000
9.407682,7.983000000
9.421213,7.984000000
9.428653,7.985000000
9.435234,7.986000000
9.443586,7.987000000
9.461529,7.988000000
9.467092,7.989000000
9.473224,7.990000000
9.479363,7.991000000
9.497244,7.992000000
9.511581,7.993000000
9.514986,7.994000000
9.521199,7.995000000
9.526200,7.996000000
9.533861,7.997000000
9.544989,7.998000000
9.570251,7.999000000
9.574457,8.000000000
9.586962,8.001000000
9.599682,8.002000000
9.608262,8.003000000
9.618411,8.004000000
9.629254,8.005000000
9.639629,8.006000000
9.651873,8.007000000
9.661023,8.008000000
9.671898,8.009000000
9.679661,8.010000000
9.683833,8.011000000
9.695381,8.012000000
9.699580,8.013000000
9.706115,8.014000000
9.716411,8.015000000
9.721991,8.016000000
9.729864,8.017000000
9.735185,8.018000000
9.759660,8.019000000
9.763530,8.020000000
9.768883,8.021000000
9.774958,8.022000000
9.787406,8.023000000
9.791888,8.024000000
9.797255,8.025000000
9.801369,8.026000000
9.808990,8.027000000
9.813048,8.028000000
9.844026,8.029000000
9.852334,8.030000000
9.855389,8.031000000
9.862934,8.032000000
9.868841,8.033000000
9.874782,8.034000000
9.885730,8.035000000
9.891290,8.036000000
9.896779,8.037000000
9.903053,8.038000000
9.910512,8.039000000
9.937548,8.040000000
9.947881,8.041000000
9.959857,8.042000000
9.972237,8.043000000
9.984532,8.044000000
9.992529,8.045000000
10.011258,8.046000000
10.023313,8.047000000
10.036785,8.048000000
10.045297,8.049000000
10.056870,8.050000000
10.064410,8.051000000
10.068927,8.052000000
10.073401,8.053000000
10.079462,8.054000000
10.085157,8.055000000
10.104785,8.056000000
10.108473,8.057000000
10.114136,8.058000000
10.118455,8.059000000
10.125879,8.060000000
10.133341,8.061000000
10.154668,8.062000000
10.160230,8.063000000
10.164349,8.064000000
10.169439,8.065000000
10.174922,8.066000000
10.192711,8.067000000
10.200101,8.068000000
10.209458,8.069000000
10.215240,8.070000000
10.221417,8.071000000
10.228458,8.072000000
10.233293,8.073000000
10.244131,8.074000000
10.260863,8.075000000
10.266168,8.076000000
10.271205,8.077000000
10.286061,8.078000000
10.292312,8.079000000
10.296486,8.080000000
10.302107,8.081000000
10.307896,8.082000000
10.316043,8.083000000
10.340415,8.084000000
10.350750,8.085000000
10.362157,8.086000000
10.369622,8.087000000
10.379883,8.088000000
10.389619,8.089000000
10.399204,8.090000000
10.409097,8.091000000
10.419973,8.092000000
10.428770,8.093000000
10.439374,8.094000000
10.450033,8.095000000
10.458191,8.096000000
10.464022,8.097000000
10.470147,8.098000000
10.485089,8.099000000
10.491393,8.100000000
10.495622,8.101000000
10.500723,8.102000000
10.509271,8.103000000
10.515034,8.104000000
10.548356,8.105000000
10.557260,8.106000000
10.562969,8.107000000
10.569791,8.108000000
10.583312,8.109000000
10.590775,8.110000000
10.595242,8.111000000
10.601482,8.112000000
10.616116,8.113000000
10.641007,8.114000000
10.647864,8.115000000
10.653503,8.116000000
10.664053,8.117000000
10.669694,8.118000000
10.675264,8.119000000
10.680687,8.120000000
10.697247,8.121000000
10.730931,8.122000000
10.740179,8.123000000
10.748527,8.124000000
10.762534,8.125000000
10.772312,8.126000000
10.786870,8.127000000
10.801943,8.128000000
10.819254,8.129000000
10.849031,8.130000000
10.864279,8.131000000
10.879988,8.132000000
10.886786,8.133000000
10.897391,8.134000000
10.916822,8.135000000
10.950165,8.136000000
10.965322,8.137000000
10.981018,8.138000000
10.993317,8.139000000
11.005729,8.140000000
11.024999,8.141000000
11.042192,8.142000000
11.042251,8.143000000
11.042291,8.144000000
11.050295,8.145000000
11.050648,8.146000000
11.073398,8.147000000
11.073457,8.148000000
11.074272,8.149000000
11.082014,8.150000000
11.106703,8.151000000
11.124696,8.152000000
11.124747,8.153000000
11.148971,8.154000000
11.185863,8.155000000
11.188284,8.156000000
11.196672,8.157000000
11.217922,8.158000000
11.228314,8.159000000
11.239022,8.160000000
11.257221,8.161000000
11.265403,8.162000000
11.272537,8.163000000
11.276402,8.164000000
11.282472,8.165000000
11.297741,8.166000000
11.300615,8.167000000
11.303744,8.168000000
11.346169,8.169000000
11.356062,8.170000000
11.371688,8.171000000
11.389277,8.172000000
11.395974,8.173000000
11.397737,8.174000000
11.419911,8.175000000
11.422260,8.176000000
11.438336,8.177000000
11.446236,8.178000000
11.448650,8.179000000
11.476570,8.180000000
11.487769,8.181000000
11.493577,8.182000000
11.503829,8.183000000
11.509570,8.184000000
11.520022,8.185000000
11.531331,8.186000000
11.541233,8.187000000
11.556809,8.188000000
11.568679,8.189000000
11.582587,8.190000000
11.592328,8.191000000
11.607540,8.192000000
11.612714,8.193000000
11.620929,8.194000000
11.642348,8.195000000
11.642422,8.196000000
11.642498,8.197000000
11.642538,8.198000000
11.642807,8.199000000
11.651950,8.200000000
11.674136,8.201000000
11.686399,8.202000000
11.692367,8.203000000
11.696996,8.204000000
11.705144,8.205000000
11.718518,8.206000000
11.719088,8.207000000
11.761358,8.208000000
11.761422,8.209000000
11.761463,8.210000000
11.761502,8.211000000
11.761539,8.212000000
11.761577,8.213000000
11.762492,8.214000000
11.762539,8.215000000
11.762577,8.216000000
11.768061,8.217000000
11.772342,8.218000000
11.772474,8.219000000
11.779708,8.220000000
11.783585,8.221000000
11.790635,8.222000000
11.802992,8.223000000
11.808987,8.224000000
11.818707,8.225000000
11.826833,8.226000000
11.838297,8.227000000
11.838366,8.228000000
11.852757,8.229000000
11.852822,8.230000000
11.865095,8.231000000
11.869666,8.232000000
11.877905,8.233000000
11.891356,8.234000000
11.900611,8.235000000
11.909315,8.236000000
11.924500,8.237000000
11.924568,8.238000000
11.938738,8.239000000
11.944910,8.240000000
11.956815,8.241000000
11.981396,8.242000000
11.981473,8.243000000
11.981515,8.244000000
12.004196,8.245000000
12.024241,8.246000000
12.026018,8.247000000
12.055397,8.248000000
12.060089,8.249000000
12.068741,8.250000000
12.092260,8.251000000
12.092327,8.252000000
12.102145,8.253000000
12.102209,8.254000000
12.105963,8.255000000
12.116764,8.256000000
12.116892,8.257000000
12.116976,8.258000000
12.117019,8.259000000
12.117262,8.260000000
12.136797,8.261000000
12.140780,8.262000000
12.159701,8.263000000
12.165062,8.264000000
12.175876,8.265000000
12.176373,8.266000000
12.187648,8.267000000
12.212533,8.268000000
12.235098,8.269000000
12.235292,8.270000000
12.252889,8.271000000
12.266503,8.272000000
12.278805,8.273000000
12.278950,8.274000000
12.291772,8.275000000
12.291853,8.276000000
12.291937,8.277000000
12.291978,8.278000000
12.292017,8.279000000
12.292053,8.280000000
12.292430,8.281000000
12.304619,8.282000000
12.306178,8.283000000
12.338325,8.284000000
12.342823,8.285000000
12.354593,8.286000000
12.354972,8.287000000
12.362651,8.288000000
12.368422,8.289000000
12.400564,8.290000000
12.409420,8.291000000
12.438445,8.292000000
12.470990,8.293000000
12.471147,8.294000000
12.474280,8.295000000
12.475989,8.296000000
12.478172,8.297000000
12.481878,8.298000000
12.485332,8.299000000
12.526190,8.300000000
12.534250,8.301000000
12.556589,8.302000000
12.578475,8.303000000
12.583283,8.304000000
12.596788,8.305000000
12.613681,8.306000000
12.621696,8.307000000
12.631454,8.308000000
12.645138,8.309000000
12.654384,8.310000000
12.666469,8.311000000
12.679089,8.312000000
12.682137,8.313000000
12.705182,8.314000000
12.715022,8.315000000
12.737185,8.316000000
12.752446,8.317000000
12.772352,8.318000000
12.775239,8.319000000
12.784101,8.320000000
12.792557,8.321000000
12.807379,8.322000000
12.809823,8.323000000
12.811940,8.324000000
12.822489,8.325000000
12.824371,8.326000000
12.828906,8.327000000
12.832822,8.328000000
12.841736,8.329000000
12.851076,8.330000000
12.851144,8.331000000
12.851158,8.332000000
12.852529,8.333000000
12.857519,8.334000000
12.857569,8.335000000
12.859458,8.336000000
12.863056,8.337000000
12.868480,8.338000000
12.868533,8.339000000
12.871225,8.340000000
12.872909,8.341000000
12.876980,8.342000000
12.877304,8.343000000
12.882743,8.344000000
12.882826,8.345000000
12.886334,8.346000000
12.888732,8.347000000
12.896807,8.348000000
12.905553,8.349000000
12.922464,8.350000000
12.923580,8.351000000
12.939323,8.352000000
12.945540,8.353000000
12.949741,8.354000000
12.954686,8.355000000
12.958468,8.356000000
12.966834,8.357000000
12.972179,8.358000000
12.979150,8.359000000
12.979234,8.360000000
12.979246,8.361000000
12.981228,8.362000000
12.989152,8.363000000
12.995937,8.364000000
12.999029,8.365000000
13.003906,8.366000000
13.009814,8.367000000
13.018551,8.368000000
13.020219,8.369000000
13.030161,8.370000000
13.030212,8.371000000
13.035234,8.372000000
13.041851,8.373000000
13.045641,8.374000000
13.051533,8.375000000
13.058198,8.376000000
13.058748,8.377000000
13.066360,8.378000000
13.072440,8.379000000
13.072503,8.380000000
13.084892,8.381000000
13.084983,8.382000000
13.085000,8.383000000
13.093311,8.384000000
13.093359,8.385000000
13.098998,8.386000000
13.103225,8.387000000
13.108095,8.388000000
13.112946,8.389000000
13.122005,8.390000000
13.126401,8.391000000
13.135845,8.392000000
13.142207,8.393000000
13.145626,8.394000000
13.152755,8.395000000
13.160663,8.396000000
13.164578,8.397000000
13.176710,8.398000000
13.176762,8.399000000
13.187009,8.400000000
13.193819,8.401000000
13.200306,8.402000000
13.205488,8.403000000
13.211856,8.404000000
13.218750,8.405000000
13.226840,8.406000000
13.232556,8.407000000
13.235778,8.408000000
13.249146,8.409000000
13.250769,8.410000000
13.268220,8.411000000
13.268274,8.412000000
13.285034,8.413000000
13.299527,8.414000000
13.299581,8.415000000
13.299592,8.416000000
13.304733,8.417000000
13.316242,8.418000000
13.323256,8.419000000
13.323310,8.420000000
13.331268,8.421000000
13.345268,8.422000000
13.345320,8.423000000
13.356690,8.424000000
13.356736,8.425000000
13.361081,8.426000000
13.370839,8.427000000
13.373732,8.428000000
13.382946,8.429000000
13.387574,8.430000000
13.393852,8.431000000
13.398620,8.432000000
13.404070,8.433000000
13.408778,8.434000000
13.413485,8.435000000
13.422517,8.436000000
13.429972,8.437000000
13.437220,8.438000000
13.444091,8.439000000
13.449828,8.440000000
13.462422,8.441000000
13.462852,8.442000000
13.475359,8.443000000
13.475411,8.444000000
13.481180,8.445000000
13.488063,8.446000000
13.496390,8.447000000
13.502928,8.448000000
13.511091,8.449000000
13.511388,8.450000000
13.523522,8.451000000
13.524019,8.452000000
13.545966,8.453000000
13.546527,8.454000000
13.549744,8.455000000
13.552905,8.456000000
13.555340,8.457000000
13.558431,8.458000000
13.561410,8.459000000
13.580544,8.460000000
13.608473,8.461000000
13.628295,8.462000000
13.635107,8.463000000
13.641766,8.464000000
13.646365,8.465000000
13.708328,8.466000000
13.708413,8.467000000
13.734550,8.468000000
13.753976,8.469000000
13.762220,8.470000000
13.776731,8.471000000
13.795975,8.472000000
13.806892,8.473000000
13.817312,8.474000000
13.826941,8.475000000
13.837417,8.476000000
13.846190,8.477000000
13.883172,8.478000000
13.886118,8.479000000
13.910266,8.480000000
13.918831,8.481000000
13.928492,8.482000000
13.934510,8.483000000
13.940254,8.484000000
13.948649,8.485000000
13.967808,8.486000000
13.976411,8.487000000
13.981598,8.488000000
13.994723,8.489000000
14.002327,8.490000000
14.010619,8.491000000
14.030251,8.492000000
14.033982,8.493000000
14.043672,8.494000000
14.079097,8.495000000
14.092017,8.496000000
14.105396,8.497000000
14.111401,8.498000000
14.120011,8.499000000
14.134445,8.500000000
14.144184,8.501000000
14.149776,8.502000000
14.163897,8.503000000
14.176700,8.504000000
14.176755,8.505000000
14.182956,8.506000000
14.197906,8.507000000
14.198696,8.508000000
14.208850,8.509000000
14.215964,8.510000000
14.239402,8.511000000
14.239485,8.512000000
14.275363,8.513000000
14.275442,8.514000000
14.275455,8.515000000
14.290448,8.516000000
14.290540,8.517000000
14.290553,8.518000000
14.297019,8.519000000
14.297375,8.520000000
14.306149,8.521000000
14.306209,8.522000000
14.313917,8.523000000
14.313979,8.524000000
14.333723,8.525000000
14.336570,8.526000000
14.351553,8.527000000
14.356401,8.528000000
14.359581,8.529000000
14.366415,8.530000000
14.373523,8.531000000
14.375568,8.532000000
14.388264,8.533000000
14.388326,8.534000000
14.388338,8.535000000
14.388347,8.536000000
14.389730,8.537000000
14.396582,8.538000000
14.407255,8.539000000
14.421673,8.540000000
14.433636,8.541000000
14.434316,8.542000000
14.443962,8.543000000
14.446495,8.544000000
14.461131,8.545000000
14.461223,8.546000000
14.471362,8.547000000
14.482672,8.548000000
14.487257,8.549000000
14.495016,8.550000000
14.502580,8.551000000
14.522390,8.552000000
14.522441,8.553000000
14.535375,8.554000000
14.546612,8.555000000
14.555778,8.556000000
14.560029,8.557000000
14.573303,8.558000000
14.574295,8.559000000
14.584153,8.560000000
14.589150,8.561000000
14.604845,8.562000000
14.604927,8.563000000
14.615609,8.564000000
14.621457,8.565000000
14.629642,8.566000000
14.629728,8.567000000
14.642731,8.568000000
14.650620,8.569000000
14.654531,8.570000000
14.662872,8.571000000
14.666979,8.572000000
14.676222,8.573000000
14.678185,8.574000000
14.692222,8.575000000
14.692267,8.576000000
14.700206,8.577000000
14.700259,8.578000000
14.710163,8.579000000
14.717981,8.580000000
14.718044,8.581000000
14.725950,8.582000000
14.730939,8.583000000
14.740295,8.584000000
14.751610,8.585000000
14.751682,8.586000000
14.756350,8.587000000
14.761673,8.588000000
14.776227,8.589000000
14.777822,8.590000000
14.784424,8.591000000
14.789911,8.592000000
14.797887,8.593000000
14.806891,8.594000000
14.806945,8.595000000
14.812900,8.596000000
14.818049,8.597000000
14.831135,8.598000000
14.844471,8.599000000
14.845432,8.600000000
14.853328,8.601000000
14.863924,8.602000000
14.869903,8.603000000
14.902090,8.604000000
14.906809,8.605000000
14.917935,8.606000000
14.918031,8.607000000
14.926883,8.608000000
14.931191,8.609000000
14.934650,8.610000000
14.982265,8.611000000
14.997866,8.612000000
15.000416,8.613000000
15.007237,8.614000000
15.010778,8.615000000
15.020705,8.616000000
15.035941,8.617000000
15.050057,8.618000000
15.062271,8.619000000
15.073992,8.620000000
15.085828,8.621000000
15.107584,8.622000000
15.121445,8.623000000
15.125966,8.624000000
15.134161,8.625000000
15.148865,8.626000000
15.154827,8.627000000
15.162461,8.628000000
15.187309,8.629000000
15.196565,8.630000000
15.215367,8.631000000
15.219012,8.632000000
15.221036,8.633000000
15.222984,8.634000000
15.225857,8.635000000
15.228034,8.636000000
15.238441,8.637000000
15.240681,8.638000000
15.242756,8.639000000
15.245491,8.640000000
15.249243,8.641000000
15.252541,8.642000000
15.255939,8.643000000
15.261554,8.644000000
15.266814,8.645000000
15.270313,8.646000000
15.291117,8.647000000
15.311212,8.648000000
15.316158,8.649000000
15.344137,8.650000000
15.362383,8.651000000
15.373818,8.652000000
15.373900,8.653000000
15.401834,8.654000000
15.401899,8.655000000
15.409533,8.656000000
15.421459,8.657000000
15.437609,8.658000000
15.438087,8.659000000
15.451415,8.660000000
15.452001,8.661000000
15.463078,8.662000000
15.464156,8.663000000
15.470331,8.664000000
15.492567,8.665000000
15.501365,8.666000000
15.520761,8.667000000
15.536045,8.668000000
15.569942,8.669000000
15.579194,8.670000000
15.596970,8.671000000
15.607731,8.672000000
15.621209,8.673000000
15.629917,8.674000000
15.638290,8.675000000
15.660290,8.676000000
15.672622,8.677000000
15.681232,8.678000000
15.691383,8.679000000
15.708425,8.680000000
15.728958,8.681000000
15.740382,8.682000000
15.772826,8.683000000
15.772893,8.684000000
15.772936,8.685000000
15.772977,8.686000000
15.773047,8.687000000
15.773841,8.688000000
15.792658,8.689000000
15.808820,8.690000000
15.817798,8.691000000
15.835382,8.692000000
15.841719,8.693000000
15.858892,8.694000000
15.858956,8.695000000
15.873121,8.696000000
15.876262,8.697000000
15.901358,8.698000000
15.913861,8.699000000
15.918190,8.700000000
15.928272,8.701000000
15.928331,8.702000000
15.940786,8.703000000
15.983070,8.704000000
15.983133,8.705000000
15.983174,8.706000000
15.983239,8.707000000
15.990827,8.708000000
16.005621,8.709000000
16.012074,8.710000000
16.023617,8.711000000
16.033580,8.712000000
16.043707,8.713000000
16.061821,8.714000000
16.063678,8.715000000
16.086465,8.716000000
16.091343,8.717000000
16.094560,8.718000000
16.110409,8.719000000
16.139051,8.720000000
16.144128,8.721000000
16.147510,8.722000000
16.162256,8.723000000
16.164670,8.724000000
16.167398,8.725000000
16.170048,8.726000000
16.173670,8.727000000
16.175999,8.728000000
16.184685,8.729000000
16.186946,8.730000000
16.197003,8.731000000
16.199453,8.732000000
16.212503,8.733000000
16.219702,8.734000000
16.229482,8.735000000
16.235656,8.736000000
16.258730,8.737000000
16.278469,8.738000000
16.281915,8.739000000
16.285946,8.740000000
16.294051,8.741000000
16.308244,8.742000000
16.315299,8.743000000
16.367122,8.744000000
16.378078,8.745000000
16.395653,8.746000000
16.397214,8.747000000
16.417366,8.748000000
16.430298,8.749000000
16.436285,8.750000000
16.439944,8.751000000
16.446490,8.752000000
16.446789,8.753000000
16.459515,8.754000000
16.473320,8.755000000
16.486201,8.756000000
16.491632,8.757000000
16.521605,8.758000000
16.521676,8.759000000
16.521720,8.760000000
16.539104,8.761000000
16.539168,8.762000000
16.542700,8.763000000
16.543034,8.764000000
16.547088,8.765000000
16.575492,8.766000000
16.578943,8.767000000
16.592465,8.768000000
16.592531,8.769000000
16.602790,8.770000000
16.609798,8.771000000
16.618324,8.772000000
16.628776,8.773000000
16.628855,8.774000000
16.652346,8.775000000
16.657919,8.776000000
16.661186,8.777000000
16.667318,8.778000000
16.679180,8.779000000
16.685323,8.780000000
16.696488,8.781000000
16.696891,8.782000000
16.724357,8.783000000
16.737293,8.784000000
16.753303,8.785000000
16.759518,8.786000000
16.789737,8.787000000
16.809274,8.788000000
16.819249,8.789000000
16.824553,8.790000000
16.842958,8.791000000
16.848781,8.792000000
16.856899,8.793000000
16.869095,8.794000000
16.869159,8.795000000
16.884961,8.796000000
16.895421,8.797000000
16.895907,8.798000000
16.931814,8.799000000
16.931898,8.800000000
16.932341,8.801000000
16.959112,8.802000000
16.973118,8.803000000
16.973193,8.804000000
16.973439,8.805000000
16.973485,8.806000000
16.974653,8.807000000
16.991218,8.808000000
17.005012,8.809000000
17.005080,8.810000000
17.011404,8.811000000
17.017447,8.812000000
17.024288,8.813000000
17.057991,8.814000000
17.065914,8.815000000
17.066244,8.816000000
17.071317,8.817000000
17.095729,8.818000000
17.096128,8.819000000
17.103160,8.820000000
17.103740,8.821000000
17.153021,8.822000000
17.166855,8.823000000
17.184320,8.824000000
17.184678,8.825000000
17.200445,8.826000000
17.209152,8.827000000
17.220754,8.828000000
17.232256,8.829000000
17.254609,8.830000000
17.267466,8.831000000
17.281374,8.832000000
17.302137,8.833000000
17.315748,8.834000000
17.315823,8.835000000
17.352306,8.836000000
17.363977,8.837000000
17.364970,8.838000000
17.374851,8.839000000
17.378397,8.840000000
17.397530,8.841000000
17.409432,8.842000000
17.409508,8.843000000
17.422663,8.844000000
17.434433,8.845000000
17.434759,8.846000000
17.445567,8.847000000
17.466369,8.848000000
17.477816,8.849000000
17.490838,8.850000000
17.501798,8.851000000
17.524359,8.852000000
17.541242,8.853000000
17.543778,8.854000000
17.562933,8.855000000
17.577091,8.856000000
17.588724,8.857000000
17.596716,8.858000000
17.612428,8.859000000
17.622192,8.860000000
17.638885,8.861000000
17.639285,8.862000000
17.643744,8.863000000
17.654862,8.864000000
17.687488,8.865000000
17.699753,8.866000000
17.700475,8.867000000
17.706725,8.868000000
17.716190,8.869000000
17.740290,8.870000000
17.749790,8.871000000
17.749854,8.872000000
17.768225,8.873000000
17.777332,8.874000000
17.779188,8.875000000
17.802476,8.876000000
17.807006,8.877000000
17.818135,8.878000000
17.830091,8.879000000
17.839075,8.880000000
17.850441,8.881000000
17.886102,8.882000000
17.895086,8.883000000
17.907621,8.884000000
17.928447,8.885000000
17.940149,8.886000000
17.955840,8.887000000
17.981998,8.888000000
17.999271,8.889000000
18.014036,8.890000000
18.018133,8.891000000
18.023470,8.892000000
18.050067,8.893000000
18.066471,8.894000000
18.066537,8.895000000
18.096859,8.896000000
18.105026,8.897000000
18.106274,8.898000000
18.126784,8.899000000
18.135204,8.900000000
18.157019,8.901000000
18.159230,8.902000000
18.168205,8.903000000
18.178529,8.904000000
18.191698,8.905000000
18.191767,8.906000000
18.193153,8.907000000
18.235294,8.908000000
18.247278,8.909000000
18.260863,8.910000000
18.275281,8.911000000
18.289387,8.912000000
18.289934,8.913000000
18.311487,8.914000000
18.323502,8.915000000
18.329603,8.916000000
18.340873,8.917000000
18.352679,8.918000000
18.362986,8.919000000
18.368615,8.920000000
18.404549,8.921000000
18.404871,8.922000000
18.421067,8.923000000
18.434036,8.924000000
18.440279,8.925000000
18.449979,8.926000000
18.469559,8.927000000
18.478518,8.928000000
18.486075,8.929000000
18.498017,8.930000000
18.508516,8.931000000
18.516308,8.932000000
18.547493,8.933000000
18.557327,8.934000000
18.575714,8.935000000
18.581830,8.936000000
18.608923,8.937000000
18.624465,8.938000000
18.635682,8.939000000
18.647410,8.940000000
18.655876,8.941000000
18.659032,8.942000000
18.666427,8.943000000
18.666502,8.944000000
18.673319,8.945000000
18.674719,8.946000000
18.688278,8.947000000
18.696584,8.948000000
18.707668,8.949000000
18.708043,8.950000000
18.709299,8.951000000
18.728269,8.952000000
18.740125,8.953000000
18.749109,8.954000000
18.763762,8.955000000
18.764214,8.956000000
18.764297,8.957000000
18.785803,8.958000000
18.786185,8.959000000
18.795079,8.960000000
18.802221,8.961000000
18.814444,8.962000000
18.823482,8.963000000
18.835910,8.964000000
18.835979,8.965000000
18.836022,8.966000000
18.836091,8.967000000
18.848420,8.968000000
18.850749,8.969000000
18.878595,8.970000000
18.892997,8.971000000
18.900635,8.972000000
18.903611,8.973000000
18.907478,8.974000000
18.909975,8.975000000
18.912870,8.976000000
18.915595,8.977000000
18.921903,8.978000000
18.924070,8.979000000
18.926396,8.980000000
18.929251,8.981000000
18.932725,8.982000000
18.937845,8.983000000
18.940259,8.984000000
18.947001,8.985000000
18.962709,8.986000000
18.968191,8.987000000
18.974074,8.988000000
18.976605,8.989000000
18.979622,8.990000000
18.983829,8.991000000
18.986387,8.992000000
18.988700,8.993000000
18.993256,8.994000000
18.999709,8.995000000
19.005450,8.996000000
19.008892,8.997000000
19.011153,8.998000000
19.020830,8.999000000
19.035782,9.000000000
19.049726,9.001000000
19.055701,9.002000000
19.068243,9.003000000
19.068290,9.004000000
19.070861,9.005000000
19.080271,9.006000000
19.093930,9.007000000
19.093979,9.008000000
19.126462,9.009000000
19.150481,9.010000000
19.159903,9.011000000
19.182083,9.012000000
19.185637,9.013000000
19.199612,9.014000000
19.207851,9.015000000
19.213622,9.016000000
19.224713,9.017000000
19.249822,9.018000000
19.270280,9.019000000
19.271133,9.020000000
19.285294,9.021000000
19.297746,9.022000000
19.297807,9.023000000
19.297849,9.024000000
19.309119,9.025000000
19.314219,9.026000000
19.322096,9.027000000
19.333772,9.028000000
19.342245,9.029000000
19.342303,9.030000000
19.358209,9.031000000
19.366910,9.032000000
19.380200,9.033000000
19.387918,9.034000000
19.403852,9.035000000
19.410353,9.036000000
19.421343,9.037000000
19.428779,9.038000000
19.464377,9.039000000
19.466712,9.040000000
19.469281,9.041000000
19.479182,9.042000000
19.483093,9.043000000
19.485271,9.044000000
19.487469,9.045000000
19.489553,9.046000000
19.492133,9.047000000
19.494240,9.048000000
19.496362,9.049000000
19.501299,9.050000000
19.503650,9.051000000
19.505857,9.052000000
19.508072,9.053000000
19.510914,9.054000000
19.516935,9.055000000
19.520681,9.056000000
19.523002,9.057000000
19.536928,9.058000000
19.543003,9.059000000
19.545391,9.060000000
19.560447,9.061000000
19.563181,9.062000000
19.565487,9.063000000
19.577004,9.064000000
19.589535,9.065000000
19.591760,9.066000000
19.594116,9.067000000
19.596508,9.068000000
19.598677,9.069000000
19.610670,9.070000000
19.636186,9.071000000
19.653911,9.072000000
19.658634,9.073000000
19.680449,9.074000000
19.682241,9.075000000
19.697782,9.076000000
19.705441,9.077000000
19.719191,9.078000000
19.729905,9.079000000
19.745989,9.080000000
19.748624,9.081000000
19.760138,9.082000000
19.774561,9.083000000
19.781773,9.084000000
19.789227,9.085000000
19.800478,9.086000000
19.808169,9.087000000
19.820132,9.088000000
19.832330,9.089000000
19.842876,9.090000000
19.842949,9.091000000
19.856723,9.092000000
19.864654,9.093000000
19.885851,9.094000000
19.896991,9.095000000
19.904181,9.096000000
19.911860,9.097000000
19.922133,9.098000000
19.931594,9.099000000
19.956223,9.100000000
19.967689,9.101000000
19.976147,9.102000000
19.987105,9.103000000
20.000958,9.104000000
20.012300,9.105000000
20.021960,9.106000000
20.034126,9.107000000
20.052424,9.108000000
20.060263,9.109000000
20.073547,9.110000000
20.085165,9.111000000
20.100749,9.112000000
20.108804,9.113000000
20.120626,9.114000000
20.127088,9.115000000
20.136692,9.116000000
20.148920,9.117000000
20.159225,9.118000000
20.161984,9.119000000
20.170209,9.120000000
20.174920,9.121000000
20.178855,9.122000000
20.186079,9.123000000
20.195950,9.124000000
20.202549,9.125000000
20.226521,9.126000000
20.226611,9.127000000
20.246155,9.128000000
20.257130,9.129000000
20.259328,9.130000000
20.265659,9.131000000
20.268409,9.132000000
20.271157,9.133000000
20.277278,9.134000000
20.284197,9.135000000
20.317944,9.136000000
20.332303,9.137000000
20.339578,9.138000000
20.350854,9.139000000
20.362212,9.140000000
20.369619,9.141000000
20.380204,9.142000000
20.394596,9.143000000
20.405578,9.144000000
20.417135,9.145000000
20.421705,9.146000000
20.429354,9.147000000
20.434240,9.148000000
20.448636,9.149000000
20.461065,9.150000000
20.464516,9.151000000
20.466884,9.152000000
20.469037,9.153000000
20.475947,9.154000000
20.478126,9.155000000
20.484988,9.156000000
20.487347,9.157000000
20.489613,9.158000000
20.491701,9.159000000
20.498718,9.160000000
20.502239,9.161000000
20.504574,9.162000000
20.520931,9.163000000
20.525541,9.164000000
20.530113,9.165000000
20.536780,9.166000000
20.540614,9.167000000
20.545688,9.168000000
20.547997,9.169000000
20.573962,9.170000000
20.577953,9.171000000
20.583692,9.172000000
20.586554,9.173000000
20.603402,9.174000000
20.606046,9.175000000
20.624876,9.176000000
20.627215,9.177000000
20.632663,9.178000000
20.640068,9.179000000
20.643163,9.180000000
20.649608,9.181000000
20.653564,9.182000000
20.656380,9.183000000
20.689986,9.184000000
20.692262,9.185000000
20.694411,9.186000000
20.701069,9.187000000
20.707790,9.188000000
20.710065,9.189000000
20.712383,9.190000000
20.714555,9.191000000
20.721581,9.192000000
20.733765,9.193000000
20.736236,9.194000000
20.744531,9.195000000
20.748108,9.196000000
20.781031,9.197000000
20.791287,9.198000000
20.806017,9.199000000
20.816992,9.200000000
20.828151,9.201000000
20.832584,9.202000000
20.843920,9.203000000
20.852405,9.204000000
20.864294,9.205000000
20.873935,9.206000000
20.888121,9.207000000
20.900957,9.208000000
20.916067,9.209000000
20.920785,9.210000000
20.930252,9.211000000
20.935943,9.212000000
20.938756,9.213000000
20.941077,9.214000000
20.947648,9.215000000
20.949801,9.216000000
20.954705,9.217000000
20.958762,9.218000000
20.969342,9.219000000
20.973747,9.220000000
20.978882,9.221000000
20.988994,9.222000000
20.991286,9.223000000
20.995470,9.224000000
20.997958,9.225000000
21.000154,9.226000000
21.006347,9.227000000
21.010152,9.228000000
21.012625,9.229000000
21.015012,9.230000000
21.017257,9.231000000
21.020927,9.232000000
21.023829,9.233000000
21.050915,9.234000000
21.059218,9.235000000
21.075902,9.236000000
21.086759,9.237000000
21.092115,9.238000000
21.096576,9.239000000
21.125135,9.240000000
21.135768,9.241000000
21.140454,9.242000000
21.160564,9.243000000
21.165048,9.244000000
21.175987,9.245000000
21.200670,9.246000000
21.216843,9.247000000
21.228491,9.248000000
21.237980,9.249000000
21.250804,9.250000000
21.256410,9.251000000
21.269971,9.252000000
21.283471,9.253000000
21.288299,9.254000000
21.297966,9.255000000
21.306564,9.256000000
21.315810,9.257000000
21.324552,9.258000000
21.333988,9.259000000
21.357365,9.260000000
21.359887,9.261000000
21.362301,9.262000000
21.364938,9.263000000
21.397806,9.264000000
21.413319,9.265000000
21.416529,9.266000000
21.425923,9.267000000
21.449174,9.268000000
21.460387,9.269000000
21.476771,9.270000000
21.485384,9.271000000
21.498461,9.272000000
21.517327,9.273000000
21.526615,9.274000000
21.532240,9.275000000
21.547959,9.276000000
21.558350,9.277000000
21.570062,9.278000000
21.572732,9.279000000
21.576977,9.280000000
21.594836,9.281000000
21.599726,9.282000000
21.611285,9.283000000
21.616091,9.284000000
21.625789,9.285000000
21.634148,9.286000000
21.643812,9.287000000
21.651774,9.288000000
21.656147,9.289000000
21.667959,9.290000000
21.679291,9.291000000
21.699280,9.292000000
21.705441,9.293000000
21.720549,9.294000000
21.731853,9.295000000
21.755797,9.296000000
21.765407,9.297000000
21.769192,9.298000000
21.775109,9.299000000
21.793659,9.300000000
21.796077,9.301000000
21.817516,9.302000000
21.833630,9.303000000
21.844100,9.304000000
21.854058,9.305000000
21.862223,9.306000000
21.880225,9.307000000
21.888168,9.308000000
21.899415,9.309000000
21.906151,9.310000000
21.915843,9.311000000
21.925553,9.312000000
21.939510,9.313000000
21.945016,9.314000000
21.949403,9.315000000
21.959380,9.316000000
21.970639,9.317000000
21.978637,9.318000000
21.986535,9.319000000
21.998958,9.320000000
22.014090,9.321000000
22.017769,9.322000000
22.041461,9.323000000
22.058687,9.324000000
22.062567,9.325000000
22.072629,9.326000000
22.096343,9.327000000
22.100246,9.328000000
22.119177,9.329000000
22.136877,9.330000000
22.145450,9.331000000
22.152423,9.332000000
22.161439,9.333000000
22.175681,9.334000000
22.178267,9.335000000
22.187053,9.336000000
22.189316,9.337000000
22.191704,9.338000000
22.194234,9.339000000
22.196477,9.340000000
22.199469,9.341000000
22.202887,9.342000000
22.205104,9.343000000
22.207436,9.344000000
22.209781,9.345000000
22.217102,9.346000000
22.220175,9.347000000
22.222539,9.348000000
22.224953,9.349000000
22.228140,9.350000000
22.230380,9.351000000
22.232522,9.352000000
22.234761,9.353000000
22.237349,9.354000000
22.239659,9.355000000
22.241969,9.356000000
22.244157,9.357000000
22.246361,9.358000000
22.279589,9.359000000
22.290747,9.360000000
22.310699,9.361000000
22.330938,9.362000000
22.335665,9.363000000
22.348140,9.364000000
22.358175,9.365000000
22.374622,9.366000000
22.378123,9.367000000
22.394257,9.368000000
22.401911,9.369000000
22.412983,9.370000000
22.415139,9.371000000
22.419744,9.372000000
22.433060,9.373000000
22.439339,9.374000000
22.442246,9.375000000
22.445172,9.376000000
22.454759,9.377000000
22.457081,9.378000000
22.459941,9.379000000
22.482792,9.380000000
22.490947,9.381000000
22.501266,9.382000000
22.504147,9.383000000
22.518429,9.384000000
22.521055,9.385000000
22.523516,9.386000000
22.536711,9.387000000
22.552356,9.388000000
22.564039,9.389000000
22.566927,9.390000000
22.573653,9.391000000
22.599840,9.392000000
22.608434,9.393000000
22.616505,9.394000000
22.655928,9.395000000
22.671520,9.396000000
22.684172,9.397000000
22.691954,9.398000000
22.701850,9.399000000
22.717090,9.400000000
22.736776,9.401000000
22.749072,9.402000000
22.767377,9.403000000
22.778493,9.404000000
22.785451,9.405000000
22.792378,9.406000000
22.812430,9.407000000
22.819081,9.408000000
22.846000,9.409000000
22.852904,9.410000000
22.872499,9.411000000
22.879900,9.412000000
22.888555,9.413000000
22.912379,9.414000000
22.919278,9.415000000
22.925987,9.416000000
22.949080,9.417000000
22.960308,9.418000000
22.991369,9.419000000
23.011050,9.420000000
23.022850,9.421000000
23.038023,9.422000000
23.049959,9.423000000
23.068438,9.424000000
23.076809,9.425000000
23.092469,9.426000000
23.099502,9.427000000
23.108870,9.428000000
23.115425,9.429000000
23.133086,9.430000000
23.140482,9.431000000
23.148456,9.432000000
23.174012,9.433000000
23.180386,9.434000000
23.197080,9.435000000
23.203714,9.436000000
23.230742,9.437000000
23.240383,9.438000000
23.254830,9.439000000
23.280917,9.440000000
23.305358,9.441000000
23.328042,9.442000000
23.351553,9.443000000
23.361445,9.444000000
23.381422,9.445000000
23.410181,9.446000000
23.427922,9.447000000
23.435879,9.448000000
23.445083,9.449000000
23.453636,9.450000000
23.463110,9.451000000
23.470971,9.452000000
23.480156,9.453000000
23.490099,9.454000000
23.497954,9.455000000
23.509769,9.456000000
23.519924,9.457000000
23.530277,9.458000000
23.539965,9.459000000
23.548442,9.460000000
23.558142,9.461000000
23.572143,9.462000000
23.580173,9.463000000
23.590662,9.464000000
23.599992,9.465000000
23.607903,9.466000000
23.617599,9.467000000
23.627944,9.468000000
23.636357,9.469000000
23.643188,9.470000000
23.654330,9.471000000
23.661451,9.472000000
23.668939,9.473000000
23.679635,9.474000000
23.699818,9.475000000
23.713475,9.476000000
23.724468,9.477000000
23.732373,9.478000000
23.741644,9.479000000
23.753400,9.480000000
23.761525,9.481000000
23.771241,9.482000000
23.779958,9.483000000
23.789779,9.484000000
23.796217,9.485000000
23.809484,9.486000000
23.836527,9.487000000
23.854174,9.488000000
23.873415,9.489000000
23.896269,9.490000000
23.910704,9.491000000
23.921536,9.492000000
23.929174,9.493000000
23.945226,9.494000000
23.957064,9.495000000
23.965089,9.496000000
23.986210,9.497000000
24.001013,9.498000000
24.029103,9.499000000
24.061833,9.500000000
24.081717,9.501000000
24.101089,9.502000000
24.119176,9.503000000
24.129360,9.504000000
24.148381,9.505000000
24.160750,9.506000000
24.166427,9.507000000
24.168762,9.508000000
24.187620,9.509000000
24.192411,9.510000000
24.203896,9.511000000
24.213383,9.512000000
24.242136,9.513000000
24.254331,9.514000000
24.257325,9.515000000
24.259744,9.516000000
24.282503,9.517000000
24.286633,9.518000000
24.296027,9.519000000
24.304777,9.520000000
24.314321,9.521000000
24.318829,9.522000000
24.352484,9.523000000
24.359888,9.524000000
24.376787,9.525000000
24.391670,9.526000000
24.398391,9.527000000
24.406418,9.528000000
24.416012,9.529000000
24.426807,9.530000000
24.434049,9.531000000
24.440185,9.532000000
24.446054,9.533000000
24.463349,9.534000000
24.472486,9.535000000
24.484123,9.536000000
24.514898,9.537000000
24.527672,9.538000000
24.552908,9.539000000
24.555290,9.540000000
24.563010,9.541000000
24.576221,9.542000000
24.581525,9.543000000
24.601620,9.544000000
24.606353,9.545000000
24.640070,9.546000000
24.652536,9.547000000
24.663157,9.548000000
24.673783,9.549000000
24.681302,9.550000000
24.684166,9.551000000
24.722147,9.552000000
24.743613,9.553000000
24.749212,9.554000000
24.763468,9.555000000
24.764758,9.556000000
24.779125,9.557000000
24.779184,9.558000000
24.779226,9.559000000
24.788345,9.560000000
24.788405,9.561000000
24.813869,9.562000000
24.825786,9.563000000
24.825864,9.564000000
24.825910,9.565000000
24.851423,9.566000000
24.861784,9.567000000
24.869317,9.568000000
24.886906,9.569000000
24.890077,9.570000000
24.903177,9.571000000
24.906431,9.572000000
24.931805,9.573000000
24.940279,9.574000000
24.945460,9.575000000
24.959907,9.576000000
24.969491,9.577000000
25.001465,9.578000000
25.015346,9.579000000
25.015410,9.580000000
25.037314,9.581000000
25.054389,9.582000000
25.054451,9.583000000
25.075487,9.584000000
25.086159,9.585000000
25.096838,9.586000000
25.100891,9.587000000
25.121202,9.588000000
25.121257,9.589000000
25.139275,9.590000000
25.152806,9.591000000
25.152871,9.592000000
25.176370,9.593000000
25.178053,9.594000000
25.208418,9.595000000
25.208481,9.596000000
25.208556,9.597000000
25.222806,9.598000000
25.239391,9.599000000
25.239586,9.600000000
25.265131,9.601000000
25.265203,9.602000000
25.287691,9.603000000
25.303376,9.604000000
25.315304,9.605000000
25.315368,9.606000000
25.338079,9.607000000
25.349698,9.608000000
25.362220,9.609000000
25.372041,9.610000000
25.386256,9.611000000
25.406323,9.612000000
25.406385,9.613000000
25.435099,9.614000000
25.448926,9.615000000
25.457896,9.616000000
25.467527,9.617000000
25.479728,9.618000000
25.479797,9.619000000
25.499691,9.620000000
25.499756,9.621000000
25.533546,9.622000000
25.533613,9.623000000
25.566174,9.624000000
25.573052,9.625000000
25.581798,9.626000000
25.581897,9.627000000
25.632586,9.628000000
25.690068,9.629000000
25.704464,9.630000000
25.713109,9.631000000
25.720864,9.632000000
25.727054,9.633000000
25.744871,9.634000000
25.754028,9.635000000
25.760940,9.636000000
25.762117,9.637000000
25.769764,9.638000000
25.775567,9.639000000
25.777168,9.640000000
25.782463,9.641000000
25.798846,9.642000000
25.804751,9.643000000
25.810516,9.644000000
25.816517,9.645000000
25.822659,9.646000000
25.822742,9.647000000
25.846047,9.648000000
25.853716,9.649000000
25.859049,9.650000000
25.870153,9.651000000
25.878377,9.652000000
25.885311,9.653000000
25.896210,9.654000000
25.896276,9.655000000
25.901259,9.656000000
25.920518,9.657000000
25.926426,9.658000000
25.931892,9.659000000
25.937424,9.660000000
25.949614,9.661000000
25.950495,9.662000000
25.958512,9.663000000
25.969363,9.664000000
25.979434,9.665000000
26.015158,9.666000000
26.017215,9.667000000
26.043351,9.668000000
26.045418,9.669000000
26.055303,9.670000000
26.072283,9.671000000
26.078039,9.672000000
26.093266,9.673000000
26.099166,9.674000000
26.112385,9.675000000
26.123033,9.676000000
26.136258,9.677000000
26.145783,9.678000000
26.150461,9.679000000
26.161512,9.680000000
26.161573,9.681000000
26.161616,9.682000000
26.193001,9.683000000
26.212290,9.684000000
26.221770,9.685000000
26.248882,9.686000000
26.257813,9.687000000
26.261170,9.688000000
26.276944,9.689000000
26.283317,9.690000000
26.293107,9.691000000
26.297497,9.692000000
26.307981,9.693000000
26.314449,9.694000000
26.318248,9.695000000
26.322553,9.696000000
26.351545,9.697000000
26.362957,9.698000000
26.367800,9.699000000
26.380473,9.700000000
26.387960,9.701000000
26.400195,9.702000000
26.416195,9.703000000
26.435717,9.704000000
26.450495,9.705000000
26.461515,9.706000000
26.470826,9.707000000
26.481309,9.708000000
26.492813,9.709000000
26.500034,9.710000000
26.509512,9.711000000
26.529349,9.712000000
26.541538,9.713000000
26.560426,9.714000000
26.565857,9.715000000
26.578549,9.716000000
26.590575,9.717000000
26.596443,9.718000000
26.609597,9.719000000
26.631371,9.720000000
26.638470,9.721000000
26.644394,9.722000000
26.660226,9.723000000
26.664730,9.724000000
26.673745,9.725000000
26.702487,9.726000000
26.709197,9.727000000
26.723652,9.728000000
26.729605,9.729000000
26.743523,9.730000000
26.750093,9.731000000
26.764576,9.732000000
26.769761,9.733000000
26.780405,9.734000000
26.797028,9.735000000
26.819190,9.736000000
26.831347,9.737000000
26.842406,9.738000000
26.861848,9.739000000
26.874978,9.740000000
26.906639,9.741000000
26.916121,9.742000000
26.938621,9.743000000
26.946733,9.744000000
26.956282,9.745000000
26.973540,9.746000000
26.977379,9.747000000
26.981692,9.748000000
26.990916,9.749000000
27.022451,9.750000000
27.031212,9.751000000
27.036857,9.752000000
27.056541,9.753000000
27.066338,9.754000000
27.069241,9.755000000
27.095592,9.756000000
27.103334,9.757000000
27.113443,9.758000000
27.125063,9.759000000
27.136624,9.760000000
27.143612,9.761000000
27.153871,9.762000000
27.173531,9.763000000
27.185015,9.764000000
27.196548,9.765000000
27.205093,9.766000000
27.215087,9.767000000
27.228060,9.768000000
27.232388,9.769000000
27.236927,9.770000000
27.240654,9.771000000
27.263836,9.772000000
27.269807,9.773000000
27.286224,9.774000000
27.291586,9.775000000
27.306058,9.776000000
27.311600,9.777000000
27.317935,9.778000000
27.325649,9.779000000
27.337936,9.780000000
27.347396,9.781000000
27.355566,9.782000000
27.357337,9.783000000
27.376734,9.784000000
27.388045,9.785000000
27.393781,9.786000000
27.413686,9.787000000
27.417509,9.788000000
27.426941,9.789000000
27.438195,9.790000000
27.449229,9.791000000
27.452954,9.792000000
27.467953,9.793000000
27.475217,9.794000000
27.478835,9.795000000
27.487632,9.796000000
27.498619,9.797000000
27.501704,9.798000000
27.516709,9.799000000
27.530166,9.800000000
27.530230,9.801000000
27.530271,9.802000000
27.530309,9.803000000
27.537452,9.804000000
27.537514,9.805000000
27.537554,9.806000000
27.538001,9.807000000
27.541759,9.808000000
27.541809,9.809000000
27.547908,9.810000000
27.550641,9.811000000
27.550695,9.812000000
27.552971,9.813000000
27.569219,9.814000000
27.585050,9.815000000
27.592011,9.816000000
27.614149,9.817000000
27.614218,9.818000000
27.633890,9.819000000
27.648869,9.820000000
27.649226,9.821000000
27.667998,9.822000000
27.680587,9.823000000
27.697386,9.824000000
27.711299,9.825000000
27.725483,9.826000000
27.736720,9.827000000
27.748583,9.828000000
27.759797,9.829000000
27.770367,9.830000000
27.788110,9.831000000
27.795985,9.832000000
27.812006,9.833000000
27.825816,9.834000000
27.831972,9.835000000
27.843161,9.836000000
27.849532,9.837000000
27.861388,9.838000000
27.861495,9.839000000
27.871797,9.840000000
27.877022,9.841000000
27.882509,9.842000000
27.888838,9.843000000
27.913427,9.844000000
27.921987,9.845000000
27.935455,9.846000000
27.945851,9.847000000
27.950091,9.848000000
27.960519,9.849000000
27.982375,9.850000000
27.993507,9.851000000
28.000418,9.852000000
28.036498,9.853000000
28.043477,9.854000000
28.076603,9.855000000
28.086095,9.856000000
28.100209,9.857000000
28.108303,9.858000000
28.117327,9.859000000
28.133874,9.860000000
28.143612,9.861000000
28.150415,9.862000000
28.162540,9.863000000
28.172530,9.864000000
28.181262,9.865000000
28.197478,9.866000000
28.210088,9.867000000
28.222438,9.868000000
28.227960,9.869000000
28.251105,9.870000000
28.260799,9.871000000
28.260862,9.872000000
28.292448,9.873000000
28.293883,9.874000000
28.311982,9.875000000
28.315748,9.876000000
28.317237,9.877000000
28.317825,9.878000000
28.324261,9.879000000
28.336974,9.880000000
28.337044,9.881000000
28.337111,9.882000000
28.337848,9.883000000
28.352070,9.884000000
28.361363,9.885000000
28.370322,9.886000000
28.388846,9.887000000
28.391392,9.888000000
28.402481,9.889000000
28.407363,9.890000000
28.413996,9.891000000
28.419564,9.892000000
28.435499,9.893000000
28.443256,9.894000000
28.445864,9.895000000
28.455162,9.896000000
28.460036,9.897000000
28.462879,9.898000000
28.486824,9.899000000
28.498915,9.900000000
28.510445,9.901000000
28.518401,9.902000000
28.527242,9.903000000
28.540040,9.904000000
28.556977,9.905000000
28.569776,9.906000000
28.574698,9.907000000
28.583497,9.908000000
28.587616,9.909000000
28.594114,9.910000000
28.595887,9.911000000
28.630328,9.912000000
28.649548,9.913000000
28.658778,9.914000000
28.659679,9.915000000
28.668492,9.916000000
28.677064,9.917000000
28.686975,9.918000000
28.689618,9.919000000
28.699657,9.920000000
28.706776,9.921000000
28.715414,9.922000000
28.722444,9.923000000
28.728428,9.924000000
28.730858,9.925000000
28.737284,9.926000000
28.741704,9.927000000
28.746520,9.928000000
28.750567,9.929000000
28.754313,9.930000000
28.757032,9.931000000
28.759419,9.932000000
28.761764,9.933000000
28.764077,9.934000000
28.766904,9.935000000
28.770284,9.936000000
28.783429,9.937000000
28.789924,9.938000000
28.794702,9.939000000
28.798998,9.940000000
28.801477,9.941000000
28.804259,9.942000000
28.806588,9.943000000
28.813006,9.944000000
28.818596,9.945000000
28.821177,9.946000000
28.825278,9.947000000
28.828077,9.948000000
28.831523,9.949000000
28.835438,9.950000000
28.842297,9.951000000
28.846633,9.952000000
28.849397,9.953000000
28.859240,9.954000000
28.862510,9.955000000
28.864879,9.956000000
28.867571,9.957000000
28.870015,9.958000000
28.872410,9.959000000
28.875319,9.960000000
28.878447,9.961000000
28.880813,9.962000000
28.896839,9.963000000
28.902299,9.964000000
28.912845,9.965000000
28.925426,9.966000000
28.943668,9.967000000
28.948418,9.968000000
28.960406,9.969000000
28.966867,9.970000000
28.973516,9.971000000
28.989429,9.972000000
28.995953,9.973000000
29.008731,9.974000000
29.018102,9.975000000
29.027770,9.976000000
29.037507,9.977000000
29.043585,9.978000000
29.073385,9.979000000
29.078002,9.980000000
29.087075,9.981000000
29.090844,9.982000000
29.109410,9.983000000
29.113235,9.984000000
29.126230,9.985000000
29.129799,9.986000000
29.138544,9.987000000
29.143660,9.988000000
29.167249,9.989000000
29.174172,9.990000000
29.178917,9.991000000
29.189768,9.992000000
29.208112,9.993000000
29.211082,9.994000000
29.238008,9.995000000
29.250196,9.996000000
29.262205,9.997000000
29.269328,9.998000000
29.279918,9.999000000
29.290488,10.000000000
29.297729,10.001000000
29.304532,10.002000000
29.313651,10.003000000
29.324815,10.004000000
29.331486,10.005000000
29.344465,10.006000000
29.360421,10.007000000
29.368966,10.008000000
29.377989,10.009000000
29.400448,10.010000000
29.408316,10.011000000
29.432628,10.012000000
29.436102,10.013000000
29.451689,10.014000000
29.455075,10.015000000
29.473758,10.016000000
29.476358,10.017000000
29.485249,10.018000000
29.507852,10.019000000
29.516677,10.020000000
29.531884,10.021000000
29.536652,10.022000000
29.541763,10.023000000
29.545049,10.024000000
29.566964,10.025000000
29.577361,10.026000000
29.586673,10.027000000
29.593011,10.028000000
29.606066,10.029000000
29.614703,10.030000000
29.634879,10.031000000
29.640284,10.032000000
29.652394,10.033000000
29.657831,10.034000000
29.669127,10.035000000
29.676589,10.036000000
29.682752,10.037000000
29.694929,10.038000000
29.710510,10.039000000
29.719823,10.040000000
29.741943,10.041000000
29.748811,10.042000000
29.753998,10.043000000
29.768734,10.044000000
29.774865,10.045000000
29.783283,10.046000000
29.806832,10.047000000
29.816782,10.048000000
29.822437,10.049000000
29.838085,10.050000000
29.843220,10.051000000
29.853054,10.052000000
29.881584,10.053000000
29.889493,10.054000000
29.901861,10.055000000
29.901923,10.056000000
29.918956,10.057000000
29.919468,10.058000000
29.949078,10.059000000
29.961135,10.060000000
29.973022,10.061000000
29.990940,10.062000000
30.010199,10.063000000
30.020354,10.064000000
30.025137,10.065000000
30.046711,10.066000000
30.052670,10.067000000
30.056882,10.068000000
30.061662,10.069000000
30.082318,10.070000000
30.091725,10.071000000
30.105803,10.072000000
30.110464,10.073000000
30.113880,10.074000000
30.119834,10.075000000
30.153539,10.076000000
30.164382,10.077000000
30.171867,10.078000000
30.182566,10.079000000
30.191815,10.080000000
30.199461,10.081000000
30.212266,10.082000000
30.218910,10.083000000
30.234546,10.084000000
30.247074,10.085000000
30.252974,10.086000000
30.261353,10.087000000
30.269008,10.088000000
30.271608,10.089000000
30.274194,10.090000000
30.280821,10.091000000
30.308005,10.092000000
30.312454,10.093000000
30.314909,10.094000000
30.317648,10.095000000
30.323797,10.096000000
30.341336,10.097000000
30.351965,10.098000000
30.354724,10.099000000
30.357047,10.100000000
30.359443,10.101000000
30.364103,10.102000000
30.375986,10.103000000
30.378496,10.104000000
30.410266,10.105000000
30.415062,10.106000000
30.435013,10.107000000
30.445083,10.108000000
30.461755,10.109000000
30.471412,10.110000000
30.488173,10.111000000
30.496349,10.112000000
30.503108,10.113000000
30.516665,10.114000000
30.523463,10.115000000
30.531539,10.116000000
30.535554,10.117000000
30.539502,10.118000000
30.543951,10.119000000
30.550808,10.120000000
30.562331,10.121000000
30.570802,10.122000000
30.588685,10.123000000
30.596451,10.124000000
30.609227,10.125000000
30.616510,10.126000000
30.626172,10.127000000
30.633528,10.128000000
30.651474,10.129000000
30.655187,10.130000000
30.691658,10.131000000
30.707667,10.132000000
30.712356,10.133000000
30.731495,10.134000000
30.735143,10.135000000
30.743580,10.136000000
30.767310,10.137000000
30.772178,10.138000000
30.782018,10.139000000
30.794127,10.140000000
30.799624,10.141000000
30.803948,10.142000000
30.808910,10.143000000
30.846331,10.144000000
30.858181,10.145000000
30.867997,10.146000000
30.877863,10.147000000
30.885284,10.148000000
30.912260,10.149000000
30.928566,10.150000000
30.942828,10.151000000
30.954744,10.152000000
30.962359,10.153000000
30.969725,10.154000000
30.985011,10.155000000
30.989675,10.156000000
30.998748,10.157000000
31.019769,10.158000000
31.033008,10.159000000
31.036527,10.160000000
31.059143,10.161000000
31.066629,10.162000000
31.077194,10.163000000
31.089435,10.164000000
31.095825,10.165000000
31.099633,10.166000000
31.110628,10.167000000
31.134512,10.168000000
31.142879,10.169000000
31.146771,10.170000000
31.162247,10.171000000
31.166756,10.172000000
31.178265,10.173000000
31.201626,10.174000000
31.205346,10.175000000
31.213042,10.176000000
31.224632,10.177000000
31.233729,10.178000000
31.243574,10.179000000
31.252175,10.180000000
31.263299,10.181000000
31.270111,10.182000000
31.288526,10.183000000
31.303607,10.184000000
31.322032,10.185000000
31.330980,10.186000000
31.344660,10.187000000
31.350660,10.188000000
31.385115,10.189000000
31.387185,10.190000000
31.410322,10.191000000
31.418826,10.192000000
31.419359,10.193000000
31.443135,10.194000000
31.451559,10.195000000
31.474234,10.196000000
31.485434,10.197000000
31.502038,10.198000000
31.502104,10.199000000
31.545393,10.200000000
31.576132,10.201000000
31.577770,10.202000000
31.608371,10.203000000
31.621397,10.204000000
31.629410,10.205000000
31.637510,10.206000000
31.666528,10.207000000
31.696488,10.208000000
31.709846,10.209000000
31.717759,10.210000000
31.722296,10.211000000
31.745957,10.212000000
31.752702,10.213000000
31.767820,10.214000000
31.771762,10.215000000
31.781065,10.216000000
31.811729,10.217000000
31.823511,10.218000000
31.835396,10.219000000
31.839018,10.220000000
31.851908,10.221000000
31.859587,10.222000000
31.880229,10.223000000
31.890077,10.224000000
31.901551,10.225000000
31.909681,10.226000000
31.924259,10.227000000
31.932850,10.228000000
31.951680,10.229000000
31.958833,10.230000000
31.976837,10.231000000
31.981464,10.232000000
31.986154,10.233000000
31.994477,10.234000000
32.021419,10.235000000
32.025570,10.236000000
32.041082,10.237000000
32.056146,10.238000000
32.074242,10.239000000
32.079621,10.240000000
32.113756,10.241000000
32.118003,10.242000000
32.120775,10.243000000
32.123238,10.244000000
32.125799,10.245000000
32.128382,10.246000000
32.131033,10.247000000
32.133395,10.248000000
32.135900,10.249000000
32.138280,10.250000000
32.145816,10.251000000
32.154162,10.252000000
32.158578,10.253000000
32.164104,10.254000000
32.166498,10.255000000
32.173536,10.256000000
32.177901,10.257000000
32.189194,10.258000000
32.220456,10.259000000
32.231622,10.260000000
32.250911,10.261000000
32.265005,10.262000000
32.266793,10.263000000
32.288782,10.264000000
32.304346,10.265000000
32.313930,10.266000000
32.314934,10.267000000
32.324128,10.268000000
32.331264,10.269000000
32.336127,10.270000000
32.345253,10.271000000
32.351373,10.272000000
32.359093,10.273000000
32.364539,10.274000000
32.370534,10.275000000
32.381592,10.276000000
32.391880,10.277000000
32.395248,10.278000000
32.403250,10.279000000
32.406374,10.280000000
32.425664,10.281000000
32.433291,10.282000000
32.443670,10.283000000
32.455296,10.284000000
32.462109,10.285000000
32.472009,10.286000000
32.480497,10.287000000
32.488130,10.288000000
32.495301,10.289000000
32.509432,10.290000000
32.517918,10.291000000
32.525199,10.292000000
32.531309,10.293000000
32.538464,10.294000000
32.544789,10.295000000
32.552494,10.296000000
32.556430,10.297000000
32.562434,10.298000000
32.568611,10.299000000
32.575034,10.300000000
32.582254,10.301000000
32.588152,10.302000000
32.592825,10.303000000
32.599590,10.304000000
32.603958,10.305000000
32.608484,10.306000000
32.613281,10.307000000
32.615597,10.308000000
32.620766,10.309000000
32.625323,10.310000000
32.630471,10.311000000
32.632779,10.312000000
32.636976,10.313000000
32.642358,10.314000000
32.644731,10.315000000
32.651330,10.316000000
32.653632,10.317000000
32.658298,10.318000000
32.660681,10.319000000
32.664904,10.320000000
32.669109,10.321000000
32.674366,10.322000000
32.678940,10.323000000
32.683310,10.324000000
32.688518,10.325000000
32.692578,10.326000000
32.696645,10.327000000
32.702202,10.328000000
32.707191,10.329000000
32.711800,10.330000000
32.716929,10.331000000
32.722689,10.332000000
32.731777,10.333000000
32.736277,10.334000000
32.746502,10.335000000
32.750788,10.336000000
32.756569,10.337000000
32.762631,10.338000000
32.771739,10.339000000
32.776342,10.340000000
32.783087,10.341000000
32.790337,10.342000000
32.796609,10.343000000
32.802675,10.344000000
32.806932,10.345000000
32.814040,10.346000000
32.821552,10.347000000
32.826537,10.348000000
32.846941,10.349000000
32.863930,10.350000000
32.877327,10.351000000
32.908731,10.352000000
32.922438,10.353000000
32.929245,10.354000000
32.943689,10.355000000
32.951570,10.356000000
32.972475,10.357000000
32.988301,10.358000000
32.994478,10.359000000
33.002964,10.360000000
33.029516,10.361000000
33.051597,10.362000000
33.067525,10.363000000
33.073685,10.364000000
33.081253,10.365000000
33.081310,10.366000000
33.116015,10.367000000
33.120962,10.368000000
33.130985,10.369000000
33.139214,10.370000000
33.148933,10.371000000
33.154095,10.372000000
33.158895,10.373000000
33.168538,10.374000000
33.173864,10.375000000
33.181578,10.376000000
33.191856,10.377000000
33.207356,10.378000000
33.215515,10.379000000
33.228776,10.380000000
33.231299,10.381000000
33.233848,10.382000000
33.248085,10.383000000
33.292412,10.384000000
33.298829,10.385000000
33.313467,10.386000000
33.325088,10.387000000
33.326959,10.388000000
33.349861,10.389000000
33.365892,10.390000000
33.373926,10.391000000
33.387050,10.392000000
33.402615,10.393000000
33.413387,10.394000000
33.438746,10.395000000
33.451343,10.396000000
33.464136,10.397000000
33.483413,10.398000000
33.489093,10.399000000
33.505416,10.400000000
33.517092,10.401000000
33.524793,10.402000000
33.536458,10.403000000
33.548204,10.404000000
33.573011,10.405000000
33.584265,10.406000000
33.594894,10.407000000
33.624027,10.408000000
33.632097,10.409000000
33.635222,10.410000000
33.656794,10.411000000
33.683941,10.412000000
33.710334,10.413000000
33.727520,10.414000000
33.734295,10.415000000
33.749102,10.416000000
33.751564,10.417000000
33.773961,10.418000000
33.779428,10.419000000
33.793904,10.420000000
33.798446,10.421000000
33.808362,10.422000000
33.824666,10.423000000
33.838691,10.424000000
33.844811,10.425000000
33.857854,10.426000000
33.867640,10.427000000
33.878040,10.428000000
33.888777,10.429000000
33.900242,10.430000000
33.912378,10.431000000
33.917593,10.432000000
33.935881,10.433000000
33.942917,10.434000000
33.955598,10.435000000
33.962504,10.436000000
33.975590,10.437000000
34.001409,10.438000000
34.004520,10.439000000
34.033464,10.440000000
34.050048,10.441000000
34.065948,10.442000000
34.086600,10.443000000
34.102646,10.444000000
34.110795,10.445000000
34.144573,10.446000000
34.148791,10.447000000
34.153783,10.448000000
34.163734,10.449000000
34.169064,10.450000000
34.177651,10.451000000
34.206609,10.452000000
34.214403,10.453000000
34.224159,10.454000000
34.235912,10.455000000
34.246338,10.456000000
34.254279,10.457000000
34.260307,10.458000000
34.266705,10.459000000
34.273856,10.460000000
34.280510,10.461000000
34.288185,10.462000000
34.294280,10.463000000
34.305357,10.464000000
34.313754,10.465000000
34.321839,10.466000000
34.340946,10.467000000
34.355774,10.468000000
34.361779,10.469000000
34.365355,10.470000000
34.381278,10.471000000
34.394006,10.472000000
34.397810,10.473000000
34.402638,10.474000000
34.410653,10.475000000
34.414569,10.476000000
34.426497,10.477000000
34.429283,10.478000000
34.432003,10.479000000
34.449965,10.480000000
34.459163,10.481000000
34.469703,10.482000000
34.483511,10.483000000
34.488095,10.484000000
34.505750,10.485000000
34.514767,10.486000000
34.529781,10.487000000
34.538500,10.488000000
34.544452,10.489000000
34.556411,10.490000000
34.559993,10.491000000
34.570510,10.492000000
34.588591,10.493000000
34.600494,10.494000000
34.608565,10.495000000
34.620456,10.496000000
34.630896,10.497000000
34.662746,10.498000000
34.678921,10.499000000
34.685851,10.500000000
34.700967,10.501000000
34.704611,10.502000000
34.707720,10.503000000
34.710303,10.504000000
34.712874,10.505000000
34.715225,10.506000000
34.719596,10.507000000
34.721990,10.508000000
34.730325,10.509000000
34.747642,10.510000000
34.751403,10.511000000
34.761922,10.512000000
34.785661,10.513000000
34.793299,10.514000000
34.803351,10.515000000
34.819332,10.516000000
34.825427,10.517000000
34.859411,10.518000000
34.875710,10.519000000
34.883934,10.520000000
34.890736,10.521000000
34.900797,10.522000000
34.912312,10.523000000
34.914860,10.524000000
34.917394,10.525000000
34.919839,10.526000000
34.922124,10.527000000
34.925704,10.528000000
34.928205,10.529000000
34.930493,10.530000000
34.932989,10.531000000
34.939553,10.532000000
34.941940,10.533000000
34.947936,10.534000000
34.962991,10.535000000
34.967019,10.536000000
34.973911,10.537000000
34.979276,10.538000000
34.981629,10.539000000
34.983988,10.540000000
35.011987,10.541000000
35.016946,10.542000000
35.026039,10.543000000
35.040751,10.544000000
35.050653,10.545000000
35.056504,10.546000000
35.060204,10.547000000
35.086695,10.548000000
35.094663,10.549000000
35.110296,10.550000000
35.114179,10.551000000
35.125512,10.552000000
35.139929,10.553000000
35.160678,10.554000000
35.168472,10.555000000
35.179716,10.556000000
35.197692,10.557000000
35.207599,10.558000000
35.215568,10.559000000
35.224473,10.560000000
35.228896,10.561000000
35.234503,10.562000000
35.239350,10.563000000
35.243166,10.564000000
35.249266,10.565000000
35.256529,10.566000000
35.260507,10.567000000
35.264970,10.568000000
35.282242,10.569000000
35.288359,10.570000000
35.302691,10.571000000
35.307726,10.572000000
35.313045,10.573000000
35.327534,10.574000000
35.333673,10.575000000
35.344939,10.576000000
35.347564,10.577000000
35.370798,10.578000000
35.374615,10.579000000
35.383144,10.580000000
35.398659,10.581000000
35.402407,10.582000000
35.410908,10.583000000
35.436918,10.584000000
35.441760,10.585000000
35.453846,10.586000000
35.462077,10.587000000
35.473452,10.588000000
35.482587,10.589000000
35.495941,10.590000000
35.504388,10.591000000
35.512934,10.592000000
35.524293,10.593000000
35.535028,10.594000000
35.542555,10.595000000
35.549067,10.596000000
35.574739,10.597000000
35.584606,10.598000000
35.592609,10.599000000
35.619545,10.600000000
35.627318,10.601000000
35.634204,10.602000000
35.660897,10.603000000
35.665109,10.604000000
35.674614,10.605000000
35.687156,10.606000000
35.692008,10.607000000
35.699364,10.608000000
35.705139,10.609000000
35.728363,10.610000000
35.732955,10.611000000
35.751425,10.612000000
35.754835,10.613000000
35.759904,10.614000000
35.787964,10.615000000
35.795953,10.616000000
35.813454,10.617000000
35.824912,10.618000000
35.833637,10.619000000
35.845200,10.620000000
35.854837,10.621000000
35.862173,10.622000000
35.874781,10.623000000
35.890267,10.624000000
35.896051,10.625000000
35.907751,10.626000000
35.919418,10.627000000
35.927530,10.628000000
35.935149,10.629000000
35.944615,10.630000000
35.974289,10.631000000
35.978469,10.632000000
36.004594,10.633000000
36.011553,10.634000000
36.026228,10.635000000
36.030479,10.636000000
36.038757,10.637000000
36.043516,10.638000000
36.061443,10.639000000
36.069225,10.640000000
36.084357,10.641000000
36.088194,10.642000000
36.095556,10.643000000
36.102235,10.644000000
36.129150,10.645000000
36.135802,10.646000000
36.148325,10.647000000
36.154269,10.648000000
36.167330,10.649000000
36.175478,10.650000000
36.187948,10.651000000
36.193072,10.652000000
36.204042,10.653000000
36.215136,10.654000000
36.227256,10.655000000
36.231929,10.656000000
36.244326,10.657000000
36.251836,10.658000000
36.257810,10.659000000
36.279765,10.660000000
36.282365,10.661000000
36.294908,10.662000000
36.308511,10.663000000
36.335166,10.664000000
36.335657,10.665000000
36.352075,10.666000000
36.360801,10.667000000
36.389309,10.668000000
36.403951,10.669000000
36.420507,10.670000000
36.445271,10.671000000
36.446263,10.672000000
36.455539,10.673000000
36.464115,10.674000000
36.469710,10.675000000
36.472939,10.676000000
36.477991,10.677000000
36.482430,10.678000000
36.493657,10.679000000
36.502317,10.680000000
36.507466,10.681000000
36.524252,10.682000000
36.534256,10.683000000
36.544888,10.684000000
36.549094,10.685000000
36.582718,10.686000000
36.593348,10.687000000
36.617578,10.688000000
36.625101,10.689000000
36.641822,10.690000000
36.645859,10.691000000
36.656061,10.692000000
36.658991,10.693000000
36.683597,10.694000000
36.688302,10.695000000
36.701972,10.696000000
36.712216,10.697000000
36.739550,10.698000000
36.747776,10.699000000
36.752317,10.700000000
36.759001,10.701000000
36.770361,10.702000000
36.776403,10.703000000
36.784545,10.704000000
36.798318,10.705000000
36.806174,10.706000000
36.812008,10.707000000
36.830778,10.708000000
36.842358,10.709000000
36.860013,10.710000000
36.869406,10.711000000
36.879084,10.712000000
36.900919,10.713000000
36.904202,10.714000000
36.929831,10.715000000
36.935727,10.716000000
36.940359,10.717000000
36.956003,10.718000000
36.961609,10.719000000
36.969664,10.720000000
37.006307,10.721000000
37.012964,10.722000000
37.022283,10.723000000
37.038090,10.724000000
37.041387,10.725000000
37.053491,10.726000000
37.056056,10.727000000
37.085420,10.728000000
37.098907,10.729000000
37.108398,10.730000000
37.114447,10.731000000
37.126577,10.732000000
37.133185,10.733000000
37.143569,10.734000000
37.151675,10.735000000
37.155235,10.736000000
37.165688,10.737000000
37.171462,10.738000000
37.182113,10.739000000
37.191564,10.740000000
37.196526,10.741000000
37.213019,10.742000000
37.231747,10.743000000
37.245012,10.744000000
37.273464,10.745000000
37.285738,10.746000000
37.301623,10.747000000
37.305169,10.748000000
37.309680,10.749000000
37.321205,10.750000000
37.335856,10.751000000
37.347998,10.752000000
37.350912,10.753000000
37.367771,10.754000000
37.374037,10.755000000
37.381123,10.756000000
37.384664,10.757000000
37.413892,10.758000000
37.425718,10.759000000
37.431732,10.760000000
37.442176,10.761000000
37.449564,10.762000000
37.459447,10.763000000
37.473221,10.764000000
37.477242,10.765000000
37.483663,10.766000000
37.496044,10.767000000
37.505892,10.768000000
37.511304,10.769000000
37.522201,10.770000000
37.527402,10.771000000
37.532859,10.772000000
37.545037,10.773000000
37.555161,10.774000000
37.585619,10.775000000
37.600545,10.776000000
37.604409,10.777000000
37.613363,10.778000000
37.620295,10.779000000
37.636121,10.780000000
37.653140,10.781000000
37.653911,10.782000000
37.680632,10.783000000
37.691824,10.784000000
37.706229,10.785000000
37.715217,10.786000000
37.733186,10.787000000
37.737063,10.788000000
37.748352,10.789000000
37.758601,10.790000000
37.768699,10.791000000
37.780339,10.792000000
37.790974,10.793000000
37.802522,10.794000000
37.802583,10.795000000
37.817884,10.796000000
37.835278,10.797000000
37.839326,10.798000000
37.855455,10.799000000
37.861073,10.800000000
37.871379,10.801000000
37.883543,10.802000000
37.894166,10.803000000
37.913462,10.804000000
37.913522,10.805000000
37.929802,10.806000000
37.929886,10.807000000
37.952575,10.808000000
37.964270,10.809000000
37.972572,10.810000000
37.997859,10.811000000
38.005577,10.812000000
38.008031,10.813000000
38.014223,10.814000000
38.016499,10.815000000
38.025236,10.816000000
38.031033,10.817000000
38.074950,10.818000000
38.088871,10.819000000
38.097694,10.820000000
38.112462,10.821000000
38.124880,10.822000000
38.127504,10.823000000
38.135897,10.824000000
38.144104,10.825000000
38.150704,10.826000000
38.158226,10.827000000
38.164420,10.828000000
38.193335,10.829000000
38.219206,10.830000000
38.227251,10.831000000
38.244486,10.832000000
38.246437,10.833000000
38.261198,10.834000000
38.263556,10.835000000
38.272990,10.836000000
38.276080,10.837000000
38.287749,10.838000000
38.290101,10.839000000
38.299433,10.840000000
38.303348,10.841000000
38.313848,10.842000000
38.324335,10.843000000
38.326496,10.844000000
38.332306,10.845000000
38.345916,10.846000000
38.345999,10.847000000
38.351312,10.848000000
38.359658,10.849000000
38.368904,10.850000000
38.368946,10.851000000
38.380198,10.852000000
38.380268,10.853000000
38.388176,10.854000000
38.388419,10.855000000
38.402065,10.856000000
38.402135,10.857000000
38.411361,10.858000000
38.424283,10.859000000
38.438084,10.860000000
38.450258,10.861000000
38.456348,10.862000000
38.462482,10.863000000
38.467227,10.864000000
38.480635,10.865000000
38.480679,10.866000000
38.486214,10.867000000
38.501494,10.868000000
38.501536,10.869000000
38.515514,10.870000000
38.515553,10.871000000
38.519629,10.872000000
38.528939,10.873000000
38.528983,10.874000000
38.538202,10.875000000
38.538521,10.876000000
38.546843,10.877000000
38.548273,10.878000000
38.560378,10.879000000
38.562385,10.880000000
38.567734,10.881000000
38.579634,10.882000000
38.579675,10.883000000
38.587280,10.884000000
38.589216,10.885000000
38.602146,10.886000000
38.602220,10.887000000
38.614127,10.888000000
38.614164,10.889000000
38.624292,10.890000000
38.625040,10.891000000
38.634286,10.892000000
38.634329,10.893000000
38.644267,10.894000000
38.650313,10.895000000
38.655432,10.896000000
38.657582,10.897000000
38.665011,10.898000000
38.671346,10.899000000
38.677264,10.900000000
38.683852,10.901000000
38.683903,10.902000000
38.696360,10.903000000
38.696695,10.904000000
38.702523,10.905000000
38.705568,10.906000000
38.717193,10.907000000
38.722983,10.908000000
38.732766,10.909000000
38.742107,10.910000000
38.747899,10.911000000
38.756598,10.912000000
38.758862,10.913000000
38.767318,10.914000000
38.777021,10.915000000
38.779415,10.916000000
38.785462,10.917000000
38.793030,10.918000000
38.795247,10.919000000
38.803468,10.920000000
38.810779,10.921000000
38.838424,10.922000000
38.840989,10.923000000
38.846103,10.924000000
38.851229,10.925000000
38.861986,10.926000000
38.866956,10.927000000
38.869732,10.928000000
38.874184,10.929000000
38.883842,10.930000000
38.887383,10.931000000
38.891441,10.932000000
38.893275,10.933000000
38.903124,10.934000000
38.909636,10.935000000
38.927216,10.936000000
38.937432,10.937000000
38.959514,10.938000000
38.965674,10.939000000
38.971286,10.940000000
38.986602,10.941000000
38.992751,10.942000000
39.002657,10.943000000
39.025460,10.944000000
39.031608,10.945000000
39.045158,10.946000000
39.048633,10.947000000
39.053093,10.948000000
39.058639,10.949000000
39.064394,10.950000000
39.096421,10.951000000
39.104574,10.952000000
39.114138,10.953000000
39.129211,10.954000000
39.153619,10.955000000
39.155725,10.956000000
39.172956,10.957000000
39.185306,10.958000000
39.185348,10.959000000
39.232798,10.960000000
39.244630,10.961000000
39.255606,10.962000000
39.257862,10.963000000
39.295816,10.964000000
39.297778,10.965000000
39.308284,10.966000000
39.333591,10.967000000
39.335746,10.968000000
39.345883,10.969000000
39.348260,10.970000000
39.355428,10.971000000
39.388032,10.972000000
39.392928,10.973000000
39.399668,10.974000000
39.410183,10.975000000
39.437379,10.976000000
39.463870,10.977000000
39.486104,10.978000000
39.486163,10.979000000
39.493695,10.980000000
39.493754,10.981000000
39.504484,10.982000000
39.513549,10.983000000
39.526563,10.984000000
39.536729,10.985000000
39.544540,10.986000000
39.554405,10.987000000
39.572324,10.988000000
39.582547,10.989000000
39.596625,10.990000000
39.596689,10.991000000
39.605803,10.992000000
39.632756,10.993000000
39.640695,10.994000000
39.663154,10.995000000
39.677473,10.996000000
39.677560,10.997000000
39.677602,10.998000000
39.691893,10.999000000
39.691949,11.000000000
39.717752,11.001000000
39.718351,11.002000000
39.741591,11.003000000
39.747206,11.004000000
39.758423,11.005000000
39.758483,11.006000000
39.769283,11.007000000
39.775977,11.008000000
39.801787,11.009000000
39.802325,11.010000000
39.838844,11.011000000
39.848518,11.012000000
39.865763,11.013000000
39.877138,11.014000000
39.888592,11.015000000
39.902571,11.016000000
39.913219,11.017000000
39.921431,11.018000000
39.927763,11.019000000
39.937085,11.020000000
39.946660,11.021000000
39.959145,11.022000000
39.959703,11.023000000
39.971204,11.024000000
39.971783,11.025000000
39.984728,11.026000000
39.985696,11.027000000
39.993966,11.028000000
40.005488,11.029000000
40.005972,11.030000000
40.022713,11.031000000
40.031847,11.032000000
40.031903,11.033000000
40.031942,11.034000000
40.031979,11.035000000
40.032533,11.036000000
40.034460,11.037000000
40.036556,11.038000000
40.052841,11.039000000
40.053591,11.040000000
40.088006,11.041000000
40.104630,11.042000000
40.104693,11.043000000
40.110939,11.044000000
40.111408,11.045000000
40.121012,11.046000000
40.131377,11.047000000
40.152408,11.048000000
40.160760,11.049000000
40.184252,11.050000000
40.191807,11.051000000
40.204428,11.052000000
40.204507,11.053000000
40.204998,11.054000000
40.213937,11.055000000
40.219285,11.056000000
40.250342,11.057000000
40.270956,11.058000000
40.297947,11.059000000
40.312479,11.060000000
40.324670,11.061000000
40.338017,11.062000000
40.346314,11.063000000
40.349994,11.064000000
40.362710,11.065000000
40.366800,11.066000000
40.380734,11.067000000
40.383518,11.068000000
40.392206,11.069000000
40.401999,11.070000000
40.409235,11.071000000
40.416813,11.072000000
40.425375,11.073000000
40.432611,11.074000000
40.439335,11.075000000
40.448930,11.076000000
40.458606,11.077000000
40.465101,11.078000000
40.472648,11.079000000
40.483506,11.080000000
40.485989,11.081000000
40.495861,11.082000000
40.502035,11.083000000
40.510901,11.084000000
40.518863,11.085000000
40.524926,11.086000000
40.532584,11.087000000
40.543236,11.088000000
40.544605,11.089000000
40.566239,11.090000000
40.574052,11.091000000
40.583559,11.092000000
40.611229,11.093000000
40.633857,11.094000000
40.662128,11.095000000
40.662231,11.096000000
40.662337,11.097000000
40.667733,11.098000000
40.709767,11.099000000
40.744077,11.100000000
40.744149,11.101000000
40.776014,11.102000000
40.787979,11.103000000
40.791283,11.104000000
40.795947,11.105000000
40.816817,11.106000000
40.819455,11.107000000
40.835608,11.108000000
40.849917,11.109000000
40.854747,11.110000000
40.855684,11.111000000
40.855946,11.112000000
40.864508,11.113000000
40.865057,11.114000000
40.873850,11.115000000
40.873991,11.116000000
40.877196,11.117000000
40.889926,11.118000000
40.891319,11.119000000
40.891497,11.120000000
40.895331,11.121000000
40.903805,11.122000000
40.903889,11.123000000
40.903931,11.124000000
40.909847,11.125000000
40.910766,11.126000000
40.918993,11.127000000
40.919675,11.128000000
40.919762,11.129000000
40.943716,11.130000000
40.949900,11.131000000
40.950595,11.132000000
40.962030,11.133000000
40.962145,11.134000000
40.969765,11.135000000
40.970367,11.136000000
40.999015,11.137000000
40.999122,11.138000000
40.999712,11.139000000
41.011040,11.140000000
41.011127,11.141000000
41.011787,11.142000000
41.049207,11.143000000
41.058177,11.144000000
41.071357,11.145000000
41.081059,11.146000000
41.095526,11.147000000
41.106958,11.148000000
41.116370,11.149000000
41.130318,11.150000000
41.142414,11.151000000
41.152160,11.152000000
41.165008,11.153000000
41.174960,11.154000000
41.179384,11.155000000
41.204285,11.156000000
41.227418,11.157000000
41.227485,11.158000000
41.227954,11.159000000
41.236284,11.160000000
41.237015,11.161000000
41.241396,11.162000000
41.246231,11.163000000
41.253947,11.164000000
41.257320,11.165000000
41.269301,11.166000000
41.273957,11.167000000
41.301855,11.168000000
41.307474,11.169000000
41.313182,11.170000000
41.318203,11.171000000
41.323745,11.172000000
41.328185,11.173000000
41.332571,11.174000000
41.344178,11.175000000
41.350207,11.176000000
41.357330,11.177000000
41.360629,11.178000000
41.365120,11.179000000
41.369339,11.180000000
41.375258,11.181000000
41.387386,11.182000000
41.397598,11.183000000
41.405259,11.184000000
41.407597,11.185000000
41.412045,11.186000000
41.416464,11.187000000
41.420218,11.188000000
41.424927,11.189000000
41.433301,11.190000000
41.441930,11.191000000
41.444800,11.192000000
41.449365,11.193000000
41.456891,11.194000000
41.462204,11.195000000
41.466201,11.196000000
41.482329,11.197000000
41.492273,11.198000000
41.499317,11.199000000
41.508367,11.200000000
41.515675,11.201000000
41.526346,11.202000000
41.532077,11.203000000
41.541780,11.204000000
41.551875,11.205000000
41.561868,11.206000000
41.581489,11.207000000
41.595487,11.208000000
41.619159,11.209000000
41.632746,11.210000000
41.639084,11.211000000
41.645370,11.212000000
41.647843,11.213000000
41.650273,11.214000000
41.652811,11.215000000
41.655337,11.216000000
41.663546,11.217000000
41.671026,11.218000000
41.675075,11.219000000
41.691020,11.220000000
41.695580,11.221000000
41.700465,11.222000000
41.702720,11.223000000
41.708588,11.224000000
41.713322,11.225000000
41.739591,11.226000000
41.742260,11.227000000
41.749244,11.228000000
41.753022,11.229000000
41.757524,11.230000000
41.759973,11.231000000
41.764599,11.232000000
41.767324,11.233000000
41.783354,11.234000000
41.788512,11.235000000
41.791665,11.236000000
41.798625,11.237000000
41.803663,11.238000000
41.806242,11.239000000
41.842527,11.240000000
41.845397,11.241000000
41.851133,11.242000000
41.855704,11.243000000
41.861470,11.244000000
41.865895,11.245000000
41.871861,11.246000000
41.885081,11.247000000
41.889777,11.248000000
41.896631,11.249000000
41.929447,11.250000000
41.959996,11.251000000
41.981789,11.252000000
41.992193,11.253000000
42.012568,11.254000000
42.030699,11.255000000
42.067684,11.256000000
42.076167,11.257000000
42.107600,11.258000000
42.122516,11.259000000
42.122600,11.260000000
42.134492,11.261000000
42.168045,11.262000000
42.168520,11.263000000
42.170845,11.264000000
42.187355,11.265000000
42.193420,11.266000000
42.197299,11.267000000
42.202490,11.268000000
42.209334,11.269000000
42.227484,11.270000000
42.235654,11.271000000
42.244478,11.272000000
42.248109,11.273000000
42.250611,11.274000000
42.255054,11.275000000
42.257461,11.276000000
42.259806,11.277000000
42.262020,11.278000000
42.285253,11.279000000
42.304465,11.280000000
42.304534,11.281000000
42.324662,11.282000000
42.333232,11.283000000
42.346130,11.284000000
42.346198,11.285000000
42.355680,11.286000000
42.355764,11.287000000
42.355805,11.288000000
42.379143,11.289000000
42.392739,11.290000000
42.419064,11.291000000
42.419125,11.292000000
42.436779,11.293000000
42.448272,11.294000000
42.462763,11.295000000
42.477126,11.296000000
42.491081,11.297000000
42.497005,11.298000000
42.506812,11.299000000
42.510120,11.300000000
42.512522,11.301000000
42.519427,11.302000000
42.524737,11.303000000
42.527543,11.304000000
42.540294,11.305000000
42.544763,11.306000000
42.547228,11.307000000
42.549603,11.308000000
42.552198,11.309000000
42.554635,11.310000000
42.562557,11.311000000
42.567489,11.312000000
42.570272,11.313000000
42.587206,11.314000000
42.601804,11.315000000
42.609188,11.316000000
42.615236,11.317000000
42.620236,11.318000000
42.622634,11.319000000
42.627326,11.320000000
42.648903,11.321000000
42.651311,11.322000000
42.657315,11.323000000
42.675230,11.324000000
42.685600,11.325000000
42.706470,11.326000000
42.717027,11.327000000
42.721072,11.328000000
42.727527,11.329000000
42.766567,11.330000000
42.771847,11.331000000
42.783977,11.332000000
42.797769,11.333000000
42.809867,11.334000000
42.816832,11.335000000
42.829742,11.336000000
42.842992,11.337000000
42.849568,11.338000000
42.864185,11.339000000
42.876110,11.340000000
42.885700,11.341000000
42.896180,11.342000000
42.909228,11.343000000
42.916846,11.344000000
42.936909,11.345000000
42.949270,11.346000000
42.956439,11.347000000
42.960348,11.348000000
42.974876,11.349000000
42.977393,11.350000000
42.986881,11.351000000
42.992450,11.352000000
42.995278,11.353000000
42.997972,11.354000000
43.002227,11.355000000
43.004489,11.356000000
43.006963,11.357000000
43.010414,11.358000000
43.013041,11.359000000
43.015469,11.360000000
43.027231,11.361000000
43.037875,11.362000000
43.041816,11.363000000
43.044357,11.364000000
43.047051,11.365000000
43.061946,11.366000000
43.078932,11.367000000
43.082941,11.368000000
43.099411,11.369000000
43.106144,11.370000000
43.109699,11.371000000
43.119315,11.372000000
43.127441,11.373000000
43.138517,11.374000000
43.148646,11.375000000
43.158690,11.376000000
43.162684,11.377000000
43.174900,11.378000000
43.183336,11.379000000
43.191177,11.380000000
43.200038,11.381000000
43.206190,11.382000000
43.224607,11.383000000
43.237622,11.384000000
43.245115,11.385000000
43.276533,11.386000000
43.279910,11.387000000
43.285982,11.388000000
43.324637,11.389000000
43.341537,11.390000000
43.343486,11.391000000
43.354759,11.392000000
43.354839,11.393000000
43.357198,11.394000000
43.371627,11.395000000
43.381548,11.396000000
43.381623,11.397000000
43.403616,11.398000000
43.419332,11.399000000
43.429927,11.400000000
43.439147,11.401000000
43.444128,11.402000000
43.448689,11.403000000
43.467801,11.404000000
43.483728,11.405000000
43.501603,11.406000000
43.515918,11.407000000
43.523575,11.408000000
43.542884,11.409000000
43.579141,11.410000000
43.587098,11.411000000
43.609949,11.412000000
43.637195,11.413000000
43.644456,11.414000000
43.657259,11.415000000
43.688500,11.416000000
43.699174,11.417000000
43.702510,11.418000000
43.706169,11.419000000
43.710905,11.420000000
43.716351,11.421000000
43.725831,11.422000000
43.732180,11.423000000
43.736501,11.424000000
43.754145,11.425000000
43.754206,11.426000000
43.754275,11.427000000
43.768750,11.428000000
43.787627,11.429000000
43.793537,11.430000000
43.796350,11.431000000
43.798660,11.432000000
43.801024,11.433000000
43.803751,11.434000000
43.806318,11.435000000
43.810169,11.436000000
43.812986,11.437000000
43.815537,11.438000000
43.818018,11.439000000
43.820239,11.440000000
43.822620,11.441000000
43.825259,11.442000000
43.828146,11.443000000
43.830574,11.444000000
43.844095,11.445000000
43.850968,11.446000000
43.867887,11.447000000
43.870553,11.448000000
43.883362,11.449000000
43.891483,11.450000000
43.896981,11.451000000
43.912314,11.452000000
43.918525,11.453000000
43.929533,11.454000000
43.936548,11.455000000
43.947161,11.456000000
43.954749,11.457000000
43.964242,11.458000000
43.974578,11.459000000
43.984101,11.460000000
43.989300,11.461000000
44.014515,11.462000000
44.023106,11.463000000
44.050709,11.464000000
44.071133,11.465000000
44.085053,11.466000000
44.095655,11.467000000
44.095721,11.468000000
44.096672,11.469000000
44.106800,11.470000000
44.114358,11.471000000
44.127521,11.472000000
44.137844,11.473000000
44.142513,11.474000000
44.152685,11.475000000
44.155052,11.476000000
44.162756,11.477000000
44.168722,11.478000000
44.172786,11.479000000
44.176219,11.480000000
44.188812,11.481000000
44.202187,11.482000000
44.204682,11.483000000
44.207486,11.484000000
44.209864,11.485000000
44.215415,11.486000000
44.218842,11.487000000
44.235297,11.488000000
44.240116,11.489000000
44.242502,11.490000000
44.251226,11.491000000
44.253961,11.492000000
44.260282,11.493000000
44.266438,11.494000000
44.268836,11.495000000
44.271284,11.496000000
44.273630,11.497000000
44.276025,11.498000000
44.278585,11.499000000
44.281049,11.500000000
44.292172,11.501000000
44.295184,11.502000000
44.300699,11.503000000
44.314436,11.504000000
44.319995,11.505000000
44.326104,11.506000000
44.328713,11.507000000
44.336715,11.508000000
44.341646,11.509000000
44.345855,11.510000000
44.351858,11.511000000
44.362877,11.512000000
44.370840,11.513000000
44.381094,11.514000000
44.383618,11.515000000
44.394215,11.516000000
44.405673,11.517000000
44.410193,11.518000000
44.415901,11.519000000
44.420668,11.520000000
44.426285,11.521000000
44.434991,11.522000000
44.444444,11.523000000
44.458058,11.524000000
44.477870,11.525000000
44.483764,11.526000000
44.499373,11.527000000
44.507554,11.528000000
44.526786,11.529000000
44.532049,11.530000000
44.534610,11.531000000
44.538179,11.532000000
44.540669,11.533000000
44.550996,11.534000000
44.561281,11.535000000
44.566668,11.536000000
44.571145,11.537000000
44.579756,11.538000000
44.589829,11.539000000
44.598108,11.540000000
44.612023,11.541000000
44.621440,11.542000000
44.634129,11.543000000
44.645337,11.544000000
44.666837,11.545000000
44.672291,11.546000000
44.678445,11.547000000
44.685550,11.548000000
44.699039,11.549000000
44.718608,11.550000000
44.733526,11.551000000
44.738319,11.552000000
44.753181,11.553000000
44.759492,11.554000000
44.773529,11.555000000
44.784888,11.556000000
44.792953,11.557000000
44.801236,11.558000000
44.832036,11.559000000
44.838569,11.560000000
44.843008,11.561000000
44.856184,11.562000000
44.874990,11.563000000
44.879824,11.564000000
44.887794,11.565000000
44.915045,11.566000000
44.925681,11.567000000
44.935426,11.568000000
44.945075,11.569000000
44.955019,11.570000000
44.964076,11.571000000
44.974863,11.572000000
44.984764,11.573000000
44.992977,11.574000000
45.002073,11.575000000
45.007872,11.576000000
45.016518,11.577000000
45.025121,11.578000000
45.038655,11.579000000
45.065675,11.580000000
45.068947,11.581000000
45.098853,11.582000000
45.114617,11.583000000
45.126477,11.584000000
45.146016,11.585000000
45.151773,11.586000000
45.168314,11.587000000
45.177253,11.588000000
45.178160,11.589000000
45.187764,11.590000000
45.198433,11.591000000
45.204280,11.592000000
45.215044,11.593000000
45.223976,11.594000000
45.229606,11.595000000
45.240799,11.596000000
45.248728,11.597000000
45.255981,11.598000000
45.266104,11.599000000
45.273492,11.600000000
45.281731,11.601000000
45.291122,11.602000000
45.296594,11.603000000
45.307594,11.604000000
45.332323,11.605000000
45.358256,11.606000000
45.362660,11.607000000
45.385769,11.608000000
45.397756,11.609000000
45.404339,11.610000000
45.417116,11.611000000
45.425908,11.612000000
45.431572,11.613000000
45.475696,11.614000000
45.480059,11.615000000
45.497686,11.616000000
45.521409,11.617000000
45.548683,11.618000000
45.557638,11.619000000
45.583927,11.620000000
45.594940,11.621000000
45.601183,11.622000000
45.614707,11.623000000
45.622557,11.624000000
45.634054,11.625000000
45.653963,11.626000000
45.664202,11.627000000
45.671592,11.628000000
45.684820,11.629000000
45.695871,11.630000000
45.701597,11.631000000
45.718906,11.632000000
45.736653,11.633000000
45.742470,11.634000000
45.762927,11.635000000
45.772640,11.636000000
45.789563,11.637000000
45.795438,11.638000000
45.802367,11.639000000
45.808927,11.640000000
45.834596,11.641000000
45.841515,11.642000000
45.848353,11.643000000
45.855548,11.644000000
45.873792,11.645000000
45.881103,11.646000000
45.901684,11.647000000
45.940374,11.648000000
45.958005,11.649000000
45.958549,11.650000000
45.980655,11.651000000
45.982642,11.652000000
45.999999,11.653000000
46.026504,11.654000000
46.036909,11.655000000
46.053575,11.656000000
46.063184,11.657000000
46.063251,11.658000000
46.069349,11.659000000
46.074972,11.660000000
46.094048,11.661000000
46.094535,11.662000000
46.094587,11.663000000
46.105246,11.664000000
46.105305,11.665000000
46.112773,11.666000000
46.133455,11.667000000
46.139910,11.668000000
46.146036,11.669000000
46.152283,11.670000000
46.152650,11.671000000
46.173026,11.672000000
46.180192,11.673000000
46.185122,11.674000000
46.210491,11.675000000
46.217335,11.676000000
46.225139,11.677000000
46.233787,11.678000000
46.234181,11.679000000
46.245864,11.680000000
46.272568,11.681000000
46.283981,11.682000000
46.308289,11.683000000
46.321170,11.684000000
46.334720,11.685000000
46.346301,11.686000000
46.356768,11.687000000
46.370490,11.688000000
46.380869,11.689000000
46.395078,11.690000000
46.404787,11.691000000
46.412884,11.692000000
46.424974,11.693000000
46.450774,11.694000000
46.458053,11.695000000
46.473025,11.696000000
46.492938,11.697000000
46.501398,11.698000000
46.512397,11.699000000
46.521412,11.700000000
46.534685,11.701000000
46.543280,11.702000000
46.551229,11.703000000
46.573025,11.704000000
46.574714,11.705000000
46.576487,11.706000000
46.576566,11.707000000
46.621334,11.708000000
46.621408,11.709000000
46.641255,11.710000000
46.672298,11.711000000
46.678026,11.712000000
46.686784,11.713000000
46.694306,11.714000000
46.712796,11.715000000
46.712861,11.716000000
46.724676,11.717000000
46.732095,11.718000000
46.740358,11.719000000
46.753901,11.720000000
46.765090,11.721000000
46.776772,11.722000000
46.788570,11.723000000
46.788630,11.724000000
46.800818,11.725000000
46.824254,11.726000000
46.824395,11.727000000
46.850149,11.728000000
46.874371,11.729000000
46.886166,11.730000000
46.894741,11.731000000
46.902775,11.732000000
46.918719,11.733000000
46.922677,11.734000000
46.949059,11.735000000
46.958896,11.736000000
46.965889,11.737000000
46.988375,11.738000000
47.008068,11.739000000
47.013006,11.740000000
47.042495,11.741000000
47.058544,11.742000000
47.058963,11.743000000
47.076347,11.744000000
47.088928,11.745000000
47.102840,11.746000000
47.107162,11.747000000
47.121972,11.748000000
47.136455,11.749000000
47.156417,11.750000000
47.168566,11.751000000
47.181811,11.752000000
47.191059,11.753000000
47.218892,11.754000000
47.232517,11.755000000
47.243062,11.756000000
47.263741,11.757000000
47.274595,11.758000000
47.282097,11.759000000
47.305661,11.760000000
47.311755,11.761000000
47.325961,11.762000000
47.341495,11.763000000
47.350466,11.764000000
47.350532,11.765000000
47.360701,11.766000000
47.360843,11.767000000
47.364160,11.768000000
47.396254,11.769000000
47.396320,11.770000000
47.396362,11.771000000
47.396400,11.772000000
47.408746,11.773000000
47.408819,11.774000000
47.408866,11.775000000
47.408908,11.776000000
47.411332,11.777000000
47.413776,11.778000000
47.418208,11.779000000
47.418755,11.780000000
47.435839,11.781000000
47.442069,11.782000000
47.442646,11.783000000
47.458199,11.784000000
47.458266,11.785000000
47.473959,11.786000000
47.474085,11.787000000
47.474557,11.788000000
47.486253,11.789000000
47.486318,11.790000000
47.490844,11.791000000
47.502034,11.792000000
47.510955,11.793000000
47.527157,11.794000000
47.533265,11.795000000
47.543201,11.796000000
47.545179,11.797000000
47.556747,11.798000000
47.556809,11.799000000
47.556850,11.800000000
47.572989,11.801000000
47.583555,11.802000000
47.583997,11.803000000
47.591895,11.804000000
47.597985,11.805000000
47.598845,11.806000000
47.624429,11.807000000
47.627938,11.808000000
47.628545,11.809000000
47.637882,11.810000000
47.657692,11.811000000
47.658272,11.812000000
47.658324,11.813000000
47.665937,11.814000000
47.678281,11.815000000
47.692238,11.816000000
47.719284,11.817000000
47.719727,11.818000000
47.724714,11.819000000
47.730906,11.820000000
47.732827,11.821000000
47.741360,11.822000000
47.742976,11.823000000
47.770494,11.824000000
47.770558,11.825000000
47.770601,11.826000000
47.778052,11.827000000
47.836922,11.828000000
47.853640,11.829000000
47.862993,11.830000000
47.879940,11.831000000
47.892318,11.832000000
47.906398,11.833000000
47.922086,11.834000000
47.940706,11.835000000
47.974818,11.836000000
47.980680,11.837000000
48.001386,11.838000000
48.011991,11.839000000
48.030604,11.840000000
48.048798,11.841000000
48.061831,11.842000000
48.076490,11.843000000
48.085950,11.844000000
48.098085,11.845000000
48.135347,11.846000000
48.156199,11.847000000
48.169760,11.848000000
48.183578,11.849000000
48.194948,11.850000000
48.216183,11.851000000
48.229613,11.852000000
48.247651,11.853000000
48.269283,11.854000000
48.280905,11.855000000
48.300056,11.856000000
48.311630,11.857000000
48.324207,11.858000000
48.336102,11.859000000
48.347292,11.860000000
48.357630,11.861000000
48.389535,11.862000000
48.410434,11.863000000
48.421087,11.864000000
48.460195,11.865000000
48.475688,11.866000000
48.491294,11.867000000
48.497834,11.868000000
48.516845,11.869000000
48.524955,11.870000000
48.548290,11.871000000
48.565943,11.872000000
48.572683,11.873000000
48.588650,11.874000000
48.602850,11.875000000
48.610904,11.876000000
48.636104,11.877000000
48.646184,11.878000000
48.658867,11.879000000
48.671128,11.880000000
48.685906,11.881000000
48.699226,11.882000000
48.711014,11.883000000
48.731367,11.884000000
48.749190,11.885000000
48.761462,11.886000000
48.772908,11.887000000
48.807721,11.888000000
48.821743,11.889000000
48.847254,11.890000000
48.859222,11.891000000
48.878269,11.892000000
48.885365,11.893000000
48.895001,11.894000000
48.918809,11.895000000
48.924535,11.896000000
48.934482,11.897000000
48.956397,11.898000000
48.971436,11.899000000
48.982332,11.900000000
48.995139,11.901000000
49.019362,11.902000000
49.053966,11.903000000
49.066127,11.904000000
49.076232,11.905000000
49.091779,11.906000000
49.104383,11.907000000
49.119092,11.908000000
49.134295,11.909000000
49.143399,11.910000000
49.156056,11.911000000
49.167659,11.912000000
49.181854,11.913000000
49.188896,11.914000000
49.198914,11.915000000
49.215479,11.916000000
49.222139,11.917000000
49.248108,11.918000000
49.255551,11.919000000
49.263163,11.920000000
49.281528,11.921000000
49.287498,11.922000000
49.323081,11.923000000
49.337851,11.924000000
49.345619,11.925000000
49.353093,11.926000000
49.384600,11.927000000
49.400144,11.928000000
49.409699,11.929000000
49.440044,11.930000000
49.450012,11.931000000
49.461965,11.932000000
49.482220,11.933000000
49.495509,11.934000000
49.510521,11.935000000
49.520176,11.936000000
49.527292,11.937000000
49.535594,11.938000000
49.539931,11.939000000
49.555264,11.940000000
49.562786,11.941000000
49.566363,11.942000000
49.572924,11.943000000
49.596079,11.944000000
49.604021,11.945000000
49.609935,11.946000000
49.619065,11.947000000
49.627281,11.948000000
49.634429,11.949000000
49.637947,11.950000000
49.659597,11.951000000
49.665308,11.952000000
49.671779,11.953000000
49.677385,11.954000000
49.685396,11.955000000
49.697180,11.956000000
49.703061,11.957000000
49.712019,11.958000000
49.716389,11.959000000
49.751682,11.960000000
49.778587,11.961000000
49.796125,11.962000000
49.819488,11.963000000
49.836638,11.964000000
49.851690,11.965000000
49.861821,11.966000000
49.876339,11.967000000
49.887723,11.968000000
49.896999,11.969000000
49.899470,11.970000000
49.931802,11.971000000
49.931892,11.972000000
49.931950,11.973000000
49.932561,11.974000000
49.968583,11.975000000
49.980799,11.976000000
49.990758,11.977000000
50.016799,11.978000000
50.025175,11.979000000
50.032161,11.980000000
50.054420,11.981000000
50.068878,11.982000000
50.074381,11.983000000
50.088699,11.984000000
50.105348,11.985000000
50.108290,11.986000000
50.139651,11.987000000
50.149468,11.988000000
50.154281,11.989000000
50.189427,11.990000000
50.200448,11.991000000
50.213081,11.992000000
50.223196,11.993000000
50.235331,11.994000000
50.246380,11.995000000
50.262006,11.996000000
50.262314,11.997000000
50.271253,11.998000000
50.277996,11.999000000
50.290043,12.000000000
50.302641,12.001000000
50.303083,12.002000000
50.320466,12.003000000
50.350332,12.004000000
50.359024,12.005000000
50.373571,12.006000000
50.373662,12.007000000
50.384233,12.008000000
50.388348,12.009000000
50.411811,12.010000000
50.420192,12.011000000
50.433840,12.012000000
50.442247,12.013000000
50.471152,12.014000000
50.490371,12.015000000
50.506534,12.016000000
50.522471,12.017000000
50.531107,12.018000000
50.540520,12.019000000
50.549304,12.020000000
50.554551,12.021000000
50.580792,12.022000000
50.581180,12.023000000
50.598383,12.024000000
50.598449,12.025000000
50.598492,12.026000000
50.598559,12.027000000
50.605283,12.028000000
50.608097,12.029000000
50.630725,12.030000000
50.638457,12.031000000
50.647170,12.032000000
50.647696,12.033000000
50.647749,12.034000000
50.657484,12.035000000
50.657911,12.036000000
50.665739,12.037000000
50.673350,12.038000000
50.677230,12.039000000
50.695665,12.040000000
50.696317,12.041000000
50.712168,12.042000000
50.712245,12.043000000
50.712695,12.044000000
50.716380,12.045000000
50.738468,12.046000000
50.743490,12.047000000
50.743549,12.048000000
50.761371,12.049000000
50.761433,12.050000000
50.761474,12.051000000
50.761513,12.052000000
50.762012,12.053000000
50.782400,12.054000000
50.782497,12.055000000
50.782545,12.056000000
50.782636,12.057000000
50.782675,12.058000000
50.796373,12.059000000
50.807124,12.060000000
50.812001,12.061000000
50.812061,12.062000000
50.815092,12.063000000
50.817093,12.064000000
50.844364,12.065000000
50.844425,12.066000000
50.844491,12.067000000
50.844529,12.068000000
50.853380,12.069000000
50.853434,12.070000000
50.853835,12.071000000
50.859542,12.072000000
50.867294,12.073000000
50.867350,12.074000000
50.869606,12.075000000
50.881576,12.076000000
50.881666,12.077000000
50.881709,12.078000000
50.890187,12.079000000
50.890674,12.080000000
50.903097,12.081000000
50.903157,12.082000000
50.915006,12.083000000
50.915069,12.084000000
50.915481,12.085000000
50.929904,12.086000000
50.929991,12.087000000
50.930033,12.088000000
50.931392,12.089000000
50.940225,12.090000000
50.953097,12.091000000
50.969068,12.092000000
50.970007,12.093000000
50.978138,12.094000000
50.978941,12.095000000
50.988079,12.096000000
50.988620,12.097000000
50.992952,12.098000000
50.995993,12.099000000
51.000224,12.100000000
51.006423,12.101000000
51.009480,12.102000000
51.013844,12.103000000
51.018404,12.104000000
51.026273,12.105000000
51.034048,12.106000000
51.040460,12.107000000
51.042292,12.108000000
51.044646,12.109000000
51.048357,12.110000000
51.050185,12.111000000
51.057526,12.112000000
51.063834,12.113000000
51.065366,12.114000000
51.071102,12.115000000
51.075447,12.116000000
51.076913,12.117000000
51.080396,12.118000000
51.082150,12.119000000
51.083560,12.120000000
51.084913,12.121000000
51.095505,12.122000000
51.101802,12.123000000
51.105188,12.124000000
51.107008,12.125000000
51.108451,12.126000000
51.109749,12.127000000
51.111133,12.128000000
51.112704,12.129000000
51.114084,12.130000000
51.115411,12.131000000
51.116815,12.132000000
51.118102,12.133000000
51.119422,12.134000000
51.120727,12.135000000
51.122057,12.136000000
51.123332,12.137000000
51.124716,12.138000000
51.126102,12.139000000
51.127488,12.140000000
51.128827,12.141000000
51.142343,12.142000000
51.142373,12.143000000
51.144786,12.144000000
51.147744,12.145000000
51.153458,12.146000000
51.153506,12.147000000
51.154007,12.148000000
51.159532,12.149000000
51.190505,12.150000000
51.201847,12.151000000
51.212259,12.152000000
51.221027,12.153000000
51.231725,12.154000000
51.231772,12.155000000
51.233145,12.156000000
51.251724,12.157000000
51.251813,12.158000000
51.287542,12.159000000
51.289589,12.160000000
51.292947,12.161000000
51.309634,12.162000000
51.309707,12.163000000
51.309757,12.164000000
51.346865,12.165000000
51.356336,12.166000000
51.374663,12.167000000
51.376749,12.168000000
51.384598,12.169000000
51.388892,12.170000000
51.398569,12.171000000
51.403131,12.172000000
51.407261,12.173000000
51.417950,12.174000000
51.426037,12.175000000
51.428228,12.176000000
51.434232,12.177000000
51.452106,12.178000000
51.458644,12.179000000
51.466988,12.180000000
51.474118,12.181000000
51.478341,12.182000000
51.483613,12.183000000
51.487043,12.184000000
51.504323,12.185000000
51.513310,12.186000000
51.516756,12.187000000
51.529481,12.188000000
51.535430,12.189000000
51.543409,12.190000000
51.547435,12.191000000
51.550751,12.192000000
51.560751,12.193000000
51.564941,12.194000000
51.571184,12.195000000
51.573500,12.196000000
51.586692,12.197000000
51.592752,12.198000000
51.609809,12.199000000
51.626993,12.200000000
51.640521,12.201000000
51.649634,12.202000000
51.657929,12.203000000
51.666564,12.204000000
51.674134,12.205000000
51.691602,12.206000000
51.706243,12.207000000
51.708436,12.208000000
51.717617,12.209000000
51.726734,12.210000000
51.735161,12.211000000
51.741823,12.212000000
51.759126,12.213000000
51.762729,12.214000000
51.774725,12.215000000
51.780413,12.216000000
51.788565,12.217000000
51.792067,12.218000000
51.796647,12.219000000
51.800999,12.220000000
51.809391,12.221000000
51.818732,12.222000000
51.835698,12.223000000
51.842643,12.224000000
51.860743,12.225000000
51.865362,12.226000000
51.904372,12.227000000
51.913548,12.228000000
51.931661,12.229000000
51.933079,12.230000000
51.935532,12.231000000
51.960585,12.232000000
51.961081,12.233000000
51.964076,12.234000000
51.972302,12.235000000
51.981138,12.236000000
52.009461,12.237000000
52.027463,12.238000000
52.041173,12.239000000
52.049954,12.240000000
52.073463,12.241000000
52.086443,12.242000000
52.100385,12.243000000
52.110384,12.244000000
52.118040,12.245000000
52.150152,12.246000000
52.155154,12.247000000
52.162728,12.248000000
52.169077,12.249000000
52.173416,12.250000000
52.179764,12.251000000
52.185802,12.252000000
52.191233,12.253000000
52.199047,12.254000000
52.203269,12.255000000
52.209739,12.256000000
52.219107,12.257000000
52.232394,12.258000000
52.237769,12.259000000
52.251441,12.260000000
52.274990,12.261000000
52.278868,12.262000000
52.299350,12.263000000
52.308200,12.264000000
52.324298,12.265000000
52.329182,12.266000000
52.333305,12.267000000
52.337134,12.268000000
52.359176,12.269000000
52.368697,12.270000000
52.378346,12.271000000
52.386234,12.272000000
52.396068,12.273000000
52.427424,12.274000000
52.440265,12.275000000
52.451572,12.276000000
52.466082,12.277000000
52.478185,12.278000000
52.486652,12.279000000
52.489130,12.280000000
52.499315,12.281000000
52.503962,12.282000000
52.510291,12.283000000
52.516095,12.284000000
52.518311,12.285000000
52.526190,12.286000000
52.528607,12.287000000
52.535490,12.288000000
52.541828,12.289000000
52.543992,12.290000000
52.551597,12.291000000
52.553752,12.292000000
52.557976,12.293000000
52.560138,12.294000000
52.563971,12.295000000
52.566317,12.296000000
52.568455,12.297000000
52.576319,12.298000000
52.578971,12.299000000
52.581235,12.300000000
52.583415,12.301000000
52.585744,12.302000000
52.589383,12.303000000
52.591541,12.304000000
52.594094,12.305000000
52.596297,12.306000000
52.609399,12.307000000
52.614644,12.308000000
52.619916,12.309000000
52.623846,12.310000000
52.627901,12.311000000
52.633991,12.312000000
52.636510,12.313000000
52.641758,12.314000000
52.650666,12.315000000
52.652988,12.316000000
52.655338,12.317000000
52.666066,12.318000000
52.673707,12.319000000
52.683986,12.320000000
52.686438,12.321000000
52.688639,12.322000000
52.691039,12.323000000
52.693449,12.324000000
52.695811,12.325000000
52.705226,12.326000000
52.708047,12.327000000
52.710373,12.328000000
52.713490,12.329000000
52.715790,12.330000000
52.720458,12.331000000
52.723184,12.332000000
52.725789,12.333000000
52.728337,12.334000000
52.734893,12.335000000
52.741522,12.336000000
52.762898,12.337000000
52.775999,12.338000000
52.794675,12.339000000
52.804498,12.340000000
52.814619,12.341000000
52.825505,12.342000000
52.833984,12.343000000
52.843089,12.344000000
52.853200,12.345000000
52.863992,12.346000000
52.874415,12.347000000
52.884167,12.348000000
52.898513,12.349000000
52.911839,12.350000000
52.920634,12.351000000
52.926576,12.352000000
52.936435,12.353000000
52.948965,12.354000000
52.966107,12.355000000
52.981263,12.356000000
52.998290,12.357000000
53.006525,12.358000000
53.016965,12.359000000
53.021826,12.360000000
53.026880,12.361000000
53.030148,12.362000000
53.046259,12.363000000
53.050555,12.364000000
53.061183,12.365000000
53.066246,12.366000000
53.070972,12.367000000
53.089745,12.368000000
53.105562,12.369000000
53.117832,12.370000000
53.121345,12.371000000
53.128281,12.372000000
53.135008,12.373000000
53.144599,12.374000000
53.152472,12.375000000
53.158503,12.376000000
53.169193,12.377000000
53.181143,12.378000000
53.189439,12.379000000
53.196124,12.380000000
53.200171,12.381000000
53.204978,12.382000000
53.222720,12.383000000
53.232044,12.384000000
53.236578,12.385000000
53.252928,12.386000000
53.260070,12.387000000
53.269662,12.388000000
53.274754,12.389000000
53.279351,12.390000000
53.293743,12.391000000
53.298867,12.392000000
53.302085,12.393000000
53.313387,12.394000000
53.317146,12.395000000
53.321599,12.396000000
53.342735,12.397000000
53.348518,12.398000000
53.355221,12.399000000
53.361638,12.400000000
53.368271,12.401000000
53.374155,12.402000000
53.379533,12.403000000
53.387886,12.404000000
53.392224,12.405000000
53.398422,12.406000000
53.403629,12.407000000
53.422255,12.408000000
53.434839,12.409000000
53.437453,12.410000000
53.446363,12.411000000
53.471239,12.412000000
53.475690,12.413000000
53.497039,12.414000000
53.506263,12.415000000
53.524327,12.416000000
53.528701,12.417000000
53.540822,12.418000000
53.564703,12.419000000
53.569422,12.420000000
53.588178,12.421000000
53.606779,12.422000000
53.611949,12.423000000
53.615335,12.424000000
53.649403,12.425000000
53.660720,12.426000000
53.667271,12.427000000
53.675989,12.428000000
53.686912,12.429000000
53.691364,12.430000000
53.704486,12.431000000
53.708155,12.432000000
53.718592,12.433000000
53.726756,12.434000000
53.739295,12.435000000
53.748640,12.436000000
53.756489,12.437000000
53.764990,12.438000000
53.781082,12.439000000
53.788549,12.440000000
53.813779,12.441000000
53.821573,12.442000000
53.825189,12.443000000
53.831765,12.444000000
53.835132,12.445000000
53.863376,12.446000000
53.875371,12.447000000
53.886081,12.448000000
53.892061,12.449000000
53.905009,12.450000000
53.931380,12.451000000
53.939989,12.452000000
53.943753,12.453000000
53.949191,12.454000000
53.951777,12.455000000
53.987797,12.456000000
53.999802,12.457000000
54.010950,12.458000000
54.016653,12.459000000
54.029789,12.460000000
54.041712,12.461000000
54.050132,12.462000000
54.059983,12.463000000
54.074347,12.464000000
54.085187,12.465000000
54.094595,12.466000000
54.103191,12.467000000
54.112906,12.468000000
54.116498,12.469000000
54.123851,12.470000000
54.145497,12.471000000
54.160759,12.472000000
54.180560,12.473000000
54.191208,12.474000000
54.194984,12.475000000
54.210432,12.476000000
54.212754,12.477000000
54.229954,12.478000000
54.245526,12.479000000
54.248454,12.480000000
54.271685,12.481000000
54.277833,12.482000000
54.280183,12.483000000
54.297786,12.484000000
54.314884,12.485000000
54.318394,12.486000000
54.345302,12.487000000
54.349329,12.488000000
54.358496,12.489000000
54.369053,12.490000000
54.380246,12.491000000
54.384030,12.492000000
54.394412,12.493000000
54.403389,12.494000000
54.409409,12.495000000
54.415780,12.496000000
54.418185,12.497000000
54.426436,12.498000000
54.428648,12.499000000
54.435293,12.500000000
54.446600,12.501000000
54.458463,12.502000000
54.474157,12.503000000
54.488152,12.504000000
54.509462,12.505000000
54.512929,12.506000000
54.527429,12.507000000
54.549613,12.508000000
54.561714,12.509000000
54.575480,12.510000000
54.586766,12.511000000
54.591189,12.512000000
54.600664,12.513000000
54.624429,12.514000000
54.634625,12.515000000
54.640811,12.516000000
54.658461,12.517000000
54.665435,12.518000000
54.668918,12.519000000
54.703946,12.520000000
54.711416,12.521000000
54.717806,12.522000000
54.729719,12.523000000
54.735405,12.524000000
54.745554,12.525000000
54.755599,12.526000000
54.765861,12.527000000
54.772838,12.528000000
54.779361,12.529000000
54.786316,12.530000000
54.798584,12.531000000
54.801704,12.532000000
54.810143,12.533000000
54.833706,12.534000000
54.837157,12.535000000
54.845350,12.536000000
54.853651,12.537000000
54.873811,12.538000000
54.881304,12.539000000
54.895373,12.540000000
54.902879,12.541000000
54.912658,12.542000000
54.917217,12.543000000
54.942559,12.544000000
54.946990,12.545000000
54.955284,12.546000000
54.966127,12.547000000
54.979013,12.548000000
54.998563,12.549000000
55.002569,12.550000000
55.006114,12.551000000
55.011002,12.552000000
55.015118,12.553000000
55.020710,12.554000000
55.025518,12.555000000
55.029594,12.556000000
55.037939,12.557000000
55.043558,12.558000000
55.045850,12.559000000
55.050116,12.560000000
55.053592,12.561000000
55.068456,12.562000000
55.097463,12.563000000
55.101840,12.564000000
55.109510,12.565000000
55.141705,12.566000000
55.145215,12.567000000
55.165530,12.568000000
55.173309,12.569000000
55.176868,12.570000000
55.198255,12.571000000
55.198324,12.572000000
55.208149,12.573000000
55.232235,12.574000000
55.232530,12.575000000
55.235124,12.576000000
55.259767,12.577000000
55.259833,12.578000000
55.263034,12.579000000
55.272795,12.580000000
55.289155,12.581000000
55.292814,12.582000000
55.302914,12.583000000
55.319861,12.584000000
55.322428,12.585000000
55.330488,12.586000000
55.349469,12.587000000
55.358570,12.588000000
55.368120,12.589000000
55.377659,12.590000000
55.382107,12.591000000
55.396043,12.592000000
55.408015,12.593000000
55.410426,12.594000000
55.424694,12.595000000
55.428926,12.596000000
55.440855,12.597000000
55.455436,12.598000000
55.459059,12.599000000
55.466387,12.600000000
55.477372,12.601000000
55.494335,12.602000000
55.502216,12.603000000
55.514649,12.604000000
55.536763,12.605000000
55.551091,12.606000000
55.554452,12.607000000
55.562946,12.608000000
55.574293,12.609000000
55.576419,12.610000000
55.593996,12.611000000
55.594058,12.612000000
55.620851,12.613000000
55.634019,12.614000000
55.639485,12.615000000
55.644404,12.616000000
55.649399,12.617000000
55.653003,12.618000000
55.659777,12.619000000
55.662079,12.620000000
55.666767,12.621000000
55.670673,12.622000000
55.676236,12.623000000
55.683243,12.624000000
55.685785,12.625000000
55.695457,12.626000000
55.706109,12.627000000
55.716533,12.628000000
55.743531,12.629000000
55.755299,12.630000000
55.772053,12.631000000
55.776399,12.632000000
55.791719,12.633000000
55.795401,12.634000000
55.814410,12.635000000
55.816801,12.636000000
55.836312,12.637000000
55.836377,12.638000000
55.860587,12.639000000
55.873838,12.640000000
55.879899,12.641000000
55.910223,12.642000000
55.921504,12.643000000
55.932405,12.644000000
55.948628,12.645000000
55.966434,12.646000000
55.977580,12.647000000
55.990322,12.648000000
56.003094,12.649000000
56.007627,12.650000000
56.011963,12.651000000
56.014210,12.652000000
56.018190,12.653000000
56.061232,12.654000000
56.068820,12.655000000
56.068880,12.656000000
56.071840,12.657000000
56.081682,12.658000000
56.081749,12.659000000
56.135417,12.660000000
56.135477,12.661000000
56.135517,12.662000000
56.160772,12.663000000
56.160847,12.664000000
56.160892,12.665000000
56.182410,12.666000000
56.183128,12.667000000
56.191996,12.668000000
56.202921,12.669000000
56.211334,12.670000000
56.231032,12.671000000
56.241121,12.672000000
56.243642,12.673000000
56.271164,12.674000000
56.274946,12.675000000
56.282188,12.676000000
56.285056,12.677000000
56.297025,12.678000000
56.299362,12.679000000
56.307009,12.680000000
56.314331,12.681000000
56.319982,12.682000000
56.325634,12.683000000
56.334658,12.684000000
56.340292,12.685000000
56.346896,12.686000000
56.354875,12.687000000
56.361692,12.688000000
56.365442,12.689000000
56.374337,12.690000000
56.379512,12.691000000
56.387085,12.692000000
56.408638,12.693000000
56.414466,12.694000000
56.425174,12.695000000
56.432841,12.696000000
56.440604,12.697000000
56.449749,12.698000000
56.453525,12.699000000
56.466477,12.700000000
56.468768,12.701000000
56.479535,12.702000000
56.500334,12.703000000
56.503117,12.704000000
56.522416,12.705000000
56.538257,12.706000000
56.544852,12.707000000
56.547411,12.708000000
56.551872,12.709000000
56.560381,12.710000000
56.582985,12.711000000
56.600849,12.712000000
56.603572,12.713000000
56.613781,12.714000000
56.618282,12.715000000
56.629524,12.716000000
56.632788,12.717000000
56.642217,12.718000000
56.654149,12.719000000
56.660713,12.720000000
56.665351,12.721000000
56.674201,12.722000000
56.680667,12.723000000
56.695554,12.724000000
56.713493,12.725000000
56.722512,12.726000000
56.728436,12.727000000
56.736929,12.728000000
56.739761,12.729000000
56.749962,12.730000000
56.755967,12.731000000
56.771706,12.732000000
56.771750,12.733000000
56.785933,12.734000000
56.792814,12.735000000
56.808173,12.736000000
56.819746,12.737000000
56.827691,12.738000000
56.838140,12.739000000
56.843965,12.740000000
56.866477,12.741000000
56.867619,12.742000000
56.882879,12.743000000
56.892538,12.744000000
56.912794,12.745000000
56.924272,12.746000000
56.924338,12.747000000
56.950445,12.748000000
56.963927,12.749000000
56.971734,12.750000000
56.988966,12.751000000
56.998125,12.752000000
57.003684,12.753000000
57.035602,12.754000000
57.043222,12.755000000
57.055351,12.756000000
57.072447,12.757000000
57.083808,12.758000000
57.109375,12.759000000
57.116546,12.760000000
57.126710,12.761000000
57.133906,12.762000000
57.179535,12.763000000
57.180446,12.764000000
57.197132,12.765000000
57.203791,12.766000000
57.214034,12.767000000
57.229310,12.768000000
57.242302,12.769000000
57.257541,12.770000000
57.266778,12.771000000
57.275366,12.772000000
57.283375,12.773000000
57.286507,12.774000000
57.297364,12.775000000
57.302873,12.776000000
57.312345,12.777000000
57.324916,12.778000000
57.324964,12.779000000
57.327362,12.780000000
57.334517,12.781000000
57.343680,12.782000000
57.347228,12.783000000
57.347286,12.784000000
57.352869,12.785000000
57.362837,12.786000000
57.362911,12.787000000
57.373169,12.788000000
57.373756,12.789000000
57.379081,12.790000000
57.383168,12.791000000
57.389340,12.792000000
57.396429,12.793000000
57.396468,12.794000000
57.403394,12.795000000
57.407163,12.796000000
57.411306,12.797000000
57.416934,12.798000000
57.424244,12.799000000
57.426518,12.800000000
57.432835,12.801000000
57.438622,12.802000000
57.438668,12.803000000
57.446776,12.804000000
57.449000,12.805000000
57.478642,12.806000000
57.487163,12.807000000
57.492501,12.808000000
57.499283,12.809000000
57.503341,12.810000000
57.518334,12.811000000
57.538318,12.812000000
57.546504,12.813000000
57.557968,12.814000000
57.566964,12.815000000
57.585898,12.816000000
57.586021,12.817000000
57.586071,12.818000000
57.595960,12.819000000
57.596500,12.820000000
57.596554,12.821000000
57.598519,12.822000000
57.623091,12.823000000
57.634441,12.824000000
57.655011,12.825000000
57.669672,12.826000000
57.682050,12.827000000
57.697705,12.828000000
57.711978,12.829000000
57.715467,12.830000000
57.720786,12.831000000
57.730813,12.832000000
57.772222,12.833000000
57.778434,12.834000000
57.795840,12.835000000
57.818506,12.836000000
57.830909,12.837000000
57.847053,12.838000000
57.864894,12.839000000
57.873617,12.840000000
57.882386,12.841000000
57.892295,12.842000000
57.921355,12.843000000
57.934217,12.844000000
57.951272,12.845000000
57.959114,12.846000000
57.967810,12.847000000
58.005834,12.848000000
58.015575,12.849000000
58.032349,12.850000000
58.043123,12.851000000
58.055924,12.852000000
58.067769,12.853000000
58.082763,12.854000000
58.094435,12.855000000
58.103380,12.856000000
58.120084,12.857000000
58.131575,12.858000000
58.142014,12.859000000
58.154970,12.860000000
58.168896,12.861000000
58.191790,12.862000000
58.201478,12.863000000
58.221509,12.864000000
58.245576,12.865000000
58.256933,12.866000000
58.267310,12.867000000
58.284096,12.868000000
58.291557,12.869000000
58.303484,12.870000000
58.311563,12.871000000
58.317473,12.872000000
58.323990,12.873000000
58.328263,12.874000000
58.338741,12.875000000
58.360147,12.876000000
58.379117,12.877000000
58.391921,12.878000000
58.396056,12.879000000
58.404319,12.880000000
58.408405,12.881000000
58.414628,12.882000000
58.420849,12.883000000
58.428563,12.884000000
58.434806,12.885000000
58.441633,12.886000000
58.450597,12.887000000
58.465413,12.888000000
58.471399,12.889000000
58.480660,12.890000000
58.485502,12.891000000
58.496276,12.892000000
58.503988,12.893000000
58.519222,12.894000000
58.530733,12.895000000
58.546422,12.896000000
58.563210,12.897000000
58.595495,12.898000000
58.601430,12.899000000
58.624285,12.900000000
58.638718,12.901000000
58.649161,12.902000000
58.664880,12.903000000
58.682781,12.904000000
58.696992,12.905000000
58.707281,12.906000000
58.734714,12.907000000
58.741388,12.908000000
58.747576,12.909000000
58.752181,12.910000000
58.761463,12.911000000
58.785544,12.912000000
58.797153,12.913000000
58.805740,12.914000000
58.818139,12.915000000
58.828304,12.916000000
58.845132,12.917000000
58.866530,12.918000000
58.885787,12.919000000
58.905859,12.920000000
58.923197,12.921000000
58.933182,12.922000000
58.943130,12.923000000
58.951748,12.924000000
58.963610,12.925000000
58.972178,12.926000000
58.981832,12.927000000
58.994916,12.928000000
59.006789,12.929000000
59.013098,12.930000000
59.022338,12.931000000
59.037441,12.932000000
59.045235,12.933000000
59.060025,12.934000000
59.071947,12.935000000
59.082200,12.936000000
59.093104,12.937000000
59.103397,12.938000000
59.112359,12.939000000
59.123147,12.940000000
59.132190,12.941000000
59.145012,12.942000000
59.155513,12.943000000
59.167592,12.944000000
59.177496,12.945000000
59.195326,12.946000000
59.212756,12.947000000
59.230498,12.948000000
59.252590,12.949000000
59.283768,12.950000000
59.297580,12.951000000
59.310370,12.952000000
59.318878,12.953000000
59.330702,12.954000000
59.338900,12.955000000
59.350847,12.956000000
59.360759,12.957000000
59.371382,12.958000000
59.382591,12.959000000
59.392999,12.960000000
59.403711,12.961000000
59.415780,12.962000000
59.424750,12.963000000
59.433870,12.964000000
59.443643,12.965000000
59.455647,12.966000000
59.465387,12.967000000
59.483870,12.968000000
59.496488,12.969000000
59.504623,12.970000000
59.517282,12.971000000
59.527795,12.972000000
59.539830,12.973000000
59.548183,12.974000000
59.557689,12.975000000
59.575778,12.976000000
59.595114,12.977000000
59.613362,12.978000000
59.629535,12.979000000
59.640667,12.980000000
59.651639,12.981000000
59.660457,12.982000000
59.671234,12.983000000
59.679629,12.984000000
59.690026,12.985000000
59.699713,12.986000000
59.706171,12.987000000
59.720071,12.988000000
59.731133,12.989000000
59.739770,12.990000000
59.751387,12.991000000
59.759699,12.992000000
59.773005,12.993000000
59.781658,12.994000000
59.791322,12.995000000
59.801482,12.996000000
59.812260,12.997000000
59.821069,12.998000000
59.833802,12.999000000
59.844163,13.000000000
59.856325,13.001000000
59.861809,13.002000000
59.874332,13.003000000
59.897000,13.004000000
59.911796,13.005000000
59.927166,13.006000000
59.952024,13.007000000
59.957410,13.008000000
59.973264,13.009000000
59.986158,13.010000000
59.996802,13.011000000
60.005392,13.012000000
60.016162,13.013000000
60.029288,13.014000000
60.041638,13.015000000
60.052055,13.016000000
60.065719,13.017000000
60.072199,13.018000000
60.084638,13.019000000
60.095146,13.020000000
60.106091,13.021000000
60.114537,13.022000000
60.129633,13.023000000
60.139177,13.024000000
60.164708,13.025000000
60.179524,13.026000000
60.191692,13.027000000
60.205664,13.028000000
60.231438,13.029000000
60.242422,13.030000000
60.256408,13.031000000
60.302539,13.032000000
60.308346,13.033000000
60.321407,13.034000000
60.321456,13.035000000
60.333514,13.036000000
60.333587,13.037000000
60.335586,13.038000000
60.342544,13.039000000
60.351275,13.040000000
60.379457,13.041000000
60.380297,13.042000000
60.389157,13.043000000
60.389246,13.044000000
60.401565,13.045000000
60.401620,13.046000000
60.401656,13.047000000
60.406756,13.048000000
60.429718,13.049000000
60.461702,13.050000000
60.468230,13.051000000
60.473040,13.052000000
60.478463,13.053000000
60.483504,13.054000000
60.485993,13.055000000
60.492970,13.056000000
60.506225,13.057000000
60.508634,13.058000000
60.515331,13.059000000
60.517945,13.060000000
60.524099,13.061000000
60.526266,13.062000000
60.566461,13.063000000
60.576911,13.064000000
60.589753,13.065000000
60.596757,13.066000000
60.615394,13.067000000
60.620852,13.068000000
60.632463,13.069000000
60.641481,13.070000000
60.651896,13.071000000
60.674769,13.072000000
60.691519,13.073000000
60.707797,13.074000000
60.716720,13.075000000
60.727637,13.076000000
60.742254,13.077000000
60.748914,13.078000000
60.752557,13.079000000
60.758095,13.080000000
60.761822,13.081000000
60.766439,13.082000000
60.779146,13.083000000
60.784230,13.084000000
60.786654,13.085000000
60.795765,13.086000000
60.800136,13.087000000
60.805567,13.088000000
60.811068,13.089000000
60.827241,13.090000000
60.836377,13.091000000
60.842170,13.092000000
60.857002,13.093000000
60.864618,13.094000000
60.869763,13.095000000
60.890169,13.096000000
60.896825,13.097000000
60.902866,13.098000000
60.917363,13.099000000
60.924212,13.100000000
60.928639,13.101000000
60.955831,13.102000000
60.979294,13.103000000
60.993412,13.104000000
61.001315,13.105000000
61.009438,13.106000000
61.013469,13.107000000
61.035244,13.108000000
61.038023,13.109000000
61.040272,13.110000000
61.070345,13.111000000
61.083603,13.112000000
61.093646,13.113000000
61.098624,13.114000000
61.115104,13.115000000
61.120037,13.116000000
61.128322,13.117000000
61.147111,13.118000000
61.149459,13.119000000
61.164039,13.120000000
61.167470,13.121000000
61.178859,13.122000000
61.186881,13.123000000
61.207449,13.124000000
61.219393,13.125000000
61.230598,13.126000000
61.267842,13.127000000
61.283911,13.128000000
61.296473,13.129000000
61.310530,13.130000000
61.321545,13.131000000
61.348229,13.132000000
61.348275,13.133000000
61.349584,13.134000000
61.363043,13.135000000
61.363118,13.136000000
61.371677,13.137000000
61.397987,13.138000000
61.399740,13.139000000
61.405724,13.140000000
61.406010,13.141000000
61.411875,13.142000000
61.450969,13.143000000
61.458049,13.144000000
61.460434,13.145000000
61.473112,13.146000000
61.473202,13.147000000
61.473243,13.148000000
61.473456,13.149000000
61.489003,13.150000000
61.489053,13.151000000
61.496314,13.152000000
61.496361,13.153000000
61.509169,13.154000000
61.517176,13.155000000
61.531590,13.156000000
61.547614,13.157000000
61.565626,13.158000000
61.586410,13.159000000
61.590811,13.160000000
61.606065,13.161000000
61.611135,13.162000000
61.615359,13.163000000
61.618987,13.164000000
61.638855,13.165000000
61.642811,13.166000000
61.646023,13.167000000
61.651975,13.168000000
61.655114,13.169000000
61.659319,13.170000000
61.662602,13.171000000
61.667545,13.172000000
61.671843,13.173000000
61.675195,13.174000000
61.682103,13.175000000
61.688625,13.176000000
61.697034,13.177000000
61.697608,13.178000000
61.702644,13.179000000
61.702962,13.180000000
61.720546,13.181000000
61.722780,13.182000000
61.732660,13.183000000
61.736988,13.184000000
61.750545,13.185000000
61.765162,13.186000000
61.772046,13.187000000
61.800466,13.188000000
61.819087,13.189000000
61.821468,13.190000000
61.848251,13.191000000
61.853252,13.192000000
61.862744,13.193000000
61.867331,13.194000000
61.887716,13.195000000
61.891818,13.196000000
61.897650,13.197000000
61.925447,13.198000000
61.929627,13.199000000
61.941184,13.200000000
61.960521,13.201000000
61.979446,13.202000000
61.984285,13.203000000
62.000944,13.204000000
62.021226,13.205000000
62.021443,13.206000000
62.031254,13.207000000
62.042892,13.208000000
62.047290,13.209000000
62.055692,13.210000000
62.063003,13.211000000
62.080046,13.212000000
62.080393,13.213000000
62.094836,13.214000000
62.102727,13.215000000
62.112365,13.216000000
62.121345,13.217000000
62.126448,13.218000000
62.132037,13.219000000
62.144688,13.220000000
62.152552,13.221000000
62.157200,13.222000000
62.171508,13.223000000
62.182926,13.224000000
62.190392,13.225000000
62.209778,13.226000000
62.223454,13.227000000
62.236557,13.228000000
62.250675,13.229000000
62.264533,13.230000000
62.278691,13.231000000
62.289321,13.232000000
62.322402,13.233000000
62.330487,13.234000000
62.353026,13.235000000
62.360792,13.236000000
62.370361,13.237000000
62.381744,13.238000000
62.392606,13.239000000
62.396109,13.240000000
62.430609,13.241000000
62.437063,13.242000000
62.450258,13.243000000
62.460516,13.244000000
62.476645,13.245000000
62.483246,13.246000000
62.491298,13.247000000
62.519405,13.248000000
62.519454,13.249000000
62.535334,13.250000000
62.540703,13.251000000
62.560395,13.252000000
62.574566,13.253000000
62.583275,13.254000000
62.594934,13.255000000
62.606528,13.256000000
62.634971,13.257000000
62.655883,13.258000000
62.670691,13.259000000
62.680108,13.260000000
62.693266,13.261000000
62.703011,13.262000000
62.721954,13.263000000
62.728643,13.264000000
62.744076,13.265000000
62.752469,13.266000000
62.766128,13.267000000
62.770157,13.268000000
62.816327,13.269000000
62.817401,13.270000000
62.817464,13.271000000
62.817475,13.272000000
62.817483,13.273000000
62.817491,13.274000000
62.817499,13.275000000
62.817507,13.276000000
62.818328,13.277000000
62.840520,13.278000000
62.853590,13.279000000
62.889540,13.280000000
62.892003,13.281000000
62.896780,13.282000000
62.903991,13.283000000
62.915836,13.284000000
62.927900,13.285000000
62.927952,13.286000000
62.928013,13.287000000
62.928023,13.288000000
62.928379,13.289000000
62.931392,13.290000000
62.932803,13.291000000
62.941059,13.292000000
62.941103,13.293000000
62.943789,13.294000000
62.944177,13.295000000
62.948217,13.296000000
62.966145,13.297000000
62.969939,13.298000000
62.977597,13.299000000
62.989208,13.300000000
63.013640,13.301000000
63.015676,13.302000000
63.026546,13.303000000
63.026604,13.304000000
63.032830,13.305000000
63.040405,13.306000000
63.062098,13.307000000
63.062196,13.308000000
63.063575,13.309000000
63.075098,13.310000000
63.087443,13.311000000
63.096398,13.312000000
63.096462,13.313000000
63.104438,13.314000000
63.104501,13.315000000
63.132732,13.316000000
63.145576,13.317000000
63.157960,13.318000000
63.161510,13.319000000
63.175799,13.320000000
63.209428,13.321000000
63.221233,13.322000000
63.225934,13.323000000
63.236397,13.324000000
63.239301,13.325000000
63.250610,13.326000000
63.255970,13.327000000
63.265114,13.328000000
63.273930,13.329000000
63.296410,13.330000000
63.303777,13.331000000
63.313955,13.332000000
63.327400,13.333000000
63.336747,13.334000000
63.338913,13.335000000
63.346066,13.336000000
63.346161,13.337000000
63.357002,13.338000000
63.364128,13.339000000
63.372853,13.340000000
63.373116,13.341000000
63.380018,13.342000000
63.389287,13.343000000
63.390348,13.344000000
63.403769,13.345000000
63.418208,13.346000000
63.423619,13.347000000
63.429802,13.348000000
63.436822,13.349000000
63.443340,13.350000000
63.449918,13.351000000
63.472945,13.352000000
63.488151,13.353000000
63.493893,13.354000000
63.498019,13.355000000
63.521693,13.356000000
63.529226,13.357000000
63.542132,13.358000000
63.551158,13.359000000
63.558702,13.360000000
63.563735,13.361000000
63.585023,13.362000000
63.595743,13.363000000
63.599380,13.364000000
63.612919,13.365000000
63.624568,13.366000000
63.629109,13.367000000
63.632403,13.368000000
63.658675,13.369000000
63.668190,13.370000000
63.681140,13.371000000
63.687883,13.372000000
63.701756,13.373000000
63.711385,13.374000000
63.715518,13.375000000
63.724243,13.376000000
63.735362,13.377000000
63.745678,13.378000000
63.753363,13.379000000
63.760581,13.380000000
63.768700,13.381000000
63.777703,13.382000000
63.794775,13.383000000
63.810128,13.384000000
63.816825,13.385000000
63.848344,13.386000000
63.859333,13.387000000
63.871446,13.388000000
63.876012,13.389000000
63.888132,13.390000000
63.895476,13.391000000
63.895542,13.392000000
63.906382,13.393000000
63.913644,13.394000000
63.913711,13.395000000
63.936913,13.396000000
63.938847,13.397000000
63.954873,13.398000000
63.968296,13.399000000
63.969280,13.400000000
63.981225,13.401000000
63.984646,13.402000000
63.997699,13.403000000
64.021636,13.404000000
64.021700,13.405000000
64.030832,13.406000000
64.036841,13.407000000
64.037093,13.408000000
64.045838,13.409000000
64.045894,13.410000000
64.066792,13.411000000
64.071925,13.412000000
64.087013,13.413000000
64.098610,13.414000000
64.099575,13.415000000
64.114018,13.416000000
64.117342,13.417000000
64.120224,13.418000000
64.127985,13.419000000
64.128049,13.420000000
64.136543,13.421000000
64.137130,13.422000000
64.139624,13.423000000
64.149330,13.424000000
64.157802,13.425000000
64.157861,13.426000000
64.157926,13.427000000
64.157966,13.428000000
64.175005,13.429000000
64.183955,13.430000000
64.200177,13.431000000
64.200243,13.432000000
64.200285,13.433000000
64.200325,13.434000000
64.200362,13.435000000
64.222015,13.436000000
64.246009,13.437000000
64.258605,13.438000000
64.258665,13.439000000
64.266347,13.440000000
64.282893,13.441000000
64.296047,13.442000000
64.296108,13.443000000
64.297523,13.444000000
64.320978,13.445000000
64.321068,13.446000000
64.321752,13.447000000
64.336610,13.448000000
64.350147,13.449000000
64.355499,13.450000000
64.362940,13.451000000
64.376890,13.452000000
64.386990,13.453000000
64.396634,13.454000000
64.398825,13.455000000
64.409658,13.456000000
64.417530,13.457000000
64.425067,13.458000000
64.429253,13.459000000
64.440115,13.460000000
64.448142,13.461000000
64.453510,13.462000000
64.462842,13.463000000
64.468901,13.464000000
64.476979,13.465000000
64.485735,13.466000000
64.495130,13.467000000
64.506193,13.468000000
64.509992,13.469000000
64.520691,13.470000000
64.529877,13.471000000
64.534747,13.472000000
64.542792,13.473000000
64.546505,13.474000000
64.548698,13.475000000
64.550825,13.476000000
64.566308,13.477000000
64.586053,13.478000000
64.587392,13.479000000
64.600514,13.480000000
64.600570,13.481000000
64.601203,13.482000000
64.603416,13.483000000
64.612008,13.484000000
64.612062,13.485000000
64.612100,13.486000000
64.612165,13.487000000
64.613439,13.488000000
64.618307,13.489000000
64.633087,13.490000000
64.643481,13.491000000
64.646378,13.492000000
64.656855,13.493000000
64.659571,13.494000000
64.687526,13.495000000
64.687706,13.496000000
64.704351,13.497000000
64.704443,13.498000000
64.704656,13.499000000
64.723427,13.500000000
64.723496,13.501000000
64.723541,13.502000000
64.723580,13.503000000
64.723620,13.504000000
64.723680,13.505000000
64.728460,13.506000000
64.751520,13.507000000
64.751597,13.508000000
64.757253,13.509000000
64.773022,13.510000000
64.773083,13.511000000
64.773123,13.512000000
64.773318,13.513000000
64.789015,13.514000000
64.789260,13.515000000
64.796899,13.516000000
64.811191,13.517000000
64.811256,13.518000000
64.811298,13.519000000
64.811366,13.520000000
64.841720,13.521000000
64.841797,13.522000000
64.841844,13.523000000
64.841886,13.524000000
64.850032,13.525000000
64.850316,13.526000000
64.855819,13.527000000
64.869022,13.528000000
64.869094,13.529000000
64.872021,13.530000000
64.901341,13.531000000
64.902077,13.532000000
64.909940,13.533000000
64.924232,13.534000000
64.946009,13.535000000
64.946078,13.536000000
64.946152,13.537000000
64.968401,13.538000000
64.969007,13.539000000
64.985337,13.540000000
64.985867,13.541000000
65.009323,13.542000000
65.011531,13.543000000
65.022604,13.544000000
65.026922,13.545000000
65.031235,13.546000000
65.034510,13.547000000
65.038437,13.548000000
65.047786,13.549000000
65.060420,13.550000000
65.063184,13.551000000
65.074716,13.552000000
65.080172,13.553000000
65.085384,13.554000000
65.088018,13.555000000
65.093103,13.556000000
65.097425,13.557000000
65.100832,13.558000000
65.109684,13.559000000
65.112096,13.560000000
65.114224,13.561000000
65.117113,13.562000000
65.123304,13.563000000
65.140178,13.564000000
65.149986,13.565000000
65.154054,13.566000000
65.164101,13.567000000
65.173160,13.568000000
65.184533,13.569000000
65.187099,13.570000000
65.195856,13.571000000
65.200050,13.572000000
65.221476,13.573000000
65.228755,13.574000000
65.242700,13.575000000
65.244961,13.576000000
65.253684,13.577000000
65.258278,13.578000000
65.265679,13.579000000
65.269515,13.580000000
65.275929,13.581000000
65.284778,13.582000000
65.289357,13.583000000
65.305454,13.584000000
65.314417,13.585000000
65.321579,13.586000000
65.332318,13.587000000
65.334517,13.588000000
65.343035,13.589000000
65.349756,13.590000000
65.356114,13.591000000
65.363739,13.592000000
65.366028,13.593000000
65.374265,13.594000000
65.383457,13.595000000
65.393587,13.596000000
65.403914,13.597000000
65.419002,13.598000000
65.437369,13.599000000
65.442022,13.600000000
65.445623,13.601000000
65.449837,13.602000000
65.460339,13.603000000
65.460384,13.604000000
65.464588,13.605000000
65.469023,13.606000000
65.471652,13.607000000
65.473912,13.608000000
65.505799,13.609000000
65.527328,13.610000000
65.534887,13.611000000
65.546501,13.612000000
65.550605,13.613000000
65.554609,13.614000000
65.562403,13.615000000
65.574774,13.616000000
65.574846,13.617000000
65.585315,13.618000000
65.585857,13.619000000
65.597366,13.620000000
65.603314,13.621000000
65.609878,13.622000000
65.619361,13.623000000
65.623536,13.624000000
65.635813,13.625000000
65.641596,13.626000000
65.647506,13.627000000
65.653811,13.628000000
65.663804,13.629000000
65.664692,13.630000000
65.674325,13.631000000
65.693952,13.632000000
65.693999,13.633000000
65.713726,13.634000000
65.719906,13.635000000
65.739121,13.636000000
65.751388,13.637000000
65.756395,13.638000000
65.763126,13.639000000
65.774440,13.640000000
65.780136,13.641000000
65.790696,13.642000000
65.795158,13.643000000
65.810388,13.644000000
65.820482,13.645000000
65.822849,13.646000000
65.851444,13.647000000
65.854380,13.648000000
65.859610,13.649000000
65.879433,13.650000000
65.893503,13.651000000
65.908347,13.652000000
65.916863,13.653000000
65.940050,13.654000000
65.947675,13.655000000
65.958729,13.656000000
65.986227,13.657000000
65.997553,13.658000000
66.010496,13.659000000
66.027018,13.660000000
66.032371,13.661000000
66.047240,13.662000000
66.063741,13.663000000
66.074549,13.664000000
66.087039,13.665000000
66.095235,13.666000000
66.105006,13.667000000
66.111497,13.668000000
66.114002,13.669000000
66.130705,13.670000000
66.136527,13.671000000
66.142840,13.672000000
66.149056,13.673000000
66.157086,13.674000000
66.177379,13.675000000
66.184529,13.676000000
66.191831,13.677000000
66.204585,13.678000000
66.211665,13.679000000
66.219039,13.680000000
66.225446,13.681000000
66.245242,13.682000000
66.264583,13.683000000
66.287331,13.684000000
66.299917,13.685000000
66.304318,13.686000000
66.319013,13.687000000
66.332953,13.688000000
66.333909,13.689000000
66.340065,13.690000000
66.342617,13.691000000
66.349243,13.692000000
66.360703,13.693000000
66.360729,13.694000000
66.362907,13.695000000
66.362924,13.696000000
66.376036,13.697000000
66.376091,13.698000000
66.376101,13.699000000
66.385578,13.700000000
66.418882,13.701000000
66.439075,13.702000000
66.439130,13.703000000
66.442886,13.704000000
66.453963,13.705000000
66.456149,13.706000000
66.458251,13.707000000
66.478062,13.708000000
66.483860,13.709000000
66.493556,13.710000000
66.510478,13.711000000
66.513180,13.712000000
66.513239,13.713000000
66.513250,13.714000000
66.513259,13.715000000
66.513268,13.716000000
66.515585,13.717000000
66.516831,13.718000000
66.519511,13.719000000
66.534517,13.720000000
66.536810,13.721000000
66.539162,13.722000000
66.541515,13.723000000
66.544106,13.724000000
66.546858,13.725000000
66.549597,13.726000000
66.582882,13.727000000
66.603752,13.728000000
66.612173,13.729000000
66.618246,13.730000000
66.625585,13.731000000
66.625648,13.732000000
66.633695,13.733000000
66.642251,13.734000000
66.642664,13.735000000
66.642704,13.736000000
66.642740,13.737000000
66.648046,13.738000000
66.660447,13.739000000
66.676162,13.740000000
66.690478,13.741000000
66.710912,13.742000000
66.717295,13.743000000
66.730944,13.744000000
66.733251,13.745000000
66.735356,13.746000000
66.737347,13.747000000
66.740655,13.748000000
66.742825,13.749000000
66.744998,13.750000000
66.747289,13.751000000
66.753500,13.752000000
66.755788,13.753000000
66.761852,13.754000000
66.763861,13.755000000
66.778306,13.756000000
66.795504,13.757000000
66.825148,13.758000000
66.832478,13.759000000
66.845000,13.760000000
66.847151,13.761000000
66.852397,13.762000000
66.858272,13.763000000
66.867257,13.764000000
66.886558,13.765000000
66.893769,13.766000000
66.903755,13.767000000
66.906687,13.768000000
66.911614,13.769000000
66.913857,13.770000000
66.916010,13.771000000
66.918109,13.772000000
66.920274,13.773000000
66.922408,13.774000000
66.924543,13.775000000
66.926673,13.776000000
66.929242,13.777000000
66.932285,13.778000000
66.934579,13.779000000
66.936726,13.780000000
66.938807,13.781000000
66.940922,13.782000000
66.943027,13.783000000
66.945204,13.784000000
66.947297,13.785000000
66.949718,13.786000000
66.953168,13.787000000
66.955228,13.788000000
66.959290,13.789000000
66.961403,13.790000000
66.963794,13.791000000
66.966034,13.792000000
66.968114,13.793000000
66.970653,13.794000000
66.979764,13.795000000
66.981876,13.796000000
66.988562,13.797000000
66.995474,13.798000000
67.001765,13.799000000
67.020188,13.800000000
67.023731,13.801000000
67.029309,13.802000000
67.042892,13.803000000
67.052855,13.804000000
67.064626,13.805000000
67.076236,13.806000000
67.086591,13.807000000
67.094948,13.808000000
67.100108,13.809000000
67.109929,13.810000000
67.121565,13.811000000
67.129487,13.812000000
67.140550,13.813000000
67.169756,13.814000000
67.174201,13.815000000
67.178443,13.816000000
67.181018,13.817000000
67.188405,13.818000000
67.191859,13.819000000
67.198847,13.820000000
67.203029,13.821000000
67.223816,13.822000000
67.230262,13.823000000
67.232488,13.824000000
67.247065,13.825000000
67.247564,13.826000000
67.257366,13.827000000
67.257660,13.828000000
67.289055,13.829000000
67.299752,13.830000000
67.299796,13.831000000
67.305833,13.832000000
67.321005,13.833000000
67.360891,13.834000000
67.376739,13.835000000
67.398266,13.836000000
67.412177,13.837000000
67.419116,13.838000000
67.433279,13.839000000
67.455498,13.840000000
67.461449,13.841000000
67.471015,13.842000000
67.485384,13.843000000
67.494018,13.844000000
67.507920,13.845000000
67.517746,13.846000000
67.525023,13.847000000
67.528400,13.848000000
67.548931,13.849000000
67.551195,13.850000000
67.554244,13.851000000
67.560401,13.852000000
67.562475,13.853000000
67.566650,13.854000000
67.571354,13.855000000
67.574161,13.856000000
67.591035,13.857000000
67.618097,13.858000000
67.624965,13.859000000
67.655405,13.860000000
67.663672,13.861000000
67.686671,13.862000000
67.695637,13.863000000
67.708362,13.864000000
67.710401,13.865000000
67.715353,13.866000000
67.721980,13.867000000
67.729117,13.868000000
67.737908,13.869000000
67.741905,13.870000000
67.747241,13.871000000
67.756494,13.872000000
67.760093,13.873000000
67.765373,13.874000000
67.784748,13.875000000
67.800798,13.876000000
67.815618,13.877000000
67.819142,13.878000000
67.825348,13.879000000
67.849252,13.880000000
67.856522,13.881000000
67.861655,13.882000000
67.866631,13.883000000
67.884624,13.884000000
67.893672,13.885000000
67.900473,13.886000000
67.920193,13.887000000
67.930996,13.888000000
67.935877,13.889000000
67.949824,13.890000000
67.969805,13.891000000
67.976831,13.892000000
67.984705,13.893000000
67.988429,13.894000000
68.001459,13.895000000
68.006436,13.896000000
68.019510,13.897000000
68.037030,13.898000000
68.050051,13.899000000
68.069699,13.900000000
68.081145,13.901000000
68.092660,13.902000000
68.107021,13.903000000
68.114844,13.904000000
68.117128,13.905000000
68.117192,13.906000000
68.120801,13.907000000
68.126518,13.908000000
68.126581,13.909000000
68.130045,13.910000000
68.162505,13.911000000
68.162560,13.912000000
68.162570,13.913000000
68.162580,13.914000000
68.188296,13.915000000
68.192647,13.916000000
68.197224,13.917000000
68.204048,13.918000000
68.210572,13.919000000
68.244462,13.920000000
68.259161,13.921000000
68.282393,13.922000000
68.282488,13.923000000
68.282533,13.924000000
68.301272,13.925000000
68.327246,13.926000000
68.331095,13.927000000
68.340955,13.928000000
68.341015,13.929000000
68.361724,13.930000000
68.361807,13.931000000
68.361850,13.932000000
68.384866,13.933000000
68.384942,13.934000000
68.389128,13.935000000
68.398981,13.936000000
68.410917,13.937000000
68.411016,13.938000000
68.424612,13.939000000
68.424682,13.940000000
68.441229,13.941000000
68.441292,13.942000000
68.446360,13.943000000
68.450558,13.944000000
68.482874,13.945000000
68.487185,13.946000000
68.491637,13.947000000
68.491914,13.948000000
68.492289,13.949000000
68.517490,13.950000000
68.527419,13.951000000
68.531387,13.952000000
68.554645,13.953000000
68.554709,13.954000000
68.554750,13.955000000
68.588890,13.956000000
68.614630,13.957000000
68.614705,13.958000000
68.633938,13.959000000
68.633998,13.960000000
68.644267,13.961000000
68.644333,13.962000000
68.655456,13.963000000
68.669273,13.964000000
68.669536,13.965000000
68.684295,13.966000000
68.689617,13.967000000
68.701686,13.968000000
68.718946,13.969000000
68.719024,13.970000000
68.728112,13.971000000
68.728186,13.972000000
68.744080,13.973000000
68.744145,13.974000000
68.750064,13.975000000
68.750130,13.976000000
68.812595,13.977000000
68.822958,13.978000000
68.837934,13.979000000
68.849740,13.980000000
68.853478,13.981000000
68.861108,13.982000000
68.872940,13.983000000
68.882757,13.984000000
68.889751,13.985000000
68.896527,13.986000000
68.896704,13.987000000
68.907265,13.988000000
68.915109,13.989000000
68.935119,13.990000000
68.935425,13.991000000
68.965671,13.992000000
68.965737,13.993000000
68.985821,13.994000000
69.001435,13.995000000
69.001517,13.996000000
69.003283,13.997000000
69.012897,13.998000000
69.022288,13.999000000
69.030238,14.000000000
69.031209,14.001000000
69.041398,14.002000000
69.053447,14.003000000
69.060812,14.004000000
69.072013,14.005000000
69.083340,14.006000000
69.083464,14.007000000
69.083534,14.008000000
69.104458,14.009000000
69.104519,14.010000000
69.115630,14.011000000
69.115686,14.012000000
69.123304,14.013000000
69.135034,14.014000000
69.144289,14.015000000
69.144346,14.016000000
69.156891,14.017000000
69.165290,14.018000000
69.165347,14.019000000
69.179261,14.020000000
69.188208,14.021000000
69.197270,14.022000000
69.197325,14.023000000
69.207650,14.024000000
69.226974,14.025000000
69.227888,14.026000000
69.241831,14.027000000
69.242435,14.028000000
69.249575,14.029000000
69.262064,14.030000000
69.262927,14.031000000
69.273005,14.032000000
69.285552,14.033000000
69.290958,14.034000000
69.300629,14.035000000
69.301636,14.036000000
69.313222,14.037000000
69.323148,14.038000000
69.329670,14.039000000
69.334420,14.040000000
69.353316,14.041000000
69.371367,14.042000000
69.371426,14.043000000
69.375988,14.044000000
69.380273,14.045000000
69.382870,14.046000000
69.388618,14.047000000
69.410974,14.048000000
69.442449,14.049000000
69.454720,14.050000000
69.470660,14.051000000
69.479980,14.052000000
69.484434,14.053000000
69.490410,14.054000000
69.510702,14.055000000
69.513423,14.056000000
69.520090,14.057000000
69.525459,14.058000000
69.532471,14.059000000
69.534976,14.060000000
69.555297,14.061000000
69.561877,14.062000000
69.573293,14.063000000
69.575806,14.064000000
69.582192,14.065000000
69.587791,14.066000000
69.594049,14.067000000
69.597530,14.068000000
69.604130,14.069000000
69.611865,14.070000000
69.616301,14.071000000
69.622643,14.072000000
69.629950,14.073000000
69.637768,14.074000000
69.644604,14.075000000
69.651114,14.076000000
69.655583,14.077000000
69.669212,14.078000000
69.671484,14.079000000
69.677909,14.080000000
69.680890,14.081000000
69.686042,14.082000000
69.688307,14.083000000
69.690563,14.084000000
69.692942,14.085000000
69.695450,14.086000000
69.698484,14.087000000
69.700887,14.088000000
69.703147,14.089000000
69.705424,14.090000000
69.707793,14.091000000
69.710022,14.092000000
69.712435,14.093000000
69.716136,14.094000000
69.718473,14.095000000
69.720679,14.096000000
69.723498,14.097000000
69.725827,14.098000000
69.728054,14.099000000
69.748642,14.100000000
69.760134,14.101000000
69.768247,14.102000000
69.779727,14.103000000
69.803088,14.104000000
69.818847,14.105000000
69.826939,14.106000000
69.850661,14.107000000
69.851598,14.108000000
69.871365,14.109000000
69.871428,14.110000000
69.883585,14.111000000
69.887970,14.112000000
69.898819,14.113000000
69.925559,14.114000000
69.939863,14.115000000
69.946294,14.116000000
69.971721,14.117000000
69.981055,14.118000000
69.996101,14.119000000
70.005653,14.120000000
70.014324,14.121000000
70.026565,14.122000000
70.039061,14.123000000
70.050960,14.124000000
70.062984,14.125000000
70.068918,14.126000000
70.080617,14.127000000
70.093627,14.128000000
70.101099,14.129000000
70.111392,14.130000000
70.117278,14.131000000
70.119838,14.132000000
70.122247,14.133000000
70.131969,14.134000000
70.145130,14.135000000
70.147690,14.136000000
70.151554,14.137000000
70.154020,14.138000000
70.156320,14.139000000
70.158661,14.140000000
70.172602,14.141000000
70.179396,14.142000000
70.186551,14.143000000
70.209439,14.144000000
70.227670,14.145000000
70.239052,14.146000000
70.245996,14.147000000
70.248419,14.148000000
70.262368,14.149000000
70.284353,14.150000000
70.298249,14.151000000
70.312345,14.152000000
70.320062,14.153000000
70.333590,14.154000000
70.346868,14.155000000
70.354658,14.156000000
70.365454,14.157000000
70.377281,14.158000000
70.390666,14.159000000
70.398593,14.160000000
70.411466,14.161000000
70.414438,14.162000000
70.429662,14.163000000
70.441276,14.164000000
70.448012,14.165000000
70.472995,14.166000000
70.480399,14.167000000
70.493299,14.168000000
70.503486,14.169000000
70.509483,14.170000000
70.533075,14.171000000
70.541737,14.172000000
70.547949,14.173000000
70.571830,14.174000000
70.584234,14.175000000
70.590614,14.176000000
70.616461,14.177000000
70.632259,14.178000000
70.646576,14.179000000
70.647153,14.180000000
70.662062,14.181000000
70.662763,14.182000000
70.681456,14.183000000
70.683304,14.184000000
70.700478,14.185000000
70.700761,14.186000000
70.721150,14.187000000
70.727885,14.188000000
70.755591,14.189000000
70.772049,14.190000000
70.772109,14.191000000
70.772714,14.192000000
70.781304,14.193000000
70.787344,14.194000000
70.788072,14.195000000
70.811135,14.196000000
70.830209,14.197000000
70.838120,14.198000000
70.864813,14.199000000
70.879506,14.200000000
70.889240,14.201000000
70.907964,14.202000000
70.911273,14.203000000
70.929973,14.204000000
70.935416,14.205000000
70.952346,14.206000000
70.959859,14.207000000
70.972450,14.208000000
70.984798,14.209000000
70.993024,14.210000000
71.003161,14.211000000
71.009765,14.212000000
71.025262,14.213000000
71.036414,14.214000000
71.043455,14.215000000
71.055740,14.216000000
71.063310,14.217000000
71.068257,14.218000000
71.071352,14.219000000
71.074260,14.220000000
71.078086,14.221000000
71.084414,14.222000000
71.086994,14.223000000
71.089584,14.224000000
71.093472,14.225000000
71.098161,14.226000000
71.100781,14.227000000
71.103176,14.228000000
71.107770,14.229000000
71.115939,14.230000000
71.118421,14.231000000
71.125637,14.232000000
71.130111,14.233000000
71.135243,14.234000000
71.137697,14.235000000
71.142245,14.236000000
71.146441,14.237000000
71.151104,14.238000000
71.155566,14.239000000
71.167271,14.240000000
71.182890,14.241000000
71.187384,14.242000000
71.192218,14.243000000
71.196665,14.244000000
71.201871,14.245000000
71.212707,14.246000000
71.217011,14.247000000
71.223113,14.248000000
71.228284,14.249000000
71.231467,14.250000000
71.236234,14.251000000
71.258997,14.252000000
71.264161,14.253000000
71.266405,14.254000000
71.272247,14.255000000
71.291842,14.256000000
71.294315,14.257000000
71.297983,14.258000000
71.303332,14.259000000
71.341662,14.260000000
71.346314,14.261000000
71.354526,14.262000000
71.362382,14.263000000
71.368088,14.264000000
71.373683,14.265000000
71.381017,14.266000000
71.394509,14.267000000
71.405577,14.268000000
71.416261,14.269000000
71.426185,14.270000000
71.439547,14.271000000
71.450673,14.272000000
71.466177,14.273000000
71.471511,14.274000000
71.481561,14.275000000
71.485941,14.276000000
71.501779,14.277000000
71.506169,14.278000000
71.510592,14.279000000
71.534837,14.280000000
71.542922,14.281000000
71.550745,14.282000000
71.573093,14.283000000
71.582696,14.284000000
71.588830,14.285000000
71.605800,14.286000000
71.616578,14.287000000
71.621829,14.288000000
71.630455,14.289000000
71.647787,14.290000000
71.663909,14.291000000
71.668389,14.292000000
71.686809,14.293000000
71.698888,14.294000000
71.718493,14.295000000
71.726407,14.296000000
71.736940,14.297000000
71.745402,14.298000000
71.754283,14.299000000
71.763490,14.300000000
71.771936,14.301000000
71.782274,14.302000000
71.792573,14.303000000
71.797316,14.304000000
71.799593,14.305000000
71.805845,14.306000000
71.809379,14.307000000
71.813807,14.308000000
71.817548,14.309000000
71.819846,14.310000000
71.835978,14.311000000
71.863163,14.312000000
71.871274,14.313000000
71.914757,14.314000000
71.927700,14.315000000
71.934422,14.316000000
71.953748,14.317000000
71.957285,14.318000000
71.965475,14.319000000
71.968930,14.320000000
71.978516,14.321000000
71.985812,14.322000000
72.002101,14.323000000
72.002166,14.324000000
72.015398,14.325000000
72.023349,14.326000000
72.023889,14.327000000
72.049988,14.328000000
72.061471,14.329000000
72.067081,14.330000000
72.072928,14.331000000
72.082529,14.332000000
72.090131,14.333000000
72.102079,14.334000000
72.110802,14.335000000
72.120670,14.336000000
72.121981,14.337000000
72.147817,14.338000000
72.158508,14.339000000
72.158567,14.340000000
72.170731,14.341000000
72.174912,14.342000000
72.184553,14.343000000
72.184617,14.344000000
72.195240,14.345000000
72.195272,14.346000000
72.207228,14.347000000
72.208643,14.348000000
72.228183,14.349000000
72.241724,14.350000000
72.241786,14.351000000
72.262948,14.352000000
72.263005,14.353000000
72.272514,14.354000000
72.284269,14.355000000
72.301313,14.356000000
72.301401,14.357000000
72.304315,14.358000000
72.314901,14.359000000
72.314959,14.360000000
72.329637,14.361000000
72.331865,14.362000000
72.343338,14.363000000
72.343403,14.364000000
72.353765,14.365000000
72.358479,14.366000000
72.364830,14.367000000
72.375434,14.368000000
72.375521,14.369000000
72.386846,14.370000000
72.392350,14.371000000
72.401043,14.372000000
72.408816,14.373000000
72.418557,14.374000000
72.419099,14.375000000
72.439182,14.376000000
72.450745,14.377000000
72.460875,14.378000000
72.474017,14.379000000
72.474080,14.380000000
72.490667,14.381000000
72.502926,14.382000000
72.512405,14.383000000
72.524234,14.384000000
72.542569,14.385000000
72.542639,14.386000000
72.557971,14.387000000
72.558033,14.388000000
72.592331,14.389000000
72.606881,14.390000000
72.615221,14.391000000
72.629651,14.392000000
72.635848,14.393000000
72.643230,14.394000000
72.651987,14.395000000
72.667722,14.396000000
72.679052,14.397000000
72.681091,14.398000000
72.690933,14.399000000
72.694438,14.400000000
72.705613,14.401000000
72.721030,14.402000000
72.724718,14.403000000
72.731343,14.404000000
72.741569,14.405000000
72.751717,14.406000000
72.760453,14.407000000
72.765543,14.408000000
72.801007,14.409000000
72.806839,14.410000000
72.818686,14.411000000
72.819304,14.412000000
72.824079,14.413000000
72.828031,14.414000000
72.833138,14.415000000
72.835142,14.416000000
72.839173,14.417000000
72.846681,14.418000000
72.851435,14.419000000
72.855563,14.420000000
72.859610,14.421000000
72.864228,14.422000000
72.868361,14.423000000
72.874751,14.424000000
72.881317,14.425000000
72.885716,14.426000000
72.891666,14.427000000
72.898437,14.428000000
72.905147,14.429000000
72.911201,14.430000000
72.915613,14.431000000
72.923245,14.432000000
72.928137,14.433000000
72.934775,14.434000000
72.940788,14.435000000
72.946407,14.436000000
73.001160,14.437000000
73.006393,14.438000000
73.010834,14.439000000
73.014817,14.440000000
73.026271,14.441000000
73.026987,14.442000000
73.066693,14.443000000
73.066742,14.444000000
73.082741,14.445000000
73.086380,14.446000000
73.100611,14.447000000
73.100658,14.448000000
73.142712,14.449000000
73.142765,14.450000000
73.145969,14.451000000
73.175890,14.452000000
73.178524,14.453000000
73.186218,14.454000000
73.225532,14.455000000
73.243725,14.456000000
73.269804,14.457000000
73.288535,14.458000000
73.301195,14.459000000
73.323236,14.460000000
73.343436,14.461000000
73.355249,14.462000000
73.370927,14.463000000
73.398503,14.464000000
73.404248,14.465000000
73.414067,14.466000000
73.422802,14.467000000
73.450458,14.468000000
73.455575,14.469000000
73.478869,14.470000000
73.493532,14.471000000
73.505030,14.472000000
73.544218,14.473000000
73.550546,14.474000000
73.554466,14.475000000
73.566582,14.476000000
73.567225,14.477000000
73.587802,14.478000000
73.593361,14.479000000
73.597812,14.480000000
73.606594,14.481000000
73.616110,14.482000000
73.616159,14.483000000
73.650940,14.484000000
73.657520,14.485000000
73.671714,14.486000000
73.681387,14.487000000
73.691623,14.488000000
73.691676,14.489000000
73.744431,14.490000000
73.754422,14.491000000
73.769103,14.492000000
73.775888,14.493000000
73.783812,14.494000000
73.791614,14.495000000
73.799823,14.496000000
73.807137,14.497000000
73.813079,14.498000000
73.824215,14.499000000
73.829898,14.500000000
73.836648,14.501000000
73.844475,14.502000000
73.857184,14.503000000
73.872419,14.504000000
73.883699,14.505000000
73.896370,14.506000000
73.908204,14.507000000
73.914914,14.508000000
73.921572,14.509000000
73.927376,14.510000000
73.927429,14.511000000
73.931158,14.512000000
73.933138,14.513000000
73.937486,14.514000000
73.950473,14.515000000
73.950519,14.516000000
73.954633,14.517000000
73.958392,14.518000000
73.969449,14.519000000
73.972055,14.520000000
73.983356,14.521000000
73.983544,14.522000000
73.996378,14.523000000
74.036076,14.524000000
74.039767,14.525000000
74.047726,14.526000000
74.060786,14.527000000
74.067571,14.528000000
74.080510,14.529000000
74.096930,14.530000000
74.103841,14.531000000
74.111829,14.532000000
74.126883,14.533000000
74.129176,14.534000000
74.152821,14.535000000
74.156643,14.536000000
74.177072,14.537000000
74.196219,14.538000000
74.201501,14.539000000
74.205901,14.540000000
74.209983,14.541000000
74.213992,14.542000000
74.217885,14.543000000
74.221383,14.544000000
74.229616,14.545000000
74.239154,14.546000000
74.252140,14.547000000
74.260641,14.548000000
74.273765,14.549000000
74.285371,14.550000000
74.299969,14.551000000
74.314175,14.552000000
74.328204,14.553000000
74.337202,14.554000000
74.370963,14.555000000
74.378648,14.556000000
74.383339,14.557000000
74.403427,14.558000000
74.405591,14.559000000
74.433728,14.560000000
74.439206,14.561000000
74.460253,14.562000000
74.473222,14.563000000
74.495163,14.564000000
74.512542,14.565000000
74.520041,14.566000000
74.525417,14.567000000
74.545287,14.568000000
74.557488,14.569000000
74.590698,14.570000000
74.595359,14.571000000
74.603154,14.572000000
74.605231,14.573000000
74.612659,14.574000000
74.614887,14.575000000
74.624205,14.576000000
74.627771,14.577000000
74.629805,14.578000000
74.637228,14.579000000
74.640823,14.580000000
74.645772,14.581000000
74.660163,14.582000000
74.669200,14.583000000
74.678862,14.584000000
74.689512,14.585000000
74.693009,14.586000000
74.703764,14.587000000
74.721612,14.588000000
74.744229,14.589000000
74.750551,14.590000000
74.788869,14.591000000
74.801248,14.592000000
74.827518,14.593000000
74.827567,14.594000000
74.835936,14.595000000
74.837777,14.596000000
74.840338,14.597000000
74.842877,14.598000000
74.845254,14.599000000
74.847360,14.600000000
74.849357,14.601000000
74.851605,14.602000000
74.853630,14.603000000
74.856582,14.604000000
74.859751,14.605000000
74.865986,14.606000000
74.877587,14.607000000
74.877650,14.608000000
74.882125,14.609000000
74.896693,14.610000000
74.901127,14.611000000
74.909888,14.612000000
74.910627,14.613000000
74.938792,14.614000000
74.956404,14.615000000
74.969757,14.616000000
74.977527,14.617000000
75.002243,14.618000000
75.025243,14.619000000
75.039196,14.620000000
75.056164,14.621000000
75.060810,14.622000000
75.062030,14.623000000
75.064506,14.624000000
75.079191,14.625000000
75.086372,14.626000000
75.092211,14.627000000
75.101671,14.628000000
75.110895,14.629000000
75.110943,14.630000000
75.113125,14.631000000
75.115411,14.632000000
75.119952,14.633000000
75.122679,14.634000000
75.125104,14.635000000
75.132203,14.636000000
75.134732,14.637000000
75.138362,14.638000000
75.140634,14.639000000
75.166209,14.640000000
75.170053,14.641000000
75.175696,14.642000000
75.184613,14.643000000
75.186648,14.644000000
75.189432,14.645000000
75.195632,14.646000000
75.197238,14.647000000
75.199422,14.648000000
75.201456,14.649000000
75.203397,14.650000000
75.205647,14.651000000
75.223879,14.652000000
75.230488,14.653000000
75.245601,14.654000000
75.258183,14.655000000
75.266458,14.656000000
75.274167,14.657000000
75.281785,14.658000000
75.306332,14.659000000
75.311813,14.660000000
75.318921,14.661000000
75.340612,14.662000000
75.350767,14.663000000
75.357281,14.664000000
75.363753,14.665000000
75.393437,14.666000000
75.396943,14.667000000
75.413786,14.668000000
75.413835,14.669000000
75.420634,14.670000000
75.455645,14.671000000
75.464315,14.672000000
75.477831,14.673000000
75.487025,14.674000000
75.500984,14.675000000
75.511304,14.676000000
75.516378,14.677000000
75.525043,14.678000000
75.539222,14.679000000
75.548243,14.680000000
75.555459,14.681000000
75.560493,14.682000000
75.569627,14.683000000
75.575332,14.684000000
75.587002,14.685000000
75.602735,14.686000000
75.610311,14.687000000
75.621541,14.688000000
75.624243,14.689000000
75.636999,14.690000000
75.654622,14.691000000
75.660841,14.692000000
75.674656,14.693000000
75.684497,14.694000000
75.693952,14.695000000
75.694005,14.696000000
75.694041,14.697000000
75.720676,14.698000000
75.720734,14.699000000
75.720747,14.700000000
75.725181,14.701000000
75.733535,14.702000000
75.744755,14.703000000
75.761008,14.704000000
75.767267,14.705000000
75.803035,14.706000000
75.805069,14.707000000
75.821794,14.708000000
75.830048,14.709000000
75.839818,14.710000000
75.886364,14.711000000
75.894278,14.712000000
75.913009,14.713000000
75.919131,14.714000000
75.929547,14.715000000
75.946330,14.716000000
75.952467,14.717000000
75.968186,14.718000000
75.985614,14.719000000
75.996394,14.720000000
76.003127,14.721000000
76.012066,14.722000000
76.026786,14.723000000
76.039032,14.724000000
76.042383,14.725000000
76.067656,14.726000000
76.082947,14.727000000
76.082999,14.728000000
76.097484,14.729000000
76.126061,14.730000000
76.127295,14.731000000
76.129696,14.732000000
76.134547,14.733000000
76.144832,14.734000000
76.149611,14.735000000
76.154170,14.736000000
76.159420,14.737000000
76.172365,14.738000000
76.182537,14.739000000
76.186976,14.740000000
76.192099,14.741000000
76.205441,14.742000000
76.207709,14.743000000
76.209865,14.744000000
76.216794,14.745000000
76.222228,14.746000000
76.224411,14.747000000
76.241693,14.748000000
76.243899,14.749000000
76.246540,14.750000000
76.255772,14.751000000
76.257875,14.752000000
76.261997,14.753000000
76.266265,14.754000000
76.306282,14.755000000
76.320595,14.756000000
76.324363,14.757000000
76.332506,14.758000000
76.340255,14.759000000
76.347224,14.760000000
76.354371,14.761000000
76.366563,14.762000000
76.375882,14.763000000
76.384243,14.764000000
76.384286,14.765000000
76.419454,14.766000000
76.419551,14.767000000
76.435415,14.768000000
76.442876,14.769000000
76.450143,14.770000000
76.491177,14.771000000
76.501128,14.772000000
76.512949,14.773000000
76.544191,14.774000000
76.558231,14.775000000
76.569586,14.776000000
76.583236,14.777000000
76.591715,14.778000000
76.606891,14.779000000
76.631893,14.780000000
76.653936,14.781000000
76.676455,14.782000000
76.684134,14.783000000
76.692387,14.784000000
76.732485,14.785000000
76.734589,14.786000000
76.753271,14.787000000
76.767245,14.788000000
76.787616,14.789000000
76.800738,14.790000000
76.817233,14.791000000
76.833128,14.792000000
76.867479,14.793000000
76.889095,14.794000000
76.910479,14.795000000
76.917508,14.796000000
76.939474,14.797000000
76.957656,14.798000000
76.978996,14.799000000
76.997840,14.800000000
77.007854,14.801000000
77.017376,14.802000000
77.049848,14.803000000
77.065784,14.804000000
77.072565,14.805000000
77.082358,14.806000000
77.105079,14.807000000
77.128238,14.808000000
77.134117,14.809000000
77.149484,14.810000000
77.156173,14.811000000
77.162432,14.812000000
77.169746,14.813000000
77.171834,14.814000000
77.183880,14.815000000
77.193687,14.816000000
77.203184,14.817000000
77.214338,14.818000000
77.228539,14.819000000
77.237508,14.820000000
77.252951,14.821000000
77.262947,14.822000000
77.267623,14.823000000
77.270019,14.824000000
77.272363,14.825000000
77.275524,14.826000000
77.285412,14.827000000
77.287744,14.828000000
77.295555,14.829000000
77.299704,14.830000000
77.308300,14.831000000
77.310509,14.832000000
77.313406,14.833000000
77.315457,14.834000000
77.317794,14.835000000
77.320016,14.836000000
77.327225,14.837000000
77.339388,14.838000000
77.351938,14.839000000
77.358225,14.840000000
77.362330,14.841000000
77.364568,14.842000000
77.369465,14.843000000
77.376936,14.844000000
77.381063,14.845000000
77.394010,14.846000000
77.403156,14.847000000
77.405390,14.848000000
77.411205,14.849000000
77.413561,14.850000000
77.422935,14.851000000
77.440547,14.852000000
77.455895,14.853000000
77.462504,14.854000000
77.466247,14.855000000
77.470496,14.856000000
77.476285,14.857000000
77.481818,14.858000000
77.496522,14.859000000
77.507071,14.860000000
77.509214,14.861000000
77.513171,14.862000000
77.515296,14.863000000
77.548904,14.864000000
77.562980,14.865000000
77.567923,14.866000000
77.572862,14.867000000
77.578356,14.868000000
77.580670,14.869000000
77.589521,14.870000000
77.597790,14.871000000
77.606017,14.872000000
77.610062,14.873000000
77.627570,14.874000000
77.637058,14.875000000
77.637104,14.876000000
77.638202,14.877000000
77.640186,14.878000000
77.642457,14.879000000
77.645051,14.880000000
77.660981,14.881000000
77.661086,14.882000000
77.661640,14.883000000
77.665293,14.884000000
77.671780,14.885000000
77.671916,14.886000000
77.673507,14.887000000
77.677557,14.888000000
77.691979,14.889000000
77.697223,14.890000000
77.711106,14.891000000
77.711211,14.892000000
77.735304,14.893000000
77.745419,14.894000000
77.765621,14.895000000
77.774362,14.896000000
77.774486,14.897000000
77.781218,14.898000000
77.819200,14.899000000
77.828831,14.900000000
77.832079,14.901000000
77.848099,14.902000000
77.860579,14.903000000
77.860672,14.904000000
77.864647,14.905000000
77.911538,14.906000000
77.915908,14.907000000
77.929770,14.908000000
77.936891,14.909000000
77.949070,14.910000000
77.962489,14.911000000
77.970809,14.912000000
77.996818,14.913000000
78.010355,14.914000000
78.018062,14.915000000
78.022959,14.916000000
78.046176,14.917000000
78.046276,14.918000000
78.046320,14.919000000
78.046360,14.920000000
78.046400,14.921000000
78.047194,14.922000000
78.048522,14.923000000
78.051047,14.924000000
78.075924,14.925000000
78.081529,14.926000000
78.091958,14.927000000
78.107820,14.928000000
78.113628,14.929000000
78.127717,14.930000000
78.140002,14.931000000
78.145932,14.932000000
78.172009,14.933000000
78.172097,14.934000000
78.190980,14.935000000
78.191080,14.936000000
78.197188,14.937000000
78.205312,14.938000000
78.211044,14.939000000
78.225367,14.940000000
78.230962,14.941000000
78.244244,14.942000000
78.253455,14.943000000
78.255052,14.944000000
78.275626,14.945000000
78.288381,14.946000000
78.300781,14.947000000
78.301538,14.948000000
78.311431,14.949000000
78.344421,14.950000000
78.351899,14.951000000
78.358366,14.952000000
78.379355,14.953000000
78.406339,14.954000000
78.419514,14.955000000
78.429281,14.956000000
78.442072,14.957000000
78.467873,14.958000000
78.477756,14.959000000
78.487256,14.960000000
78.501592,14.961000000
78.501743,14.962000000
78.501795,14.963000000
78.501834,14.964000000
78.542871,14.965000000
78.550199,14.966000000
78.553445,14.967000000
78.560700,14.968000000
78.572580,14.969000000
78.586099,14.970000000
78.590636,14.971000000
78.604237,14.972000000
78.613697,14.973000000
78.619603,14.974000000
78.634350,14.975000000
78.646053,14.976000000
78.646161,14.977000000
78.658777,14.978000000
78.681498,14.979000000
78.691909,14.980000000
78.708865,14.981000000
78.712985,14.982000000
78.716446,14.983000000
78.729718,14.984000000
78.729825,14.985000000
78.731294,14.986000000
78.741555,14.987000000
78.741996,14.988000000
78.752539,14.989000000
78.780398,14.990000000
78.785906,14.991000000
78.799531,14.992000000
78.810574,14.993000000
78.817275,14.994000000
78.836507,14.995000000
78.842343,14.996000000
78.852873,14.997000000
78.857463,14.998000000
78.872690,14.999000000
78.879508,15.000000000
78.901339,15.001000000
78.909705,15.002000000
78.918351,15.003000000
78.933604,15.004000000
78.941145,15.005000000
78.950491,15.006000000
78.962150,15.007000000
78.971389,15.008000000
78.982894,15.009000000
78.989927,15.010000000
78.999723,15.011000000
79.023901,15.012000000
79.028481,15.013000000
79.042622,15.014000000
79.042675,15.015000000
79.067835,15.016000000
79.078488,15.017000000
79.083938,15.018000000
79.104226,15.019000000
79.104280,15.020000000
79.115040,15.021000000
79.137910,15.022000000
79.142520,15.023000000
79.151349,15.024000000
79.163305,15.025000000
79.187604,15.026000000
79.195056,15.027000000
79.208756,15.028000000
79.212362,15.029000000
79.227141,15.030000000
79.241457,15.031000000
79.253265,15.032000000
79.262952,15.033000000
79.274534,15.034000000
79.282538,15.035000000
79.284705,15.036000000
79.289278,15.037000000
79.294452,15.038000000
79.309980,15.039000000
79.326192,15.040000000
79.338977,15.041000000
79.355519,15.042000000
79.355568,15.043000000
79.379155,15.044000000
79.382916,15.045000000
79.382968,15.046000000
79.390368,15.047000000
79.399048,15.048000000
79.399098,15.049000000
79.414937,15.050000000
79.415005,15.051000000
79.439856,15.052000000
79.447993,15.053000000
79.461151,15.054000000
79.461200,15.055000000
79.476710,15.056000000
79.483189,15.057000000
79.488599,15.058000000
79.512794,15.059000000
79.529616,15.060000000
79.529688,15.061000000
79.529699,15.062000000
79.548048,15.063000000
79.556082,15.064000000
79.556153,15.065000000
79.589236,15.066000000
79.590322,15.067000000
79.612820,15.068000000
79.630124,15.069000000
79.630221,15.070000000
79.630525,15.071000000
79.639623,15.072000000
79.652853,15.073000000
79.654125,15.074000000
79.663742,15.075000000
79.682189,15.076000000
79.688200,15.077000000
79.706815,15.078000000
79.715643,15.079000000
79.735930,15.080000000
79.746506,15.081000000
79.748727,15.082000000
79.770319,15.083000000
79.790065,15.084000000
79.816282,15.085000000
79.823713,15.086000000
79.839728,15.087000000
79.849926,15.088000000
79.862218,15.089000000
79.893025,15.090000000
79.905999,15.091000000
79.911989,15.092000000
79.932852,15.093000000
79.941542,15.094000000
79.948897,15.095000000
79.987721,15.096000000
80.004648,15.097000000
80.013904,15.098000000
80.018270,15.099000000
80.029386,15.100000000
80.029447,15.101000000
80.041179,15.102000000
80.051647,15.103000000
80.051709,15.104000000
80.064318,15.105000000
80.069165,15.106000000
80.073853,15.107000000
80.118657,15.108000000
80.132198,15.109000000
80.137428,15.110000000
80.166209,15.111000000
80.173106,15.112000000
80.191921,15.113000000
80.199199,15.114000000
80.221036,15.115000000
80.225665,15.116000000
80.247390,15.117000000
80.257641,15.118000000
80.267933,15.119000000
80.285192,15.120000000
80.299663,15.121000000
80.299751,15.122000000
80.336835,15.123000000
80.346236,15.124000000
80.365852,15.125000000
80.378143,15.126000000
80.393303,15.127000000
80.408660,15.128000000
80.428821,15.129000000
80.447446,15.130000000
80.456657,15.131000000
80.475716,15.132000000
80.489909,15.133000000
80.511449,15.134000000
80.517704,15.135000000
80.530808,15.136000000
80.541721,15.137000000
80.548781,15.138000000
80.570666,15.139000000
80.578543,15.140000000
80.592967,15.141000000
80.602972,15.142000000
80.637455,15.143000000
80.646259,15.144000000
80.657887,15.145000000
80.669626,15.146000000
80.689336,15.147000000
80.695321,15.148000000
80.719126,15.149000000
80.725408,15.150000000
80.731192,15.151000000
80.736408,15.152000000
80.739650,15.153000000
80.750554,15.154000000
80.752471,15.155000000
80.758649,15.156000000
80.764378,15.157000000
80.769455,15.158000000
80.775037,15.159000000
80.810391,15.160000000
80.813527,15.161000000
80.822514,15.162000000
80.829812,15.163000000
80.861195,15.164000000
80.864659,15.165000000
80.874449,15.166000000
80.889589,15.167000000
80.892395,15.168000000
80.899043,15.169000000
80.904090,15.170000000
80.908877,15.171000000
80.910868,15.172000000
80.944764,15.173000000
80.946617,15.174000000
80.953641,15.175000000
80.957130,15.176000000
80.976977,15.177000000
80.979947,15.178000000
80.986593,15.179000000
81.032892,15.180000000
81.042907,15.181000000
81.055267,15.182000000
81.074133,15.183000000
81.074176,15.184000000
81.109345,15.185000000
81.118746,15.186000000
81.146585,15.187000000
81.159281,15.188000000
81.168218,15.189000000
81.168255,15.190000000
81.201059,15.191000000
81.220297,15.192000000
81.248287,15.193000000
81.262880,15.194000000
81.273747,15.195000000
81.276922,15.196000000
81.288621,15.197000000
81.305306,15.198000000
81.313189,15.199000000
81.328987,15.200000000
81.330266,15.201000000
81.342728,15.202000000
81.342790,15.203000000
81.352486,15.204000000
81.352981,15.205000000
81.360499,15.206000000
81.365643,15.207000000
81.378279,15.208000000
81.378336,15.209000000
81.390247,15.210000000
81.390306,15.211000000
81.390347,15.212000000
81.397132,15.213000000
81.397189,15.214000000
81.405061,15.215000000
81.405117,15.216000000
81.411062,15.217000000
81.411110,15.218000000
81.419686,15.219000000
81.419737,15.220000000
81.422976,15.221000000
81.427063,15.222000000
81.433055,15.223000000
81.433106,15.224000000
81.442999,15.225000000
81.443059,15.226000000
81.453738,15.227000000
81.472698,15.228000000
81.480731,15.229000000
81.492008,15.230000000
81.506277,15.231000000
81.519287,15.232000000
81.524091,15.233000000
81.529445,15.234000000
81.529510,15.235000000
81.532792,15.236000000
81.539205,15.237000000
81.543118,15.238000000
81.546480,15.239000000
81.548681,15.240000000
81.551667,15.241000000
81.553915,15.242000000
81.556408,15.243000000
81.558667,15.244000000
81.567412,15.245000000
81.579762,15.246000000
81.584426,15.247000000
81.584483,15.248000000
81.606325,15.249000000
81.606764,15.250000000
81.613040,15.251000000
81.657701,15.252000000
81.661682,15.253000000
81.690276,15.254000000
81.697028,15.255000000
81.717066,15.256000000
81.731537,15.257000000
81.732978,15.258000000
81.736731,15.259000000
81.753115,15.260000000
81.753181,15.261000000
81.753221,15.262000000
81.761484,15.263000000
81.761651,15.264000000
81.787365,15.265000000
81.804493,15.266000000
81.827687,15.267000000
81.839866,15.268000000
81.849347,15.269000000
81.856868,15.270000000
81.873793,15.271000000
81.880492,15.272000000
81.885015,15.273000000
81.890832,15.274000000
81.925815,15.275000000
81.932701,15.276000000
81.937612,15.277000000
81.953005,15.278000000
81.959601,15.279000000
81.964977,15.280000000
82.002195,15.281000000
82.004095,15.282000000
82.021079,15.283000000
82.032432,15.284000000
82.040024,15.285000000
82.059937,15.286000000
82.066406,15.287000000
82.074717,15.288000000
82.079539,15.289000000
82.082260,15.290000000
82.084561,15.291000000
82.086949,15.292000000
82.089282,15.293000000
82.091678,15.294000000
82.094705,15.295000000
82.097274,15.296000000
82.099650,15.297000000
82.102053,15.298000000
82.104427,15.299000000
82.106758,15.300000000
82.109210,15.301000000
82.111458,15.302000000
82.113830,15.303000000
82.133110,15.304000000
82.135887,15.305000000
82.138676,15.306000000
82.145053,15.307000000
82.149125,15.308000000
82.153509,15.309000000
82.178050,15.310000000
82.187528,15.311000000
82.192157,15.312000000
82.205070,15.313000000
82.208046,15.314000000
82.208103,15.315000000
82.236212,15.316000000
82.250963,15.317000000
82.262880,15.318000000
82.262943,15.319000000
82.282426,15.320000000
82.285123,15.321000000
82.289027,15.322000000
82.291600,15.323000000
82.294255,15.324000000
82.296534,15.325000000
82.299039,15.326000000
82.301520,15.327000000
82.317102,15.328000000
82.322178,15.329000000
82.326194,15.330000000
82.328592,15.331000000
82.330910,15.332000000
82.333447,15.333000000
82.336423,15.334000000
82.338668,15.335000000
82.340955,15.336000000
82.343355,15.337000000
82.345669,15.338000000
82.348045,15.339000000
82.350594,15.340000000
82.400139,15.341000000
82.412612,15.342000000
82.424005,15.343000000
82.430457,15.344000000
82.437445,15.345000000
82.443239,15.346000000
82.449725,15.347000000
82.455547,15.348000000
82.461913,15.349000000
82.469308,15.350000000
82.473938,15.351000000
82.481682,15.352000000
82.487036,15.353000000
82.491226,15.354000000
82.497167,15.355000000
82.500184,15.356000000
82.502850,15.357000000
82.505055,15.358000000
82.507258,15.359000000
82.509954,15.360000000
82.515839,15.361000000
82.537665,15.362000000
82.546752,15.363000000
82.550718,15.364000000
82.556858,15.365000000
82.582021,15.366000000
82.589705,15.367000000
82.620288,15.368000000
82.620436,15.369000000
82.620581,15.370000000
82.621641,15.371000000
82.640722,15.372000000
82.652338,15.373000000
82.681332,15.374000000
82.699586,15.375000000
82.699659,15.376000000
82.725834,15.377000000
82.744933,15.378000000
82.756216,15.379000000
82.766868,15.380000000
82.772587,15.381000000
82.779138,15.382000000
82.787194,15.383000000
82.796479,15.384000000
82.812129,15.385000000
82.819385,15.386000000
82.835241,15.387000000
82.841243,15.388000000
82.850952,15.389000000
82.871583,15.390000000
82.885894,15.391000000
82.889298,15.392000000
82.909455,15.393000000
82.920914,15.394000000
82.928111,15.395000000
82.940373,15.396000000
82.947048,15.397000000
82.975708,15.398000000
82.981372,15.399000000
82.987322,15.400000000
83.005401,15.401000000
83.013393,15.402000000
83.045813,15.403000000
83.060603,15.404000000
83.071317,15.405000000
83.078434,15.406000000
83.102755,15.407000000
83.122675,15.408000000
83.130544,15.409000000
83.144367,15.410000000
83.152131,15.411000000
83.160510,15.412000000
83.168790,15.413000000
83.173918,15.414000000
83.179173,15.415000000
83.182338,15.416000000
83.185091,15.417000000
83.191861,15.418000000
83.197059,15.419000000
83.203711,15.420000000
83.206250,15.421000000
83.209166,15.422000000
83.216315,15.423000000
83.222053,15.424000000
83.224675,15.425000000
83.229572,15.426000000
83.233858,15.427000000
83.238593,15.428000000
83.243613,15.429000000
83.248161,15.430000000
83.250636,15.431000000
83.257276,15.432000000
83.262041,15.433000000
83.266522,15.434000000
83.269806,15.435000000
83.285481,15.436000000
83.303873,15.437000000
83.311776,15.438000000
83.317839,15.439000000
83.331888,15.440000000
83.335273,15.441000000
83.341163,15.442000000
83.357429,15.443000000
83.360080,15.444000000
83.387254,15.445000000
83.392134,15.446000000
83.399171,15.447000000
83.401429,15.448000000
83.404515,15.449000000
83.411763,15.450000000
83.425514,15.451000000
83.443089,15.452000000
83.446355,15.453000000
83.466329,15.454000000
83.476266,15.455000000
83.482748,15.456000000
83.501819,15.457000000
83.509754,15.458000000
83.528574,15.459000000
83.531656,15.460000000
83.537482,15.461000000
83.547967,15.462000000
83.554471,15.463000000
83.562523,15.464000000
83.572998,15.465000000
83.580949,15.466000000
83.590559,15.467000000
83.601012,15.468000000
83.609736,15.469000000
83.614913,15.470000000
83.625365,15.471000000
83.639829,15.472000000
83.655243,15.473000000
83.662988,15.474000000
83.670996,15.475000000
83.685973,15.476000000
83.688786,15.477000000
83.691243,15.478000000
83.696664,15.479000000
83.711258,15.480000000
83.718358,15.481000000
83.720594,15.482000000
83.751488,15.483000000
83.768435,15.484000000
83.771192,15.485000000
83.773477,15.486000000
83.788267,15.487000000
83.798180,15.488000000
83.810289,15.489000000
83.831542,15.490000000
83.835344,15.491000000
83.845772,15.492000000
83.852428,15.493000000
83.861878,15.494000000
83.870361,15.495000000
83.877575,15.496000000
83.895502,15.497000000
83.905324,15.498000000
83.920696,15.499000000
83.932904,15.500000000
83.936734,15.501000000
83.946072,15.502000000
83.958095,15.503000000
83.966231,15.504000000
83.977883,15.505000000
83.985626,15.506000000
83.989263,15.507000000
83.996466,15.508000000
84.026775,15.509000000
84.042801,15.510000000
84.046104,15.511000000
84.078294,15.512000000
84.093567,15.513000000
84.099891,15.514000000
84.107545,15.515000000
84.114575,15.516000000
84.120539,15.517000000
84.133281,15.518000000
84.133347,15.519000000
84.133391,15.520000000
84.150725,15.521000000
84.152555,15.522000000
84.157452,15.523000000
84.163705,15.524000000
84.164166,15.525000000
84.164560,15.526000000
84.170625,15.527000000
84.171150,15.528000000
84.180608,15.529000000
84.205581,15.530000000
84.214173,15.531000000
84.235310,15.532000000
84.240239,15.533000000
84.257411,15.534000000
84.267616,15.535000000
84.282028,15.536000000
84.282119,15.537000000
84.295250,15.538000000
84.295736,15.539000000
84.303098,15.540000000
84.321024,15.541000000
84.321451,15.542000000
84.329716,15.543000000
84.357067,15.544000000
84.357527,15.545000000
84.370292,15.546000000
84.387511,15.547000000
84.387577,15.548000000
84.402036,15.549000000
84.415588,15.550000000
84.423862,15.551000000
84.450440,15.552000000
84.454081,15.553000000
84.486173,15.554000000
84.487914,15.555000000
84.506153,15.556000000
84.536443,15.557000000
84.545574,15.558000000
84.555886,15.559000000
84.576403,15.560000000
84.578236,15.561000000
84.588189,15.562000000
84.624353,15.563000000
84.624897,15.564000000
84.630186,15.565000000
84.638693,15.566000000
84.640857,15.567000000
84.646329,15.568000000
84.655689,15.569000000
84.684459,15.570000000
84.688251,15.571000000
84.699607,15.572000000
84.712061,15.573000000
84.729333,15.574000000
84.732404,15.575000000
84.745444,15.576000000
84.757329,15.577000000
84.759792,15.578000000
84.776255,15.579000000
84.789350,15.580000000
84.791245,15.581000000
84.803481,15.582000000
84.803544,15.583000000
84.808859,15.584000000
84.830042,15.585000000
84.830493,15.586000000
84.853120,15.587000000
84.871235,15.588000000
84.878001,15.589000000
84.887262,15.590000000
84.899827,15.591000000
84.909427,15.592000000
84.912324,15.593000000
84.936135,15.594000000
84.936189,15.595000000
84.942074,15.596000000
84.952429,15.597000000
84.957012,15.598000000
84.960417,15.599000000
84.988391,15.600000000
84.993107,15.601000000
85.012334,15.602000000
85.018571,15.603000000
85.025659,15.604000000
85.039207,15.605000000
85.051894,15.606000000
85.055741,15.607000000
85.066281,15.608000000
85.076108,15.609000000
85.081707,15.610000000
85.086232,15.611000000
85.097870,15.612000000
85.113134,15.613000000
85.122906,15.614000000
85.125438,15.615000000
85.143708,15.616000000
85.154478,15.617000000
85.166928,15.618000000
85.178460,15.619000000
85.182067,15.620000000
85.184786,15.621000000
85.212123,15.622000000
85.216084,15.623000000
85.231639,15.624000000
85.243353,15.625000000
85.246783,15.626000000
85.272331,15.627000000
85.279175,15.628000000
85.289389,15.629000000
85.300139,15.630000000
85.313149,15.631000000
85.316864,15.632000000
85.327328,15.633000000
85.332040,15.634000000
85.345977,15.635000000
85.349782,15.636000000
85.355669,15.637000000
85.359817,15.638000000
85.367898,15.639000000
85.371775,15.640000000
85.386158,15.641000000
85.394348,15.642000000
85.399597,15.643000000
85.413808,15.644000000
85.419580,15.645000000
85.426758,15.646000000
85.434954,15.647000000
85.438911,15.648000000
85.446039,15.649000000
85.477275,15.650000000
85.481108,15.651000000
85.491231,15.652000000
85.501056,15.653000000
85.509280,15.654000000
85.547724,15.655000000
85.556650,15.656000000
85.562973,15.657000000
85.580097,15.658000000
85.598873,15.659000000
85.613356,15.660000000
85.629501,15.661000000
85.636361,15.662000000
85.653902,15.663000000
85.653950,15.664000000
85.670775,15.665000000
85.681710,15.666000000
85.696230,15.667000000
85.705363,15.668000000
85.712675,15.669000000
85.722288,15.670000000
85.731086,15.671000000
85.753329,15.672000000
85.753383,15.673000000
85.753393,15.674000000
85.778444,15.675000000
85.785881,15.676000000
85.788088,15.677000000
85.790130,15.678000000
85.797725,15.679000000
85.826802,15.680000000
85.839745,15.681000000
85.865933,15.682000000
85.865985,15.683000000
85.865996,15.684000000
85.871369,15.685000000
85.878148,15.686000000
85.894092,15.687000000
85.894133,15.688000000
85.894755,15.689000000
85.911663,15.690000000
85.942999,15.691000000
85.962334,15.692000000
85.971730,15.693000000
85.978168,15.694000000
85.989896,15.695000000
86.000191,15.696000000
86.010243,15.697000000
86.022305,15.698000000
86.033644,15.699000000
86.048572,15.700000000
86.058114,15.701000000
86.066680,15.702000000
86.080435,15.703000000
86.100497,15.704000000
86.111460,15.705000000
86.124554,15.706000000
86.134028,15.707000000
86.145889,15.708000000
86.157296,15.709000000
86.169012,15.710000000
86.177914,15.711000000
86.195425,15.712000000
86.204138,15.713000000
86.215871,15.714000000
86.226295,15.715000000
86.234097,15.716000000
86.236051,15.717000000
86.237892,15.718000000
86.240305,15.719000000
86.242764,15.720000000
86.249911,15.721000000
86.253947,15.722000000
86.262159,15.723000000
86.264030,15.724000000
86.269924,15.725000000
86.273806,15.726000000
86.279746,15.727000000
86.285676,15.728000000
86.289574,15.729000000
86.291571,15.730000000
86.293531,15.731000000
86.297279,15.732000000
86.299239,15.733000000
86.316112,15.734000000
86.325539,15.735000000
86.335270,15.736000000
86.339893,15.737000000
86.360860,15.738000000
86.362854,15.739000000
86.366458,15.740000000
86.387472,15.741000000
86.394631,15.742000000
86.404586,15.743000000
86.415823,15.744000000
86.427407,15.745000000
86.433201,15.746000000
86.462396,15.747000000
86.472586,15.748000000
86.482809,15.749000000
86.492882,15.750000000
86.504963,15.751000000
86.513073,15.752000000
86.524991,15.753000000
86.536360,15.754000000
86.546605,15.755000000
86.564978,15.756000000
86.572379,15.757000000
86.582246,15.758000000
86.589120,15.759000000
86.593598,15.760000000
86.618281,15.761000000
86.623280,15.762000000
86.642238,15.763000000
86.648945,15.764000000
86.661875,15.765000000
86.670944,15.766000000
86.681870,15.767000000
86.692793,15.768000000
86.712440,15.769000000
86.725854,15.770000000
86.740642,15.771000000
86.757731,15.772000000
86.770012,15.773000000
86.778736,15.774000000
86.791807,15.775000000
86.799953,15.776000000
86.808436,15.777000000
86.815630,15.778000000
86.822930,15.779000000
86.830923,15.780000000
86.838645,15.781000000
86.844364,15.782000000
86.856419,15.783000000
86.864522,15.784000000
86.868268,15.785000000
86.879731,15.786000000
86.888442,15.787000000
86.894880,15.788000000
86.904683,15.789000000
86.910525,15.790000000
86.920758,15.791000000
86.932029,15.792000000
86.938269,15.793000000
86.952258,15.794000000
86.959507,15.795000000
87.008784,15.796000000
87.010718,15.797000000
87.029937,15.798000000
87.034712,15.799000000
87.045662,15.800000000
87.047900,15.801000000
87.065198,15.802000000
87.068335,15.803000000
87.071830,15.804000000
87.087082,15.805000000
87.092804,15.806000000
87.101390,15.807000000
87.105522,15.808000000
87.109582,15.809000000
87.127907,15.810000000
87.132992,15.811000000
87.138748,15.812000000
87.145277,15.813000000
87.168719,15.814000000
87.182291,15.815000000
87.182834,15.816000000
87.189270,15.817000000
87.199398,15.818000000
87.208470,15.819000000
87.215395,15.820000000
87.220735,15.821000000
87.225999,15.822000000
87.232098,15.823000000
87.248099,15.824000000
87.257130,15.825000000
87.265711,15.826000000
87.275060,15.827000000
87.290215,15.828000000
87.294111,15.829000000
87.298500,15.830000000
87.314209,15.831000000
87.320149,15.832000000
87.324972,15.833000000
87.348998,15.834000000
87.355656,15.835000000
87.359809,15.836000000
87.375951,15.837000000
87.380585,15.838000000
87.411787,15.839000000
87.416686,15.840000000
87.427465,15.841000000
87.439306,15.842000000
87.446647,15.843000000
87.452624,15.844000000
87.462329,15.845000000
87.474952,15.846000000
87.479247,15.847000000
87.487378,15.848000000
87.498489,15.849000000
87.509749,15.850000000
87.518324,15.851000000
87.528234,15.852000000
87.539572,15.853000000
87.560085,15.854000000
87.567993,15.855000000
87.572163,15.856000000
87.605120,15.857000000
87.616487,15.858000000
87.630122,15.859000000
87.638195,15.860000000
87.642215,15.861000000
87.645942,15.862000000
87.677254,15.863000000
87.681490,15.864000000
87.685499,15.865000000
87.699121,15.866000000
87.707214,15.867000000
87.711156,15.868000000
87.717281,15.869000000
87.749347,15.870000000
87.755471,15.871000000
87.765558,15.872000000
87.775214,15.873000000
87.788052,15.874000000
87.794051,15.875000000
87.805678,15.876000000
87.811708,15.877000000
87.818707,15.878000000
87.833309,15.879000000
87.839176,15.880000000
87.847690,15.881000000
87.859950,15.882000000
87.861356,15.883000000
87.888250,15.884000000
87.900964,15.885000000
87.905121,15.886000000
87.933395,15.887000000
87.939041,15.888000000
87.962066,15.889000000
87.966149,15.890000000
87.971938,15.891000000
87.975334,15.892000000
88.005739,15.893000000
88.010123,15.894000000
88.014488,15.895000000
88.026186,15.896000000
88.032274,15.897000000
88.035822,15.898000000
88.064216,15.899000000
88.071387,15.900000000
88.080011,15.901000000
88.085701,15.902000000
88.092018,15.903000000
88.105647,15.904000000
88.110650,15.905000000
88.121736,15.906000000
88.134622,15.907000000
88.147089,15.908000000
88.157551,15.909000000
88.167892,15.910000000
88.181165,15.911000000
88.191066,15.912000000
88.192845,15.913000000
88.209623,15.914000000
88.231203,15.915000000
88.239336,15.916000000
88.258841,15.917000000
88.265564,15.918000000
88.282755,15.919000000
88.282802,15.920000000
88.289459,15.921000000
88.297362,15.922000000
88.311126,15.923000000
88.319157,15.924000000
88.349011,15.925000000
88.360523,15.926000000
88.373131,15.927000000
88.383051,15.928000000
88.398591,15.929000000
88.398659,15.930000000
88.402597,15.931000000
88.404784,15.932000000
88.413072,15.933000000
88.422210,15.934000000
88.433896,15.935000000
88.442113,15.936000000
88.442195,15.937000000
88.442945,15.938000000
88.457691,15.939000000
88.462653,15.940000000
88.468874,15.941000000
88.473151,15.942000000
88.482960,15.943000000
88.483008,15.944000000
88.483019,15.945000000
88.487605,15.946000000
88.494015,15.947000000
88.494056,15.948000000
88.494867,15.949000000
88.505662,15.950000000
88.509831,15.951000000
88.515739,15.952000000
88.521689,15.953000000
88.528242,15.954000000
88.533612,15.955000000
88.535795,15.956000000
88.545372,15.957000000
88.548228,15.958000000
88.556629,15.959000000
88.556664,15.960000000
88.575424,15.961000000
88.575477,15.962000000
88.592337,15.963000000
88.594848,15.964000000
88.598905,15.965000000
88.608637,15.966000000
88.619199,15.967000000
88.621250,15.968000000
88.635395,15.969000000
88.639642,15.970000000
88.649897,15.971000000
88.658757,15.972000000
88.662947,15.973000000
88.671004,15.974000000
88.671071,15.975000000
88.680790,15.976000000
88.680865,15.977000000
88.680876,15.978000000
88.684103,15.979000000
88.689126,15.980000000
88.707134,15.981000000
88.713599,15.982000000
88.723613,15.983000000
88.729203,15.984000000
88.745232,15.985000000
88.745278,15.986000000
88.755138,15.987000000
88.758658,15.988000000
88.766962,15.989000000
88.774519,15.990000000
88.793636,15.991000000
88.811703,15.992000000
88.822611,15.993000000
88.834790,15.994000000
88.836976,15.995000000
88.851900,15.996000000
88.856851,15.997000000
88.867148,15.998000000
88.878817,15.999000000
88.890736,16.000000000
88.892879,16.001000000
88.905320,16.002000000
88.907406,16.003000000
88.918710,16.004000000
88.926730,16.005000000
88.929017,16.006000000
88.936360,16.007000000
88.958949,16.008000000
88.959604,16.009000000
88.969098,16.010000000
88.975051,16.011000000
88.985684,16.012000000
88.995358,16.013000000
88.998171,16.014000000
89.008908,16.015000000
89.019178,16.016000000
89.022159,16.017000000
89.032612,16.018000000
89.045218,16.019000000
89.047109,16.020000000
89.058502,16.021000000
89.065468,16.022000000
89.077037,16.023000000
89.086553,16.024000000
89.087470,16.025000000
89.096621,16.026000000
89.106249,16.027000000
89.116470,16.028000000
89.120329,16.029000000
89.142472,16.030000000
89.151435,16.031000000
89.162704,16.032000000
89.169020,16.033000000
89.177211,16.034000000
89.203131,16.035000000
89.221370,16.036000000
89.231555,16.037000000
89.240965,16.038000000
89.258436,16.039000000
89.269866,16.040000000
89.281623,16.041000000
89.295330,16.042000000
89.298250,16.043000000
89.309834,16.044000000
89.319185,16.045000000
89.329065,16.046000000
89.332587,16.047000000
89.360718,16.048000000
89.368033,16.049000000
89.372361,16.050000000
89.399969,16.051000000
89.402057,16.052000000
89.416688,16.053000000
89.424987,16.054000000
89.429344,16.055000000
89.436534,16.056000000
89.459748,16.057000000
89.460261,16.058000000
89.474745,16.059000000
89.486295,16.060000000
89.494479,16.061000000
89.505060,16.062000000
89.517823,16.063000000
89.527827,16.064000000
89.539252,16.065000000
89.555723,16.066000000
89.562612,16.067000000
89.567417,16.068000000
89.574538,16.069000000
89.588927,16.070000000
89.597903,16.071000000
89.615823,16.072000000
89.619312,16.073000000
89.623047,16.074000000
89.656962,16.075000000
89.669630,16.076000000
89.678916,16.077000000
89.682259,16.078000000
89.707632,16.079000000
89.715592,16.080000000
89.729208,16.081000000
89.748778,16.082000000
89.751027,16.083000000
89.755545,16.084000000
89.762528,16.085000000
89.793063,16.086000000
89.799940,16.087000000
89.811320,16.088000000
89.819078,16.089000000
89.835181,16.090000000
89.844843,16.091000000
89.853363,16.092000000
89.862720,16.093000000
89.873892,16.094000000
89.880220,16.095000000
89.891879,16.096000000
89.900594,16.097000000
89.909533,16.098000000
89.919331,16.099000000
89.927043,16.100000000
89.953584,16.101000000
89.957969,16.102000000
89.961144,16.103000000
90.002106,16.104000000
90.008265,16.105000000
90.027167,16.106000000
90.034138,16.107000000
90.041801,16.108000000
90.063828,16.109000000
90.070813,16.110000000
90.079602,16.111000000
90.097931,16.112000000
90.100288,16.113000000
90.106228,16.114000000
90.133966,16.115000000
90.144824,16.116000000
90.154467,16.117000000
90.165305,16.118000000
90.175952,16.119000000
90.183307,16.120000000
90.198195,16.121000000
90.204281,16.122000000
90.216994,16.123000000
90.226421,16.124000000
90.237220,16.125000000
90.247270,16.126000000
90.256055,16.127000000
90.263826,16.128000000
90.300470,16.129000000
90.304109,16.130000000
90.313008,16.131000000
90.328447,16.132000000
90.341109,16.133000000
90.350354,16.134000000
90.357199,16.135000000
90.361234,16.136000000
90.369264,16.137000000
90.393482,16.138000000
90.422503,16.139000000
90.422590,16.140000000
90.422601,16.141000000
90.422610,16.142000000
90.422619,16.143000000
90.422626,16.144000000
90.426799,16.145000000
90.457493,16.146000000
90.475556,16.147000000
90.481618,16.148000000
90.487595,16.149000000
90.491032,16.150000000
90.508436,16.151000000
90.520163,16.152000000
90.521739,16.153000000
90.527434,16.154000000
90.532948,16.155000000
90.546706,16.156000000
90.571863,16.157000000
90.598227,16.158000000
90.607206,16.159000000
90.622242,16.160000000
90.635105,16.161000000
90.640100,16.162000000
90.656181,16.163000000
90.656662,16.164000000
90.660349,16.165000000
90.662292,16.166000000
90.665083,16.167000000
90.681821,16.168000000
90.681875,16.169000000
90.683907,16.170000000
90.687263,16.171000000
90.691676,16.172000000
90.694225,16.173000000
90.697106,16.174000000
90.700773,16.175000000
90.703043,16.176000000
90.706086,16.177000000
90.716923,16.178000000
90.721197,16.179000000
90.736508,16.180000000
90.757057,16.181000000
90.767129,16.182000000
90.768786,16.183000000
90.780852,16.184000000
90.794894,16.185000000
90.812490,16.186000000
90.820054,16.187000000
90.844485,16.188000000
90.844547,16.189000000
90.844557,16.190000000
90.844565,16.191000000
90.844573,16.192000000
90.853401,16.193000000
90.870643,16.194000000
90.886545,16.195000000
90.894691,16.196000000
90.901012,16.197000000
90.901059,16.198000000
90.906155,16.199000000
90.937216,16.200000000
90.939207,16.201000000
90.942565,16.202000000
90.949394,16.203000000
90.966631,16.204000000
90.968430,16.205000000
90.980991,16.206000000
90.985195,16.207000000
91.003608,16.208000000
91.015383,16.209000000
91.031026,16.210000000
91.037505,16.211000000
91.043627,16.212000000
91.049191,16.213000000
91.073092,16.214000000
91.092336,16.215000000
91.112427,16.216000000
91.118658,16.217000000
91.132896,16.218000000
91.161995,16.219000000
91.171123,16.220000000
91.180842,16.221000000
91.187461,16.222000000
91.207991,16.223000000
91.210409,16.224000000
91.223392,16.225000000
91.255032,16.226000000
91.263428,16.227000000
91.276631,16.228000000
91.289890,16.229000000
91.299507,16.230000000
91.303077,16.231000000
91.328371,16.232000000
91.336986,16.233000000
91.362467,16.234000000
91.362519,16.235000000
91.398138,16.236000000
91.408581,16.237000000
91.420887,16.238000000
91.435060,16.239000000
91.449088,16.240000000
91.464295,16.241000000
91.490896,16.242000000
91.501402,16.243000000
91.517882,16.244000000
91.524500,16.245000000
91.535648,16.246000000
91.545161,16.247000000
91.550776,16.248000000
91.557807,16.249000000
91.581228,16.250000000
91.581277,16.251000000
91.581287,16.252000000
91.596115,16.253000000
91.596161,16.254000000
91.624362,16.255000000
91.645030,16.256000000
91.651391,16.257000000
91.657438,16.258000000
91.685041,16.259000000
91.694004,16.260000000
91.700273,16.261000000
91.704690,16.262000000
91.716077,16.263000000
91.716118,16.264000000
91.746919,16.265000000
91.774814,16.266000000
91.782219,16.267000000
91.791813,16.268000000
91.798641,16.269000000
91.806034,16.270000000
91.813772,16.271000000
91.822855,16.272000000
91.823626,16.273000000
91.835297,16.274000000
91.841177,16.275000000
91.849379,16.276000000
91.859342,16.277000000
91.863266,16.278000000
91.870806,16.279000000
91.880956,16.280000000
91.888564,16.281000000
91.901937,16.282000000
91.911069,16.283000000
91.925620,16.284000000
91.935645,16.285000000
91.941935,16.286000000
91.991074,16.287000000
92.003161,16.288000000
92.020149,16.289000000
92.030831,16.290000000
92.040833,16.291000000
92.059450,16.292000000
92.060211,16.293000000
92.069098,16.294000000
92.095428,16.295000000
92.096423,16.296000000
92.115943,16.297000000
92.128091,16.298000000
92.137453,16.299000000
92.139338,16.300000000
92.167788,16.301000000
92.173845,16.302000000
92.210797,16.303000000
92.214879,16.304000000
92.217078,16.305000000
92.220618,16.306000000
92.224337,16.307000000
92.226743,16.308000000
92.230551,16.309000000
92.234482,16.310000000
92.236574,16.311000000
92.274829,16.312000000
92.287237,16.313000000
92.300389,16.314000000
92.300433,16.315000000
92.320773,16.316000000
92.343100,16.317000000
92.362567,16.318000000
92.369585,16.319000000
92.383995,16.320000000
92.386643,16.321000000
92.388473,16.322000000
92.390515,16.323000000
92.392863,16.324000000
92.402737,16.325000000
92.404639,16.326000000
92.406620,16.327000000
92.408845,16.328000000
92.411128,16.329000000
92.426746,16.330000000
92.426794,16.331000000
92.434515,16.332000000
92.434558,16.333000000
92.449540,16.334000000
92.451310,16.335000000
92.453195,16.336000000
92.461609,16.337000000
92.499299,16.338000000
92.505718,16.339000000
92.511549,16.340000000
92.526280,16.341000000
92.532848,16.342000000
92.538970,16.343000000
92.576658,16.344000000
92.578447,16.345000000
92.582160,16.346000000
92.599489,16.347000000
92.606712,16.348000000
92.612218,16.349000000
92.641242,16.350000000
92.648778,16.351000000
92.651688,16.352000000
92.670848,16.353000000
92.678666,16.354000000
92.684456,16.355000000
92.699742,16.356000000
92.712589,16.357000000
92.725552,16.358000000
92.733683,16.359000000
92.748878,16.360000000
92.752647,16.361000000
92.771069,16.362000000
92.782626,16.363000000
92.790402,16.364000000
92.797518,16.365000000
92.823027,16.366000000
92.837961,16.367000000
92.844625,16.368000000
92.845948,16.369000000
92.853012,16.370000000
92.857174,16.371000000
92.863158,16.372000000
92.897151,16.373000000
92.900995,16.374000000
92.903085,16.375000000
92.908864,16.376000000
92.927655,16.377000000
92.929763,16.378000000
92.933020,16.379000000
92.942218,16.380000000
92.948654,16.381000000
92.980880,16.382000000
92.987938,16.383000000
92.989826,16.384000000
93.008288,16.385000000
93.015807,16.386000000
93.018979,16.387000000
93.061340,16.388000000
93.080386,16.389000000
93.084530,16.390000000
93.098476,16.391000000
93.109801,16.392000000
93.133058,16.393000000
93.141983,16.394000000
93.159316,16.395000000
93.181720,16.396000000
93.197783,16.397000000
93.210029,16.398000000
93.215307,16.399000000
93.230279,16.400000000
93.242308,16.401000000
93.243837,16.402000000
93.256183,16.403000000
93.264172,16.404000000
93.280832,16.405000000
93.280899,16.406000000
93.293226,16.407000000
93.293290,16.408000000
93.303599,16.409000000
93.318954,16.410000000
93.326609,16.411000000
93.337664,16.412000000
93.338225,16.413000000
93.361516,16.414000000
93.361582,16.415000000
93.370890,16.416000000
93.380967,16.417000000
93.384363,16.418000000
93.396356,16.419000000
93.408306,16.420000000
93.408749,16.421000000
93.417832,16.422000000
93.425006,16.423000000
93.432818,16.424000000
93.449124,16.425000000
93.449183,16.426000000
93.459820,16.427000000
93.479418,16.428000000
93.480422,16.429000000
93.480478,16.430000000
93.496817,16.431000000
93.497428,16.432000000
93.521088,16.433000000
93.536800,16.434000000
93.548228,16.435000000
93.548297,16.436000000
93.565234,16.437000000
93.565299,16.438000000
93.577703,16.439000000
93.583769,16.440000000
93.596143,16.441000000
93.596201,16.442000000
93.608256,16.443000000
93.616924,16.444000000
93.626560,16.445000000
93.626616,16.446000000
93.640044,16.447000000
93.659953,16.448000000
93.660015,16.449000000
93.660055,16.450000000
93.682792,16.451000000
93.684369,16.452000000
93.693057,16.453000000
93.699448,16.454000000
93.699510,16.455000000
93.712239,16.456000000
93.712346,16.457000000
93.728623,16.458000000
93.738560,16.459000000
93.738626,16.460000000
93.748468,16.461000000
93.760373,16.462000000
93.760434,16.463000000
93.780487,16.464000000
93.780560,16.465000000
93.780605,16.466000000
93.793648,16.467000000
93.821977,16.468000000
93.822534,16.469000000
93.822588,16.470000000
93.851532,16.471000000
93.851619,16.472000000
93.868135,16.473000000
93.880231,16.474000000
93.885419,16.475000000
93.893935,16.476000000
93.908232,16.477000000
93.908299,16.478000000
93.923035,16.479000000
93.923093,16.480000000
93.937674,16.481000000
93.937737,16.482000000
93.952326,16.483000000
93.952418,16.484000000
93.970751,16.485000000
93.973626,16.486000000
93.982020,16.487000000
93.992329,16.488000000
94.005368,16.489000000
94.019510,16.490000000
94.019570,16.491000000
94.037474,16.492000000
94.049029,16.493000000
94.059264,16.494000000
94.066667,16.495000000
94.066730,16.496000000
94.079414,16.497000000
94.079478,16.498000000
94.094952,16.499000000
94.099419,16.500000000
94.109240,16.501000000
94.110095,16.502000000
94.140311,16.503000000
94.141842,16.504000000
94.152464,16.505000000
94.184689,16.506000000
94.185588,16.507000000
94.193600,16.508000000
94.215530,16.509000000
94.220995,16.510000000
94.231215,16.511000000
94.241667,16.512000000
94.249882,16.513000000
94.249943,16.514000000
94.261449,16.515000000
94.290910,16.516000000
94.298648,16.517000000
94.314506,16.518000000
94.324437,16.519000000
94.346616,16.520000000
94.346681,16.521000000
94.361001,16.522000000
94.382453,16.523000000
94.382514,16.524000000
94.382559,16.525000000
94.396137,16.526000000
94.398535,16.527000000
94.406434,16.528000000
94.419091,16.529000000
94.429564,16.530000000
94.437840,16.531000000
94.464369,16.532000000
94.471544,16.533000000
94.481673,16.534000000
94.503538,16.535000000
94.507205,16.536000000
94.520649,16.537000000
94.520717,16.538000000
94.535695,16.539000000
94.536240,16.540000000
94.560073,16.541000000
94.563202,16.542000000
94.571991,16.543000000
94.582849,16.544000000
94.590767,16.545000000
94.595374,16.546000000
94.600878,16.547000000
94.631067,16.548000000
94.631130,16.549000000
94.653347,16.550000000
94.667307,16.551000000
94.681498,16.552000000
94.681911,16.553000000
94.687856,16.554000000
94.708975,16.555000000
94.709036,16.556000000
94.734817,16.557000000
94.739613,16.558000000
94.749294,16.559000000
94.749379,16.560000000
94.765803,16.561000000
94.766652,16.562000000
94.777333,16.563000000
94.777433,16.564000000
94.805603,16.565000000
94.805667,16.566000000
94.817056,16.567000000
94.817145,16.568000000
94.830475,16.569000000
94.856740,16.570000000
94.856802,16.571000000
94.871298,16.572000000
94.877619,16.573000000
94.904941,16.574000000
94.921527,16.575000000
94.928975,16.576000000
94.938889,16.577000000
94.966502,16.578000000
94.974353,16.579000000
94.983252,16.580000000
94.997314,16.581000000
95.003366,16.582000000
95.010938,16.583000000
95.035450,16.584000000
95.047552,16.585000000
95.054108,16.586000000
95.054204,16.587000000
95.058061,16.588000000
95.067977,16.589000000
95.068568,16.590000000
95.068621,16.591000000
95.077463,16.592000000
95.077532,16.593000000
95.086369,16.594000000
95.097160,16.595000000
95.099540,16.596000000
95.104326,16.597000000
95.104378,16.598000000
95.107277,16.599000000
95.107708,16.600000000
95.111469,16.601000000
95.111524,16.602000000
95.122941,16.603000000
95.124920,16.604000000
95.125350,16.605000000
95.156825,16.606000000
95.167544,16.607000000
95.172488,16.608000000
95.185544,16.609000000
95.189510,16.610000000
95.197811,16.611000000
95.222666,16.612000000
95.232539,16.613000000
95.233151,16.614000000
95.248829,16.615000000
95.248888,16.616000000
95.260602,16.617000000
95.262048,16.618000000
95.295961,16.619000000
95.303100,16.620000000
95.314573,16.621000000
95.326848,16.622000000
95.341727,16.623000000
95.351220,16.624000000
95.365720,16.625000000
95.365789,16.626000000
95.368376,16.627000000
95.395088,16.628000000
95.400985,16.629000000
95.408311,16.630000000
95.431034,16.631000000
95.431100,16.632000000
95.431985,16.633000000
95.444873,16.634000000
95.454311,16.635000000
95.461131,16.636000000
95.470206,16.637000000
95.482702,16.638000000
95.495664,16.639000000
95.513396,16.640000000
95.513458,16.641000000
95.513502,16.642000000
95.513540,16.643000000
95.548597,16.644000000
95.548661,16.645000000
95.548703,16.646000000
95.557760,16.647000000
95.560190,16.648000000
95.569832,16.649000000
95.571509,16.650000000
95.588127,16.651000000
95.597867,16.652000000
95.613194,16.653000000
95.614267,16.654000000
95.620659,16.655000000
95.636898,16.656000000
95.650403,16.657000000
95.664535,16.658000000
95.670085,16.659000000
95.675895,16.660000000
95.700879,16.661000000
95.704762,16.662000000
95.704827,16.663000000
95.704867,16.664000000
95.704906,16.665000000
95.719496,16.666000000
95.740649,16.667000000
95.761471,16.668000000
95.773340,16.669000000
95.779778,16.670000000
95.785404,16.671000000
95.791184,16.672000000
95.808533,16.673000000
95.818282,16.674000000
95.831502,16.675000000
95.831566,16.676000000
95.841275,16.677000000
95.868348,16.678000000
95.868899,16.679000000
95.888065,16.680000000
95.888129,16.681000000
95.897529,16.682000000
95.912399,16.683000000
95.913088,16.684000000
95.925983,16.685000000
95.939948,16.686000000
95.945322,16.687000000
95.958113,16.688000000
95.969147,16.689000000
95.983020,16.690000000
95.983166,16.691000000
96.016788,16.692000000
96.017238,16.693000000
96.053982,16.694000000
96.078857,16.695000000
96.078944,16.696000000
96.101845,16.697000000
96.110491,16.698000000
96.116852,16.699000000
96.126579,16.700000000
96.134402,16.701000000
96.154682,16.702000000
96.170960,16.703000000
96.182136,16.704000000
96.182200,16.705000000
96.200635,16.706000000
96.206570,16.707000000
96.236649,16.708000000
96.244746,16.709000000
96.253144,16.710000000
96.267470,16.711000000
96.278085,16.712000000
96.286581,16.713000000
96.294609,16.714000000
96.300546,16.715000000
96.306607,16.716000000
96.306693,16.717000000
96.326349,16.718000000
96.326459,16.719000000
96.339026,16.720000000
96.339090,16.721000000
96.349205,16.722000000
96.365184,16.723000000
96.375918,16.724000000
96.384572,16.725000000
96.388189,16.726000000
96.388678,16.727000000
96.404575,16.728000000
96.427736,16.729000000
96.427799,16.730000000
96.427840,16.731000000
96.427877,16.732000000
96.474212,16.733000000
96.474276,16.734000000
96.474318,16.735000000
96.474356,16.736000000
96.474422,16.737000000
96.476479,16.738000000
96.476824,16.739000000
96.509155,16.740000000
96.509603,16.741000000
96.513396,16.742000000
96.522055,16.743000000
96.544339,16.744000000
96.544845,16.745000000
96.544900,16.746000000
96.564502,16.747000000
96.564569,16.748000000
96.564994,16.749000000
96.571935,16.750000000
96.581930,16.751000000
96.582283,16.752000000
96.591742,16.753000000
96.611731,16.754000000
96.622260,16.755000000
96.630223,16.756000000
96.641512,16.757000000
96.655373,16.758000000
96.661973,16.759000000
96.679532,16.760000000
96.681918,16.761000000
96.684386,16.762000000
96.686934,16.763000000
96.695422,16.764000000
96.698920,16.765000000
96.702295,16.766000000
96.707015,16.767000000
96.710441,16.768000000
96.713091,16.769000000
96.728396,16.770000000
96.731855,16.771000000
96.749698,16.772000000
96.757417,16.773000000
96.759868,16.774000000
96.763370,16.775000000
96.767487,16.776000000
96.772511,16.777000000
96.775739,16.778000000
96.780379,16.779000000
96.783678,16.780000000
96.792015,16.781000000
96.806778,16.782000000
96.818573,16.783000000
96.828498,16.784000000
96.856285,16.785000000
96.882165,16.786000000
96.894999,16.787000000
96.901390,16.788000000
96.911680,16.789000000
96.915646,16.790000000
96.922958,16.791000000
96.926064,16.792000000
96.930467,16.793000000
96.935945,16.794000000
96.939575,16.795000000
96.944448,16.796000000
96.949627,16.797000000
96.953539,16.798000000
96.956817,16.799000000
96.961590,16.800000000
96.964167,16.801000000
97.001075,16.802000000
97.020792,16.803000000
97.029813,16.804000000
97.036474,16.805000000
97.054984,16.806000000
97.086391,16.807000000
97.095454,16.808000000
97.106062,16.809000000
97.113997,16.810000000
97.143556,16.811000000
97.162060,16.812000000
97.168855,16.813000000
97.168918,16.814000000
97.173177,16.815000000
97.184503,16.816000000
97.186002,16.817000000
97.195353,16.818000000
97.205055,16.819000000
97.205144,16.820000000
97.258770,16.821000000
97.269372,16.822000000
97.280401,16.823000000
97.287820,16.824000000
97.301445,16.825000000
97.309818,16.826000000
97.323266,16.827000000
97.325146,16.828000000
97.346533,16.829000000
97.353718,16.830000000
97.360362,16.831000000
97.371549,16.832000000
97.383296,16.833000000
97.388098,16.834000000
97.392482,16.835000000
97.392545,16.836000000
97.401536,16.837000000
97.401602,16.838000000
97.419053,16.839000000
97.443936,16.840000000
97.443988,16.841000000
97.464046,16.842000000
97.467731,16.843000000
97.498568,16.844000000
97.510096,16.845000000
97.513420,16.846000000
97.536478,16.847000000
97.545720,16.848000000
97.547858,16.849000000
97.566407,16.850000000
97.584581,16.851000000
97.592250,16.852000000
97.592317,16.853000000
97.606227,16.854000000
97.623689,16.855000000
97.630256,16.856000000
97.630342,16.857000000
97.630385,16.858000000
97.647308,16.859000000
97.647377,16.860000000
97.690678,16.861000000
97.697047,16.862000000
97.715729,16.863000000
97.719533,16.864000000
97.741354,16.865000000
97.741777,16.866000000
97.754956,16.867000000
97.769426,16.868000000
97.769959,16.869000000
97.787668,16.870000000
97.792349,16.871000000
97.806089,16.872000000
97.806148,16.873000000
97.813133,16.874000000
97.814479,16.875000000
97.822812,16.876000000
97.830206,16.877000000
97.841616,16.878000000
97.852679,16.879000000
97.852741,16.880000000
97.865257,16.881000000
97.865415,16.882000000
97.874315,16.883000000
97.874809,16.884000000
97.874866,16.885000000
97.904114,16.886000000
97.923870,16.887000000
97.933259,16.888000000
97.950204,16.889000000
97.983098,16.890000000
98.017299,16.891000000
98.025237,16.892000000
98.036390,16.893000000
98.045259,16.894000000
98.060141,16.895000000
98.073869,16.896000000
98.080668,16.897000000
98.104551,16.898000000
98.122294,16.899000000
98.146080,16.900000000
98.146142,16.901000000
98.158625,16.902000000
98.158690,16.903000000
98.169179,16.904000000
98.182427,16.905000000
98.182493,16.906000000
98.200719,16.907000000
98.216190,16.908000000
98.216689,16.909000000
98.225944,16.910000000
98.245571,16.911000000
98.245638,16.912000000
98.245679,16.913000000
98.245718,16.914000000
98.276977,16.915000000
98.277044,16.916000000
98.293808,16.917000000
98.295230,16.918000000
98.301288,16.919000000
98.327477,16.920000000
98.327542,16.921000000
98.336443,16.922000000
98.342745,16.923000000
98.346645,16.924000000
98.352102,16.925000000
98.364876,16.926000000
98.373899,16.927000000
98.373967,16.928000000
98.400264,16.929000000
98.401433,16.930000000
98.414442,16.931000000
98.414506,16.932000000
98.421507,16.933000000
98.437421,16.934000000
98.437468,16.935000000
98.482837,16.936000000
98.482929,16.937000000
98.498172,16.938000000
98.518924,16.939000000
98.518995,16.940000000
98.531933,16.941000000
98.551563,16.942000000
98.551620,16.943000000
98.574742,16.944000000
98.574805,16.945000000
98.576762,16.946000000
98.581806,16.947000000
98.581859,16.948000000
98.586612,16.949000000
98.599122,16.950000000
98.599188,16.951000000
98.619565,16.952000000
98.626594,16.953000000
98.649088,16.954000000
98.653071,16.955000000
98.659129,16.956000000
98.685294,16.957000000
98.703923,16.958000000
98.719006,16.959000000
98.740024,16.960000000
98.755501,16.961000000
98.762013,16.962000000
98.770224,16.963000000
98.776455,16.964000000
98.783388,16.965000000
98.789862,16.966000000
98.798885,16.967000000
98.806580,16.968000000
98.814531,16.969000000
98.820384,16.970000000
98.825330,16.971000000
98.829289,16.972000000
98.845316,16.973000000
98.849921,16.974000000
98.854343,16.975000000
98.857682,16.976000000
98.876415,16.977000000
98.886069,16.978000000
98.896692,16.979000000
98.904555,16.980000000
98.912065,16.981000000
98.919790,16.982000000
98.944461,16.983000000
98.946790,16.984000000
98.949728,16.985000000
98.952048,16.986000000
98.960069,16.987000000
98.962580,16.988000000
98.975505,16.989000000
98.977959,16.990000000
98.984315,16.991000000
98.986548,16.992000000
98.995959,16.993000000
98.998511,16.994000000
99.000898,16.995000000
99.004375,16.996000000
99.051752,16.997000000
99.056839,16.998000000
99.074830,16.999000000
99.078341,17.000000000
99.099121,17.001000000
99.110044,17.002000000
99.114320,17.003000000
99.122822,17.004000000
99.127212,17.005000000
99.134332,17.006000000
99.136819,17.007000000
99.139183,17.008000000
99.141543,17.009000000
99.148434,17.010000000
99.152871,17.011000000
99.163522,17.012000000
99.178545,17.013000000
99.190159,17.014000000
99.200248,17.015000000
99.203763,17.016000000
99.206398,17.017000000
99.215014,17.018000000
99.217968,17.019000000
99.223679,17.020000000
99.225930,17.021000000
99.234315,17.022000000
99.236601,17.023000000
99.242009,17.024000000
99.280983,17.025000000
99.290473,17.026000000
99.316987,17.027000000
99.319724,17.028000000
99.323027,17.029000000
99.325728,17.030000000
99.328505,17.031000000
99.335611,17.032000000
99.339446,17.033000000
99.346652,17.034000000
99.349108,17.035000000
99.351778,17.036000000
99.354719,17.037000000
99.358161,17.038000000
99.364035,17.039000000
99.367085,17.040000000
99.397375,17.041000000
99.401184,17.042000000
99.404819,17.043000000
99.407026,17.044000000
99.409596,17.045000000
99.413188,17.046000000
99.415811,17.047000000
99.431557,17.048000000
99.445661,17.049000000
99.453820,17.050000000
99.466758,17.051000000
99.470817,17.052000000
99.488622,17.053000000
99.503618,17.054000000
99.515580,17.055000000
99.524395,17.056000000
99.532615,17.057000000
99.543410,17.058000000
99.557624,17.059000000
99.567332,17.060000000
99.575840,17.061000000
99.578937,17.062000000
99.624584,17.063000000
99.630682,17.064000000
99.652792,17.065000000
99.672646,17.066000000
99.682930,17.067000000
99.692791,17.068000000
99.708696,17.069000000
99.732448,17.070000000
99.738358,17.071000000
99.740681,17.072000000
99.743326,17.073000000
99.747335,17.074000000
99.755631,17.075000000
99.758701,17.076000000
99.762260,17.077000000
99.764529,17.078000000
99.767343,17.079000000
99.770602,17.080000000
99.778919,17.081000000
99.781614,17.082000000
99.783800,17.083000000
99.792146,17.084000000
99.795488,17.085000000
99.798011,17.086000000
99.832188,17.087000000
99.841499,17.088000000
99.852618,17.089000000
99.861405,17.090000000
99.875499,17.091000000
99.890427,17.092000000
99.905427,17.093000000
99.920859,17.094000000
99.934853,17.095000000
99.940827,17.096000000
99.952766,17.097000000
99.962552,17.098000000
99.962744,17.099000000
99.981500,17.100000000
99.981546,17.101000000
99.988010,17.102000000
100.003900,17.103000000
100.010901,17.104000000
100.026137,17.105000000
100.031661,17.106000000
100.041859,17.107000000
100.054296,17.108000000
100.064042,17.109000000
100.070035,17.110000000
100.072446,17.111000000
100.098054,17.112000000
100.106956,17.113000000
100.116982,17.114000000
100.128245,17.115000000
100.131838,17.116000000
100.161462,17.117000000
100.171662,17.118000000
100.181192,17.119000000
100.193924,17.120000000
100.200032,17.121000000
100.210250,17.122000000
100.217664,17.123000000
100.232268,17.124000000
100.238447,17.125000000
100.250669,17.126000000
100.261140,17.127000000
100.268496,17.128000000
100.281263,17.129000000
100.289657,17.130000000
100.320545,17.131000000
100.337915,17.132000000
100.343946,17.133000000
100.346418,17.134000000
100.379873,17.135000000
100.389495,17.136000000
100.395752,17.137000000
100.396839,17.138000000
100.403059,17.139000000
100.430896,17.140000000
100.439331,17.141000000
100.445088,17.142000000
100.450820,17.143000000
100.457130,17.144000000
100.480900,17.145000000
100.506336,17.146000000
100.513986,17.147000000
100.517486,17.148000000
100.523420,17.149000000
100.529885,17.150000000
100.536141,17.151000000
100.542098,17.152000000
100.549801,17.153000000
100.561399,17.154000000
100.570408,17.155000000
100.574447,17.156000000
100.578333,17.157000000
100.587561,17.158000000
100.592880,17.159000000
100.598159,17.160000000
100.605827,17.161000000
100.610572,17.162000000
100.618901,17.163000000
100.640497,17.164000000
100.651793,17.165000000
100.654677,17.166000000
100.656835,17.167000000
100.698071,17.168000000
100.706703,17.169000000
100.729297,17.170000000
100.734739,17.171000000
100.738638,17.172000000
100.745783,17.173000000
100.751872,17.174000000
100.754413,17.175000000
100.758883,17.176000000
100.764409,17.177000000
100.770431,17.178000000
100.774730,17.179000000
100.803446,17.180000000
100.814424,17.181000000
100.822377,17.182000000
100.830904,17.183000000
100.833287,17.184000000
100.839996,17.185000000
100.845594,17.186000000
100.851442,17.187000000
100.866083,17.188000000
100.882252,17.189000000
100.898427,17.190000000
100.901793,17.191000000
100.904047,17.192000000
100.906258,17.193000000
100.908473,17.194000000
100.911079,17.195000000
100.913551,17.196000000
100.917291,17.197000000
100.919785,17.198000000
100.922050,17.199000000
100.924193,17.200000000
100.926368,17.201000000
100.929066,17.202000000
100.931760,17.203000000
100.934054,17.204000000
100.936311,17.205000000
100.938498,17.206000000
100.940657,17.207000000
100.944590,17.208000000
100.947181,17.209000000
100.953428,17.210000000
100.961827,17.211000000
100.971016,17.212000000
100.979578,17.213000000
100.986736,17.214000000
100.991467,17.215000000
101.004103,17.216000000
101.010204,17.217000000
101.015239,17.218000000
101.020045,17.219000000
101.021035,17.220000000
101.049233,17.221000000
101.051788,17.222000000
101.075758,17.223000000
101.075862,17.224000000
101.077051,17.225000000
101.083985,17.226000000
101.088274,17.227000000
101.095498,17.228000000
101.105207,17.229000000
101.124796,17.230000000
101.124868,17.231000000
101.125399,17.232000000
101.128354,17.233000000
101.141455,17.234000000
101.145778,17.235000000
101.179539,17.236000000
101.185082,17.237000000
101.188897,17.238000000
101.209437,17.239000000
101.215848,17.240000000
101.215908,17.241000000
101.244114,17.242000000
101.253943,17.243000000
101.265927,17.244000000
101.280835,17.245000000
101.289553,17.246000000
101.303314,17.247000000
101.313116,17.248000000
101.325864,17.249000000
101.329584,17.250000000
101.334230,17.251000000
101.339041,17.252000000
101.343062,17.253000000
101.347077,17.254000000
101.350295,17.255000000
101.356627,17.256000000
101.366788,17.257000000
101.369110,17.258000000
101.383379,17.259000000
101.400129,17.260000000
101.417579,17.261000000
101.432750,17.262000000
101.435252,17.263000000
101.452306,17.264000000
101.460160,17.265000000
101.473594,17.266000000
101.476673,17.267000000
101.491901,17.268000000
101.496178,17.269000000
101.515462,17.270000000
101.529744,17.271000000
101.532880,17.272000000
101.538256,17.273000000
101.552887,17.274000000
101.560825,17.275000000
101.574531,17.276000000
101.586437,17.277000000
101.598722,17.278000000
101.616683,17.279000000
101.632411,17.280000000
101.643102,17.281000000
101.652875,17.282000000
101.665912,17.283000000
101.686928,17.284000000
101.703037,17.285000000
101.712722,17.286000000
101.733939,17.287000000
101.739355,17.288000000
101.758911,17.289000000
101.774897,17.290000000
101.778857,17.291000000
101.784742,17.292000000
101.789425,17.293000000
101.817142,17.294000000
101.822670,17.295000000
101.834877,17.296000000
101.837466,17.297000000
101.839691,17.298000000
101.852351,17.299000000
101.904363,17.300000000
101.916697,17.301000000
101.930138,17.302000000
101.938252,17.303000000
101.945223,17.304000000
101.948897,17.305000000
101.959987,17.306000000
101.967787,17.307000000
101.976209,17.308000000
101.979811,17.309000000
101.994561,17.310000000
101.994620,17.311000000
101.994631,17.312000000
102.001575,17.313000000
102.028656,17.314000000
102.036737,17.315000000
102.048192,17.316000000
102.060096,17.317000000
102.065742,17.318000000
102.068906,17.319000000
102.076854,17.320000000
102.082670,17.321000000
102.085557,17.322000000
102.109604,17.323000000
102.114637,17.324000000
102.116638,17.325000000
102.149205,17.326000000
102.151214,17.327000000
102.170840,17.328000000
102.177755,17.329000000
102.177821,17.330000000
102.180642,17.331000000
102.190720,17.332000000
102.197326,17.333000000
102.208098,17.334000000
102.210459,17.335000000
102.222112,17.336000000
102.225720,17.337000000
102.228145,17.338000000
102.231412,17.339000000
102.235125,17.340000000
102.240978,17.341000000
102.245207,17.342000000
102.250239,17.343000000
102.254774,17.344000000
102.258444,17.345000000
102.265552,17.346000000
102.281975,17.347000000
102.291433,17.348000000
102.302818,17.349000000
102.311382,17.350000000
102.314492,17.351000000
102.317367,17.352000000
102.320081,17.353000000
102.323085,17.354000000
102.327544,17.355000000
102.335239,17.356000000
102.341380,17.357000000
102.344342,17.358000000
102.355215,17.359000000
102.357458,17.360000000
102.363092,17.361000000
102.365703,17.362000000
102.368069,17.363000000
102.380736,17.364000000
102.387486,17.365000000
102.393548,17.366000000
102.397582,17.367000000
102.403398,17.368000000
102.408329,17.369000000
102.416461,17.370000000
102.421589,17.371000000
102.429292,17.372000000
102.435454,17.373000000
102.445281,17.374000000
102.449122,17.375000000
102.455015,17.376000000
102.461955,17.377000000
102.474623,17.378000000
102.479711,17.379000000
102.483533,17.380000000
102.491383,17.381000000
102.499411,17.382000000
102.503538,17.383000000
102.512275,17.384000000
102.521386,17.385000000
102.527817,17.386000000
102.532506,17.387000000
102.541435,17.388000000
102.547005,17.389000000
102.551671,17.390000000
102.568425,17.391000000
102.574057,17.392000000
102.578740,17.393000000
102.590963,17.394000000
102.596696,17.395000000
102.600322,17.396000000
102.606816,17.397000000
102.610538,17.398000000
102.613931,17.399000000
102.616196,17.400000000
102.620722,17.401000000
102.625284,17.402000000
102.628292,17.403000000
102.631072,17.404000000
102.644440,17.405000000
102.648550,17.406000000
102.657311,17.407000000
102.661814,17.408000000
102.672113,17.409000000
102.674546,17.410000000
102.682944,17.411000000
102.687669,17.412000000
102.714557,17.413000000
102.729858,17.414000000
102.729910,17.415000000
102.740102,17.416000000
102.743688,17.417000000
102.759111,17.418000000
102.776784,17.419000000
102.779352,17.420000000
102.789013,17.421000000
102.806806,17.422000000
102.814765,17.423000000
102.822433,17.424000000
102.829967,17.425000000
102.846626,17.426000000
102.856139,17.427000000
102.873546,17.428000000
102.889728,17.429000000
102.896237,17.430000000
102.902282,17.431000000
102.919021,17.432000000
102.921711,17.433000000
102.925280,17.434000000
102.934577,17.435000000
102.937314,17.436000000
102.948275,17.437000000
102.958927,17.438000000
102.969386,17.439000000
102.982597,17.440000000
102.998384,17.441000000
103.010338,17.442000000
103.029630,17.443000000
103.037356,17.444000000
103.048176,17.445000000
103.061946,17.446000000
103.078040,17.447000000
103.092182,17.448000000
103.109730,17.449000000
103.124073,17.450000000
103.147329,17.451000000
103.171381,17.452000000
103.188627,17.453000000
103.206881,17.454000000
103.214115,17.455000000
103.225303,17.456000000
103.225395,17.457000000
103.225437,17.458000000
103.225477,17.459000000
103.225516,17.460000000
103.226316,17.461000000
103.227948,17.462000000
103.234816,17.463000000
103.235306,17.464000000
103.235359,17.465000000
103.242807,17.466000000
103.256471,17.467000000
103.260875,17.468000000
103.287416,17.469000000
103.295292,17.470000000
103.299721,17.471000000
103.311867,17.472000000
103.322452,17.473000000
103.332964,17.474000000
103.362901,17.475000000
103.376432,17.476000000
103.382757,17.477000000
103.402502,17.478000000
103.408374,17.479000000
103.415465,17.480000000
103.449955,17.481000000
103.466597,17.482000000
103.482468,17.483000000
103.502589,17.484000000
103.505620,17.485000000
103.511350,17.486000000
103.532408,17.487000000
103.540790,17.488000000
103.543579,17.489000000
103.555418,17.490000000
103.577259,17.491000000
103.580778,17.492000000
103.583742,17.493000000
103.591416,17.494000000
103.594401,17.495000000
103.598549,17.496000000
103.603534,17.497000000
103.606408,17.498000000
103.621695,17.499000000
103.624816,17.500000000
103.627041,17.501000000
103.638346,17.502000000
103.645044,17.503000000
103.662316,17.504000000
103.672746,17.505000000
103.704009,17.506000000
103.719276,17.507000000
103.747820,17.508000000
103.758196,17.509000000
103.769714,17.510000000
103.781567,17.511000000
103.798535,17.512000000
103.811280,17.513000000
103.824558,17.514000000
103.825078,17.515000000
103.825135,17.516000000
103.837204,17.517000000
103.837267,17.518000000
103.846645,17.519000000
103.856520,17.520000000
103.867882,17.521000000
103.871812,17.522000000
103.874048,17.523000000
103.894399,17.524000000
103.910492,17.525000000
103.932083,17.526000000
103.946902,17.527000000
103.951637,17.528000000
103.959413,17.529000000
103.963875,17.530000000
103.967944,17.531000000
103.991587,17.532000000
104.001916,17.533000000
104.004211,17.534000000
104.025429,17.535000000
104.033735,17.536000000
104.041759,17.537000000
104.070183,17.538000000
104.080071,17.539000000
104.093908,17.540000000
104.112060,17.541000000
104.120294,17.542000000
104.132891,17.543000000
104.146644,17.544000000
104.153325,17.545000000
104.162310,17.546000000
104.172249,17.547000000
104.180438,17.548000000
104.190897,17.549000000
104.196201,17.550000000
104.200240,17.551000000
104.206044,17.552000000
104.210304,17.553000000
104.216433,17.554000000
104.220554,17.555000000
104.231789,17.556000000
104.239679,17.557000000
104.246639,17.558000000
104.250170,17.559000000
104.258029,17.560000000
104.260067,17.561000000
104.272752,17.562000000
104.277438,17.563000000
104.279581,17.564000000
104.281742,17.565000000
104.284356,17.566000000
104.286390,17.567000000
104.288469,17.568000000
104.292960,17.569000000
104.295129,17.570000000
104.297576,17.571000000
104.299736,17.572000000
104.301701,17.573000000
104.303791,17.574000000
104.310336,17.575000000
104.312866,17.576000000
104.314971,17.577000000
104.318831,17.578000000
104.320290,17.579000000
104.322503,17.580000000
104.332398,17.581000000
104.350327,17.582000000
104.361209,17.583000000
104.368753,17.584000000
104.377153,17.585000000
104.382095,17.586000000
104.407861,17.587000000
104.429454,17.588000000
104.437133,17.589000000
104.451643,17.590000000
104.464830,17.591000000
104.471133,17.592000000
104.474807,17.593000000
104.479218,17.594000000
104.490049,17.595000000
104.495150,17.596000000
104.498545,17.597000000
104.510628,17.598000000
104.519427,17.599000000
104.528120,17.600000000
104.539280,17.601000000
104.547675,17.602000000
104.555157,17.603000000
104.569535,17.604000000
104.575388,17.605000000
104.579070,17.606000000
104.585203,17.607000000
104.589690,17.608000000
104.595161,17.609000000
104.599185,17.610000000
104.602307,17.611000000
104.616688,17.612000000
104.619787,17.613000000
104.623635,17.614000000
104.626678,17.615000000
104.638312,17.616000000
104.642735,17.617000000
104.646798,17.618000000
104.649083,17.619000000
104.655551,17.620000000
104.673303,17.621000000
104.681272,17.622000000
104.684602,17.623000000
104.687704,17.624000000
104.693679,17.625000000
104.696788,17.626000000
104.699417,17.627000000
104.712318,17.628000000
104.717818,17.629000000
104.722475,17.630000000
104.725934,17.631000000
104.734219,17.632000000
104.755580,17.633000000
104.768878,17.634000000
104.773557,17.635000000
104.782113,17.636000000
104.782200,17.637000000
104.795877,17.638000000
104.803952,17.639000000
104.804961,17.640000000
104.811292,17.641000000
104.820406,17.642000000
104.824645,17.643000000
104.841822,17.644000000
104.841876,17.645000000
104.841916,17.646000000
104.841993,17.647000000
104.846644,17.648000000
104.853622,17.649000000
104.873819,17.650000000
104.882901,17.651000000
104.902858,17.652000000
104.905269,17.653000000
104.921910,17.654000000
104.925273,17.655000000
104.928297,17.656000000
104.938077,17.657000000
104.941179,17.658000000
104.951231,17.659000000
104.967494,17.660000000
104.971508,17.661000000
104.979354,17.662000000
104.987117,17.663000000
104.992637,17.664000000
104.998730,17.665000000
105.004971,17.666000000
105.015153,17.667000000
105.024524,17.668000000
105.035410,17.669000000
105.048455,17.670000000
105.054343,17.671000000
105.061057,17.672000000
105.068386,17.673000000
105.076210,17.674000000
105.084516,17.675000000
105.091875,17.676000000
105.098471,17.677000000
105.107437,17.678000000
105.115062,17.679000000
105.122509,17.680000000
105.127254,17.681000000
105.135744,17.682000000
105.140809,17.683000000
105.147235,17.684000000
105.155478,17.685000000
105.171047,17.686000000
105.178855,17.687000000
105.185052,17.688000000
105.191011,17.689000000
105.198172,17.690000000
105.205387,17.691000000
105.210783,17.692000000
105.217395,17.693000000
105.219328,17.694000000
105.221289,17.695000000
105.223509,17.696000000
105.225506,17.697000000
105.234945,17.698000000
105.239906,17.699000000
105.245290,17.700000000
105.257509,17.701000000
105.264525,17.702000000
105.264567,17.703000000
105.270105,17.704000000
105.272069,17.705000000
105.274146,17.706000000
105.276872,17.707000000
105.280226,17.708000000
105.283727,17.709000000
105.287611,17.710000000
105.289762,17.711000000
105.291774,17.712000000
105.294762,17.713000000
105.311448,17.714000000
105.317588,17.715000000
105.319993,17.716000000
105.323236,17.717000000
105.325700,17.718000000
105.329076,17.719000000
105.345328,17.720000000
105.355520,17.721000000
105.364030,17.722000000
105.366560,17.723000000
105.372651,17.724000000
105.375679,17.725000000
105.380450,17.726000000
105.392822,17.727000000
105.409678,17.728000000
105.415257,17.729000000
105.419977,17.730000000
105.422219,17.731000000
105.424976,17.732000000
105.431241,17.733000000
105.434092,17.734000000
105.436095,17.735000000
105.449971,17.736000000
105.465736,17.737000000
105.469218,17.738000000
105.474530,17.739000000
105.479729,17.740000000
105.484688,17.741000000
105.490371,17.742000000
105.503253,17.743000000
105.535302,17.744000000
105.542502,17.745000000
105.544568,17.746000000
105.568709,17.747000000
105.575208,17.748000000
105.606762,17.749000000
105.625073,17.750000000
105.625118,17.751000000
105.634128,17.752000000
105.635417,17.753000000
105.646779,17.754000000
105.647467,17.755000000
105.656307,17.756000000
105.656388,17.757000000
105.668775,17.758000000
105.668819,17.759000000
105.696935,17.760000000
105.696983,17.761000000
105.704670,17.762000000
105.716021,17.763000000
105.716067,17.764000000
105.732578,17.765000000
105.752984,17.766000000
105.753061,17.767000000
105.753073,17.768000000
105.757005,17.769000000
105.757041,17.770000000
105.760773,17.771000000
105.764340,17.772000000
105.779909,17.773000000
105.779976,17.774000000
105.783810,17.775000000
105.797431,17.776000000
105.829629,17.777000000
105.829685,17.778000000
105.829696,17.779000000
105.829705,17.780000000
105.835438,17.781000000
105.839035,17.782000000
105.843049,17.783000000
105.853965,17.784000000
105.862492,17.785000000
105.864536,17.786000000
105.869354,17.787000000
105.870796,17.788000000
105.875451,17.789000000
105.879395,17.790000000
105.891922,17.791000000
105.891966,17.792000000
105.891976,17.793000000
105.922881,17.794000000
105.922927,17.795000000
105.928902,17.796000000
105.928989,17.797000000
105.937262,17.798000000
105.937310,17.799000000
105.949743,17.800000000
105.953037,17.801000000
105.962844,17.802000000
105.962886,17.803000000
105.965324,17.804000000
105.999773,17.805000000
106.012290,17.806000000
106.016495,17.807000000
106.019174,17.808000000
106.028069,17.809000000
106.047258,17.810000000
106.064606,17.811000000
106.075362,17.812000000
106.087902,17.813000000
106.088287,17.814000000
106.097052,17.815000000
106.106021,17.816000000
106.106101,17.817000000
106.115549,17.818000000
106.132848,17.819000000
106.141788,17.820000000
106.149711,17.821000000
106.156330,17.822000000
106.167419,17.823000000
106.169760,17.824000000
106.178772,17.825000000
106.187061,17.826000000
106.187135,17.827000000
106.187145,17.828000000
106.189097,17.829000000
106.199310,17.830000000
106.199358,17.831000000
106.202987,17.832000000
106.203024,17.833000000
106.211272,17.834000000
106.220305,17.835000000
106.221776,17.836000000
106.230206,17.837000000
106.238441,17.838000000
106.238480,17.839000000
106.243395,17.840000000
106.247986,17.841000000
106.255512,17.842000000
106.257718,17.843000000
106.261938,17.844000000
106.281216,17.845000000
106.281257,17.846000000
106.291306,17.847000000
106.291347,17.848000000
106.292537,17.849000000
106.306730,17.850000000
106.310934,17.851000000
106.324640,17.852000000
106.324740,17.853000000
106.326297,17.854000000
106.332296,17.855000000
106.337947,17.856000000
106.357211,17.857000000
106.363032,17.858000000
106.374885,17.859000000
106.378039,17.860000000
106.378398,17.861000000
106.395134,17.862000000
106.395179,17.863000000
106.397167,17.864000000
106.408236,17.865000000
106.412294,17.866000000
106.419761,17.867000000
106.424675,17.868000000
106.452150,17.869000000
106.460576,17.870000000
106.476975,17.871000000
106.479318,17.872000000
106.486849,17.873000000
106.532733,17.874000000
106.544186,17.875000000
106.555501,17.876000000
106.571823,17.877000000
106.576570,17.878000000
106.588562,17.879000000
106.600735,17.880000000
106.610818,17.881000000
106.621967,17.882000000
106.661727,17.883000000
106.662463,17.884000000
106.671765,17.885000000
106.681598,17.886000000
106.687702,17.887000000
106.692589,17.888000000
106.695801,17.889000000
106.727216,17.890000000
106.727276,17.891000000
106.734639,17.892000000
106.749132,17.893000000
106.749193,17.894000000
106.762921,17.895000000
106.780939,17.896000000
106.781026,17.897000000
106.786571,17.898000000
106.808742,17.899000000
106.827916,17.900000000
106.829904,17.901000000
106.860398,17.902000000
106.862855,17.903000000
106.872169,17.904000000
106.906913,17.905000000
106.906983,17.906000000
106.927316,17.907000000
106.931879,17.908000000
106.957021,17.909000000
106.969455,17.910000000
106.979457,17.911000000
106.982171,17.912000000
106.991160,17.913000000
106.996355,17.914000000
107.003028,17.915000000
107.016507,17.916000000
107.021826,17.917000000
107.028573,17.918000000
107.043477,17.919000000
107.051041,17.920000000
107.077080,17.921000000
107.083220,17.922000000
107.086488,17.923000000
107.089573,17.924000000
107.091948,17.925000000
107.094864,17.926000000
107.097440,17.927000000
107.099828,17.928000000
107.102277,17.929000000
107.104764,17.930000000
107.107260,17.931000000
107.109560,17.932000000
107.116933,17.933000000
107.126495,17.934000000
107.129237,17.935000000
107.131586,17.936000000
107.135123,17.937000000
107.137674,17.938000000
107.140630,17.939000000
107.143576,17.940000000
107.160718,17.941000000
107.166570,17.942000000
107.168990,17.943000000
107.171417,17.944000000
107.173759,17.945000000
107.176366,17.946000000
107.178860,17.947000000
107.181514,17.948000000
107.183823,17.949000000
107.193788,17.950000000
107.204536,17.951000000
107.210883,17.952000000
107.216837,17.953000000
107.241593,17.954000000
107.246628,17.955000000
107.260336,17.956000000
107.268755,17.957000000
107.281017,17.958000000
107.292128,17.959000000
107.301815,17.960000000
107.310893,17.961000000
107.323078,17.962000000
107.333383,17.963000000
107.345809,17.964000000
107.353696,17.965000000
107.362302,17.966000000
107.366427,17.967000000
107.370973,17.968000000
107.390176,17.969000000
107.393586,17.970000000
107.396224,17.971000000
107.408843,17.972000000
107.417157,17.973000000
107.424552,17.974000000
107.430432,17.975000000
107.434913,17.976000000
107.437858,17.977000000
107.446499,17.978000000
107.460780,17.979000000
107.463883,17.980000000
107.466388,17.981000000
107.468825,17.982000000
107.471179,17.983000000
107.473950,17.984000000
107.477078,17.985000000
107.479654,17.986000000
107.482420,17.987000000
107.486696,17.988000000
107.490885,17.989000000
107.493300,17.990000000
107.497046,17.991000000
107.499408,17.992000000
107.506752,17.993000000
107.509248,17.994000000
107.518299,17.995000000
107.521124,17.996000000
107.545721,17.997000000
107.548363,17.998000000
107.551276,17.999000000
107.559638,18.000000000
107.571187,18.001000000
107.573725,18.002000000
107.585239,18.003000000
107.591329,18.004000000
107.597353,18.005000000
107.601871,18.006000000
107.606508,18.007000000
107.634978,18.008000000
107.640163,18.009000000
107.647097,18.010000000
107.651936,18.011000000
107.656649,18.012000000
107.660825,18.013000000
107.666076,18.014000000
107.674974,18.015000000
107.681678,18.016000000
107.687583,18.017000000
107.692234,18.018000000
107.698151,18.019000000
107.712541,18.020000000
107.722453,18.021000000
107.739951,18.022000000
107.745407,18.023000000
107.751861,18.024000000
107.755726,18.025000000
107.758776,18.026000000
107.777340,18.027000000
107.783833,18.028000000
107.790306,18.029000000
107.792754,18.030000000
107.797180,18.031000000
107.803514,18.032000000
107.805732,18.033000000
107.808037,18.034000000
107.815763,18.035000000
107.820844,18.036000000
107.850151,18.037000000
107.852757,18.038000000
107.855095,18.039000000
107.861926,18.040000000
107.876850,18.041000000
107.879633,18.042000000
107.885004,18.043000000
107.889820,18.044000000
107.894659,18.045000000
107.901019,18.046000000
107.905373,18.047000000
107.912467,18.048000000
107.940404,18.049000000
107.945093,18.050000000
107.947587,18.051000000
107.963532,18.052000000
107.975941,18.053000000
107.983715,18.054000000
107.989568,18.055000000
107.994048,18.056000000
107.998151,18.057000000
108.000750,18.058000000
108.009079,18.059000000
108.013480,18.060000000
108.017735,18.061000000
108.022086,18.062000000
108.075542,18.063000000
108.088410,18.064000000
108.097322,18.065000000
108.115434,18.066000000
108.124285,18.067000000
108.124693,18.068000000
108.130997,18.069000000
108.131053,18.070000000
108.131561,18.071000000
108.133728,18.072000000
108.141706,18.073000000
108.141775,18.074000000
108.146450,18.075000000
108.146784,18.076000000
108.151542,18.077000000
108.151596,18.078000000
108.152742,18.079000000
108.161048,18.080000000
108.161120,18.081000000
108.161161,18.082000000
108.167931,18.083000000
108.181100,18.084000000
108.187425,18.085000000
108.212002,18.086000000
108.217813,18.087000000
108.234983,18.088000000
108.239808,18.089000000
108.245089,18.090000000
108.252549,18.091000000
108.258650,18.092000000
108.261333,18.093000000
108.268849,18.094000000
108.284279,18.095000000
108.288675,18.096000000
108.291156,18.097000000
108.301473,18.098000000
108.307112,18.099000000
108.315337,18.100000000
108.328770,18.101000000
108.333207,18.102000000
108.346061,18.103000000
108.352596,18.104000000
108.354924,18.105000000
108.357897,18.106000000
108.360717,18.107000000
108.365688,18.108000000
108.369817,18.109000000
108.373345,18.110000000
108.375945,18.111000000
108.379058,18.112000000
108.382273,18.113000000
108.389242,18.114000000
108.393117,18.115000000
108.399049,18.116000000
108.402086,18.117000000
108.404744,18.118000000
108.409084,18.119000000
108.411797,18.120000000
108.415328,18.121000000
108.419815,18.122000000
108.426923,18.123000000
108.429578,18.124000000
108.432109,18.125000000
108.434628,18.126000000
108.437866,18.127000000
108.441969,18.128000000
108.445167,18.129000000
108.451466,18.130000000
108.454389,18.131000000
108.473831,18.132000000
108.481546,18.133000000
108.495759,18.134000000
108.518393,18.135000000
108.518891,18.136000000
108.535836,18.137000000
108.538298,18.138000000
108.542841,18.139000000
108.550353,18.140000000
108.550761,18.141000000
108.557911,18.142000000
108.557978,18.143000000
108.590197,18.144000000
108.591732,18.145000000
108.596835,18.146000000
108.596933,18.147000000
108.607178,18.148000000
108.616490,18.149000000
108.616552,18.150000000
108.642216,18.151000000
108.642328,18.152000000
108.645703,18.153000000
108.659987,18.154000000
108.660050,18.155000000
108.677713,18.156000000
108.677805,18.157000000
108.688573,18.158000000
108.688639,18.159000000
108.692657,18.160000000
108.714262,18.161000000
108.715997,18.162000000
108.727749,18.163000000
108.727810,18.164000000
108.742489,18.165000000
108.745411,18.166000000
108.752075,18.167000000
108.758332,18.168000000
108.762021,18.169000000
108.791791,18.170000000
108.804222,18.171000000
108.810411,18.172000000
108.821431,18.173000000
108.829425,18.174000000
108.855695,18.175000000
108.855760,18.176000000
108.875040,18.177000000
108.890148,18.178000000
108.890211,18.179000000
108.903439,18.180000000
108.907592,18.181000000
108.912567,18.182000000
108.912622,18.183000000
108.914418,18.184000000
108.922820,18.185000000
108.922880,18.186000000
108.922948,18.187000000
108.922987,18.188000000
108.925792,18.189000000
108.926115,18.190000000
108.932202,18.191000000
108.932256,18.192000000
108.932802,18.193000000
108.945826,18.194000000
108.945896,18.195000000
108.945941,18.196000000
108.946825,18.197000000
108.953429,18.198000000
108.953500,18.199000000
108.953541,18.200000000
108.954424,18.201000000
108.976288,18.202000000
108.980880,18.203000000
108.987210,18.204000000
109.009525,18.205000000
109.025387,18.206000000
109.032950,18.207000000
109.052485,18.208000000
109.052636,18.209000000
109.077151,18.210000000
109.092272,18.211000000
109.093525,18.212000000
109.109360,18.213000000
109.109426,18.214000000
109.123040,18.215000000
109.165874,18.216000000
109.176953,18.217000000
109.198386,18.218000000
109.217083,18.219000000
109.231694,18.220000000
109.246955,18.221000000
109.259393,18.222000000
109.269307,18.223000000
109.269812,18.224000000
109.279671,18.225000000
109.280568,18.226000000
109.290356,18.227000000
109.296777,18.228000000
109.314490,18.229000000
109.324824,18.230000000
109.324887,18.231000000
109.342644,18.232000000
109.353260,18.233000000
109.363675,18.234000000
109.363739,18.235000000
109.363780,18.236000000
109.370397,18.237000000
109.374616,18.238000000
109.382039,18.239000000
109.383604,18.240000000
109.404810,18.241000000
109.415392,18.242000000
109.415452,18.243000000
109.438585,18.244000000
109.444831,18.245000000
109.444899,18.246000000
109.445036,18.247000000
109.445573,18.248000000
109.449791,18.249000000
109.449849,18.250000000
109.453991,18.251000000
109.454054,18.252000000
109.460477,18.253000000
109.460539,18.254000000
109.460580,18.255000000
109.462277,18.256000000
109.468249,18.257000000
109.468315,18.258000000
109.468356,18.259000000
109.475270,18.260000000
109.475334,18.261000000
109.475792,18.262000000
109.485961,18.263000000
109.486030,18.264000000
109.486075,18.265000000
109.486116,18.266000000
109.486186,18.267000000
109.490020,18.268000000
109.490336,18.269000000
109.491537,18.270000000
109.499560,18.271000000
109.499619,18.272000000
109.514540,18.273000000
109.531584,18.274000000
109.539277,18.275000000
109.547504,18.276000000
109.547591,18.277000000
109.547993,18.278000000
109.571648,18.279000000
109.571714,18.280000000
109.571758,18.281000000
109.571800,18.282000000
109.572278,18.283000000
109.582441,18.284000000
109.582505,18.285000000
109.594728,18.286000000
109.604872,18.287000000
109.623613,18.288000000
109.623732,18.289000000
109.623776,18.290000000
109.624524,18.291000000
109.628112,18.292000000
109.631574,18.293000000
109.636042,18.294000000
109.638062,18.295000000
109.644838,18.296000000
109.644922,18.297000000
109.645688,18.298000000
109.658507,18.299000000
109.668533,18.300000000
109.668600,18.301000000
109.668644,18.302000000
109.672186,18.303000000
109.672243,18.304000000
109.672702,18.305000000
109.675021,18.306000000
109.681842,18.307000000
109.682736,18.308000000
109.694508,18.309000000
109.705121,18.310000000
109.709487,18.311000000
109.716290,18.312000000
109.723194,18.313000000
109.732961,18.314000000
109.737206,18.315000000
109.739602,18.316000000
109.742191,18.317000000
109.744533,18.318000000
109.746741,18.319000000
109.749456,18.320000000
109.759118,18.321000000
109.781683,18.322000000
109.800128,18.323000000
109.832859,18.324000000
109.842076,18.325000000
109.850958,18.326000000
109.854562,18.327000000
109.873358,18.328000000
109.876856,18.329000000
109.894960,18.330000000
109.903433,18.331000000
109.920055,18.332000000
109.933820,18.333000000
109.940482,18.334000000
109.948872,18.335000000
109.962185,18.336000000
109.979619,18.337000000
109.982059,18.338000000
109.990360,18.339000000
109.997680,18.340000000
110.017423,18.341000000
110.036362,18.342000000
110.059018,18.343000000
110.062454,18.344000000
110.077584,18.345000000
110.097894,18.346000000
110.104172,18.347000000
110.111169,18.348000000
110.125111,18.349000000
110.133026,18.350000000
110.142459,18.351000000
110.150405,18.352000000
110.167538,18.353000000
110.174239,18.354000000
110.178919,18.355000000
110.189030,18.356000000
110.211779,18.357000000
110.222366,18.358000000
110.226797,18.359000000
110.244045,18.360000000
110.244110,18.361000000
110.253709,18.362000000
110.266692,18.363000000
110.289299,18.364000000
110.318460,18.365000000
110.318528,18.366000000
110.318597,18.367000000
110.319212,18.368000000
110.322283,18.369000000
110.328757,18.370000000
110.328818,18.371000000
110.331679,18.372000000
110.342443,18.373000000
110.347744,18.374000000
110.348150,18.375000000
110.353968,18.376000000
110.354419,18.377000000
110.354468,18.378000000
110.356009,18.379000000
110.362505,18.380000000
110.366427,18.381000000
110.374986,18.382000000
110.390610,18.383000000
110.404727,18.384000000
110.422421,18.385000000
110.434965,18.386000000
110.435221,18.387000000
110.435330,18.388000000
110.436053,18.389000000
110.451173,18.390000000
110.453367,18.391000000
110.453422,18.392000000
110.474924,18.393000000
110.474983,18.394000000
110.475024,18.395000000
110.475061,18.396000000
110.475125,18.397000000
110.491776,18.398000000
110.492194,18.399000000
110.497274,18.400000000
110.499204,18.401000000
110.502091,18.402000000
110.509460,18.403000000
110.519620,18.404000000
110.519704,18.405000000
110.537106,18.406000000
110.552315,18.407000000
110.552823,18.408000000
110.590686,18.409000000
110.600022,18.410000000
110.605235,18.411000000
110.628465,18.412000000
110.636538,18.413000000
110.647955,18.414000000
110.652139,18.415000000
110.675166,18.416000000
110.681103,18.417000000
110.692341,18.418000000
110.701779,18.419000000
110.711386,18.420000000
110.721025,18.421000000
110.734484,18.422000000
110.749066,18.423000000
110.758776,18.424000000
110.769554,18.425000000
110.794086,18.426000000
110.801782,18.427000000
110.826161,18.428000000
110.832138,18.429000000
110.843229,18.430000000
110.865177,18.431000000
110.869797,18.432000000
110.876356,18.433000000
110.884459,18.434000000
110.887927,18.435000000
110.911669,18.436000000
110.924074,18.437000000
110.969222,18.438000000
110.971357,18.439000000
110.983656,18.440000000
110.985737,18.441000000
111.006623,18.442000000
111.050443,18.443000000
111.052509,18.444000000
111.072562,18.445000000
111.074478,18.446000000
111.094839,18.447000000
111.112597,18.448000000
111.118876,18.449000000
111.149366,18.450000000
111.164115,18.451000000
111.171452,18.452000000
111.187148,18.453000000
111.196159,18.454000000
111.205441,18.455000000
111.231908,18.456000000
111.233186,18.457000000
111.251165,18.458000000
111.258230,18.459000000
111.281635,18.460000000
111.301117,18.461000000
111.308918,18.462000000
111.340660,18.463000000
111.364345,18.464000000
111.368373,18.465000000
111.397555,18.466000000
111.406664,18.467000000
111.422169,18.468000000
111.424232,18.469000000
111.447559,18.470000000
111.450658,18.471000000
111.460178,18.472000000
111.496584,18.473000000
111.502667,18.474000000
111.527950,18.475000000
111.540851,18.476000000
111.544879,18.477000000
111.551292,18.478000000
111.562911,18.479000000
111.572730,18.480000000
111.579673,18.481000000
111.586770,18.482000000
111.597775,18.483000000
111.599763,18.484000000
111.608997,18.485000000
111.617730,18.486000000
111.625751,18.487000000
111.635170,18.488000000
111.648983,18.489000000
111.665098,18.490000000
111.676877,18.491000000
111.709561,18.492000000
111.723648,18.493000000
111.728489,18.494000000
111.731153,18.495000000
111.744068,18.496000000
111.751213,18.497000000
111.767417,18.498000000
111.784394,18.499000000
111.793036,18.500000000
111.808222,18.501000000
111.828624,18.502000000
111.839111,18.503000000
111.841534,18.504000000
111.849235,18.505000000
111.855988,18.506000000
111.859020,18.507000000
111.861447,18.508000000
111.863955,18.509000000
111.866364,18.510000000
111.873027,18.511000000
111.884079,18.512000000
111.891000,18.513000000
111.897459,18.514000000
111.901978,18.515000000
111.907224,18.516000000
111.915085,18.517000000
111.917618,18.518000000
111.920177,18.519000000
111.923591,18.520000000
111.936382,18.521000000
111.940880,18.522000000
111.949663,18.523000000
111.957028,18.524000000
111.963367,18.525000000
111.966449,18.526000000
111.976830,18.527000000
111.980748,18.528000000
111.992038,18.529000000
111.998396,18.530000000
112.005529,18.531000000
112.010151,18.532000000
112.021734,18.533000000
112.026215,18.534000000
112.035183,18.535000000
112.046960,18.536000000
112.051646,18.537000000
112.064093,18.538000000
112.066362,18.539000000
112.069664,18.540000000
112.081509,18.541000000
112.088636,18.542000000
112.090666,18.543000000
112.101893,18.544000000
112.110194,18.545000000
112.113768,18.546000000
112.123113,18.547000000
112.134162,18.548000000
112.141225,18.549000000
112.147680,18.550000000
112.152558,18.551000000
112.158970,18.552000000
112.174025,18.553000000
112.186921,18.554000000
112.197997,18.555000000
112.206648,18.556000000
112.214393,18.557000000
112.226799,18.558000000
112.229031,18.559000000
112.235255,18.560000000
112.237515,18.561000000
112.239584,18.562000000
112.256852,18.563000000
112.274193,18.564000000
112.286243,18.565000000
112.295954,18.566000000
112.299074,18.567000000
112.301300,18.568000000
112.303482,18.569000000
112.305575,18.570000000
112.308993,18.571000000
112.314505,18.572000000
112.317717,18.573000000
112.325790,18.574000000
112.329014,18.575000000
112.337336,18.576000000
112.339241,18.577000000
112.344097,18.578000000
112.350838,18.579000000
112.352961,18.580000000
112.359873,18.581000000
112.365592,18.582000000
112.369658,18.583000000
112.373747,18.584000000
112.377685,18.585000000
112.382175,18.586000000
112.388073,18.587000000
112.392973,18.588000000
112.395147,18.589000000
112.400713,18.590000000
112.406394,18.591000000
112.411035,18.592000000
112.413204,18.593000000
112.422186,18.594000000
112.424692,18.595000000
112.431321,18.596000000
112.434419,18.597000000
112.443290,18.598000000
112.455807,18.599000000
112.462474,18.600000000
112.464766,18.601000000
112.471417,18.602000000
112.480752,18.603000000
112.485457,18.604000000
112.495183,18.605000000
112.499924,18.606000000
112.512596,18.607000000
112.515598,18.608000000
112.521618,18.609000000
112.525196,18.610000000
112.538989,18.611000000
112.546072,18.612000000
112.548776,18.613000000
112.557429,18.614000000
112.563157,18.615000000
112.570808,18.616000000
112.576172,18.617000000
112.584486,18.618000000
112.586709,18.619000000
112.590548,18.620000000
112.594336,18.621000000
112.597014,18.622000000
112.599284,18.623000000
112.601912,18.624000000
112.609466,18.625000000
112.611733,18.626000000
112.614092,18.627000000
112.617672,18.628000000
112.620299,18.629000000
112.622634,18.630000000
112.627141,18.631000000
112.635275,18.632000000
112.637333,18.633000000
112.639851,18.634000000
112.642513,18.635000000
112.646646,18.636000000
112.649273,18.637000000
112.653416,18.638000000
112.656361,18.639000000
112.661398,18.640000000
112.664314,18.641000000
112.671221,18.642000000
112.673276,18.643000000
112.694758,18.644000000
112.706571,18.645000000
112.708389,18.646000000
112.714967,18.647000000
112.717110,18.648000000
112.720935,18.649000000
112.730823,18.650000000
112.738393,18.651000000
112.745296,18.652000000
112.750336,18.653000000
112.752499,18.654000000
112.757429,18.655000000
112.766197,18.656000000
112.770306,18.657000000
112.783773,18.658000000
112.798915,18.659000000
112.801252,18.660000000
112.809449,18.661000000
112.820227,18.662000000
112.830542,18.663000000
112.839274,18.664000000
112.844970,18.665000000
112.853489,18.666000000
112.863176,18.667000000
112.869197,18.668000000
112.875196,18.669000000
112.883605,18.670000000
112.890545,18.671000000
112.897971,18.672000000
112.906043,18.673000000
112.912448,18.674000000
112.919004,18.675000000
112.928714,18.676000000
112.934583,18.677000000
112.942755,18.678000000
112.948158,18.679000000
112.954517,18.680000000
112.963676,18.681000000
112.970596,18.682000000
112.976779,18.683000000
112.985500,18.684000000
112.992059,18.685000000
112.998196,18.686000000
113.010812,18.687000000
113.016609,18.688000000
113.024483,18.689000000
113.029778,18.690000000
113.036882,18.691000000
113.042988,18.692000000
113.049043,18.693000000
113.056485,18.694000000
113.064997,18.695000000
113.076886,18.696000000
113.108941,18.697000000
113.116415,18.698000000
113.132303,18.699000000
113.137741,18.700000000
113.183733,18.701000000
113.195692,18.702000000
113.199510,18.703000000
113.211940,18.704000000
113.211987,18.705000000
113.211998,18.706000000
113.263875,18.707000000
113.263949,18.708000000
113.263961,18.709000000
113.263970,18.710000000
113.263978,18.711000000
113.291715,18.712000000
113.300194,18.713000000
113.306330,18.714000000
113.308326,18.715000000
113.348858,18.716000000
113.350837,18.717000000
113.368570,18.718000000
113.381471,18.719000000
113.404712,18.720000000
113.412847,18.721000000
113.420660,18.722000000
113.433227,18.723000000
113.470544,18.724000000
113.475552,18.725000000
113.499698,18.726000000
113.512165,18.727000000
113.512990,18.728000000
113.547753,18.729000000
113.560199,18.730000000
113.560249,18.731000000
113.560260,18.732000000
113.565623,18.733000000
113.579648,18.734000000
113.579708,18.735000000
113.585477,18.736000000
113.597218,18.737000000
113.597262,18.738000000
113.608656,18.739000000
113.608696,18.740000000
113.632747,18.741000000
113.632794,18.742000000
113.643343,18.743000000
113.643386,18.744000000
113.644604,18.745000000
113.653317,18.746000000
113.653382,18.747000000
113.663458,18.748000000
113.673163,18.749000000
113.674177,18.750000000
113.679254,18.751000000
113.681017,18.752000000
113.687472,18.753000000
113.709685,18.754000000
113.711703,18.755000000
113.735789,18.756000000
113.735865,18.757000000
113.735877,18.758000000
113.749196,18.759000000
113.759188,18.760000000
113.765346,18.761000000
113.777262,18.762000000
113.786842,18.763000000
113.797239,18.764000000
113.797280,18.765000000
113.809989,18.766000000
113.820492,18.767000000
113.824646,18.768000000
113.831681,18.769000000
113.837311,18.770000000
113.840228,18.771000000
113.853912,18.772000000
113.853966,18.773000000
113.853976,18.774000000
113.862989,18.775000000
113.863029,18.776000000
113.874190,18.777000000
113.874236,18.778000000
113.894058,18.779000000
113.921552,18.780000000
113.943643,18.781000000
113.948327,18.782000000
113.948370,18.783000000
113.963775,18.784000000
113.980689,18.785000000
113.980737,18.786000000
113.980785,18.787000000
114.003319,18.788000000
114.003386,18.789000000
114.005557,18.790000000
114.015508,18.791000000
114.017114,18.792000000
114.019573,18.793000000
114.029191,18.794000000
114.036443,18.795000000
114.049495,18.796000000
114.049583,18.797000000
114.065510,18.798000000
114.065565,18.799000000
114.065576,18.800000000
114.065585,18.801000000
114.086456,18.802000000
114.109431,18.803000000
114.109473,18.804000000
114.110165,18.805000000
114.125174,18.806000000
114.125787,18.807000000
114.142232,18.808000000
114.142278,18.809000000
114.153537,18.810000000
114.157374,18.811000000
114.179228,18.812000000
114.179278,18.813000000
114.179288,18.814000000
114.199259,18.815000000
114.199306,18.816000000
114.205283,18.817000000
114.210040,18.818000000
114.215472,18.819000000
114.215511,18.820000000
114.225181,18.821000000
114.230536,18.822000000
114.230582,18.823000000
114.244461,18.824000000
114.253025,18.825000000
114.254386,18.826000000
114.261393,18.827000000
114.261431,18.828000000
114.262620,18.829000000
114.279285,18.830000000
114.305336,18.831000000
114.331560,18.832000000
114.352391,18.833000000
114.360072,18.834000000
114.371276,18.835000000
114.398463,18.836000000
114.409358,18.837000000
114.419917,18.838000000
114.431540,18.839000000
114.440358,18.840000000
114.469360,18.841000000
114.473290,18.842000000
114.486722,18.843000000
114.505219,18.844000000
114.511426,18.845000000
114.539514,18.846000000
114.541396,18.847000000
114.546842,18.848000000
114.573073,18.849000000
114.582713,18.850000000
114.584901,18.851000000
114.622414,18.852000000
114.630421,18.853000000
114.659418,18.854000000
114.666360,18.855000000
114.690681,18.856000000
114.691612,18.857000000
114.706251,18.858000000
114.706300,18.859000000
114.706310,18.860000000
114.712512,18.861000000
114.725635,18.862000000
114.740186,18.863000000
114.740232,18.864000000
114.740913,18.865000000
114.749371,18.866000000
114.749436,18.867000000
114.782454,18.868000000
114.788305,18.869000000
114.795810,18.870000000
114.795848,18.871000000
114.810588,18.872000000
114.819297,18.873000000
114.822056,18.874000000
114.825787,18.875000000
114.840190,18.876000000
114.840262,18.877000000
114.866209,18.878000000
114.871500,18.879000000
114.873271,18.880000000
114.881495,18.881000000
114.889837,18.882000000
114.902432,18.883000000
114.906441,18.884000000
114.913700,18.885000000
114.923034,18.886000000
114.929892,18.887000000
114.939461,18.888000000
114.958205,18.889000000
114.967959,18.890000000
114.981700,18.891000000
115.003192,18.892000000
115.007511,18.893000000
115.057287,18.894000000
115.069376,18.895000000
115.079550,18.896000000
115.101632,18.897000000
115.103496,18.898000000
115.111089,18.899000000
115.137627,18.900000000
115.143147,18.901000000
115.157031,18.902000000
115.164488,18.903000000
115.174128,18.904000000
115.199472,18.905000000
115.221429,18.906000000
115.227770,18.907000000
115.245834,18.908000000
115.266378,18.909000000
115.275982,18.910000000
115.293980,18.911000000
115.299113,18.912000000
115.309899,18.913000000
115.331740,18.914000000
115.335713,18.915000000
115.343355,18.916000000
115.345278,18.917000000
115.352452,18.918000000
115.374501,18.919000000
115.393078,18.920000000
115.395655,18.921000000
115.398681,18.922000000
115.405356,18.923000000
115.408374,18.924000000
115.424749,18.925000000
115.438046,18.926000000
115.457977,18.927000000
115.463055,18.928000000
115.465126,18.929000000
115.509395,18.930000000
115.514924,18.931000000
115.536806,18.932000000
115.551487,18.933000000
115.559860,18.934000000
115.581056,18.935000000
115.589874,18.936000000
115.596418,18.937000000
115.616170,18.938000000
115.622340,18.939000000
115.637766,18.940000000
115.645247,18.941000000
115.650334,18.942000000
115.664435,18.943000000
115.671200,18.944000000
115.697611,18.945000000
115.703033,18.946000000
115.711451,18.947000000
115.718273,18.948000000
115.729808,18.949000000
115.733335,18.950000000
115.749568,18.951000000
115.756324,18.952000000
115.769152,18.953000000
115.776997,18.954000000
115.796474,18.955000000
115.808011,18.956000000
115.817734,18.957000000
115.830284,18.958000000
115.841902,18.959000000
115.853079,18.960000000
115.864987,18.961000000
115.884426,18.962000000
115.886496,18.963000000
115.915898,18.964000000
115.948814,18.965000000
115.962816,18.966000000
115.978750,18.967000000
115.989628,18.968000000
115.993478,18.969000000
115.993531,18.970000000
116.007353,18.971000000
116.007412,18.972000000
116.019603,18.973000000
116.019662,18.974000000
116.030526,18.975000000
116.050873,18.976000000
116.091420,18.977000000
116.094898,18.978000000
116.123714,18.979000000
116.137929,18.980000000
116.149726,18.981000000
116.162661,18.982000000
116.168553,18.983000000
116.200782,18.984000000
116.213466,18.985000000
116.219489,18.986000000
116.225629,18.987000000
116.233063,18.988000000
116.244744,18.989000000
116.252659,18.990000000
116.258933,18.991000000
116.270043,18.992000000
116.276736,18.993000000
116.284582,18.994000000
116.289255,18.995000000
116.293675,18.996000000
116.314168,18.997000000
116.331666,18.998000000
116.340318,18.999000000
116.354511,19.000000000
116.366831,19.001000000
116.380090,19.002000000
116.383988,19.003000000
116.398550,19.004000000
116.424695,19.005000000
116.428882,19.006000000
116.444702,19.007000000
116.449293,19.008000000
116.458331,19.009000000
116.462835,19.010000000
116.478760,19.011000000
116.495149,19.012000000
116.499785,19.013000000
116.513149,19.014000000
116.534460,19.015000000
116.542266,19.016000000
116.548759,19.017000000
116.556461,19.018000000
116.571256,19.019000000
116.587440,19.020000000
116.592589,19.021000000
116.595093,19.022000000
116.597394,19.023000000
116.604480,19.024000000
116.606847,19.025000000
116.612563,19.026000000
116.615391,19.027000000
116.623112,19.028000000
116.626610,19.029000000
116.629117,19.030000000
116.635455,19.031000000
116.640190,19.032000000
116.642519,19.033000000
116.644936,19.034000000
116.647582,19.035000000
116.649854,19.036000000
116.652204,19.037000000
116.654492,19.038000000
116.656697,19.039000000
116.658960,19.040000000
116.662307,19.041000000
116.672503,19.042000000
116.674996,19.043000000
116.677861,19.044000000
116.680629,19.045000000
116.683086,19.046000000
116.685298,19.047000000
116.687550,19.048000000
116.690114,19.049000000
116.692431,19.050000000
116.695361,19.051000000
116.700238,19.052000000
116.710300,19.053000000
116.714783,19.054000000
116.776319,19.055000000
116.776387,19.056000000
116.776457,19.057000000
116.776496,19.058000000
116.776533,19.059000000
116.776569,19.060000000
116.776604,19.061000000
116.776639,19.062000000
116.777528,19.063000000
116.777580,19.064000000
116.780269,19.065000000
116.821802,19.066000000
116.829038,19.067000000
116.859080,19.068000000
116.866875,19.069000000
116.883600,19.070000000
116.898429,19.071000000
116.908486,19.072000000
116.920671,19.073000000
116.935464,19.074000000
116.935527,19.075000000
116.949794,19.076000000
116.964386,19.077000000
116.964449,19.078000000
116.977553,19.079000000
116.986991,19.080000000
117.009144,19.081000000
117.023235,19.082000000
117.030876,19.083000000
117.050429,19.084000000
117.050493,19.085000000
117.060236,19.086000000
117.072986,19.087000000
117.082593,19.088000000
117.088803,19.089000000
117.095325,19.090000000
117.119252,19.091000000
117.133496,19.092000000
117.157499,19.093000000
117.161652,19.094000000
117.169520,19.095000000
117.172017,19.096000000
117.178540,19.097000000
117.203413,19.098000000
117.218054,19.099000000
117.232341,19.100000000
117.234622,19.101000000
117.247199,19.102000000
117.261688,19.103000000
117.266325,19.104000000
117.276640,19.105000000
117.311510,19.106000000
117.320679,19.107000000
117.321121,19.108000000
117.321794,19.109000000
117.328190,19.110000000
117.332256,19.111000000
117.336435,19.112000000
117.336772,19.113000000
117.353252,19.114000000
117.353396,19.115000000
117.353442,19.116000000
117.353506,19.117000000
117.376817,19.118000000
117.376932,19.119000000
117.377013,19.120000000
117.377071,19.121000000
117.377114,19.122000000
117.377683,19.123000000
117.385470,19.124000000
117.385982,19.125000000
117.386040,19.126000000
117.386693,19.127000000
117.391445,19.128000000
117.391891,19.129000000
117.405403,19.130000000
117.405479,19.131000000
117.405522,19.132000000
117.405560,19.133000000
117.406052,19.134000000
117.406099,19.135000000
117.416531,19.136000000
117.424698,19.137000000
117.425081,19.138000000
117.425519,19.139000000
117.437324,19.140000000
117.437386,19.141000000
117.437427,19.142000000
117.440930,19.143000000
117.446732,19.144000000
117.451627,19.145000000
117.451681,19.146000000
117.452109,19.147000000
117.463271,19.148000000
117.481032,19.149000000
117.481096,19.150000000
117.497930,19.151000000
117.498000,19.152000000
117.502221,19.153000000
117.508433,19.154000000
117.508493,19.155000000
117.508535,19.156000000
117.512493,19.157000000
117.522223,19.158000000
117.522293,19.159000000
117.522739,19.160000000
117.533210,19.161000000
117.533274,19.162000000
117.533314,19.163000000
117.534570,19.164000000
117.543226,19.165000000
117.543288,19.166000000
117.543363,19.167000000
117.551847,19.168000000
117.569800,19.169000000
117.577590,19.170000000
117.592351,19.171000000
117.604566,19.172000000
117.614403,19.173000000
117.629402,19.174000000
117.631518,19.175000000
117.651044,19.176000000
117.660272,19.177000000
117.670687,19.178000000
117.671168,19.179000000
117.687080,19.180000000
117.687141,19.181000000
117.723028,19.182000000
117.723090,19.183000000
117.723132,19.184000000
117.723172,19.185000000
117.723211,19.186000000
117.723276,19.187000000
117.723332,19.188000000
117.723413,19.189000000
117.724072,19.190000000
117.748710,19.191000000
117.748772,19.192000000
117.748814,19.193000000
117.748852,19.194000000
117.748892,19.195000000
117.748929,19.196000000
117.748991,19.197000000
117.766928,19.198000000
117.771657,19.199000000
117.772048,19.200000000
117.784653,19.201000000
117.784758,19.202000000
117.784822,19.203000000
117.794432,19.204000000
117.796961,19.205000000
117.797013,19.206000000
117.798188,19.207000000
117.815725,19.208000000
117.820975,19.209000000
117.821391,19.210000000
117.821443,19.211000000
117.824474,19.212000000
117.824844,19.213000000
117.832646,19.214000000
117.832707,19.215000000
117.832748,19.216000000
117.832813,19.217000000
117.845849,19.218000000
117.845913,19.219000000
117.845955,19.220000000
117.845995,19.221000000
117.846033,19.222000000
117.846070,19.223000000
117.858238,19.224000000
117.861886,19.225000000
117.868606,19.226000000
117.868975,19.227000000
117.870112,19.228000000
117.875624,19.229000000
117.883454,19.230000000
117.903033,19.231000000
117.908285,19.232000000
117.916030,19.233000000
117.924442,19.234000000
117.940281,19.235000000
117.970236,19.236000000
117.974331,19.237000000
117.980847,19.238000000
117.987313,19.239000000
117.994138,19.240000000
118.000263,19.241000000
118.004843,19.242000000
118.010859,19.243000000
118.017759,19.244000000
118.023834,19.245000000
118.029790,19.246000000
118.033162,19.247000000
118.043723,19.248000000
118.045718,19.249000000
118.053161,19.250000000
118.060267,19.251000000
118.067102,19.252000000
118.074097,19.253000000
118.074179,19.254000000
118.086346,19.255000000
118.089340,19.256000000
118.091857,19.257000000
118.096777,19.258000000
118.111139,19.259000000
118.115464,19.260000000
118.119343,19.261000000
118.127482,19.262000000
118.133541,19.263000000
118.135828,19.264000000
118.154531,19.265000000
118.160602,19.266000000
118.164206,19.267000000
118.172489,19.268000000
118.178202,19.269000000
118.182460,19.270000000
118.209883,19.271000000
118.216548,19.272000000
118.226686,19.273000000
118.233744,19.274000000
118.253066,19.275000000
118.266260,19.276000000
118.275071,19.277000000
118.280164,19.278000000
118.292261,19.279000000
118.296021,19.280000000
118.305073,19.281000000
118.305183,19.282000000
118.312673,19.283000000
118.314829,19.284000000
118.318868,19.285000000
118.351136,19.286000000
118.366334,19.287000000
118.401112,19.288000000
118.409724,19.289000000
118.425647,19.290000000
118.444462,19.291000000
118.454971,19.292000000
118.460609,19.293000000
118.473259,19.294000000
118.485740,19.295000000
118.488224,19.296000000
118.491080,19.297000000
118.512309,19.298000000
118.525039,19.299000000
118.525764,19.300000000
118.525814,19.301000000
118.526075,19.302000000
118.526123,19.303000000
118.526161,19.304000000
118.526217,19.305000000
118.530943,19.306000000
118.531062,19.307000000
118.531483,19.308000000
118.539721,19.309000000
118.539781,19.310000000
118.539822,19.311000000
118.539861,19.312000000
118.541092,19.313000000
118.571528,19.314000000
118.586890,19.315000000
118.599700,19.316000000
118.609284,19.317000000
118.629974,19.318000000
118.650214,19.319000000
118.670106,19.320000000
118.675581,19.321000000
118.691295,19.322000000
118.699088,19.323000000
118.711635,19.324000000
118.715137,19.325000000
118.721578,19.326000000
118.735213,19.327000000
118.740385,19.328000000
118.741909,19.329000000
118.750297,19.330000000
118.750360,19.331000000
118.758487,19.332000000
118.758548,19.333000000
118.758588,19.334000000
118.778282,19.335000000
118.778436,19.336000000
118.785621,19.337000000
118.800705,19.338000000
118.800769,19.339000000
118.801255,19.340000000
118.825846,19.341000000
118.845310,19.342000000
118.845371,19.343000000
118.845411,19.344000000
118.859266,19.345000000
118.859330,19.346000000
118.860090,19.347000000
118.875378,19.348000000
118.875439,19.349000000
118.875481,19.350000000
118.884201,19.351000000
118.905680,19.352000000
118.909260,19.353000000
118.921468,19.354000000
118.921533,19.355000000
118.921576,19.356000000
118.941499,19.357000000
118.941563,19.358000000
118.949300,19.359000000
118.952370,19.360000000
118.991130,19.361000000
118.991200,19.362000000
118.991243,19.363000000
118.991281,19.364000000
118.991996,19.365000000
118.992046,19.366000000
119.000815,19.367000000
119.001343,19.368000000
119.013172,19.369000000
119.013208,19.370000000
119.013238,19.371000000
119.023919,19.372000000
119.023983,19.373000000
119.034324,19.374000000
119.041375,19.375000000
119.051631,19.376000000
119.058556,19.377000000
119.058614,19.378000000
119.058655,19.379000000
119.069339,19.380000000
119.070376,19.381000000
119.075872,19.382000000
119.093826,19.383000000
119.093890,19.384000000
119.096716,19.385000000
119.109413,19.386000000
119.118148,19.387000000
119.118216,19.388000000
119.118259,19.389000000
119.118299,19.390000000
119.135070,19.391000000
119.135144,19.392000000
119.152265,19.393000000
119.160087,19.394000000
119.165237,19.395000000
119.175683,19.396000000
119.175779,19.397000000
119.175824,19.398000000
119.175865,19.399000000
119.188831,19.400000000
119.189359,19.401000000
119.196665,19.402000000
119.196709,19.403000000
119.201503,19.404000000
119.225163,19.405000000
119.234597,19.406000000
119.245040,19.407000000
119.247609,19.408000000
119.250503,19.409000000
119.267819,19.410000000
119.270241,19.411000000
119.291529,19.412000000
119.296743,19.413000000
119.305375,19.414000000
119.311219,19.415000000
119.314547,19.416000000
119.324088,19.417000000
119.329572,19.418000000
119.341635,19.419000000
119.347540,19.420000000
119.350398,19.421000000
119.355523,19.422000000
119.363838,19.423000000
119.379930,19.424000000
119.393800,19.425000000
119.414027,19.426000000
119.424366,19.427000000
119.429510,19.428000000
119.437746,19.429000000
119.452216,19.430000000
119.467941,19.431000000
119.484868,19.432000000
119.491185,19.433000000
119.512247,19.434000000
119.519104,19.435000000
119.519146,19.436000000
119.522296,19.437000000
119.533626,19.438000000
119.567609,19.439000000
119.570651,19.440000000
119.584253,19.441000000
119.597525,19.442000000
119.600384,19.443000000
119.616591,19.444000000
119.624410,19.445000000
119.635999,19.446000000
119.652877,19.447000000
119.659790,19.448000000
119.668470,19.449000000
119.686215,19.450000000
119.693276,19.451000000
119.700649,19.452000000
119.713143,19.453000000
119.720109,19.454000000
119.726641,19.455000000
119.738168,19.456000000
119.747029,19.457000000
119.758481,19.458000000
119.769099,19.459000000
119.781250,19.460000000
119.796366,19.461000000
119.807765,19.462000000
119.828179,19.463000000
119.836652,19.464000000
119.841679,19.465000000
119.845713,19.466000000
119.851230,19.467000000
119.855830,19.468000000
119.868824,19.469000000
119.870900,19.470000000
119.876822,19.471000000
119.879003,19.472000000
119.882231,19.473000000
119.884576,19.474000000
119.887315,19.475000000
119.891627,19.476000000
119.894940,19.477000000
119.897456,19.478000000
119.909569,19.479000000
119.921659,19.480000000
119.930475,19.481000000
119.933546,19.482000000
119.938438,19.483000000
119.948307,19.484000000
119.951439,19.485000000
119.956478,19.486000000
119.978200,19.487000000
119.991052,19.488000000
119.998026,19.489000000
120.008189,19.490000000
120.015185,19.491000000
120.052712,19.492000000
120.058351,19.493000000
120.064173,19.494000000
120.070444,19.495000000
120.077132,19.496000000
120.086214,19.497000000
120.096464,19.498000000
120.111860,19.499000000
120.116113,19.500000000
120.122533,19.501000000
120.128489,19.502000000
120.133249,19.503000000
120.139346,19.504000000
120.152712,19.505000000
120.160330,19.506000000
120.166795,19.507000000
120.172174,19.508000000
120.197480,19.509000000
120.202258,19.510000000
120.208879,19.511000000
120.220127,19.512000000
120.225008,19.513000000
120.230223,19.514000000
120.236254,19.515000000
120.242540,19.516000000
120.266826,19.517000000
120.272415,19.518000000
120.277760,19.519000000
120.292082,19.520000000
120.295100,19.521000000
120.319921,19.522000000
120.337830,19.523000000
120.337872,19.524000000
120.357059,19.525000000
120.361751,19.526000000
120.390452,19.527000000
120.398890,19.528000000
120.409562,19.529000000
120.417551,19.530000000
120.426001,19.531000000
120.438340,19.532000000
120.440405,19.533000000
120.448930,19.534000000
120.448988,19.535000000
120.448999,19.536000000
120.449045,19.537000000
120.475641,19.538000000
120.485575,19.539000000
120.495409,19.540000000
120.506332,19.541000000
120.517835,19.542000000
120.549900,19.543000000
120.559927,19.544000000
120.567594,19.545000000
120.571622,19.546000000
120.595239,19.547000000
120.606966,19.548000000
120.619550,19.549000000
120.629493,19.550000000
120.639699,19.551000000
120.669924,19.552000000
120.676036,19.553000000
120.686618,19.554000000
120.694818,19.555000000
120.708523,19.556000000
120.716512,19.557000000
120.725342,19.558000000
120.736329,19.559000000
120.746593,19.560000000
120.755581,19.561000000
120.766530,19.562000000
120.788975,19.563000000
120.797706,19.564000000
120.801241,19.565000000
120.804075,19.566000000
120.807673,19.567000000
120.813208,19.568000000
120.815638,19.569000000
120.818425,19.570000000
120.821177,19.571000000
120.826113,19.572000000
120.828606,19.573000000
120.834235,19.574000000
120.837315,19.575000000
120.841292,19.576000000
120.847863,19.577000000
120.852073,19.578000000
120.864441,19.579000000
120.867218,19.580000000
120.869916,19.581000000
120.875250,19.582000000
120.877793,19.583000000
120.883565,19.584000000
120.889725,19.585000000
120.891851,19.586000000
120.894129,19.587000000
120.896692,19.588000000
120.901969,19.589000000
120.925293,19.590000000
120.927526,19.591000000
120.933495,19.592000000
120.935828,19.593000000
120.938198,19.594000000
120.940755,19.595000000
120.945132,19.596000000
120.951416,19.597000000
120.956433,19.598000000
120.964222,19.599000000
120.966826,19.600000000
120.969916,19.601000000
120.977663,19.602000000
120.985124,19.603000000
120.985643,19.604000000
120.989020,19.605000000
121.000050,19.606000000
121.005189,19.607000000
121.032032,19.608000000
121.034217,19.609000000
121.036374,19.610000000
121.038411,19.611000000
121.040596,19.612000000
121.044649,19.613000000
121.046810,19.614000000
121.050650,19.615000000
121.059479,19.616000000
121.061800,19.617000000
121.068715,19.618000000
121.070924,19.619000000
121.073448,19.620000000
121.077058,19.621000000
121.081514,19.622000000
121.084044,19.623000000
121.090338,19.624000000
121.093044,19.625000000
121.117566,19.626000000
121.129663,19.627000000
121.140081,19.628000000
121.153049,19.629000000
121.162240,19.630000000
121.171613,19.631000000
121.183667,19.632000000
121.189790,19.633000000
121.202534,19.634000000
121.209482,19.635000000
121.220084,19.636000000
121.230334,19.637000000
121.238377,19.638000000
121.251747,19.639000000
121.256160,19.640000000
121.258240,19.641000000
121.262562,19.642000000
121.271770,19.643000000
121.276009,19.644000000
121.283053,19.645000000
121.296168,19.646000000
121.297862,19.647000000
121.311291,19.648000000
121.322395,19.649000000
121.330093,19.650000000
121.352688,19.651000000
121.360175,19.652000000
121.368544,19.653000000
121.380835,19.654000000
121.389341,19.655000000
121.395679,19.656000000
121.417032,19.657000000
121.424403,19.658000000
121.436029,19.659000000
121.445970,19.660000000
121.461399,19.661000000
121.461718,19.662000000
121.471107,19.663000000
121.484319,19.664000000
121.500013,19.665000000
121.508433,19.666000000
121.518663,19.667000000
121.538291,19.668000000
121.558639,19.669000000
121.558695,19.670000000
121.573801,19.671000000
121.576773,19.672000000
121.594203,19.673000000
121.594253,19.674000000
121.602604,19.675000000
121.615127,19.676000000
121.629745,19.677000000
121.640928,19.678000000
121.648066,19.679000000
121.670645,19.680000000
121.670715,19.681000000
121.688795,19.682000000
121.689819,19.683000000
121.719924,19.684000000
121.725317,19.685000000
121.730121,19.686000000
121.735326,19.687000000
121.769586,19.688000000
121.779790,19.689000000
121.785625,19.690000000
121.795539,19.691000000
121.810323,19.692000000
121.814474,19.693000000
121.824280,19.694000000
121.829648,19.695000000
121.840992,19.696000000
121.849012,19.697000000
121.856530,19.698000000
121.861928,19.699000000
121.870991,19.700000000
121.874116,19.701000000
121.883135,19.702000000
121.890154,19.703000000
121.910205,19.704000000
121.912307,19.705000000
121.930691,19.706000000
121.944152,19.707000000
121.948050,19.708000000
121.964479,19.709000000
121.973740,19.710000000
121.987428,19.711000000
121.991102,19.712000000
121.993219,19.713000000
122.005723,19.714000000
122.020320,19.715000000
122.022436,19.716000000
122.025968,19.717000000
122.028051,19.718000000
122.034702,19.719000000
122.036823,19.720000000
122.040242,19.721000000
122.043157,19.722000000
122.069497,19.723000000
122.076912,19.724000000
122.079237,19.725000000
122.082442,19.726000000
122.084162,19.727000000
122.086825,19.728000000
122.090439,19.729000000
122.102379,19.730000000
122.127943,19.731000000
122.144921,19.732000000
122.158271,19.733000000
122.163113,19.734000000
122.171615,19.735000000
122.187137,19.736000000
122.202333,19.737000000
122.212372,19.738000000
122.222811,19.739000000
122.230082,19.740000000
122.242284,19.741000000
122.247479,19.742000000
122.250211,19.743000000
122.253377,19.744000000
122.254791,19.745000000
122.266859,19.746000000
122.270774,19.747000000
122.282316,19.748000000
122.282741,19.749000000
122.288140,19.750000000
122.303260,19.751000000
122.304959,19.752000000
122.313235,19.753000000
122.313627,19.754000000
122.319298,19.755000000
122.328087,19.756000000
122.330642,19.757000000
122.334343,19.758000000
122.339968,19.759000000
122.340455,19.760000000
122.365180,19.761000000
122.372664,19.762000000
122.375128,19.763000000
122.379477,19.764000000
122.385438,19.765000000
122.404892,19.766000000
122.421319,19.767000000
122.422276,19.768000000
122.423262,19.769000000
122.432012,19.770000000
122.434341,19.771000000
122.442897,19.772000000
122.450947,19.773000000
122.451019,19.774000000
122.480051,19.775000000
122.486626,19.776000000
122.487070,19.777000000
122.494213,19.778000000
122.500011,19.779000000
122.500075,19.780000000
122.521819,19.781000000
122.533484,19.782000000
122.575526,19.783000000
122.586410,19.784000000
122.596301,19.785000000
122.611233,19.786000000
122.623032,19.787000000
122.634616,19.788000000
122.647482,19.789000000
122.664164,19.790000000
122.698856,19.791000000
122.734460,19.792000000
122.753414,19.793000000
122.767373,19.794000000
122.779378,19.795000000
122.790106,19.796000000
122.813219,19.797000000
122.821951,19.798000000
122.832835,19.799000000
122.841316,19.800000000
122.867498,19.801000000
122.877665,19.802000000
122.886522,19.803000000
122.895946,19.804000000
122.905433,19.805000000
122.917009,19.806000000
122.926736,19.807000000
122.935620,19.808000000
122.945523,19.809000000
122.956271,19.810000000
122.968955,19.811000000
122.979498,19.812000000
122.991354,19.813000000
122.998907,19.814000000
123.017989,19.815000000
123.029095,19.816000000
123.038924,19.817000000
123.048320,19.818000000
123.063522,19.819000000
123.075222,19.820000000
123.087167,19.821000000
123.114753,19.822000000
123.125247,19.823000000
123.139756,19.824000000
123.151431,19.825000000
123.159267,19.826000000
123.169266,19.827000000
123.173630,19.828000000
123.182048,19.829000000
123.187937,19.830000000
123.190806,19.831000000
123.199671,19.832000000
123.203475,19.833000000
123.211609,19.834000000
123.215662,19.835000000
123.236945,19.836000000
123.243451,19.837000000
123.250229,19.838000000
123.256320,19.839000000
123.259996,19.840000000
123.268504,19.841000000
123.286141,19.842000000
123.299073,19.843000000
123.303041,19.844000000
123.309712,19.845000000
123.341151,19.846000000
123.347288,19.847000000
123.356869,19.848000000
123.357363,19.849000000
123.379849,19.850000000
123.386462,19.851000000
123.394588,19.852000000
123.396846,19.853000000
123.406802,19.854000000
123.434751,19.855000000
123.439345,19.856000000
123.449535,19.857000000
123.460595,19.858000000
123.466330,19.859000000
123.475533,19.860000000
123.487985,19.861000000
123.499826,19.862000000
123.508414,19.863000000
123.519597,19.864000000
123.527570,19.865000000
123.547006,19.866000000
123.547116,19.867000000
123.547165,19.868000000
123.552157,19.869000000
123.552560,19.870000000
123.562567,19.871000000
123.562628,19.872000000
123.562668,19.873000000
123.576010,19.874000000
123.613007,19.875000000
123.637129,19.876000000
123.648685,19.877000000
123.661743,19.878000000
123.668087,19.879000000
123.670269,19.880000000
123.681651,19.881000000
123.698714,19.882000000
123.704692,19.883000000
123.714688,19.884000000
123.732110,19.885000000
123.739991,19.886000000
123.746969,19.887000000
123.762751,19.888000000
123.772987,19.889000000
123.783262,19.890000000
123.795516,19.891000000
123.807023,19.892000000
123.820224,19.893000000
123.822793,19.894000000
123.839109,19.895000000
123.843244,19.896000000
123.854493,19.897000000
123.860151,19.898000000
123.868759,19.899000000
123.877914,19.900000000
123.888736,19.901000000
123.895923,19.902000000
123.902825,19.903000000
123.917315,19.904000000
123.927653,19.905000000
123.941553,19.906000000
123.945053,19.907000000
123.955419,19.908000000
123.967211,19.909000000
123.986050,19.910000000
123.986222,19.911000000
123.987644,19.912000000
123.989701,19.913000000
124.052277,19.914000000
124.068066,19.915000000
124.081846,19.916000000
124.101949,19.917000000
124.116399,19.918000000
124.127628,19.919000000
124.133925,19.920000000
124.136631,19.921000000
124.146997,19.922000000
124.151578,19.923000000
124.159789,19.924000000
124.162611,19.925000000
124.167061,19.926000000
124.170611,19.927000000
124.185222,19.928000000
124.187714,19.929000000
124.203624,19.930000000
124.226314,19.931000000
124.237956,19.932000000
124.244342,19.933000000
124.253854,19.934000000
124.256881,19.935000000
124.272641,19.936000000
124.288394,19.937000000
124.298986,19.938000000
124.310358,19.939000000
124.314879,19.940000000
124.319788,19.941000000
124.336929,19.942000000
124.345394,19.943000000
124.353811,19.944000000
124.359850,19.945000000
124.376759,19.946000000
124.390491,19.947000000
124.404465,19.948000000
124.410324,19.949000000
124.436053,19.950000000
124.441990,19.951000000
124.446918,19.952000000
124.457225,19.953000000
124.459474,19.954000000
124.461844,19.955000000
124.463972,19.956000000
124.469363,19.957000000
124.475979,19.958000000
124.478393,19.959000000
124.480972,19.960000000
124.483751,19.961000000
124.488999,19.962000000
124.505389,19.963000000
124.509575,19.964000000
124.511864,19.965000000
124.514095,19.966000000
124.521952,19.967000000
124.524065,19.968000000
124.526998,19.969000000
124.559142,19.970000000
124.568810,19.971000000
124.593556,19.972000000
124.595985,19.973000000
124.601704,19.974000000
124.604139,19.975000000
124.606362,19.976000000
124.608530,19.977000000
124.612291,19.978000000
124.614556,19.979000000
124.621805,19.980000000
124.626343,19.981000000
124.633307,19.982000000
124.636513,19.983000000
124.646754,19.984000000
124.662980,19.985000000
124.666789,19.986000000
124.688911,19.987000000
124.705486,19.988000000
124.712582,19.989000000
124.742764,19.990000000
124.750982,19.991000000
124.767965,19.992000000
124.779794,19.993000000
124.782494,19.994000000
124.787126,19.995000000
124.793277,19.996000000
124.802844,19.997000000
124.806049,19.998000000
124.810013,19.999000000
124.813696,20.000000000
124.815253,20.001000000
124.824901,20.002000000
124.839688,20.003000000
124.846281,20.004000000
124.851792,20.005000000
124.854797,20.006000000
124.856830,20.007000000
124.899323,20.008000000
124.909741,20.009000000
124.916330,20.010000000
124.932824,20.011000000
124.935537,20.012000000
124.964576,20.013000000
124.975386,20.014000000
125.000839,20.015000000
125.002648,20.016000000
125.013783,20.017000000
125.022167,20.018000000
125.036439,20.019000000
125.055460,20.020000000
125.067784,20.021000000
125.067872,20.022000000
125.067887,20.023000000
125.075163,20.024000000
125.075210,20.025000000
125.077576,20.026000000
125.089349,20.027000000
125.089395,20.028000000
125.089404,20.029000000
125.096271,20.030000000
125.096306,20.031000000
125.097498,20.032000000
125.103521,20.033000000
125.103577,20.034000000
125.103588,20.035000000
125.124370,20.036000000
125.124425,20.037000000
125.124432,20.038000000
125.124435,20.039000000
125.141585,20.040000000
125.147814,20.041000000
125.151246,20.042000000
125.157960,20.043000000
125.164891,20.044000000
125.189583,20.045000000
125.209713,20.046000000
125.238372,20.047000000
125.267015,20.048000000
125.274916,20.049000000
125.285711,20.050000000
125.285760,20.051000000
125.290411,20.052000000
125.305277,20.053000000
125.312271,20.054000000
125.320238,20.055000000
125.320282,20.056000000
125.344444,20.057000000
125.354438,20.058000000
125.368759,20.059000000
125.368819,20.060000000
125.396446,20.061000000
125.396549,20.062000000
125.396592,20.063000000
125.396632,20.064000000
125.404346,20.065000000
125.414410,20.066000000
125.421397,20.067000000
125.432955,20.068000000
125.438502,20.069000000
125.447993,20.070000000
125.456814,20.071000000
125.465446,20.072000000
125.472501,20.073000000
125.478212,20.074000000
125.480423,20.075000000
125.485298,20.076000000
125.487741,20.077000000
125.489948,20.078000000
125.492183,20.079000000
125.496455,20.080000000
125.499102,20.081000000
125.503276,20.082000000
125.505705,20.083000000
125.508016,20.084000000
125.513313,20.085000000
125.526033,20.086000000
125.535578,20.087000000
125.538043,20.088000000
125.540344,20.089000000
125.545401,20.090000000
125.547839,20.091000000
125.552056,20.092000000
125.558418,20.093000000
125.563417,20.094000000
125.567554,20.095000000
125.575605,20.096000000
125.590790,20.097000000
125.603554,20.098000000
125.610388,20.099000000
125.616346,20.100000000
125.623740,20.101000000
125.639121,20.102000000
125.645108,20.103000000
125.650698,20.104000000
125.653648,20.105000000
125.661443,20.106000000
125.665624,20.107000000
125.670802,20.108000000
125.674938,20.109000000
125.677207,20.110000000
125.712667,20.111000000
125.712733,20.112000000
125.712775,20.113000000
125.713408,20.114000000
125.735543,20.115000000
125.756292,20.116000000
125.759824,20.117000000
125.786633,20.118000000
125.802036,20.119000000
125.805894,20.120000000
125.812797,20.121000000
125.834403,20.122000000
125.838153,20.123000000
125.842131,20.124000000
125.846238,20.125000000
125.855331,20.126000000
125.902848,20.127000000
125.929919,20.128000000
125.936719,20.129000000
125.956520,20.130000000
125.984485,20.131000000
125.984536,20.132000000
125.990279,20.133000000
125.994771,20.134000000
126.003522,20.135000000
126.011082,20.136000000
126.011159,20.137000000
126.020558,20.138000000
126.026816,20.139000000
126.034094,20.140000000
126.052927,20.141000000
126.074949,20.142000000
126.075003,20.143000000
126.075013,20.144000000
126.090834,20.145000000
126.094701,20.146000000
126.105151,20.147000000
126.113044,20.148000000
126.113086,20.149000000
126.150852,20.150000000
126.157910,20.151000000
126.165953,20.152000000
126.177407,20.153000000
126.191515,20.154000000
126.204887,20.155000000
126.213114,20.156000000
126.225971,20.157000000
126.226016,20.158000000
126.240009,20.159000000
126.249106,20.160000000
126.261327,20.161000000
126.263368,20.162000000
126.269370,20.163000000
126.273433,20.164000000
126.280156,20.165000000
126.294022,20.166000000
126.294104,20.167000000
126.294115,20.168000000
126.310112,20.169000000
126.310179,20.170000000
126.310190,20.171000000
126.310199,20.172000000
126.310207,20.173000000
126.320616,20.174000000
126.320663,20.175000000
126.320673,20.176000000
126.326448,20.177000000
126.334569,20.178000000
126.334615,20.179000000
126.340922,20.180000000
126.366537,20.181000000
126.373282,20.182000000
126.373330,20.183000000
126.390031,20.184000000
126.400326,20.185000000
126.400372,20.186000000
126.410981,20.187000000
126.411026,20.188000000
126.415904,20.189000000
126.416318,20.190000000
126.434710,20.191000000
126.434765,20.192000000
126.434775,20.193000000
126.450765,20.194000000
126.450836,20.195000000
126.450847,20.196000000
126.450882,20.197000000
126.450891,20.198000000
126.450899,20.199000000
126.450907,20.200000000
126.453291,20.201000000
126.454305,20.202000000
126.459445,20.203000000
126.459486,20.204000000
126.475509,20.205000000
126.475572,20.206000000
126.475613,20.207000000
126.488902,20.208000000
126.499483,20.209000000
126.503176,20.210000000
126.513650,20.211000000
126.517170,20.212000000
126.525035,20.213000000
126.532664,20.214000000
126.534940,20.215000000
126.541787,20.216000000
126.541881,20.217000000
126.549187,20.218000000
126.549238,20.219000000
126.557974,20.220000000
126.580877,20.221000000
126.593778,20.222000000
126.601839,20.223000000
126.615461,20.224000000
126.641917,20.225000000
126.646254,20.226000000
126.662352,20.227000000
126.671248,20.228000000
126.696439,20.229000000
126.716660,20.230000000
126.718611,20.231000000
126.744503,20.232000000
126.758857,20.233000000
126.764102,20.234000000
126.765918,20.235000000
126.770155,20.236000000
126.773908,20.237000000
126.801682,20.238000000
126.822289,20.239000000
126.850410,20.240000000
126.860897,20.241000000
126.865460,20.242000000
126.906313,20.243000000
126.924524,20.244000000
126.933091,20.245000000
126.967011,20.246000000
126.979473,20.247000000
126.986466,20.248000000
127.001652,20.249000000
127.011710,20.250000000
127.023281,20.251000000
127.031689,20.252000000
127.069282,20.253000000
127.075482,20.254000000
127.079561,20.255000000
127.085598,20.256000000
127.101921,20.257000000
127.119059,20.258000000
127.136645,20.259000000
127.150121,20.260000000
127.159806,20.261000000
127.174687,20.262000000
127.180210,20.263000000
127.192101,20.264000000
127.195644,20.265000000
127.208592,20.266000000
127.220193,20.267000000
127.225413,20.268000000
127.232158,20.269000000
127.241577,20.270000000
127.251858,20.271000000
127.255880,20.272000000
127.266581,20.273000000
127.272581,20.274000000
127.284745,20.275000000
127.294480,20.276000000
127.296994,20.277000000
127.308481,20.278000000
127.316340,20.279000000
127.323404,20.280000000
127.330188,20.281000000
127.363610,20.282000000
127.369864,20.283000000
127.377043,20.284000000
127.407780,20.285000000
127.410202,20.286000000
127.419269,20.287000000
127.427162,20.288000000
127.429566,20.289000000
127.453344,20.290000000
127.464577,20.291000000
127.487151,20.292000000
127.489571,20.293000000
127.497018,20.294000000
127.503983,20.295000000
127.507865,20.296000000
127.516867,20.297000000
127.533225,20.298000000
127.539092,20.299000000
127.560354,20.300000000
127.562693,20.301000000
127.567050,20.302000000
127.587507,20.303000000
127.594244,20.304000000
127.607778,20.305000000
127.615788,20.306000000
127.618545,20.307000000
127.624588,20.308000000
127.627855,20.309000000
127.630475,20.310000000
127.632926,20.311000000
127.635199,20.312000000
127.637443,20.313000000
127.639725,20.314000000
127.642073,20.315000000
127.644286,20.316000000
127.647673,20.317000000
127.650141,20.318000000
127.655130,20.319000000
127.658632,20.320000000
127.669722,20.321000000
127.675653,20.322000000
127.692379,20.323000000
127.699659,20.324000000
127.705701,20.325000000
127.710695,20.326000000
127.717219,20.327000000
127.724183,20.328000000
127.730693,20.329000000
127.735535,20.330000000
127.740327,20.331000000
127.752311,20.332000000
127.760834,20.333000000
127.765444,20.334000000
127.769210,20.335000000
127.784989,20.336000000
127.789612,20.337000000
127.797311,20.338000000
127.801701,20.339000000
127.809063,20.340000000
127.813229,20.341000000
127.830009,20.342000000
127.833205,20.343000000
127.841489,20.344000000
127.854082,20.345000000
127.859636,20.346000000
127.866766,20.347000000
127.895770,20.348000000
127.908971,20.349000000
127.916801,20.350000000
127.929020,20.351000000
127.937585,20.352000000
127.943640,20.353000000
127.951683,20.354000000
127.955543,20.355000000
127.961835,20.356000000
127.967261,20.357000000
127.977470,20.358000000
127.984946,20.359000000
127.995453,20.360000000
127.999555,20.361000000
128.007150,20.362000000
128.044651,20.363000000
128.049782,20.364000000
128.077559,20.365000000
128.091563,20.366000000
128.100378,20.367000000
128.111691,20.368000000
128.115359,20.369000000
128.132874,20.370000000
128.141731,20.371000000
128.148077,20.372000000
128.154681,20.373000000
128.162427,20.374000000
128.167721,20.375000000
128.204017,20.376000000
128.209993,20.377000000
128.221455,20.378000000
128.231234,20.379000000
128.243686,20.380000000
128.252120,20.381000000
128.257344,20.382000000
128.269442,20.383000000
128.276235,20.384000000
128.281640,20.385000000
128.287896,20.386000000
128.293677,20.387000000
128.302396,20.388000000
128.306770,20.389000000
128.310861,20.390000000
128.314397,20.391000000
128.344045,20.392000000
128.347415,20.393000000
128.366023,20.394000000
128.371466,20.395000000
128.379963,20.396000000
128.384869,20.397000000
128.389360,20.398000000
128.393524,20.399000000
128.411134,20.400000000
128.421498,20.401000000
128.431430,20.402000000
128.435948,20.403000000
128.441076,20.404000000
128.461738,20.405000000
128.471215,20.406000000
128.479570,20.407000000
128.491129,20.408000000
128.497273,20.409000000
128.508389,20.410000000
128.527153,20.411000000
128.546382,20.412000000
128.557718,20.413000000
128.564937,20.414000000
128.575801,20.415000000
128.582710,20.416000000
128.594462,20.417000000
128.600083,20.418000000
128.613523,20.419000000
128.628034,20.420000000
128.632690,20.421000000
128.636626,20.422000000
128.657898,20.423000000
128.662424,20.424000000
128.670363,20.425000000
128.684400,20.426000000
128.692685,20.427000000
128.698170,20.428000000
128.722965,20.429000000
128.733413,20.430000000
128.737204,20.431000000
128.741024,20.432000000
128.754690,20.433000000
128.759141,20.434000000
128.765436,20.435000000
128.792316,20.436000000
128.806043,20.437000000
128.815472,20.438000000
128.821494,20.439000000
128.832058,20.440000000
128.841886,20.441000000
128.851990,20.442000000
128.858620,20.443000000
128.868365,20.444000000
128.880769,20.445000000
128.888393,20.446000000
128.894174,20.447000000
128.902233,20.448000000
128.907228,20.449000000
128.915540,20.450000000
128.948354,20.451000000
128.956391,20.452000000
128.961040,20.453000000
128.993097,20.454000000
129.008096,20.455000000
129.014290,20.456000000
129.026297,20.457000000
129.029001,20.458000000
129.034648,20.459000000
129.043205,20.460000000
129.064933,20.461000000
129.067511,20.462000000
129.077074,20.463000000
129.086678,20.464000000
129.090574,20.465000000
129.118492,20.466000000
129.128712,20.467000000
129.139426,20.468000000
129.148334,20.469000000
129.165423,20.470000000
129.175332,20.471000000
129.185866,20.472000000
129.196536,20.473000000
129.202310,20.474000000
129.222179,20.475000000
129.231793,20.476000000
129.241221,20.477000000
129.248013,20.478000000
129.275293,20.479000000
129.282109,20.480000000
129.285917,20.481000000
129.301728,20.482000000
129.308576,20.483000000
129.316741,20.484000000
129.320758,20.485000000
129.331130,20.486000000
129.336905,20.487000000
129.357961,20.488000000
129.365124,20.489000000
129.375717,20.490000000
129.401086,20.491000000
129.410675,20.492000000
129.435821,20.493000000
129.438432,20.494000000
129.451665,20.495000000
129.458853,20.496000000
129.465805,20.497000000
129.477919,20.498000000
129.488010,20.499000000
129.494810,20.500000000
129.499191,20.501000000
129.510036,20.502000000
129.528475,20.503000000
129.540785,20.504000000
129.551846,20.505000000
129.565692,20.506000000
129.569861,20.507000000
129.590092,20.508000000
129.605790,20.509000000
129.625795,20.510000000
129.631638,20.511000000
129.642199,20.512000000
129.656104,20.513000000
129.659762,20.514000000
129.668070,20.515000000
129.673529,20.516000000
129.697956,20.517000000
129.707318,20.518000000
129.719395,20.519000000
129.724295,20.520000000
129.729178,20.521000000
129.732007,20.522000000
129.752948,20.523000000
129.757697,20.524000000
129.768599,20.525000000
129.779472,20.526000000
129.789097,20.527000000
129.797572,20.528000000
129.802992,20.529000000
129.834857,20.530000000
129.846762,20.531000000
129.854552,20.532000000
129.863524,20.533000000
129.870163,20.534000000
129.881905,20.535000000
129.887440,20.536000000
129.891753,20.537000000
129.917851,20.538000000
129.921543,20.539000000
129.936552,20.540000000
129.946948,20.541000000
129.951325,20.542000000
129.966527,20.543000000
129.975292,20.544000000
129.979204,20.545000000
129.984239,20.546000000
129.990556,20.547000000
130.016051,20.548000000
130.020471,20.549000000
130.038252,20.550000000
130.042340,20.551000000
130.053112,20.552000000
130.096607,20.553000000
130.105242,20.554000000
130.118555,20.555000000
130.120265,20.556000000
130.132214,20.557000000
130.146753,20.558000000
130.151984,20.559000000
130.159106,20.560000000
130.164961,20.561000000
130.173392,20.562000000
130.175757,20.563000000
130.183213,20.564000000
130.191824,20.565000000
130.194793,20.566000000
130.218848,20.567000000
130.229145,20.568000000
130.237257,20.569000000
130.265427,20.570000000
130.273216,20.571000000
130.284186,20.572000000
130.295488,20.573000000
130.303427,20.574000000
130.310678,20.575000000
130.333000,20.576000000
130.336284,20.577000000
130.344942,20.578000000
130.361920,20.579000000
130.391396,20.580000000
130.394909,20.581000000
130.406288,20.582000000
130.413221,20.583000000
130.424626,20.584000000
130.430014,20.585000000
130.442650,20.586000000
130.448479,20.587000000
130.463781,20.588000000
130.470100,20.589000000
130.481252,20.590000000
130.489598,20.591000000
130.503295,20.592000000
130.505359,20.593000000
130.515498,20.594000000
130.535460,20.595000000
130.548919,20.596000000
130.565012,20.597000000
130.566002,20.598000000
130.574109,20.599000000
130.585032,20.600000000
130.587851,20.601000000
130.592115,20.602000000
130.600878,20.603000000
130.625553,20.604000000
130.630577,20.605000000
130.653764,20.606000000
130.661439,20.607000000
130.701623,20.608000000
130.709917,20.609000000
130.723306,20.610000000
130.732857,20.611000000
130.739426,20.612000000
130.748796,20.613000000
130.753772,20.614000000
130.767707,20.615000000
130.771188,20.616000000
130.775348,20.617000000
130.793903,20.618000000
130.799168,20.619000000
130.813590,20.620000000
130.821199,20.621000000
130.829150,20.622000000
130.838986,20.623000000
130.843493,20.624000000
130.847153,20.625000000
130.857618,20.626000000
130.867142,20.627000000
130.876256,20.628000000
130.888707,20.629000000
130.898504,20.630000000
130.908316,20.631000000
130.915690,20.632000000
130.924171,20.633000000
130.929216,20.634000000
130.951894,20.635000000
130.959506,20.636000000
130.970069,20.637000000
130.972666,20.638000000
130.992716,20.639000000
131.002171,20.640000000
131.013904,20.641000000
131.022602,20.642000000
131.035234,20.643000000
131.046280,20.644000000
131.064235,20.645000000
131.066534,20.646000000
131.078678,20.647000000
131.100692,20.648000000
131.120596,20.649000000
131.136064,20.650000000
131.136117,20.651000000
131.136127,20.652000000
131.139993,20.653000000
131.140036,20.654000000
131.156498,20.655000000
131.156547,20.656000000
131.162743,20.657000000
131.182158,20.658000000
131.184842,20.659000000
131.202560,20.660000000
131.216596,20.661000000
131.216670,20.662000000
131.216681,20.663000000
131.216691,20.664000000
131.242457,20.665000000
131.268126,20.666000000
131.280315,20.667000000
131.283418,20.668000000
131.305669,20.669000000
131.316489,20.670000000
131.324486,20.671000000
131.326195,20.672000000
131.356325,20.673000000
131.361751,20.674000000
131.375414,20.675000000
131.375482,20.676000000
131.396198,20.677000000
131.396243,20.678000000
131.405994,20.679000000
131.413699,20.680000000
131.420010,20.681000000
131.429492,20.682000000
131.443061,20.683000000
131.448100,20.684000000
131.455872,20.685000000
131.460237,20.686000000
131.477064,20.687000000
131.479530,20.688000000
131.485741,20.689000000
131.510926,20.690000000
131.514765,20.691000000
131.519390,20.692000000
131.529327,20.693000000
131.531336,20.694000000
131.544727,20.695000000
131.561648,20.696000000
131.577813,20.697000000
131.592193,20.698000000
131.600710,20.699000000
131.612242,20.700000000
131.626196,20.701000000
131.634361,20.702000000
131.643169,20.703000000
131.657845,20.704000000
131.669336,20.705000000
131.679620,20.706000000
131.689851,20.707000000
131.698533,20.708000000
131.704976,20.709000000
131.714480,20.710000000
131.718519,20.711000000
131.725547,20.712000000
131.733363,20.713000000
131.739469,20.714000000
131.747497,20.715000000
131.754234,20.716000000
131.760117,20.717000000
131.766188,20.718000000
131.775864,20.719000000
131.783561,20.720000000
131.789934,20.721000000
131.804514,20.722000000
131.811445,20.723000000
131.824447,20.724000000
131.839634,20.725000000
131.853473,20.726000000
131.861314,20.727000000
131.872288,20.728000000
131.881835,20.729000000
131.887833,20.730000000
131.893167,20.731000000
131.901027,20.732000000
131.913633,20.733000000
131.922858,20.734000000
131.930596,20.735000000
131.942160,20.736000000
131.952355,20.737000000
131.960265,20.738000000
131.967012,20.739000000
131.977591,20.740000000
131.986442,20.741000000
131.995962,20.742000000
132.004213,20.743000000
132.010387,20.744000000
132.010849,20.745000000
132.022942,20.746000000
132.037307,20.747000000
132.046843,20.748000000
132.053680,20.749000000
132.065133,20.750000000
132.080329,20.751000000
132.099884,20.752000000
132.105213,20.753000000
132.107873,20.754000000
132.114568,20.755000000
132.152886,20.756000000
132.156939,20.757000000
132.158556,20.758000000
132.177511,20.759000000
132.210393,20.760000000
132.210442,20.761000000
132.235743,20.762000000
132.249412,20.763000000
132.272428,20.764000000
132.277626,20.765000000
132.285321,20.766000000
132.293838,20.767000000
132.312812,20.768000000
132.312866,20.769000000
132.312876,20.770000000
132.329512,20.771000000
132.329559,20.772000000
132.341527,20.773000000
132.341578,20.774000000
132.345694,20.775000000
132.355712,20.776000000
132.357407,20.777000000
132.371693,20.778000000
132.386336,20.779000000
132.415606,20.780000000
132.426555,20.781000000
132.434317,20.782000000
132.434363,20.783000000
132.449767,20.784000000
132.465160,20.785000000
132.465231,20.786000000
132.483614,20.787000000
132.505374,20.788000000
132.516843,20.789000000
132.540639,20.790000000
132.544833,20.791000000
132.550380,20.792000000
132.551026,20.793000000
132.558803,20.794000000
132.565412,20.795000000
132.575874,20.796000000
132.579854,20.797000000
132.585919,20.798000000
132.585966,20.799000000
132.586858,20.800000000
132.590128,20.801000000
132.599442,20.802000000
132.601737,20.803000000
132.608594,20.804000000
132.608644,20.805000000
132.612065,20.806000000
132.612191,20.807000000
132.654224,20.808000000
132.674256,20.809000000
132.681366,20.810000000
132.691368,20.811000000
132.702226,20.812000000
132.711979,20.813000000
132.728245,20.814000000
132.739849,20.815000000
132.758272,20.816000000
132.776514,20.817000000
132.789261,20.818000000
132.789304,20.819000000
132.799393,20.820000000
132.802279,20.821000000
132.812720,20.822000000
132.845867,20.823000000
132.858648,20.824000000
132.870794,20.825000000
132.888489,20.826000000
132.894325,20.827000000
132.915477,20.828000000
132.920076,20.829000000
132.943610,20.830000000
132.950284,20.831000000
132.962017,20.832000000
132.972592,20.833000000
132.979938,20.834000000
132.999197,20.835000000
133.003155,20.836000000
133.015981,20.837000000
133.024787,20.838000000
133.029259,20.839000000
133.032963,20.840000000
133.037378,20.841000000
133.041540,20.842000000
133.045164,20.843000000
133.050719,20.844000000
133.054417,20.845000000
133.059978,20.846000000
133.062099,20.847000000
133.066411,20.848000000
133.070168,20.849000000
133.076936,20.850000000
133.081458,20.851000000
133.087280,20.852000000
133.115622,20.853000000
133.130553,20.854000000
133.142142,20.855000000
133.146349,20.856000000
133.182513,20.857000000
133.197371,20.858000000
133.203546,20.859000000
133.210978,20.860000000
133.215781,20.861000000
133.243758,20.862000000
133.252084,20.863000000
133.257064,20.864000000
133.260504,20.865000000
133.264669,20.866000000
133.285289,20.867000000
133.291821,20.868000000
133.297340,20.869000000
133.301679,20.870000000
133.309730,20.871000000
133.313797,20.872000000
133.323008,20.873000000
133.340579,20.874000000
133.361315,20.875000000
133.371566,20.876000000
133.386557,20.877000000
133.394394,20.878000000
133.402910,20.879000000
133.417051,20.880000000
133.429531,20.881000000
133.429585,20.882000000
133.429595,20.883000000
133.431846,20.884000000
133.434077,20.885000000
133.437137,20.886000000
133.441420,20.887000000
133.441462,20.888000000
133.459605,20.889000000
133.461923,20.890000000
133.464254,20.891000000
133.471410,20.892000000
133.478758,20.893000000
133.479347,20.894000000
133.481586,20.895000000
133.489230,20.896000000
133.510946,20.897000000
133.515352,20.898000000
133.534012,20.899000000
133.540006,20.900000000
133.546147,20.901000000
133.550200,20.902000000
133.557165,20.903000000
133.559733,20.904000000
133.567842,20.905000000
133.575072,20.906000000
133.575449,20.907000000
133.583839,20.908000000
133.589105,20.909000000
133.613239,20.910000000
133.613290,20.911000000
133.618678,20.912000000
133.631108,20.913000000
133.631152,20.914000000
133.670437,20.915000000
133.673855,20.916000000
133.682445,20.917000000
133.695791,20.918000000
133.695854,20.919000000
133.713142,20.920000000
133.713200,20.921000000
133.722912,20.922000000
133.746253,20.923000000
133.748436,20.924000000
133.781654,20.925000000
133.790738,20.926000000
133.794096,20.927000000
133.803144,20.928000000
133.803827,20.929000000
133.811519,20.930000000
133.811595,20.931000000
133.858778,20.932000000
133.858848,20.933000000
133.884546,20.934000000
133.884608,20.935000000
133.884650,20.936000000
133.894455,20.937000000
133.930264,20.938000000
133.937966,20.939000000
133.945806,20.940000000
133.946297,20.941000000
133.969953,20.942000000
133.970020,20.943000000
134.022074,20.944000000
134.031423,20.945000000
134.037668,20.946000000
134.046204,20.947000000
134.046247,20.948000000
134.063295,20.949000000
134.080359,20.950000000
134.102800,20.951000000
134.114430,20.952000000
134.123673,20.953000000
134.135189,20.954000000
134.147495,20.955000000
134.161785,20.956000000
134.163518,20.957000000
134.177245,20.958000000
134.177308,20.959000000
134.188997,20.960000000
134.189670,20.961000000
134.197523,20.962000000
134.199624,20.963000000
134.212166,20.964000000
134.212229,20.965000000
134.212710,20.966000000
134.237955,20.967000000
134.255661,20.968000000
134.255723,20.969000000
134.255767,20.970000000
134.267208,20.971000000
134.267409,20.972000000
134.279385,20.973000000
134.283049,20.974000000
134.291580,20.975000000
134.312466,20.976000000
134.314926,20.977000000
134.323827,20.978000000
134.324835,20.979000000
134.348214,20.980000000
134.357866,20.981000000
134.386748,20.982000000
134.398752,20.983000000
134.414776,20.984000000
134.420111,20.985000000
134.439652,20.986000000
134.454340,20.987000000
134.467911,20.988000000
134.471083,20.989000000
134.487099,20.990000000
134.500615,20.991000000
134.508464,20.992000000
134.516540,20.993000000
134.521598,20.994000000
134.529607,20.995000000
134.544397,20.996000000
134.549697,20.997000000
134.573691,20.998000000
134.586899,20.999000000
134.620059,21.000000000
134.631853,21.001000000
134.646057,21.002000000
134.658234,21.003000000
134.662674,21.004000000
134.672676,21.005000000
134.674968,21.006000000
134.681415,21.007000000
134.686711,21.008000000
134.691029,21.009000000
134.695200,21.010000000
134.697821,21.011000000
134.704211,21.012000000
134.709484,21.013000000
134.713717,21.014000000
134.717675,21.015000000
134.719867,21.016000000
134.728054,21.017000000
134.735693,21.018000000
134.744200,21.019000000
134.752121,21.020000000
134.757782,21.021000000
134.765487,21.022000000
134.771350,21.023000000
134.777722,21.024000000
134.783854,21.025000000
134.806679,21.026000000
134.809418,21.027000000
134.824777,21.028000000
134.843252,21.029000000
134.847976,21.030000000
134.865892,21.031000000
134.876406,21.032000000
134.888765,21.033000000
134.906937,21.034000000
134.912706,21.035000000
134.927881,21.036000000
134.940147,21.037000000
134.954186,21.038000000
134.975496,21.039000000
134.980787,21.040000000
135.003163,21.041000000
135.010348,21.042000000
135.016770,21.043000000
135.025466,21.044000000
135.035226,21.045000000
135.038692,21.046000000
135.053471,21.047000000
135.063651,21.048000000
135.074407,21.049000000
135.081517,21.050000000
135.089002,21.051000000
135.099426,21.052000000
135.103278,21.053000000
135.113636,21.054000000
135.123290,21.055000000
135.130069,21.056000000
135.137744,21.057000000
135.144300,21.058000000
135.161821,21.059000000
135.177600,21.060000000
135.194787,21.061000000
135.199775,21.062000000
135.201975,21.063000000
135.207541,21.064000000
135.209762,21.065000000
135.212081,21.066000000
135.222484,21.067000000
135.222543,21.068000000
135.245095,21.069000000
135.246804,21.070000000
135.255281,21.071000000
135.273737,21.072000000
135.285080,21.073000000
135.292190,21.074000000
135.308440,21.075000000
135.318194,21.076000000
135.336222,21.077000000
135.347803,21.078000000
135.362731,21.079000000
135.375021,21.080000000
135.384807,21.081000000
135.394508,21.082000000
135.403763,21.083000000
135.414551,21.084000000
135.430287,21.085000000
135.439444,21.086000000
135.446332,21.087000000
135.461260,21.088000000
135.473238,21.089000000
135.477936,21.090000000
135.481950,21.091000000
135.486294,21.092000000
135.488492,21.093000000
135.507360,21.094000000
135.516820,21.095000000
135.531713,21.096000000
135.546855,21.097000000
135.568696,21.098000000
135.571561,21.099000000
135.584590,21.100000000
135.594051,21.101000000
135.596467,21.102000000
135.598764,21.103000000
135.616636,21.104000000
135.634103,21.105000000
135.637245,21.106000000
135.653239,21.107000000
135.660260,21.108000000
135.672608,21.109000000
135.681220,21.110000000
135.701002,21.111000000
135.710885,21.112000000
135.720842,21.113000000
135.740862,21.114000000
135.753223,21.115000000
135.763364,21.116000000
135.776693,21.117000000
135.790983,21.118000000
135.803379,21.119000000
135.816134,21.120000000
135.827249,21.121000000
135.840983,21.122000000
135.847583,21.123000000
135.866363,21.124000000
135.880396,21.125000000
135.901200,21.126000000
135.904683,21.127000000
135.926982,21.128000000
135.945028,21.129000000
135.957809,21.130000000
135.964295,21.131000000
135.968829,21.132000000
135.975734,21.133000000
136.001185,21.134000000
136.005093,21.135000000
136.013963,21.136000000
136.026685,21.137000000
136.035124,21.138000000
136.053225,21.139000000
136.059716,21.140000000
136.086880,21.141000000
136.088742,21.142000000
136.103701,21.143000000
136.105700,21.144000000
136.116859,21.145000000
136.124187,21.146000000
136.162452,21.147000000
136.165918,21.148000000
136.181708,21.149000000
136.194314,21.150000000
136.233223,21.151000000
136.233275,21.152000000
136.233303,21.153000000
136.249061,21.154000000
136.251277,21.155000000
136.269666,21.156000000
136.269752,21.157000000
136.269763,21.158000000
136.269772,21.159000000
136.277792,21.160000000
136.277842,21.161000000
136.277853,21.162000000
136.301636,21.163000000
136.314442,21.164000000
136.314520,21.165000000
136.314551,21.166000000
136.315615,21.167000000
136.319450,21.168000000
136.331432,21.169000000
136.334828,21.170000000
136.335778,21.171000000
136.342748,21.172000000
136.352515,21.173000000
136.352564,21.174000000
136.352575,21.175000000
136.367102,21.176000000
136.367182,21.177000000
136.367193,21.178000000
136.376253,21.179000000
136.376303,21.180000000
136.376313,21.181000000
136.398714,21.182000000
136.409307,21.183000000
136.409354,21.184000000
136.410772,21.185000000
136.413255,21.186000000
136.425059,21.187000000
136.425142,21.188000000
136.435227,21.189000000
136.445131,21.190000000
136.445183,21.191000000
136.445194,21.192000000
136.493292,21.193000000
136.508075,21.194000000
136.515462,21.195000000
136.536072,21.196000000
136.541639,21.197000000
136.548656,21.198000000
136.559502,21.199000000
136.572092,21.200000000
136.578927,21.201000000
136.587807,21.202000000
136.598258,21.203000000
136.616412,21.204000000
136.619537,21.205000000
136.627949,21.206000000
136.643660,21.207000000
136.653530,21.208000000
136.653576,21.209000000
136.655315,21.210000000
136.664644,21.211000000
136.664695,21.212000000
136.664705,21.213000000
136.670482,21.214000000
136.670535,21.215000000
136.695473,21.216000000
136.695570,21.217000000
136.695580,21.218000000
136.695589,21.219000000
136.695597,21.220000000
136.695605,21.221000000
136.695612,21.222000000
136.709750,21.223000000
136.714592,21.224000000
136.729729,21.225000000
136.729792,21.226000000
136.729829,21.227000000
136.729839,21.228000000
136.729848,21.229000000
136.736311,21.230000000
136.739837,21.231000000
136.769362,21.232000000
136.769415,21.233000000
136.769425,21.234000000
136.785533,21.235000000
136.785605,21.236000000
136.785642,21.237000000
136.785652,21.238000000
136.795131,21.239000000
136.801061,21.240000000
136.804961,21.241000000
136.805006,21.242000000
136.811565,21.243000000
136.822953,21.244000000
136.823006,21.245000000
136.823017,21.246000000
136.846959,21.247000000
136.852310,21.248000000
136.872469,21.249000000
136.872534,21.250000000
136.872545,21.251000000
136.872554,21.252000000
136.872562,21.253000000
136.892935,21.254000000
136.896832,21.255000000
136.908254,21.256000000
136.912581,21.257000000
136.918416,21.258000000
136.926497,21.259000000
136.926553,21.260000000
136.931707,21.261000000
136.934986,21.262000000
136.952475,21.263000000
136.954474,21.264000000
136.969217,21.265000000
136.976497,21.266000000
136.988492,21.267000000
136.997871,21.268000000
137.013014,21.269000000
137.024590,21.270000000
137.033746,21.271000000
137.045789,21.272000000
137.056933,21.273000000
137.071255,21.274000000
137.090556,21.275000000
137.114215,21.276000000
137.137110,21.277000000
137.142695,21.278000000
137.148082,21.279000000
137.148164,21.280000000
137.150929,21.281000000
137.153993,21.282000000
137.166643,21.283000000
137.176685,21.284000000
137.179905,21.285000000
137.193600,21.286000000
137.193675,21.287000000
137.199892,21.288000000
137.200262,21.289000000
137.211552,21.290000000
137.211607,21.291000000
137.211617,21.292000000
137.217834,21.293000000
137.217876,21.294000000
137.225448,21.295000000
137.225487,21.296000000
137.229637,21.297000000
137.270018,21.298000000
137.280250,21.299000000
137.288286,21.300000000
137.295475,21.301000000
137.306784,21.302000000
137.306834,21.303000000
137.309633,21.304000000
137.312266,21.305000000
137.317123,21.306000000
137.317202,21.307000000
137.318649,21.308000000
137.324409,21.309000000
137.332468,21.310000000
137.332521,21.311000000
137.333769,21.312000000
137.337552,21.313000000
137.342180,21.314000000
137.345609,21.315000000
137.375090,21.316000000
137.390003,21.317000000
137.397048,21.318000000
137.405792,21.319000000
137.425770,21.320000000
137.432628,21.321000000
137.436858,21.322000000
137.448812,21.323000000
137.466175,21.324000000
137.468479,21.325000000
137.482336,21.326000000
137.494306,21.327000000
137.498143,21.328000000
137.501162,21.329000000
137.503986,21.330000000
137.511832,21.331000000
137.514821,21.332000000
137.517952,21.333000000
137.520582,21.334000000
137.522870,21.335000000
137.525243,21.336000000
137.527518,21.337000000
137.545378,21.338000000
137.547655,21.339000000
137.549744,21.340000000
137.552711,21.341000000
137.556012,21.342000000
137.558262,21.343000000
137.560805,21.344000000
137.564163,21.345000000
137.566777,21.346000000
137.585615,21.347000000
137.590102,21.348000000
137.593179,21.349000000
137.596678,21.350000000
137.600328,21.351000000
137.610838,21.352000000
137.613616,21.353000000
137.619334,21.354000000
137.624155,21.355000000
137.626305,21.356000000
137.628990,21.357000000
137.632019,21.358000000
137.652458,21.359000000
137.654617,21.360000000
137.657171,21.361000000
137.659317,21.362000000
137.663166,21.363000000
137.674425,21.364000000
137.677450,21.365000000
137.680019,21.366000000
137.682950,21.367000000
137.687552,21.368000000
137.713785,21.369000000
137.726859,21.370000000
137.736199,21.371000000
137.761299,21.372000000
137.779272,21.373000000
137.786897,21.374000000
137.799920,21.375000000
137.807344,21.376000000
137.817953,21.377000000
137.824765,21.378000000
137.839285,21.379000000
137.854531,21.380000000
137.867065,21.381000000
137.874547,21.382000000
137.884125,21.383000000
137.884890,21.384000000
137.892842,21.385000000
137.894743,21.386000000
137.900326,21.387000000
137.918144,21.388000000
137.931844,21.389000000
137.940441,21.390000000
137.946281,21.391000000
137.952780,21.392000000
137.983774,21.393000000
137.998013,21.394000000
138.012189,21.395000000
138.021271,21.396000000
138.027956,21.397000000
138.035628,21.398000000
138.060086,21.399000000
138.070821,21.400000000
138.076181,21.401000000
138.090227,21.402000000
138.105113,21.403000000
138.141273,21.404000000
138.160581,21.405000000
138.164422,21.406000000
138.171344,21.407000000
138.190805,21.408000000
138.220252,21.409000000
138.233534,21.410000000
138.253811,21.411000000
138.276959,21.412000000
138.300680,21.413000000
138.311576,21.414000000
138.318743,21.415000000
138.349864,21.416000000
138.373306,21.417000000
138.380613,21.418000000
138.384692,21.419000000
138.393828,21.420000000
138.397439,21.421000000
138.422282,21.422000000
138.425530,21.423000000
138.436964,21.424000000
138.456548,21.425000000
138.460964,21.426000000
138.471494,21.427000000
138.516890,21.428000000
138.530364,21.429000000
138.544394,21.430000000
138.550820,21.431000000
138.568287,21.432000000
138.585358,21.433000000
138.603789,21.434000000
138.615778,21.435000000
138.622025,21.436000000
138.630438,21.437000000
138.638475,21.438000000
138.640632,21.439000000
138.647361,21.440000000
138.652541,21.441000000
138.674505,21.442000000
138.677047,21.443000000
138.681512,21.444000000
138.693689,21.445000000
138.708041,21.446000000
138.708605,21.447000000
138.716139,21.448000000
138.718319,21.449000000
138.730817,21.450000000
138.734726,21.451000000
138.754416,21.452000000
138.762069,21.453000000
138.779108,21.454000000
138.786606,21.455000000
138.789037,21.456000000
138.801221,21.457000000
138.807170,21.458000000
138.817014,21.459000000
138.837743,21.460000000
138.839600,21.461000000
138.850956,21.462000000
138.853899,21.463000000
138.873281,21.464000000
138.875746,21.465000000
138.887945,21.466000000
138.893393,21.467000000
138.909938,21.468000000
138.914272,21.469000000
138.920227,21.470000000
138.929107,21.471000000
138.931429,21.472000000
138.934042,21.473000000
138.936475,21.474000000
138.939160,21.475000000
138.943147,21.476000000
138.945806,21.477000000
138.950789,21.478000000
138.957082,21.479000000
138.959657,21.480000000
138.963236,21.481000000
138.965740,21.482000000
138.970033,21.483000000
138.972857,21.484000000
138.976767,21.485000000
138.986575,21.486000000
138.999921,21.487000000
139.010017,21.488000000
139.021241,21.489000000
139.039425,21.490000000
139.047622,21.491000000
139.058659,21.492000000
139.060921,21.493000000
139.064135,21.494000000
139.069100,21.495000000
139.072773,21.496000000
139.079901,21.497000000
139.082269,21.498000000
139.087848,21.499000000
139.090194,21.500000000
139.100444,21.501000000
139.104453,21.502000000
139.108398,21.503000000
139.111985,21.504000000
139.117811,21.505000000
139.121072,21.506000000
139.124911,21.507000000
139.127617,21.508000000
139.132154,21.509000000
139.135803,21.510000000
139.161668,21.511000000
139.163939,21.512000000
139.166148,21.513000000
139.169465,21.514000000
139.172278,21.515000000
139.177519,21.516000000
139.190468,21.517000000
139.194447,21.518000000
139.201709,21.519000000
139.204468,21.520000000
139.207243,21.521000000
139.210797,21.522000000
139.213161,21.523000000
139.218157,21.524000000
139.221437,21.525000000
139.248744,21.526000000
139.265209,21.527000000
139.284162,21.528000000
139.293921,21.529000000
139.301987,21.530000000
139.334940,21.531000000
139.347046,21.532000000
139.365040,21.533000000
139.365104,21.534000000
139.377013,21.535000000
139.377078,21.536000000
139.377151,21.537000000
139.380802,21.538000000
139.393592,21.539000000
139.393656,21.540000000
139.409089,21.541000000
139.409152,21.542000000
139.419281,21.543000000
139.435287,21.544000000
139.448123,21.545000000
139.460389,21.546000000
139.465440,21.547000000
139.477387,21.548000000
139.483576,21.549000000
139.490018,21.550000000
139.497427,21.551000000
139.503761,21.552000000
139.511612,21.553000000
139.519892,21.554000000
139.528955,21.555000000
139.535050,21.556000000
139.540948,21.557000000
139.549177,21.558000000
139.553844,21.559000000
139.572858,21.560000000
139.581338,21.561000000
139.585064,21.562000000
139.592955,21.563000000
139.600142,21.564000000
139.609568,21.565000000
139.613912,21.566000000
139.621922,21.567000000
139.629172,21.568000000
139.635804,21.569000000
139.643117,21.570000000
139.653204,21.571000000
139.660398,21.572000000
139.668721,21.573000000
139.676464,21.574000000
139.681351,21.575000000
139.691370,21.576000000
139.697187,21.577000000
139.705468,21.578000000
139.711140,21.579000000
139.721118,21.580000000
139.728819,21.581000000
139.737047,21.582000000
139.742063,21.583000000
139.751269,21.584000000
139.757562,21.585000000
139.763729,21.586000000
139.780560,21.587000000
139.793067,21.588000000
139.805049,21.589000000
139.813682,21.590000000
139.821788,21.591000000
139.829510,21.592000000
139.835422,21.593000000
139.843645,21.594000000
139.855135,21.595000000
139.861508,21.596000000
139.867815,21.597000000
139.872996,21.598000000
139.882715,21.599000000
139.887919,21.600000000
139.896302,21.601000000
139.903993,21.602000000
139.910460,21.603000000
139.915817,21.604000000
139.922248,21.605000000
139.931792,21.606000000
139.940069,21.607000000
139.944406,21.608000000
139.953167,21.609000000
139.960385,21.610000000
139.969147,21.611000000
139.974023,21.612000000
139.984180,21.613000000
139.988311,21.614000000
140.003286,21.615000000
140.008803,21.616000000
140.020850,21.617000000
140.028693,21.618000000
140.036287,21.619000000
140.041202,21.620000000
140.046722,21.621000000
140.052318,21.622000000
140.060939,21.623000000
140.070215,21.624000000
140.074241,21.625000000
140.080823,21.626000000
140.088373,21.627000000
140.096384,21.628000000
140.104337,21.629000000
140.109952,21.630000000
140.116292,21.631000000
140.122273,21.632000000
140.142171,21.633000000
140.147222,21.634000000
140.156235,21.635000000
140.164166,21.636000000
140.193515,21.637000000
140.204422,21.638000000
140.215275,21.639000000
140.231404,21.640000000
140.253285,21.641000000
140.263556,21.642000000
140.276303,21.643000000
140.289688,21.644000000
140.302652,21.645000000
140.313967,21.646000000
140.325996,21.647000000
140.342906,21.648000000
140.349587,21.649000000
140.367859,21.650000000
140.380427,21.651000000
140.388278,21.652000000
140.404615,21.653000000
140.415952,21.654000000
140.423010,21.655000000
140.429654,21.656000000
140.436574,21.657000000
140.451099,21.658000000
140.456915,21.659000000
140.485807,21.660000000
140.496436,21.661000000
140.508179,21.662000000
140.519585,21.663000000
140.555806,21.664000000
140.568311,21.665000000
140.583793,21.666000000
140.597418,21.667000000
140.610080,21.668000000
140.622038,21.669000000
140.638161,21.670000000
140.638225,21.671000000
140.648498,21.672000000
140.656475,21.673000000
140.669508,21.674000000
140.680611,21.675000000
140.695330,21.676000000
140.728993,21.677000000
140.736725,21.678000000
140.748504,21.679000000
140.766226,21.680000000
140.766292,21.681000000
140.769664,21.682000000
140.773617,21.683000000
140.783561,21.684000000
140.785755,21.685000000
140.795398,21.686000000
140.803472,21.687000000
140.810948,21.688000000
140.813156,21.689000000
140.819245,21.690000000
140.845378,21.691000000
140.853144,21.692000000
140.867096,21.693000000
140.875565,21.694000000
140.883343,21.695000000
140.889134,21.696000000
140.931729,21.697000000
140.946753,21.698000000
140.964025,21.699000000
140.973840,21.700000000
140.989482,21.701000000
141.011693,21.702000000
141.022367,21.703000000
141.034239,21.704000000
141.046905,21.705000000
141.051338,21.706000000
141.056879,21.707000000
141.064181,21.708000000
141.081844,21.709000000
141.088865,21.710000000
141.097243,21.711000000
141.104603,21.712000000
141.114987,21.713000000
141.134314,21.714000000
141.136575,21.715000000
141.145403,21.716000000
141.158661,21.717000000
141.165159,21.718000000
141.169616,21.719000000
141.176507,21.720000000
141.187347,21.721000000
141.197914,21.722000000
141.206687,21.723000000
141.210869,21.724000000
141.223037,21.725000000
141.227813,21.726000000
141.236363,21.727000000
141.238565,21.728000000
141.265902,21.729000000
141.275818,21.730000000
141.288046,21.731000000
141.307973,21.732000000
141.320358,21.733000000
141.338515,21.734000000
141.356495,21.735000000
141.367838,21.736000000
141.377398,21.737000000
141.388994,21.738000000
141.394282,21.739000000
141.423312,21.740000000
141.434743,21.741000000
141.445817,21.742000000
141.452836,21.743000000
141.461160,21.744000000
141.493085,21.745000000
141.503084,21.746000000
141.503489,21.747000000
141.532303,21.748000000
141.544324,21.749000000
141.560202,21.750000000
141.574793,21.751000000
141.589174,21.752000000
141.604391,21.753000000
141.617925,21.754000000
141.624686,21.755000000
141.629596,21.756000000
141.635088,21.757000000
141.644600,21.758000000
141.652578,21.759000000
141.660160,21.760000000
141.671458,21.761000000
141.680315,21.762000000
141.687701,21.763000000
141.717380,21.764000000
141.729983,21.765000000
141.743101,21.766000000
141.753838,21.767000000
141.765955,21.768000000
141.782069,21.769000000
141.810372,21.770000000
141.827426,21.771000000
141.855460,21.772000000
141.868378,21.773000000
141.878634,21.774000000
141.885325,21.775000000
141.889743,21.776000000
141.896865,21.777000000
141.918961,21.778000000
141.928799,21.779000000
141.958911,21.780000000
141.963268,21.781000000
141.969338,21.782000000
141.974407,21.783000000
141.982383,21.784000000
141.987166,21.785000000
141.994666,21.786000000
142.042213,21.787000000
142.051206,21.788000000
142.067274,21.789000000
142.078188,21.790000000
142.086488,21.791000000
142.100023,21.792000000
142.108555,21.793000000
142.119586,21.794000000
142.131918,21.795000000
142.151204,21.796000000
142.154727,21.797000000
142.164668,21.798000000
142.175711,21.799000000
142.178071,21.800000000
142.185327,21.801000000
142.187476,21.802000000
142.194240,21.803000000
142.201014,21.804000000
142.203551,21.805000000
142.236975,21.806000000
142.239291,21.807000000
142.248726,21.808000000
142.251332,21.809000000
142.271360,21.810000000
142.278213,21.811000000
142.286593,21.812000000
142.300750,21.813000000
142.308587,21.814000000
142.318221,21.815000000
142.335666,21.816000000
142.343324,21.817000000
142.349138,21.818000000
142.362289,21.819000000
142.368389,21.820000000
142.373874,21.821000000
142.422260,21.822000000
142.434325,21.823000000
142.451892,21.824000000
142.460146,21.825000000
142.473512,21.826000000
142.485249,21.827000000
142.497847,21.828000000
142.511756,21.829000000
142.520527,21.830000000
142.528578,21.831000000
142.535652,21.832000000
142.550921,21.833000000
142.557362,21.834000000
142.586050,21.835000000
142.592219,21.836000000
142.599321,21.837000000
142.613119,21.838000000
142.622393,21.839000000
142.646637,21.840000000
142.650720,21.841000000
142.664438,21.842000000
142.672953,21.843000000
142.681015,21.844000000
142.706246,21.845000000
142.717336,21.846000000
142.731380,21.847000000
142.741058,21.848000000
142.756393,21.849000000
142.769378,21.850000000
142.780048,21.851000000
142.804384,21.852000000
142.827361,21.853000000
142.841392,21.854000000
142.853428,21.855000000
142.863675,21.856000000
142.881613,21.857000000
142.888400,21.858000000
142.914290,21.859000000
142.921192,21.860000000
142.938972,21.861000000
142.951054,21.862000000
142.963980,21.863000000
142.966981,21.864000000
142.978560,21.865000000
143.000049,21.866000000
143.015844,21.867000000
143.027513,21.868000000
143.040051,21.869000000
143.047318,21.870000000
143.051993,21.871000000
143.081259,21.872000000
143.090451,21.873000000
143.098346,21.874000000
143.106375,21.875000000
143.116629,21.876000000
143.129264,21.877000000
143.144395,21.878000000
143.144816,21.879000000
143.158043,21.880000000
143.170893,21.881000000
143.183758,21.882000000
143.192244,21.883000000
143.198191,21.884000000
143.204026,21.885000000
143.208272,21.886000000
143.246177,21.887000000
143.267073,21.888000000
143.275081,21.889000000
143.309579,21.890000000
143.319367,21.891000000
143.341591,21.892000000
143.341658,21.893000000
143.341700,21.894000000
143.341738,21.895000000
143.381561,21.896000000
143.390032,21.897000000
143.406433,21.898000000
143.412736,21.899000000
143.451394,21.900000000
143.455924,21.901000000
143.468500,21.902000000
143.486098,21.903000000
143.498115,21.904000000
143.510009,21.905000000
143.519740,21.906000000
143.529708,21.907000000
143.544690,21.908000000
143.552186,21.909000000
143.557925,21.910000000
143.575524,21.911000000
143.581822,21.912000000
143.589724,21.913000000
143.612159,21.914000000
143.639358,21.915000000
143.662687,21.916000000
143.670386,21.917000000
143.680943,21.918000000
143.691116,21.919000000
143.715398,21.920000000
143.729872,21.921000000
143.734654,21.922000000
143.736754,21.923000000
143.750625,21.924000000
143.752186,21.925000000
143.793271,21.926000000
143.799170,21.927000000
143.804847,21.928000000
143.812960,21.929000000
143.824387,21.930000000
143.824445,21.931000000
143.830758,21.932000000
143.836976,21.933000000
143.845759,21.934000000
143.857756,21.935000000
143.865643,21.936000000
143.871291,21.937000000
143.877055,21.938000000
143.883053,21.939000000
143.887486,21.940000000
143.893776,21.941000000
143.900367,21.942000000
143.913199,21.943000000
143.917028,21.944000000
143.922171,21.945000000
143.939752,21.946000000
143.944660,21.947000000
143.966563,21.948000000
143.973712,21.949000000
143.994543,21.950000000
144.009393,21.951000000
144.024078,21.952000000
144.029734,21.953000000
144.049745,21.954000000
144.059762,21.955000000
144.062170,21.956000000
144.088454,21.957000000
144.100776,21.958000000
144.109356,21.959000000
144.121821,21.960000000
144.136341,21.961000000
144.157940,21.962000000
144.172184,21.963000000
144.185729,21.964000000
144.193383,21.965000000
144.204757,21.966000000
144.212000,21.967000000
144.213992,21.968000000
144.225250,21.969000000
144.225825,21.970000000
144.239987,21.971000000
144.240049,21.972000000
144.242786,21.973000000
144.254222,21.974000000
144.266394,21.975000000
144.266456,21.976000000
144.278082,21.977000000
144.278507,21.978000000
144.288215,21.979000000
144.294554,21.980000000
144.299881,21.981000000
144.308872,21.982000000
144.312112,21.983000000
144.323001,21.984000000
144.323092,21.985000000
144.328394,21.986000000
144.349034,21.987000000
144.359047,21.988000000
144.367696,21.989000000
144.376213,21.990000000
144.386858,21.991000000
144.408645,21.992000000
144.426345,21.993000000
144.426770,21.994000000
144.430361,21.995000000
144.436747,21.996000000
144.443390,21.997000000
144.467658,21.998000000
144.469232,21.999000000
144.482922,22.000000000
144.487298,22.001000000
144.489495,22.002000000
144.495263,22.003000000
144.499385,22.004000000
144.508611,22.005000000
144.523722,22.006000000
144.526183,22.007000000
144.536415,22.008000000
144.538810,22.009000000
144.544069,22.010000000
144.569392,22.011000000
144.571107,22.012000000
144.581247,22.013000000
144.592642,22.014000000
144.602570,22.015000000
144.606647,22.016000000
144.613949,22.017000000
144.654156,22.018000000
144.686116,22.019000000
144.686617,22.020000000
144.705685,22.021000000
144.716371,22.022000000
144.728503,22.023000000
144.738213,22.024000000
144.743868,22.025000000
144.776006,22.026000000
144.780565,22.027000000
144.788839,22.028000000
144.788909,22.029000000
144.798332,22.030000000
144.798385,22.031000000
144.800074,22.032000000
144.806087,22.033000000
144.812392,22.034000000
144.812442,22.035000000
144.812480,22.036000000
144.835656,22.037000000
144.851531,22.038000000
144.851928,22.039000000
144.860473,22.040000000
144.872011,22.041000000
144.882068,22.042000000
144.882480,22.043000000
144.888211,22.044000000
144.905557,22.045000000
144.905622,22.046000000
144.911260,22.047000000
144.923069,22.048000000
144.926499,22.049000000
144.926869,22.050000000
144.937230,22.051000000
144.937329,22.052000000
144.937789,22.053000000
144.943138,22.054000000
144.948925,22.055000000
144.949243,22.056000000
144.954338,22.057000000
144.958980,22.058000000
144.961791,22.059000000
144.981632,22.060000000
144.984023,22.061000000
144.994723,22.062000000
144.997221,22.063000000
145.003510,22.064000000
145.035620,22.065000000
145.047382,22.066000000
145.047463,22.067000000
145.047474,22.068000000
145.049511,22.069000000
145.053182,22.070000000
145.057015,22.071000000
145.058998,22.072000000
145.061295,22.073000000
145.064049,22.074000000
145.071368,22.075000000
145.075623,22.076000000
145.081751,22.077000000
145.086185,22.078000000
145.089636,22.079000000
145.096160,22.080000000
145.099409,22.081000000
145.101736,22.082000000
145.106535,22.083000000
145.110695,22.084000000
145.114431,22.085000000
145.116584,22.086000000
145.133801,22.087000000
145.139407,22.088000000
145.139707,22.089000000
145.142825,22.090000000
145.144976,22.091000000
145.152475,22.092000000
145.154584,22.093000000
145.158644,22.094000000
145.161059,22.095000000
145.164032,22.096000000
145.168110,22.097000000
145.178209,22.098000000
145.180434,22.099000000
145.183213,22.100000000
145.196981,22.101000000
145.202738,22.102000000
145.211556,22.103000000
145.231492,22.104000000
145.261654,22.105000000
145.261697,22.106000000
145.269180,22.107000000
145.285124,22.108000000
145.285197,22.109000000
145.293925,22.110000000
145.296177,22.111000000
145.303387,22.112000000
145.314074,22.113000000
145.317019,22.114000000
145.319448,22.115000000
145.321950,22.116000000
145.327420,22.117000000
145.340547,22.118000000
145.368375,22.119000000
145.384852,22.120000000
145.387449,22.121000000
145.393094,22.122000000
145.400168,22.123000000
145.403003,22.124000000
145.406600,22.125000000
145.408698,22.126000000
145.410705,22.127000000
145.412784,22.128000000
145.415295,22.129000000
145.417431,22.130000000
145.422920,22.131000000
145.422963,22.132000000
145.424883,22.133000000
145.428679,22.134000000
145.431840,22.135000000
145.434333,22.136000000
145.437996,22.137000000
145.440337,22.138000000
145.443171,22.139000000
145.493235,22.140000000
145.500554,22.141000000
145.500603,22.142000000
145.528734,22.143000000
145.539553,22.144000000
145.542046,22.145000000
145.544911,22.146000000
145.567066,22.147000000
145.574922,22.148000000
145.582588,22.149000000
145.586651,22.150000000
145.593099,22.151000000
145.603410,22.152000000
145.603456,22.153000000
145.618464,22.154000000
145.628246,22.155000000
145.628288,22.156000000
145.643341,22.157000000
145.654058,22.158000000
145.654101,22.159000000
145.668402,22.160000000
145.678086,22.161000000
145.678127,22.162000000
145.691720,22.163000000
145.699438,22.164000000
145.699478,22.165000000
145.714173,22.166000000
145.721842,22.167000000
145.730096,22.168000000
145.752122,22.169000000
145.758581,22.170000000
145.762711,22.171000000
145.780538,22.172000000
145.784224,22.173000000
145.792417,22.174000000
145.808153,22.175000000
145.816309,22.176000000
145.824209,22.177000000
145.827303,22.178000000
145.861235,22.179000000
145.871169,22.180000000
145.888242,22.181000000
145.919293,22.182000000
145.931968,22.183000000
145.938258,22.184000000
145.944879,22.185000000
145.959333,22.186000000
145.969015,22.187000000
145.975867,22.188000000
145.981035,22.189000000
145.996956,22.190000000
146.007321,22.191000000
146.018072,22.192000000
146.028274,22.193000000
146.038479,22.194000000
146.052238,22.195000000
146.069649,22.196000000
146.094697,22.197000000
146.105196,22.198000000
146.117329,22.199000000
146.125029,22.200000000
146.137037,22.201000000
146.144179,22.202000000
146.149181,22.203000000
146.186590,22.204000000
146.190791,22.205000000
146.199535,22.206000000
146.209715,22.207000000
146.230385,22.208000000
146.233649,22.209000000
146.238700,22.210000000
146.241934,22.211000000
146.246949,22.212000000
146.251286,22.213000000
146.256785,22.214000000
146.260935,22.215000000
146.264190,22.216000000
146.268494,22.217000000
146.274620,22.218000000
146.284483,22.219000000
146.293592,22.220000000
146.309588,22.221000000
146.315327,22.222000000
146.327602,22.223000000
146.341331,22.224000000
146.347729,22.225000000
146.359673,22.226000000
146.364236,22.227000000
146.373479,22.228000000
146.377046,22.229000000
146.380881,22.230000000
146.403680,22.231000000
146.403730,22.232000000
146.406227,22.233000000
146.408711,22.234000000
146.410531,22.235000000
146.412635,22.236000000
146.414555,22.237000000
146.416758,22.238000000
146.419913,22.239000000
146.421783,22.240000000
146.424191,22.241000000
146.432965,22.242000000
146.435709,22.243000000
146.442209,22.244000000
146.445522,22.245000000
146.448991,22.246000000
146.451229,22.247000000
146.465100,22.248000000
146.466035,22.249000000
146.474602,22.250000000
146.479452,22.251000000
146.483046,22.252000000
146.485087,22.253000000
146.491939,22.254000000
146.504281,22.255000000
146.508750,22.256000000
146.512571,22.257000000
146.516606,22.258000000
146.522260,22.259000000
146.524469,22.260000000
146.532372,22.261000000
146.563403,22.262000000
146.565372,22.263000000
146.572089,22.264000000
146.578882,22.265000000
146.580933,22.266000000
146.624240,22.267000000
146.639025,22.268000000
146.659376,22.269000000
146.659419,22.270000000
146.686582,22.271000000
146.686630,22.272000000
146.705047,22.273000000
146.705094,22.274000000
146.729472,22.275000000
146.729549,22.276000000
146.729586,22.277000000
146.729596,22.278000000
146.729604,22.279000000
146.737263,22.280000000
146.737829,22.281000000
146.742757,22.282000000
146.750730,22.283000000
146.750771,22.284000000
146.751749,22.285000000
146.755038,22.286000000
146.758061,22.287000000
146.772401,22.288000000
146.774848,22.289000000
146.776999,22.290000000
146.789617,22.291000000
146.789672,22.292000000
146.789682,22.293000000
146.789690,22.294000000
146.789698,22.295000000
146.794452,22.296000000
146.807616,22.297000000
146.807659,22.298000000
146.838561,22.299000000
146.871980,22.300000000
146.890944,22.301000000
146.909374,22.302000000
146.953743,22.303000000
146.959940,22.304000000
146.972098,22.305000000
146.978840,22.306000000
146.989213,22.307000000
147.000181,22.308000000
147.009048,22.309000000
147.019706,22.310000000
147.025800,22.311000000
147.037556,22.312000000
147.047789,22.313000000
147.057011,22.314000000
147.063672,22.315000000
147.080837,22.316000000
147.086833,22.317000000
147.093021,22.318000000
147.100144,22.319000000
147.105909,22.320000000
147.112854,22.321000000
147.122123,22.322000000
147.144719,22.323000000
147.151919,22.324000000
147.171752,22.325000000
147.188356,22.326000000
147.197427,22.327000000
147.201451,22.328000000
147.223178,22.329000000
147.228130,22.330000000
147.232200,22.331000000
147.245159,22.332000000
147.265140,22.333000000
147.274545,22.334000000
147.284401,22.335000000
147.297045,22.336000000
147.303294,22.337000000
147.311571,22.338000000
147.321083,22.339000000
147.330520,22.340000000
147.341250,22.341000000
147.347257,22.342000000
147.356703,22.343000000
147.367015,22.344000000
147.376744,22.345000000
147.380696,22.346000000
147.394923,22.347000000
147.415320,22.348000000
147.425328,22.349000000
147.433396,22.350000000
147.457560,22.351000000
147.463712,22.352000000
147.474238,22.353000000
147.477360,22.354000000
147.492220,22.355000000
147.498608,22.356000000
147.500488,22.357000000
147.522122,22.358000000
147.539172,22.359000000
147.544752,22.360000000
147.554820,22.361000000
147.565298,22.362000000
147.572219,22.363000000
147.593162,22.364000000
147.607936,22.365000000
147.611657,22.366000000
147.619479,22.367000000
147.630635,22.368000000
147.639928,22.369000000
147.649638,22.370000000
147.657421,22.371000000
147.666046,22.372000000
147.670012,22.373000000
147.672737,22.374000000
147.700421,22.375000000
147.709757,22.376000000
147.726608,22.377000000
147.731200,22.378000000
147.738801,22.379000000
147.744566,22.380000000
147.748620,22.381000000
147.774997,22.382000000
147.779129,22.383000000
147.781968,22.384000000
147.814326,22.385000000
147.826657,22.386000000
147.836681,22.387000000
147.841377,22.388000000
147.850523,22.389000000
147.862640,22.390000000
147.871346,22.391000000
147.881089,22.392000000
147.886447,22.393000000
147.894832,22.394000000
147.901021,22.395000000
147.907134,22.396000000
147.914724,22.397000000
147.922522,22.398000000
147.927244,22.399000000
147.932866,22.400000000
147.961760,22.401000000
147.967819,22.402000000
147.977836,22.403000000
147.999633,22.404000000
148.010418,22.405000000
148.024009,22.406000000
148.028748,22.407000000
148.048455,22.408000000
148.056478,22.409000000
148.069545,22.410000000
148.104433,22.411000000
148.122310,22.412000000
148.128532,22.413000000
148.135113,22.414000000
148.135152,22.415000000
148.145654,22.416000000
148.170024,22.417000000
148.181494,22.418000000
148.181568,22.419000000
148.200498,22.420000000
148.221329,22.421000000
148.242348,22.422000000
148.245594,22.423000000
148.263227,22.424000000
148.263270,22.425000000
148.277179,22.426000000
148.303320,22.427000000
148.323244,22.428000000
148.332507,22.429000000
148.342988,22.430000000
148.350088,22.431000000
148.377792,22.432000000
148.405669,22.433000000
148.431097,22.434000000
148.442704,22.435000000
148.465213,22.436000000
148.480505,22.437000000
148.493650,22.438000000
148.505663,22.439000000
148.511697,22.440000000
148.527379,22.441000000
148.532950,22.442000000
148.541246,22.443000000
148.545680,22.444000000
148.557877,22.445000000
148.564333,22.446000000
148.569376,22.447000000
148.604446,22.448000000
148.625608,22.449000000
148.629368,22.450000000
148.632607,22.451000000
148.653832,22.452000000
148.673320,22.453000000
148.680387,22.454000000
148.684692,22.455000000
148.690102,22.456000000
148.705236,22.457000000
148.728379,22.458000000
148.735690,22.459000000
148.744048,22.460000000
148.745412,22.461000000
148.748142,22.462000000
148.750158,22.463000000
148.782163,22.464000000
148.798246,22.465000000
148.802522,22.466000000
148.813248,22.467000000
148.824820,22.468000000
148.824863,22.469000000
148.830029,22.470000000
148.833420,22.471000000
148.834248,22.472000000
148.848927,22.473000000
148.848993,22.474000000
148.849003,22.475000000
148.849012,22.476000000
148.849047,22.477000000
148.849056,22.478000000
148.854894,22.479000000
148.854939,22.480000000
148.854949,22.481000000
148.867601,22.482000000
148.880061,22.483000000
148.880130,22.484000000
148.880140,22.485000000
148.880149,22.486000000
148.880184,22.487000000
148.880193,22.488000000
148.891135,22.489000000
148.891193,22.490000000
148.891203,22.491000000
148.891212,22.492000000
148.891220,22.493000000
148.891227,22.494000000
148.898192,22.495000000
148.898237,22.496000000
148.919319,22.497000000
148.919376,22.498000000
148.919387,22.499000000
148.919395,22.500000000
148.919403,22.501000000
148.921970,22.502000000
148.924183,22.503000000
148.932470,22.504000000
148.932531,22.505000000
148.932542,22.506000000
148.932576,22.507000000
148.937479,22.508000000
148.937524,22.509000000
148.937533,22.510000000
148.948196,22.511000000
148.948256,22.512000000
148.948266,22.513000000
148.948275,22.514000000
148.948283,22.515000000
148.958281,22.516000000
148.958355,22.517000000
148.958366,22.518000000
148.958375,22.519000000
148.961401,22.520000000
148.961926,22.521000000
149.001822,22.522000000
149.009326,22.523000000
149.017461,22.524000000
149.038885,22.525000000
149.046424,22.526000000
149.062661,22.527000000
149.070480,22.528000000
149.088558,22.529000000
149.098038,22.530000000
149.107771,22.531000000
149.127569,22.532000000
149.146291,22.533000000
149.160345,22.534000000
149.169475,22.535000000
149.188730,22.536000000
149.188799,22.537000000
149.191847,22.538000000
149.201741,22.539000000
149.201781,22.540000000
149.206592,22.541000000
149.217492,22.542000000
149.217540,22.543000000
149.217551,22.544000000
149.224041,22.545000000
149.224079,22.546000000
149.248324,22.547000000
149.282137,22.548000000
149.282229,22.549000000
149.282240,22.550000000
149.282249,22.551000000
149.282258,22.552000000
149.282266,22.553000000
149.282274,22.554000000
149.282282,22.555000000
149.282290,22.556000000
149.282323,22.557000000
149.282332,22.558000000
149.282361,22.559000000
149.317468,22.560000000
149.331764,22.561000000
149.339211,22.562000000
149.353792,22.563000000
149.365400,22.564000000
149.376898,22.565000000
149.381683,22.566000000
149.395923,22.567000000
149.409002,22.568000000
149.409044,22.569000000
149.420566,22.570000000
149.424254,22.571000000
149.440799,22.572000000
149.449311,22.573000000
149.455349,22.574000000
149.459696,22.575000000
149.459730,22.576000000
149.464875,22.577000000
149.478175,22.578000000
149.497546,22.579000000
149.497602,22.580000000
149.497612,22.581000000
149.497621,22.582000000
149.497630,22.583000000
149.505293,22.584000000
149.505327,22.585000000
149.513436,22.586000000
149.513505,22.587000000
149.513515,22.588000000
149.535543,22.589000000
149.540890,22.590000000
149.546319,22.591000000
149.554339,22.592000000
149.554384,22.593000000
149.554394,22.594000000
149.569664,22.595000000
149.576965,22.596000000
149.577038,22.597000000
149.577049,22.598000000
149.581755,22.599000000
149.594080,22.600000000
149.594133,22.601000000
149.594143,22.602000000
149.594152,22.603000000
149.602453,22.604000000
149.603439,22.605000000
149.621570,22.606000000
149.636443,22.607000000
149.636504,22.608000000
149.636515,22.609000000
149.636524,22.610000000
149.636533,22.611000000
149.646709,22.612000000
149.646766,22.613000000
149.646777,22.614000000
149.655523,22.615000000
149.656190,22.616000000
149.667414,22.617000000
149.667458,22.618000000
149.674408,22.619000000
149.699735,22.620000000
149.708418,22.621000000
149.718397,22.622000000
149.719050,22.623000000
149.729410,22.624000000
149.729981,22.625000000
149.738752,22.626000000
149.747260,22.627000000
149.747303,22.628000000
149.752859,22.629000000
149.763734,22.630000000
149.763774,22.631000000
149.764638,22.632000000
149.774749,22.633000000
149.774785,22.634000000
149.786736,22.635000000
149.786779,22.636000000
149.786814,22.637000000
149.787457,22.638000000
149.801409,22.639000000
149.802057,22.640000000
149.802107,22.641000000
149.802118,22.642000000
149.802127,22.643000000
149.802135,22.644000000
149.811685,22.645000000
149.811733,22.646000000
149.811769,22.647000000
149.817733,22.648000000
149.817778,22.649000000
149.830447,22.650000000
149.830544,22.651000000
149.830555,22.652000000
149.830564,22.653000000
149.830572,22.654000000
149.830580,22.655000000
149.833567,22.656000000
149.834160,22.657000000
149.861140,22.658000000
149.861180,22.659000000
149.867687,22.660000000
149.885053,22.661000000
149.893308,22.662000000
149.906470,22.663000000
149.909394,22.664000000
149.936033,22.665000000
149.949373,22.666000000
149.949445,22.667000000
149.961835,22.668000000
149.961878,22.669000000
149.986346,22.670000000
149.996313,22.671000000
150.003104,22.672000000
150.008877,22.673000000
150.044060,22.674000000
150.044109,22.675000000
150.044119,22.676000000
150.045141,22.677000000
150.059649,22.678000000
150.061477,22.679000000
150.078478,22.680000000
150.084016,22.681000000
150.097971,22.682000000
150.103473,22.683000000
150.113011,22.684000000
150.118853,22.685000000
150.118898,22.686000000
150.143657,22.687000000
150.143707,22.688000000
150.143717,22.689000000
150.157248,22.690000000
150.157301,22.691000000
150.157310,22.692000000
150.157319,22.693000000
150.166008,22.694000000
150.166061,22.695000000
150.166070,22.696000000
150.166108,22.697000000
150.206174,22.698000000
150.206227,22.699000000
150.206237,22.700000000
150.206246,22.701000000
150.221868,22.702000000
150.221921,22.703000000
150.221931,22.704000000
150.221940,22.705000000
150.238737,22.706000000
150.238809,22.707000000
150.253458,22.708000000
150.253515,22.709000000
150.253525,22.710000000
150.253534,22.711000000
150.279541,22.712000000
150.289863,22.713000000
150.289907,22.714000000
150.289917,22.715000000
150.303448,22.716000000
150.303522,22.717000000
150.303533,22.718000000
150.344691,22.719000000
150.352812,22.720000000
150.365692,22.721000000
150.382424,22.722000000
150.396886,22.723000000
150.401817,22.724000000
150.416406,22.725000000
150.426767,22.726000000
150.434840,22.727000000
150.440583,22.728000000
150.451641,22.729000000
150.460741,22.730000000
150.466615,22.731000000
150.478781,22.732000000
150.485492,22.733000000
150.488885,22.734000000
150.496267,22.735000000
150.502096,22.736000000
150.514610,22.737000000
150.514657,22.738000000
150.518131,22.739000000
150.538927,22.740000000
150.546174,22.741000000
150.553347,22.742000000
150.561073,22.743000000
150.568653,22.744000000
150.597816,22.745000000
150.614852,22.746000000
150.614996,22.747000000
150.623081,22.748000000
150.628931,22.749000000
150.646246,22.750000000
150.663792,22.751000000
150.672230,22.752000000
150.691371,22.753000000
150.701823,22.754000000
150.717449,22.755000000
150.747089,22.756000000
150.753410,22.757000000
150.781808,22.758000000
150.795836,22.759000000
150.806223,22.760000000
150.815679,22.761000000
150.815725,22.762000000
150.820888,22.763000000
150.835439,22.764000000
150.848554,22.765000000
150.856519,22.766000000
150.865063,22.767000000
150.876791,22.768000000
150.883302,22.769000000
150.894630,22.770000000
150.898659,22.771000000
150.902278,22.772000000
150.909013,22.773000000
150.923866,22.774000000
150.923918,22.775000000
150.923947,22.776000000
150.958978,22.777000000
150.961324,22.778000000
150.971992,22.779000000
150.980180,22.780000000
150.980250,22.781000000
150.980281,22.782000000
151.032102,22.783000000
151.046485,22.784000000
151.060742,22.785000000
151.060800,22.786000000
151.084119,22.787000000
151.089248,22.788000000
151.099274,22.789000000
151.116113,22.790000000
151.137279,22.791000000
151.140834,22.792000000
151.158483,22.793000000
151.159042,22.794000000
151.168364,22.795000000
151.174390,22.796000000
151.177304,22.797000000
151.177858,22.798000000
151.181067,22.799000000
151.189352,22.800000000
151.201521,22.801000000
151.213316,22.802000000
151.213365,22.803000000
151.235828,22.804000000
151.256738,22.805000000
151.280164,22.806000000
151.283773,22.807000000
151.286158,22.808000000
151.288256,22.809000000
151.290598,22.810000000
151.294145,22.811000000
151.296340,22.812000000
151.298722,22.813000000
151.309618,22.814000000
151.314151,22.815000000
151.318329,22.816000000
151.320488,22.817000000
151.323130,22.818000000
151.325361,22.819000000
151.327705,22.820000000
151.329857,22.821000000
151.332337,22.822000000
151.335610,22.823000000
151.338402,22.824000000
151.340899,22.825000000
151.343444,22.826000000
151.345688,22.827000000
151.348560,22.828000000
151.350826,22.829000000
151.365553,22.830000000
151.376235,22.831000000
151.383421,22.832000000
151.396865,22.833000000
151.402390,22.834000000
151.413074,22.835000000
151.420824,22.836000000
151.426454,22.837000000
151.428764,22.838000000
151.437334,22.839000000
151.442649,22.840000000
151.445205,22.841000000
151.447466,22.842000000
151.449735,22.843000000
151.452332,22.844000000
151.454745,22.845000000
151.457097,22.846000000
151.459496,22.847000000
151.463111,22.848000000
151.470079,22.849000000
151.472718,22.850000000
151.474998,22.851000000
151.477091,22.852000000
151.479372,22.853000000
151.482728,22.854000000
151.485608,22.855000000
151.490730,22.856000000
151.509547,22.857000000
151.514668,22.858000000
151.522959,22.859000000
151.529514,22.860000000
151.532999,22.861000000
151.540957,22.862000000
151.549699,22.863000000
151.553124,22.864000000
151.559664,22.865000000
151.567208,22.866000000
151.575114,22.867000000
151.580226,22.868000000
151.585292,22.869000000
151.593818,22.870000000
151.599136,22.871000000
151.609560,22.872000000
151.618345,22.873000000
151.623355,22.874000000
151.627598,22.875000000
151.630978,22.876000000
151.637368,22.877000000
151.647012,22.878000000
151.651557,22.879000000
151.654605,22.880000000
151.665895,22.881000000
151.672803,22.882000000
151.687175,22.883000000
151.692937,22.884000000
151.730113,22.885000000
151.730162,22.886000000
151.734327,22.887000000
151.734755,22.888000000
151.748459,22.889000000
151.749095,22.890000000
151.749152,22.891000000
151.749195,22.892000000
151.749234,22.893000000
151.749758,22.894000000
151.755331,22.895000000
151.755390,22.896000000
151.762133,22.897000000
151.762592,22.898000000
151.762645,22.899000000
151.775945,22.900000000
151.804394,22.901000000
151.809612,22.902000000
151.832885,22.903000000
151.840147,22.904000000
151.852653,22.905000000
151.865011,22.906000000
151.878587,22.907000000
151.885336,22.908000000
151.900314,22.909000000
151.908510,22.910000000
151.917706,22.911000000
151.928473,22.912000000
151.940455,22.913000000
151.950365,22.914000000
151.955395,22.915000000
151.988243,22.916000000
152.000435,22.917000000
152.006600,22.918000000
152.031019,22.919000000
152.038163,22.920000000
152.071258,22.921000000
152.071325,22.922000000
152.076583,22.923000000
152.103113,22.924000000
152.103179,22.925000000
152.111980,22.926000000
152.152132,22.927000000
152.156303,22.928000000
152.172085,22.929000000
152.180000,22.930000000
152.192816,22.931000000
152.197975,22.932000000
152.212766,22.933000000
152.232329,22.934000000
152.232391,22.935000000
152.252556,22.936000000
152.252645,22.937000000
152.253434,22.938000000
152.270178,22.939000000
152.281023,22.940000000
152.305356,22.941000000
152.318597,22.942000000
152.322077,22.943000000
152.330977,22.944000000
152.334348,22.945000000
152.341054,22.946000000
152.346368,22.947000000
152.375313,22.948000000
152.381409,22.949000000
152.386635,22.950000000
152.402320,22.951000000
152.419597,22.952000000
152.440267,22.953000000
152.444865,22.954000000
152.458037,22.955000000
152.465937,22.956000000
152.472391,22.957000000
152.476505,22.958000000
152.494251,22.959000000
152.503840,22.960000000
152.512877,22.961000000
152.522010,22.962000000
152.527568,22.963000000
152.543142,22.964000000
152.559873,22.965000000
152.577789,22.966000000
152.578012,22.967000000
152.584425,22.968000000
152.600835,22.969000000
152.634558,22.970000000
152.646204,22.971000000
152.655277,22.972000000
152.673623,22.973000000
152.687380,22.974000000
152.691793,22.975000000
152.719997,22.976000000
152.725968,22.977000000
152.731596,22.978000000
152.749488,22.979000000
152.752702,22.980000000
152.756123,22.981000000
152.784395,22.982000000
152.790374,22.983000000
152.797783,22.984000000
152.803906,22.985000000
152.809362,22.986000000
152.819584,22.987000000
152.826435,22.988000000
152.839334,22.989000000
152.848942,22.990000000
152.858916,22.991000000
152.863008,22.992000000
152.879506,22.993000000
152.886966,22.994000000
152.901043,22.995000000
152.934980,22.996000000
152.943962,22.997000000
152.955103,22.998000000
152.979994,22.999000000
152.985548,23.000000000
152.994424,23.001000000
153.000845,23.002000000
153.004173,23.003000000
153.020028,23.004000000
153.023607,23.005000000
153.027533,23.006000000
153.037701,23.007000000
153.043666,23.008000000
153.069349,23.009000000
153.074944,23.010000000
153.085398,23.011000000
153.096907,23.012000000
153.110292,23.013000000
153.117418,23.014000000
153.125063,23.015000000
153.137227,23.016000000
153.145681,23.017000000
153.152024,23.018000000
153.160638,23.019000000
153.169746,23.020000000
153.181788,23.021000000
153.193711,23.022000000
153.195571,23.023000000
153.199473,23.024000000
153.230326,23.025000000
153.232469,23.026000000
153.258932,23.027000000
153.269350,23.028000000
153.277788,23.029000000
153.292938,23.030000000
153.297770,23.031000000
153.304467,23.032000000
153.336477,23.033000000
153.346007,23.034000000
153.350765,23.035000000
153.367337,23.036000000
153.368681,23.037000000
153.368743,23.038000000
153.403648,23.039000000
153.409537,23.040000000
153.409602,23.041000000
153.417510,23.042000000
153.429003,23.043000000
153.438970,23.044000000
153.439414,23.045000000
153.453216,23.046000000
153.468207,23.047000000
153.468639,23.048000000
153.481240,23.049000000
153.488245,23.050000000
153.498985,23.051000000
153.520777,23.052000000
153.524568,23.053000000
153.534196,23.054000000
153.545381,23.055000000
153.553222,23.056000000
153.573468,23.057000000
153.585428,23.058000000
153.594018,23.059000000
153.617666,23.060000000
153.629031,23.061000000
153.645229,23.062000000
153.652762,23.063000000
153.654660,23.064000000
153.661530,23.065000000
153.704734,23.066000000
153.718150,23.067000000
153.722851,23.068000000
153.740718,23.069000000
153.752689,23.070000000
153.754404,23.071000000
153.789199,23.072000000
153.801541,23.073000000
153.815384,23.074000000
153.819343,23.075000000
153.831128,23.076000000
153.842108,23.077000000
153.850197,23.078000000
153.863571,23.079000000
153.865198,23.080000000
153.876903,23.081000000
153.886582,23.082000000
153.906412,23.083000000
153.915624,23.084000000
153.925273,23.085000000
153.934084,23.086000000
153.952843,23.087000000
153.964700,23.088000000
153.972644,23.089000000
153.976533,23.090000000
154.003349,23.091000000
154.007151,23.092000000
154.012313,23.093000000
154.033973,23.094000000
154.037241,23.095000000
154.050452,23.096000000
154.074285,23.097000000
154.092523,23.098000000
154.101430,23.099000000
154.109105,23.100000000
154.120793,23.101000000
154.125938,23.102000000
154.129980,23.103000000
154.134264,23.104000000
154.139647,23.105000000
154.143943,23.106000000
154.147708,23.107000000
154.151350,23.108000000
154.157347,23.109000000
154.160682,23.110000000
154.166555,23.111000000
154.170725,23.112000000
154.174886,23.113000000
154.179641,23.114000000
154.183996,23.115000000
154.186763,23.116000000
154.224914,23.117000000
154.237340,23.118000000
154.245946,23.119000000
154.255053,23.120000000
154.275809,23.121000000
154.294666,23.122000000
154.306433,23.123000000
154.319149,23.124000000
154.329780,23.125000000
154.334024,23.126000000
154.346545,23.127000000
154.350162,23.128000000
154.363636,23.129000000
154.365920,23.130000000
154.370367,23.131000000
154.391315,23.132000000
154.417007,23.133000000
154.428988,23.134000000
154.434661,23.135000000
154.444919,23.136000000
154.451222,23.137000000
154.463055,23.138000000
154.478817,23.139000000
154.499057,23.140000000
154.509582,23.141000000
154.542953,23.142000000
154.555083,23.143000000
154.578886,23.144000000
154.589955,23.145000000
154.597765,23.146000000
154.611674,23.147000000
154.621598,23.148000000
154.628693,23.149000000
154.651539,23.150000000
154.656607,23.151000000
154.666979,23.152000000
154.679765,23.153000000
154.690798,23.154000000
154.697898,23.155000000
154.723706,23.156000000
154.724141,23.157000000
154.733246,23.158000000
154.739208,23.159000000
154.745693,23.160000000
154.755956,23.161000000
154.771419,23.162000000
154.779542,23.163000000
154.781519,23.164000000
154.792499,23.165000000
154.792921,23.166000000
154.806848,23.167000000
154.815685,23.168000000
154.826009,23.169000000
154.828247,23.170000000
154.837463,23.171000000
154.844983,23.172000000
154.854944,23.173000000
154.855016,23.174000000
154.855058,23.175000000
154.878097,23.176000000
154.898502,23.177000000
154.909943,23.178000000
154.917767,23.179000000
154.922157,23.180000000
154.929629,23.181000000
154.940177,23.182000000
154.945931,23.183000000
154.959839,23.184000000
154.959903,23.185000000
154.959946,23.186000000
154.968982,23.187000000
154.969047,23.188000000
154.980762,23.189000000
154.980827,23.190000000
155.002449,23.191000000
155.011284,23.192000000
155.011345,23.193000000
155.026537,23.194000000
155.026600,23.195000000
155.028285,23.196000000
155.061593,23.197000000
155.080256,23.198000000
155.080317,23.199000000
155.080357,23.200000000
155.080395,23.201000000
155.082636,23.202000000
155.088804,23.203000000
155.094253,23.204000000
155.102186,23.205000000
155.103079,23.206000000
155.105369,23.207000000
155.110146,23.208000000
155.112514,23.209000000
155.120075,23.210000000
155.122204,23.211000000
155.124991,23.212000000
155.133344,23.213000000
155.143101,23.214000000
155.156545,23.215000000
155.171970,23.216000000
155.185984,23.217000000
155.195599,23.218000000
155.210780,23.219000000
155.224652,23.220000000
155.234976,23.221000000
155.246810,23.222000000
155.252542,23.223000000
155.252589,23.224000000
155.254718,23.225000000
155.261323,23.226000000
155.264360,23.227000000
155.266375,23.228000000
155.269225,23.229000000
155.284134,23.230000000
155.291832,23.231000000
155.292476,23.232000000
155.294511,23.233000000
155.300360,23.234000000
155.302413,23.235000000
155.304505,23.236000000
155.308723,23.237000000
155.324900,23.238000000
155.339117,23.239000000
155.344812,23.240000000
155.349236,23.241000000
155.360180,23.242000000
155.366172,23.243000000
155.372198,23.244000000
155.379176,23.245000000
155.383292,23.246000000
155.388605,23.247000000
155.394375,23.248000000
155.399644,23.249000000
155.410305,23.250000000
155.410351,23.251000000
155.426140,23.252000000
155.434428,23.253000000
155.440760,23.254000000
155.449138,23.255000000
155.458210,23.256000000
155.465021,23.257000000
155.474802,23.258000000
155.479101,23.259000000
155.486118,23.260000000
155.493774,23.261000000
155.509566,23.262000000
155.527141,23.263000000
155.533166,23.264000000
155.540075,23.265000000
155.556563,23.266000000
155.569010,23.267000000
155.571841,23.268000000
155.585291,23.269000000
155.606200,23.270000000
155.616569,23.271000000
155.652881,23.272000000
155.656194,23.273000000
155.674854,23.274000000
155.683716,23.275000000
155.685720,23.276000000
155.716801,23.277000000
155.722425,23.278000000
155.734360,23.279000000
155.740577,23.280000000
155.754271,23.281000000
155.759404,23.282000000
155.771343,23.283000000
155.777570,23.284000000
155.790972,23.285000000
155.794749,23.286000000
155.806238,23.287000000
155.814245,23.288000000
155.820291,23.289000000
155.824719,23.290000000
155.837101,23.291000000
155.840818,23.292000000
155.864245,23.293000000
155.867981,23.294000000
155.887511,23.295000000
155.896881,23.296000000
155.900688,23.297000000
155.917082,23.298000000
155.925692,23.299000000
155.932502,23.300000000
155.958458,23.301000000
155.961721,23.302000000
155.969293,23.303000000
155.981098,23.304000000
155.985805,23.305000000
156.001371,23.306000000
156.043810,23.307000000
156.066975,23.308000000
156.072253,23.309000000
156.080943,23.310000000
156.083363,23.311000000
156.094977,23.312000000
156.099694,23.313000000
156.101701,23.314000000
156.107712,23.315000000
156.112620,23.316000000
156.117058,23.317000000
156.119121,23.318000000
156.129027,23.319000000
156.133791,23.320000000
156.145406,23.321000000
156.155560,23.322000000
156.161059,23.323000000
156.171053,23.324000000
156.181283,23.325000000
156.188314,23.326000000
156.201800,23.327000000
156.206518,23.328000000
156.211333,23.329000000
156.214622,23.330000000
156.240159,23.331000000
156.242787,23.332000000
156.263837,23.333000000
156.270015,23.334000000
156.283632,23.335000000
156.289971,23.336000000
156.299662,23.337000000
156.319131,23.338000000
156.330516,23.339000000
156.337313,23.340000000
156.340645,23.341000000
156.344063,23.342000000
156.348182,23.343000000
156.350085,23.344000000
156.354845,23.345000000
156.359287,23.346000000
156.361397,23.347000000
156.363346,23.348000000
156.384572,23.349000000
156.413117,23.350000000
156.437045,23.351000000
156.450590,23.352000000
156.459277,23.353000000
156.469647,23.354000000
156.477225,23.355000000
156.488429,23.356000000
156.500204,23.357000000
156.510037,23.358000000
156.520409,23.359000000
156.528488,23.360000000
156.539861,23.361000000
156.544123,23.362000000
156.548344,23.363000000
156.554344,23.364000000
156.554389,23.365000000
156.557815,23.366000000
156.562726,23.367000000
156.564787,23.368000000
156.567938,23.369000000
156.572086,23.370000000
156.575648,23.371000000
156.577663,23.372000000
156.591641,23.373000000
156.595683,23.374000000
156.597658,23.375000000
156.600912,23.376000000
156.606356,23.377000000
156.610280,23.378000000
156.614258,23.379000000
156.616248,23.380000000
156.620295,23.381000000
156.624290,23.382000000
156.633716,23.383000000
156.662500,23.384000000
156.666787,23.385000000
156.671095,23.386000000
156.672842,23.387000000
156.677026,23.388000000
156.681921,23.389000000
156.684076,23.390000000
156.709534,23.391000000
156.714734,23.392000000
156.720813,23.393000000
156.726883,23.394000000
156.731914,23.395000000
156.731956,23.396000000
156.736862,23.397000000
156.744753,23.398000000
156.744877,23.399000000
156.749126,23.400000000
156.755969,23.401000000
156.758190,23.402000000
156.778755,23.403000000
156.793699,23.404000000
156.808835,23.405000000
156.832687,23.406000000
156.835688,23.407000000
156.839073,23.408000000
156.842458,23.409000000
156.856036,23.410000000
156.867744,23.411000000
156.871887,23.412000000
156.874590,23.413000000
156.877304,23.414000000
156.881007,23.415000000
156.887508,23.416000000
156.900379,23.417000000
156.908754,23.418000000
156.911061,23.419000000
156.913458,23.420000000
156.915912,23.421000000
156.918274,23.422000000
156.920874,23.423000000
156.923661,23.424000000
156.926460,23.425000000
156.932997,23.426000000
156.935707,23.427000000
156.938493,23.428000000
156.941843,23.429000000
156.944996,23.430000000
156.949624,23.431000000
156.963585,23.432000000
156.970634,23.433000000
156.974994,23.434000000
156.978636,23.435000000
156.985742,23.436000000
156.988193,23.437000000
156.990772,23.438000000
157.001731,23.439000000
157.004557,23.440000000
157.008309,23.441000000
157.021094,23.442000000
157.027667,23.443000000
157.035649,23.444000000
157.036417,23.445000000
157.041648,23.446000000
157.047025,23.447000000
157.051661,23.448000000
157.056654,23.449000000
157.063082,23.450000000
157.083351,23.451000000
157.099395,23.452000000
157.109445,23.453000000
157.118148,23.454000000
157.144387,23.455000000
157.171978,23.456000000
157.180733,23.457000000
157.183267,23.458000000
157.235370,23.459000000
157.249397,23.460000000
157.261410,23.461000000
157.276327,23.462000000
157.282441,23.463000000
157.297770,23.464000000
157.307109,23.465000000
157.315659,23.466000000
157.321582,23.467000000
157.333390,23.468000000
157.344283,23.469000000
157.357651,23.470000000
157.364948,23.471000000
157.368550,23.472000000
157.374878,23.473000000
157.380160,23.474000000
157.382614,23.475000000
157.385336,23.476000000
157.402821,23.477000000
157.408739,23.478000000
157.415376,23.479000000
157.420924,23.480000000
157.424694,23.481000000
157.451860,23.482000000
157.458681,23.483000000
157.462209,23.484000000
157.478023,23.485000000
157.480579,23.486000000
157.487825,23.487000000
157.493310,23.488000000
157.520172,23.489000000
157.522713,23.490000000
157.525022,23.491000000
157.527342,23.492000000
157.537982,23.493000000
157.543095,23.494000000
157.546741,23.495000000
157.569496,23.496000000
157.583133,23.497000000
157.591657,23.498000000
157.605496,23.499000000
157.627532,23.500000000
157.639186,23.501000000
157.652142,23.502000000
157.657654,23.503000000
157.673989,23.504000000
157.676820,23.505000000
157.681050,23.506000000
157.687208,23.507000000
157.695549,23.508000000
157.713761,23.509000000
157.745523,23.510000000
157.752300,23.511000000
157.761134,23.512000000
157.791847,23.513000000
157.807193,23.514000000
157.817394,23.515000000
157.829830,23.516000000
157.837652,23.517000000
157.846462,23.518000000
157.867642,23.519000000
157.880182,23.520000000
157.885747,23.521000000
157.904511,23.522000000
157.910506,23.523000000
157.943903,23.524000000
157.958332,23.525000000
157.969269,23.526000000
157.975420,23.527000000
157.991745,23.528000000
157.997782,23.529000000
158.004211,23.530000000
158.009490,23.531000000
158.011832,23.532000000
158.014447,23.533000000
158.033587,23.534000000
158.043792,23.535000000
158.054221,23.536000000
158.061935,23.537000000
158.064355,23.538000000
158.066911,23.539000000
158.069250,23.540000000
158.076011,23.541000000
158.089941,23.542000000
158.105759,23.543000000
158.109067,23.544000000
158.115804,23.545000000
158.131215,23.546000000
158.134205,23.547000000
158.136894,23.548000000
158.144822,23.549000000
158.151140,23.550000000
158.160166,23.551000000
158.182109,23.552000000
158.197432,23.553000000
158.203938,23.554000000
158.226416,23.555000000
158.240399,23.556000000
158.263652,23.557000000
158.268488,23.558000000
158.279305,23.559000000
158.303286,23.560000000
158.339213,23.561000000
158.341219,23.562000000
158.351244,23.563000000
158.381894,23.564000000
158.397434,23.565000000
158.397501,23.566000000
158.413513,23.567000000
158.413617,23.568000000
158.413665,23.569000000
158.431831,23.570000000
158.431894,23.571000000
158.444963,23.572000000
158.452507,23.573000000
158.458973,23.574000000
158.469246,23.575000000
158.474964,23.576000000
158.485020,23.577000000
158.485895,23.578000000
158.495063,23.579000000
158.497817,23.580000000
158.510233,23.581000000
158.512533,23.582000000
158.524238,23.583000000
158.524298,23.584000000
158.537291,23.585000000
158.537357,23.586000000
158.548546,23.587000000
158.548607,23.588000000
158.565366,23.589000000
158.565428,23.590000000
158.579791,23.591000000
158.579859,23.592000000
158.579901,23.593000000
158.596948,23.594000000
158.597474,23.595000000
158.597528,23.596000000
158.615294,23.597000000
158.624784,23.598000000
158.633783,23.599000000
158.634943,23.600000000
158.642526,23.601000000
158.655554,23.602000000
158.655618,23.603000000
158.655661,23.604000000
158.670360,23.605000000
158.682185,23.606000000
158.693485,23.607000000
158.693547,23.608000000
158.706677,23.609000000
158.707097,23.610000000
158.718559,23.611000000
158.718616,23.612000000
158.749446,23.613000000
158.749533,23.614000000
158.749581,23.615000000
158.766703,23.616000000
158.797347,23.617000000
158.797596,23.618000000
158.803141,23.619000000
158.807978,23.620000000
158.808037,23.621000000
158.808078,23.622000000
158.819050,23.623000000
158.829099,23.624000000
158.830786,23.625000000
158.835757,23.626000000
158.836325,23.627000000
158.840472,23.628000000
158.842728,23.629000000
158.845859,23.630000000
158.856740,23.631000000
158.859020,23.632000000
158.859076,23.633000000
158.861326,23.634000000
158.876616,23.635000000
158.876677,23.636000000
158.885516,23.637000000
158.897436,23.638000000
158.900588,23.639000000
158.910242,23.640000000
158.919441,23.641000000
158.924250,23.642000000
158.936265,23.643000000
158.938173,23.644000000
158.947038,23.645000000
158.956761,23.646000000
158.959302,23.647000000
158.976348,23.648000000
158.988068,23.649000000
159.009279,23.650000000
159.011328,23.651000000
159.053793,23.652000000
159.055665,23.653000000
159.075832,23.654000000
159.077911,23.655000000
159.104568,23.656000000
159.106862,23.657000000
159.114172,23.658000000
159.116031,23.659000000
159.132588,23.660000000
159.144687,23.661000000
159.148641,23.662000000
159.157393,23.663000000
159.187324,23.664000000
159.202420,23.665000000
159.227742,23.666000000
159.244818,23.667000000
159.249192,23.668000000
159.264195,23.669000000
159.270706,23.670000000
159.276018,23.671000000
159.296554,23.672000000
159.310588,23.673000000
159.314422,23.674000000
159.317917,23.675000000
159.347889,23.676000000
159.357324,23.677000000
159.363890,23.678000000
159.387715,23.679000000
159.398232,23.680000000
159.410871,23.681000000
159.412767,23.682000000
159.425087,23.683000000
159.426950,23.684000000
159.435181,23.685000000
159.437126,23.686000000
159.445166,23.687000000
159.451525,23.688000000
159.461147,23.689000000
159.468582,23.690000000
159.475021,23.691000000
159.477061,23.692000000
159.483809,23.693000000
159.495842,23.694000000
159.497728,23.695000000
159.515784,23.696000000
159.527912,23.697000000
159.536668,23.698000000
159.547170,23.699000000
159.557778,23.700000000
159.593087,23.701000000
159.610749,23.702000000
159.622617,23.703000000
159.657101,23.704000000
159.660963,23.705000000
159.671495,23.706000000
159.673434,23.707000000
159.694649,23.708000000
159.697023,23.709000000
159.718063,23.710000000
159.732513,23.711000000
159.744025,23.712000000
159.755826,23.713000000
159.779927,23.714000000
159.789080,23.715000000
159.798449,23.716000000
159.806185,23.717000000
159.826271,23.718000000
159.835229,23.719000000
159.842366,23.720000000
159.855758,23.721000000
159.861593,23.722000000
159.873579,23.723000000
159.882710,23.724000000
159.894956,23.725000000
159.895317,23.726000000
159.899128,23.727000000
159.912539,23.728000000
159.916517,23.729000000
159.920800,23.730000000
159.924819,23.731000000
159.948474,23.732000000
159.948527,23.733000000
159.948538,23.734000000
159.956493,23.735000000
159.956549,23.736000000
159.956584,23.737000000
159.956594,23.738000000
159.958522,23.739000000
159.965464,23.740000000
159.965506,23.741000000
159.970076,23.742000000
159.970114,23.743000000
159.970902,23.744000000
159.976959,23.745000000
159.977001,23.746000000
159.977035,23.747000000
159.981441,23.748000000
159.982632,23.749000000
159.990115,23.750000000
159.996185,23.751000000
160.000662,23.752000000
160.005773,23.753000000
160.005818,23.754000000
160.027173,23.755000000
160.027246,23.756000000
160.030712,23.757000000
160.035946,23.758000000
160.063145,23.759000000
160.063200,23.760000000
160.070849,23.761000000
160.083662,23.762000000
160.106723,23.763000000
160.115360,23.764000000
160.125698,23.765000000
160.169792,23.766000000
160.182287,23.767000000
160.202114,23.768000000
160.210644,23.769000000
160.218124,23.770000000
160.223860,23.771000000
160.234141,23.772000000
160.245824,23.773000000
160.255269,23.774000000
160.266498,23.775000000
160.277545,23.776000000
160.283565,23.777000000
160.298882,23.778000000
160.302432,23.779000000
160.320754,23.780000000
160.335527,23.781000000
160.358056,23.782000000
160.365551,23.783000000
160.370042,23.784000000
160.384903,23.785000000
160.399804,23.786000000
160.410044,23.787000000
160.417978,23.788000000
160.441989,23.789000000
160.442060,23.790000000
160.444170,23.791000000
160.460653,23.792000000
160.475974,23.793000000
160.480886,23.794000000
160.495622,23.795000000
160.505812,23.796000000
160.511019,23.797000000
160.521567,23.798000000
160.521629,23.799000000
160.538633,23.800000000
160.548598,23.801000000
160.552441,23.802000000
160.566509,23.803000000
160.573683,23.804000000
160.577101,23.805000000
160.597197,23.806000000
160.613919,23.807000000
160.625824,23.808000000
160.647381,23.809000000
160.650964,23.810000000
160.654791,23.811000000
160.671624,23.812000000
160.671688,23.813000000
160.671729,23.814000000
160.694995,23.815000000
160.695643,23.816000000
160.711060,23.817000000
160.711124,23.818000000
160.711165,23.819000000
160.772636,23.820000000
160.772712,23.821000000
160.803365,23.822000000
160.811501,23.823000000
160.811564,23.824000000
160.821672,23.825000000
160.821733,23.826000000
160.830976,23.827000000
160.873903,23.828000000
160.877385,23.829000000
160.886132,23.830000000
160.888376,23.831000000
160.908305,23.832000000
160.915977,23.833000000
160.921927,23.834000000
160.927975,23.835000000
160.930323,23.836000000
160.939271,23.837000000
160.943611,23.838000000
160.948816,23.839000000
160.955809,23.840000000
160.961847,23.841000000
160.965891,23.842000000
160.970835,23.843000000
160.977855,23.844000000
160.983132,23.845000000
160.988414,23.846000000
160.995294,23.847000000
161.001579,23.848000000
161.006979,23.849000000
161.011542,23.850000000
161.018390,23.851000000
161.024758,23.852000000
161.029248,23.853000000
161.037753,23.854000000
161.042485,23.855000000
161.047258,23.856000000
161.055348,23.857000000
161.060203,23.858000000
161.066669,23.859000000
161.069029,23.860000000
161.078234,23.861000000
161.084436,23.862000000
161.088693,23.863000000
161.095857,23.864000000
161.103172,23.865000000
161.105696,23.866000000
161.113671,23.867000000
161.123706,23.868000000
161.130364,23.869000000
161.135942,23.870000000
161.143638,23.871000000
161.149971,23.872000000
161.159422,23.873000000
161.180348,23.874000000
161.191699,23.875000000
161.213689,23.876000000
161.218076,23.877000000
161.229476,23.878000000
161.232375,23.879000000
161.240340,23.880000000
161.252058,23.881000000
161.252126,23.882000000
161.252688,23.883000000
161.252737,23.884000000
161.252776,23.885000000
161.261374,23.886000000
161.261477,23.887000000
161.261522,23.888000000
161.261561,23.889000000
161.264206,23.890000000
161.264645,23.891000000
161.270964,23.892000000
161.273034,23.893000000
161.277092,23.894000000
161.277147,23.895000000
161.280279,23.896000000
161.280680,23.897000000
161.286541,23.898000000
161.286594,23.899000000
161.288053,23.900000000
161.296583,23.901000000
161.296636,23.902000000
161.296677,23.903000000
161.296733,23.904000000
161.297260,23.905000000
161.312010,23.906000000
161.317924,23.907000000
161.317981,23.908000000
161.318021,23.909000000
161.319957,23.910000000
161.326597,23.911000000
161.328750,23.912000000
161.334472,23.913000000
161.334527,23.914000000
161.334568,23.915000000
161.338506,23.916000000
161.345554,23.917000000
161.347972,23.918000000
161.350558,23.919000000
161.358103,23.920000000
161.362655,23.921000000
161.365051,23.922000000
161.367753,23.923000000
161.374101,23.924000000
161.381018,23.925000000
161.383382,23.926000000
161.389999,23.927000000
161.395574,23.928000000
161.397803,23.929000000
161.400188,23.930000000
161.407858,23.931000000
161.410891,23.932000000
161.418196,23.933000000
161.423636,23.934000000
161.426126,23.935000000
161.433838,23.936000000
161.437561,23.937000000
161.451962,23.938000000
161.465705,23.939000000
161.468280,23.940000000
161.474482,23.941000000
161.488233,23.942000000
161.501678,23.943000000
161.504578,23.944000000
161.506845,23.945000000
161.508994,23.946000000
161.516921,23.947000000
161.520432,23.948000000
161.528764,23.949000000
161.534504,23.950000000
161.539598,23.951000000
161.545283,23.952000000
161.554063,23.953000000
161.557052,23.954000000
161.569515,23.955000000
161.583223,23.956000000
161.591693,23.957000000
161.612825,23.958000000
161.616932,23.959000000
161.619451,23.960000000
161.627949,23.961000000
161.630318,23.962000000
161.632972,23.963000000
161.640333,23.964000000
161.644092,23.965000000
161.648545,23.966000000
161.650976,23.967000000
161.672484,23.968000000
161.674864,23.969000000
161.677647,23.970000000
161.686363,23.971000000
161.697720,23.972000000
161.702608,23.973000000
161.715972,23.974000000
161.722514,23.975000000
161.729336,23.976000000
161.736555,23.977000000
161.745209,23.978000000
161.761117,23.979000000
161.774365,23.980000000
161.774430,23.981000000
161.787743,23.982000000
161.787807,23.983000000
161.791125,23.984000000
161.800624,23.985000000
161.806310,23.986000000
161.822740,23.987000000
161.822825,23.988000000
161.822911,23.989000000
161.823404,23.990000000
161.846057,23.991000000
161.846116,23.992000000
161.846158,23.993000000
161.846197,23.994000000
161.855554,23.995000000
161.856092,23.996000000
161.856176,23.997000000
161.862992,23.998000000
161.863050,23.999000000
161.866714,24.000000000
161.874323,24.001000000
161.899869,24.002000000
161.899938,24.003000000
161.918511,24.004000000
161.921160,24.005000000
161.929649,24.006000000
161.936027,24.007000000
161.938650,24.008000000
161.943772,24.009000000
161.951150,24.010000000
161.953863,24.011000000
161.959991,24.012000000
161.962584,24.013000000
161.964838,24.014000000
161.972407,24.015000000
161.977034,24.016000000
161.980622,24.017000000
161.987938,24.018000000
161.994001,24.019000000
161.999571,24.020000000
162.001929,24.021000000
162.008604,24.022000000
162.012861,24.023000000
162.026942,24.024000000
162.031138,24.025000000
162.047601,24.026000000
162.050137,24.027000000
162.056482,24.028000000
162.060061,24.029000000
162.076700,24.030000000
162.097676,24.031000000
162.118762,24.032000000
162.124330,24.033000000
162.133853,24.034000000
162.141909,24.035000000
162.162577,24.036000000
162.165742,24.037000000
162.173183,24.038000000
162.176589,24.039000000
162.181784,24.040000000
162.184434,24.041000000
162.189407,24.042000000
162.191839,24.043000000
162.196279,24.044000000
162.200598,24.045000000
162.204854,24.046000000
162.211053,24.047000000
162.213731,24.048000000
162.216650,24.049000000
162.219909,24.050000000
162.222192,24.051000000
162.231241,24.052000000
162.238811,24.053000000
162.249900,24.054000000
162.257241,24.055000000
162.260961,24.056000000
162.268619,24.057000000
162.271574,24.058000000
162.274992,24.059000000
162.281002,24.060000000
162.295352,24.061000000
162.298792,24.062000000
162.302331,24.063000000
162.306845,24.064000000
162.326571,24.065000000
162.329680,24.066000000
162.332424,24.067000000
162.334744,24.068000000
162.345457,24.069000000
162.363827,24.070000000
162.369381,24.071000000
162.375034,24.072000000
162.397432,24.073000000
162.401551,24.074000000
162.405347,24.075000000
162.408826,24.076000000
162.412284,24.077000000
162.414254,24.078000000
162.416325,24.079000000
162.418223,24.080000000
162.420215,24.081000000
162.422256,24.082000000
162.424334,24.083000000
162.426607,24.084000000
162.428507,24.085000000
162.430556,24.086000000
162.452631,24.087000000
162.453013,24.088000000
162.454989,24.089000000
162.457011,24.090000000
162.458918,24.091000000
162.479040,24.092000000
162.483011,24.093000000
162.483055,24.094000000
162.484906,24.095000000
162.497974,24.096000000
162.505971,24.097000000
162.541954,24.098000000
162.552237,24.099000000
162.577236,24.100000000
162.588444,24.101000000
162.604471,24.102000000
162.612182,24.103000000
162.617611,24.104000000
162.639436,24.105000000
162.645358,24.106000000
162.651757,24.107000000
162.668452,24.108000000
162.669284,24.109000000
162.678783,24.110000000
162.686197,24.111000000
162.695662,24.112000000
162.701046,24.113000000
162.710173,24.114000000
162.718971,24.115000000
162.729349,24.116000000
162.732709,24.117000000
162.745354,24.118000000
162.750515,24.119000000
162.758539,24.120000000
162.764642,24.121000000
162.779444,24.122000000
162.795824,24.123000000
162.813267,24.124000000
162.832906,24.125000000
162.833487,24.126000000
162.840770,24.127000000
162.845860,24.128000000
162.853607,24.129000000
162.876925,24.130000000
162.883471,24.131000000
162.887735,24.132000000
162.896406,24.133000000
162.907174,24.134000000
162.912223,24.135000000
162.917525,24.136000000
162.921190,24.137000000
162.925374,24.138000000
162.936619,24.139000000
162.973812,24.140000000
162.985337,24.141000000
162.998369,24.142000000
163.011831,24.143000000
163.017904,24.144000000
163.024403,24.145000000
163.032880,24.146000000
163.044425,24.147000000
163.054472,24.148000000
163.064713,24.149000000
163.075901,24.150000000
163.086104,24.151000000
163.096193,24.152000000
163.101696,24.153000000
163.104874,24.154000000
163.109197,24.155000000
163.116022,24.156000000
163.121192,24.157000000
163.131395,24.158000000
163.138054,24.159000000
163.148302,24.160000000
163.157913,24.161000000
163.164349,24.162000000
163.169077,24.163000000
163.173332,24.164000000
163.177648,24.165000000
163.181440,24.166000000
163.187652,24.167000000
163.223607,24.168000000
163.227207,24.169000000
163.231147,24.170000000
163.236871,24.171000000
163.241204,24.172000000
163.253804,24.173000000
163.257673,24.174000000
163.272765,24.175000000
163.282091,24.176000000
163.286513,24.177000000
163.294990,24.178000000
163.301040,24.179000000
163.333086,24.180000000
163.337218,24.181000000
163.341269,24.182000000
163.346339,24.183000000
163.350541,24.184000000
163.354732,24.185000000
163.371593,24.186000000
163.375736,24.187000000
163.380011,24.188000000
163.384406,24.189000000
163.389074,24.190000000
163.402951,24.191000000
163.438359,24.192000000
163.448881,24.193000000
163.459327,24.194000000
163.469763,24.195000000
163.487501,24.196000000
163.498998,24.197000000
163.499043,24.198000000
163.523405,24.199000000
163.536295,24.200000000
163.548472,24.201000000
163.573722,24.202000000
163.596410,24.203000000
163.627743,24.204000000
163.638413,24.205000000
163.645340,24.206000000
163.652120,24.207000000
163.661397,24.208000000
163.667059,24.209000000
163.670572,24.210000000
163.681964,24.211000000
163.690222,24.212000000
163.693592,24.213000000
163.695970,24.214000000
163.698115,24.215000000
163.700255,24.216000000
163.702293,24.217000000
163.704467,24.218000000
163.719661,24.219000000
163.728119,24.220000000
163.735384,24.221000000
163.741109,24.222000000
163.744281,24.223000000
163.747017,24.224000000
163.763439,24.225000000
163.774838,24.226000000
163.780903,24.227000000
163.787603,24.228000000
163.787646,24.229000000
163.791797,24.230000000
163.795506,24.231000000
163.810510,24.232000000
163.820360,24.233000000
163.828507,24.234000000
163.835129,24.235000000
163.845848,24.236000000
163.852507,24.237000000
163.857394,24.238000000
163.860643,24.239000000
163.862628,24.240000000
163.865872,24.241000000
163.867901,24.242000000
163.869864,24.243000000
163.872208,24.244000000
163.884499,24.245000000
163.896236,24.246000000
163.912429,24.247000000
163.916408,24.248000000
163.923033,24.249000000
163.926873,24.250000000
163.934600,24.251000000
163.938477,24.252000000
163.962293,24.253000000
163.964230,24.254000000
163.970626,24.255000000
163.982692,24.256000000
163.991228,24.257000000
163.996243,24.258000000
164.002586,24.259000000
164.013322,24.260000000
164.016394,24.261000000
164.018773,24.262000000
164.021082,24.263000000
164.030519,24.264000000
164.034761,24.265000000
164.037479,24.266000000
164.045116,24.267000000
164.064033,24.268000000
164.073614,24.269000000
164.082116,24.270000000
164.087401,24.271000000
164.089697,24.272000000
164.094159,24.273000000
164.098240,24.274000000
164.101111,24.275000000
164.103589,24.276000000
164.105847,24.277000000
164.108157,24.278000000
164.110324,24.279000000
164.128813,24.280000000
164.137614,24.281000000
164.146650,24.282000000
164.157617,24.283000000
164.162448,24.284000000
164.172444,24.285000000
164.176010,24.286000000
164.178549,24.287000000
164.181171,24.288000000
164.189517,24.289000000
164.192713,24.290000000
164.195017,24.291000000
164.197381,24.292000000
164.203921,24.293000000
164.206465,24.294000000
164.208885,24.295000000
164.211158,24.296000000
164.220109,24.297000000
164.223913,24.298000000
164.229919,24.299000000
164.234558,24.300000000
164.241605,24.301000000
164.252451,24.302000000
164.281368,24.303000000
164.304839,24.304000000
164.318202,24.305000000
164.328361,24.306000000
164.347600,24.307000000
164.351220,24.308000000
164.375301,24.309000000
164.387165,24.310000000
164.397285,24.311000000
164.407783,24.312000000
164.414490,24.313000000
164.426763,24.314000000
164.436129,24.315000000
164.439523,24.316000000
164.445385,24.317000000
164.460113,24.318000000
164.460175,24.319000000
164.460288,24.320000000
164.460330,24.321000000
164.460370,24.322000000
164.460407,24.323000000
164.466044,24.324000000
164.467479,24.325000000
164.469899,24.326000000
164.472889,24.327000000
164.475011,24.328000000
164.477302,24.329000000
164.480280,24.330000000
164.482793,24.331000000
164.485701,24.332000000
164.489995,24.333000000
164.493070,24.334000000
164.496292,24.335000000
164.498409,24.336000000
164.500393,24.337000000
164.503340,24.338000000
164.511317,24.339000000
164.515070,24.340000000
164.517390,24.341000000
164.519487,24.342000000
164.521631,24.343000000
164.524906,24.344000000
164.527536,24.345000000
164.529731,24.346000000
164.538704,24.347000000
164.547474,24.348000000
164.555742,24.349000000
164.576587,24.350000000
164.603220,24.351000000
164.603269,24.352000000
164.608315,24.353000000
164.633493,24.354000000
164.633542,24.355000000
164.641019,24.356000000
164.649097,24.357000000
164.649138,24.358000000
164.664613,24.359000000
164.664660,24.360000000
164.665097,24.361000000
164.665131,24.362000000
164.668678,24.363000000
164.670738,24.364000000
164.705061,24.365000000
164.705745,24.366000000
164.705842,24.367000000
164.710275,24.368000000
164.720645,24.369000000
164.720683,24.370000000
164.730190,24.371000000
164.738851,24.372000000
164.741909,24.373000000
164.750305,24.374000000
164.750343,24.375000000
164.756529,24.376000000
164.781250,24.377000000
164.796693,24.378000000
164.796740,24.379000000
164.796750,24.380000000
164.806704,24.381000000
164.806747,24.382000000
164.806756,24.383000000
164.830864,24.384000000
164.830909,24.385000000
164.830919,24.386000000
164.837652,24.387000000
164.837693,24.388000000
164.840446,24.389000000
164.874510,24.390000000
164.891407,24.391000000
164.908863,24.392000000
164.917720,24.393000000
164.927769,24.394000000
164.957716,24.395000000
164.966256,24.396000000
164.980480,24.397000000
165.002977,24.398000000
165.003022,24.399000000
165.017807,24.400000000
165.034665,24.401000000
165.034715,24.402000000
165.034725,24.403000000
165.041517,24.404000000
165.045341,24.405000000
165.053569,24.406000000
165.053637,24.407000000
165.053648,24.408000000
165.075782,24.409000000
165.075848,24.410000000
165.090027,24.411000000
165.090079,24.412000000
165.090108,24.413000000
165.128757,24.414000000
165.128808,24.415000000
165.135350,24.416000000
165.136509,24.417000000
165.143719,24.418000000
165.156712,24.419000000
165.175318,24.420000000
165.175366,24.421000000
165.175376,24.422000000
165.176826,24.423000000
165.187635,24.424000000
165.212992,24.425000000
165.223270,24.426000000
165.223689,24.427000000
165.223725,24.428000000
165.227367,24.429000000
165.233300,24.430000000
165.245588,24.431000000
165.261770,24.432000000
165.261837,24.433000000
165.261847,24.434000000
165.261855,24.435000000
165.261863,24.436000000
165.261897,24.437000000
165.261906,24.438000000
165.266840,24.439000000
165.270084,24.440000000
165.287411,24.441000000
165.300934,24.442000000
165.308558,24.443000000
165.316461,24.444000000
165.330007,24.445000000
165.337174,24.446000000
165.344124,24.447000000
165.362078,24.448000000
165.371649,24.449000000
165.385146,24.450000000
165.395895,24.451000000
165.401978,24.452000000
165.406576,24.453000000
165.413891,24.454000000
165.416308,24.455000000
165.424393,24.456000000
165.424465,24.457000000
165.435758,24.458000000
165.435836,24.459000000
165.435877,24.460000000
165.435887,24.461000000
165.438838,24.462000000
165.459743,24.463000000
165.468796,24.464000000
165.496495,24.465000000
165.504876,24.466000000
165.512784,24.467000000
165.518213,24.468000000
165.527091,24.469000000
165.548514,24.470000000
165.571470,24.471000000
165.576380,24.472000000
165.578650,24.473000000
165.580942,24.474000000
165.583184,24.475000000
165.585427,24.476000000
165.588769,24.477000000
165.591113,24.478000000
165.593590,24.479000000
165.596746,24.480000000
165.599096,24.481000000
165.602570,24.482000000
165.604928,24.483000000
165.608186,24.484000000
165.614970,24.485000000
165.617287,24.486000000
165.625921,24.487000000
165.628428,24.488000000
165.631219,24.489000000
165.638167,24.490000000
165.643987,24.491000000
165.644063,24.492000000
165.650510,24.493000000
165.650664,24.494000000
165.656794,24.495000000
165.668781,24.496000000
165.669069,24.497000000
165.678897,24.498000000
165.679032,24.499000000
165.679081,24.500000000
165.679140,24.501000000
165.684983,24.502000000
165.685249,24.503000000
165.705871,24.504000000
165.714923,24.505000000
165.717112,24.506000000
165.719176,24.507000000
165.721222,24.508000000
165.723390,24.509000000
165.725469,24.510000000
165.727570,24.511000000
165.731443,24.512000000
165.733480,24.513000000
165.735569,24.514000000
165.737745,24.515000000
165.740174,24.516000000
165.742346,24.517000000
165.749787,24.518000000
165.756754,24.519000000
165.759204,24.520000000
165.764585,24.521000000
165.778032,24.522000000
165.797789,24.523000000
165.802726,24.524000000
165.804752,24.525000000
165.833198,24.526000000
165.860288,24.527000000
165.860658,24.528000000
165.862880,24.529000000
165.870585,24.530000000
165.876427,24.531000000
165.883779,24.532000000
165.899182,24.533000000
165.899348,24.534000000
165.901897,24.535000000
165.907229,24.536000000
165.919036,24.537000000
165.924917,24.538000000
165.933256,24.539000000
165.957033,24.540000000
165.962161,24.541000000
165.967616,24.542000000
165.976259,24.543000000
165.979657,24.544000000
165.986041,24.545000000
165.989639,24.546000000
166.010768,24.547000000
166.014946,24.548000000
166.023437,24.549000000
166.042541,24.550000000
166.051449,24.551000000
166.057592,24.552000000
166.070762,24.553000000
166.076771,24.554000000
166.084711,24.555000000
166.090346,24.556000000
166.101185,24.557000000
166.106793,24.558000000
166.114246,24.559000000
166.118389,24.560000000
166.124230,24.561000000
166.133882,24.562000000
166.142682,24.563000000
166.148735,24.564000000
166.157571,24.565000000
166.170146,24.566000000
166.177648,24.567000000
166.183930,24.568000000
166.191126,24.569000000
166.199244,24.570000000
166.203985,24.571000000
166.208478,24.572000000
166.226990,24.573000000
166.238750,24.574000000
166.243232,24.575000000
166.250726,24.576000000
166.261712,24.577000000
166.264999,24.578000000
166.267502,24.579000000
166.269838,24.580000000
166.272074,24.581000000
166.275476,24.582000000
166.282452,24.583000000
166.289456,24.584000000
166.298020,24.585000000
166.300663,24.586000000
166.303193,24.587000000
166.306284,24.588000000
166.312685,24.589000000
166.315544,24.590000000
166.322012,24.591000000
166.329504,24.592000000
166.333354,24.593000000
166.336043,24.594000000
166.341877,24.595000000
166.348277,24.596000000
166.355932,24.597000000
166.362889,24.598000000
166.368737,24.599000000
166.385867,24.600000000
166.389333,24.601000000
166.414381,24.602000000
166.419755,24.603000000
166.444338,24.604000000
166.458373,24.605000000
166.469524,24.606000000
166.481964,24.607000000
166.498954,24.608000000
166.511183,24.609000000
166.511584,24.610000000
166.526778,24.611000000
166.533515,24.612000000
166.549036,24.613000000
166.559113,24.614000000
166.574074,24.615000000
166.578226,24.616000000
166.608094,24.617000000
166.611309,24.618000000
166.627436,24.619000000
166.633495,24.620000000
166.648120,24.621000000
166.648178,24.622000000
166.648220,24.623000000
166.662632,24.624000000
166.662698,24.625000000
166.662742,24.626000000
166.667520,24.627000000
166.667669,24.628000000
166.667715,24.629000000
166.677365,24.630000000
166.681781,24.631000000
166.691668,24.632000000
166.699076,24.633000000
166.699723,24.634000000
166.705997,24.635000000
166.706504,24.636000000
166.706833,24.637000000
166.721767,24.638000000
166.725217,24.639000000
166.739935,24.640000000
166.746673,24.641000000
166.753922,24.642000000
166.771752,24.643000000
166.771816,24.644000000
166.773834,24.645000000
166.804771,24.646000000
166.814805,24.647000000
166.835389,24.648000000
166.839917,24.649000000
166.851365,24.650000000
166.877613,24.651000000
166.885294,24.652000000
166.889264,24.653000000
166.905623,24.654000000
166.905687,24.655000000
166.905727,24.656000000
166.918344,24.657000000
166.918403,24.658000000
166.927074,24.659000000
166.932171,24.660000000
166.941415,24.661000000
166.953364,24.662000000
166.955030,24.663000000
166.964103,24.664000000
166.974527,24.665000000
166.978106,24.666000000
166.983892,24.667000000
166.986829,24.668000000
167.020812,24.669000000
167.025317,24.670000000
167.033794,24.671000000
167.033839,24.672000000
167.039305,24.673000000
167.042222,24.674000000
167.045166,24.675000000
167.047242,24.676000000
167.049823,24.677000000
167.053198,24.678000000
167.057172,24.679000000
167.059213,24.680000000
167.061609,24.681000000
167.064367,24.682000000
167.066967,24.683000000
167.069894,24.684000000
167.072793,24.685000000
167.075071,24.686000000
167.081539,24.687000000
167.083813,24.688000000
167.085860,24.689000000
167.089733,24.690000000
167.091726,24.691000000
167.093685,24.692000000
167.095831,24.693000000
167.098519,24.694000000
167.101217,24.695000000
167.105006,24.696000000
167.107005,24.697000000
167.128946,24.698000000
167.137130,24.699000000
167.148102,24.700000000
167.154090,24.701000000
167.162374,24.702000000
167.169395,24.703000000
167.171768,24.704000000
167.178387,24.705000000
167.190891,24.706000000
167.198282,24.707000000
167.200710,24.708000000
167.212105,24.709000000
167.219557,24.710000000
167.224696,24.711000000
167.243412,24.712000000
167.246031,24.713000000
167.255359,24.714000000
167.262737,24.715000000
167.271455,24.716000000
167.277426,24.717000000
167.284620,24.718000000
167.292251,24.719000000
167.299276,24.720000000
167.306832,24.721000000
167.314091,24.722000000
167.321584,24.723000000
167.325291,24.724000000
167.333616,24.725000000
167.341690,24.726000000
167.350205,24.727000000
167.357665,24.728000000
167.359800,24.729000000
167.369637,24.730000000
167.375631,24.731000000
167.388053,24.732000000
167.392755,24.733000000
167.392791,24.734000000
167.412958,24.735000000
167.414315,24.736000000
167.439793,24.737000000
167.444630,24.738000000
167.453020,24.739000000
167.460455,24.740000000
167.471854,24.741000000
167.476684,24.742000000
167.493814,24.743000000
167.504575,24.744000000
167.530734,24.745000000
167.539583,24.746000000
167.544011,24.747000000
167.546884,24.748000000
167.553011,24.749000000
167.557919,24.750000000
167.560280,24.751000000
167.562505,24.752000000
167.576721,24.753000000
167.582087,24.754000000
167.590097,24.755000000
167.595946,24.756000000
167.599948,24.757000000
167.603231,24.758000000
167.609589,24.759000000
167.615629,24.760000000
167.621205,24.761000000
167.625223,24.762000000
167.645413,24.763000000
167.660817,24.764000000
167.667052,24.765000000
167.687937,24.766000000
167.693675,24.767000000
167.705757,24.768000000
167.709204,24.769000000
167.720862,24.770000000
167.722840,24.771000000
167.727194,24.772000000
167.746731,24.773000000
167.749828,24.774000000
167.756285,24.775000000
167.763258,24.776000000
167.784676,24.777000000
167.791812,24.778000000
167.796852,24.779000000
167.799138,24.780000000
167.802575,24.781000000
167.805054,24.782000000
167.807403,24.783000000
167.809978,24.784000000
167.812322,24.785000000
167.814347,24.786000000
167.826175,24.787000000
167.828608,24.788000000
167.830657,24.789000000
167.832754,24.790000000
167.840842,24.791000000
167.843067,24.792000000
167.845203,24.793000000
167.847715,24.794000000
167.854805,24.795000000
167.860643,24.796000000
167.872328,24.797000000
167.891204,24.798000000
167.909782,24.799000000
167.917119,24.800000000
167.942191,24.801000000
167.942240,24.802000000
167.977396,24.803000000
167.989489,24.804000000
168.002016,24.805000000
168.008506,24.806000000
168.015476,24.807000000
168.023814,24.808000000
168.029245,24.809000000
168.044216,24.810000000
168.050845,24.811000000
168.059890,24.812000000
168.061935,24.813000000
168.075146,24.814000000
168.085639,24.815000000
168.097068,24.816000000
168.143213,24.817000000
168.151585,24.818000000
168.167530,24.819000000
168.170974,24.820000000
168.176984,24.821000000
168.184277,24.822000000
168.199203,24.823000000
168.210222,24.824000000
168.215162,24.825000000
168.231529,24.826000000
168.247339,24.827000000
168.247387,24.828000000
168.250625,24.829000000
168.260135,24.830000000
168.263958,24.831000000
168.301225,24.832000000
168.304442,24.833000000
168.308926,24.834000000
168.311999,24.835000000
168.313191,24.836000000
168.315655,24.837000000
168.317990,24.838000000
168.320499,24.839000000
168.323067,24.840000000
168.325061,24.841000000
168.327087,24.842000000
168.329332,24.843000000
168.333730,24.844000000
168.341770,24.845000000
168.351250,24.846000000
168.351921,24.847000000
168.353989,24.848000000
168.356418,24.849000000
168.367461,24.850000000
168.390585,24.851000000
168.401350,24.852000000
168.417882,24.853000000
168.423507,24.854000000
168.469998,24.855000000
168.473720,24.856000000
168.477249,24.857000000
168.511503,24.858000000
168.518819,24.859000000
168.525151,24.860000000
168.528092,24.861000000
168.533209,24.862000000
168.536611,24.863000000
168.539115,24.864000000
168.542305,24.865000000
168.560467,24.866000000
168.572534,24.867000000
168.577641,24.868000000
168.577710,24.869000000
168.580312,24.870000000
168.592587,24.871000000
168.599561,24.872000000
168.606584,24.873000000
168.623085,24.874000000
168.630372,24.875000000
168.659692,24.876000000
168.671135,24.877000000
168.679218,24.878000000
168.691370,24.879000000
168.704357,24.880000000
168.709856,24.881000000
168.721584,24.882000000
168.733456,24.883000000
168.741580,24.884000000
168.751717,24.885000000
168.766768,24.886000000
168.781075,24.887000000
168.789108,24.888000000
168.794450,24.889000000
168.815595,24.890000000
168.828493,24.891000000
168.836045,24.892000000
168.853783,24.893000000
168.869304,24.894000000
168.883355,24.895000000
168.895843,24.896000000
168.912246,24.897000000
168.925927,24.898000000
168.939250,24.899000000
168.952056,24.900000000
168.967628,24.901000000
168.977326,24.902000000
168.988892,24.903000000
169.001114,24.904000000
169.010809,24.905000000
169.038082,24.906000000
169.046161,24.907000000
169.057461,24.908000000
169.067208,24.909000000
169.085742,24.910000000
169.104709,24.911000000
169.120483,24.912000000
169.130945,24.913000000
169.141285,24.914000000
169.150301,24.915000000
169.160207,24.916000000
169.172525,24.917000000
169.182887,24.918000000
169.197756,24.919000000
169.208388,24.920000000
169.218390,24.921000000
169.227612,24.922000000
169.238554,24.923000000
169.248554,24.924000000
169.257917,24.925000000
169.267885,24.926000000
169.278038,24.927000000
169.288149,24.928000000
169.298318,24.929000000
169.309887,24.930000000
169.320777,24.931000000
169.330796,24.932000000
169.343480,24.933000000
169.355260,24.934000000
169.365267,24.935000000
169.376748,24.936000000
169.385203,24.937000000
169.394996,24.938000000
169.409604,24.939000000
169.418605,24.940000000
169.430194,24.941000000
169.440034,24.942000000
169.456220,24.943000000
169.469123,24.944000000
169.484601,24.945000000
169.505143,24.946000000
169.519406,24.947000000
169.536556,24.948000000
169.549547,24.949000000
169.574874,24.950000000
169.586077,24.951000000
169.602209,24.952000000
169.616037,24.953000000
169.626093,24.954000000
169.638484,24.955000000
169.650192,24.956000000
169.663234,24.957000000
169.675211,24.958000000
169.686839,24.959000000
169.699148,24.960000000
169.709736,24.961000000
169.725918,24.962000000
169.737209,24.963000000
169.749371,24.964000000
169.760316,24.965000000
169.774014,24.966000000
169.785035,24.967000000
169.799249,24.968000000
169.807516,24.969000000
169.819430,24.970000000
169.833044,24.971000000
169.845968,24.972000000
169.856234,24.973000000
169.867919,24.974000000
169.891738,24.975000000
169.910578,24.976000000
169.922632,24.977000000
169.935796,24.978000000
169.948833,24.979000000
169.961409,24.980000000
169.972425,24.981000000
169.985102,24.982000000
169.996469,24.983000000
170.009539,24.984000000
170.021398,24.985000000
170.033715,24.986000000
170.047197,24.987000000
170.060292,24.988000000
170.072303,24.989000000
170.084102,24.990000000
170.099277,24.991000000
170.111277,24.992000000
170.125373,24.993000000
170.139565,24.994000000
170.152840,24.995000000
170.163923,24.996000000
170.174120,24.997000000
170.186023,24.998000000
170.213465,24.999000000
170.225446,25.000000000
170.239491,25.001000000
170.261601,25.002000000
170.281229,25.003000000
170.297507,25.004000000
170.308418,25.005000000
170.322029,25.006000000
170.330624,25.007000000
170.340845,25.008000000
170.354317,25.009000000
170.368028,25.010000000
170.380080,25.011000000
170.392396,25.012000000
170.404683,25.013000000
170.418189,25.014000000
170.431819,25.015000000
170.445430,25.016000000
170.458380,25.017000000
170.470778,25.018000000
170.489036,25.019000000
170.501009,25.020000000
170.510926,25.021000000
170.517220,25.022000000
170.523985,25.023000000
170.538204,25.024000000
170.546551,25.025000000
170.550372,25.026000000
170.552622,25.027000000
170.555366,25.028000000
170.558266,25.029000000
170.564210,25.030000000
170.566495,25.031000000
170.569964,25.032000000
170.572254,25.033000000
170.574576,25.034000000
170.579811,25.035000000
170.583107,25.036000000
170.585867,25.037000000
170.589141,25.038000000
170.591529,25.039000000
170.617399,25.040000000
170.629639,25.041000000
170.629705,25.042000000
170.629764,25.043000000
170.642769,25.044000000
170.642855,25.045000000
170.642938,25.046000000
170.672912,25.047000000
170.676352,25.048000000
170.699034,25.049000000
170.707065,25.050000000
170.717206,25.051000000
170.724771,25.052000000
170.735469,25.053000000
170.748915,25.054000000
170.768673,25.055000000
170.785992,25.056000000
170.797130,25.057000000
170.814378,25.058000000
170.823714,25.059000000
170.858204,25.060000000
170.872704,25.061000000
170.884466,25.062000000
170.891171,25.063000000
170.903064,25.064000000
170.907581,25.065000000
170.911849,25.066000000
170.916852,25.067000000
170.922682,25.068000000
170.925737,25.069000000
170.945799,25.070000000
170.950441,25.071000000
170.956090,25.072000000
170.965400,25.073000000
170.984045,25.074000000
170.990093,25.075000000
170.998784,25.076000000
171.015960,25.077000000
171.021481,25.078000000
171.035293,25.079000000
171.065452,25.080000000
171.077819,25.081000000
171.085447,25.082000000
171.099008,25.083000000
171.099057,25.084000000
171.100065,25.085000000
171.102500,25.086000000
171.105085,25.087000000
171.107206,25.088000000
171.132486,25.089000000
171.136334,25.090000000
171.142357,25.091000000
171.144547,25.092000000
171.150553,25.093000000
171.155631,25.094000000
171.159796,25.095000000
171.170620,25.096000000
171.176422,25.097000000
171.181394,25.098000000
171.184498,25.099000000
171.188579,25.100000000
171.192796,25.101000000
171.197052,25.102000000
171.204122,25.103000000
171.206205,25.104000000
171.211102,25.105000000
171.215828,25.106000000
171.220432,25.107000000
171.236475,25.108000000
171.243306,25.109000000
171.247440,25.110000000
171.250476,25.111000000
171.265642,25.112000000
171.272355,25.113000000
171.288274,25.114000000
171.292119,25.115000000
171.300471,25.116000000
171.303809,25.117000000
171.331150,25.118000000
171.336939,25.119000000
171.355586,25.120000000
171.388961,25.121000000
171.395856,25.122000000
171.405643,25.123000000
171.411913,25.124000000
171.444251,25.125000000
171.458123,25.126000000
171.466816,25.127000000
171.478727,25.128000000
171.488266,25.129000000
171.494209,25.130000000
171.506039,25.131000000
171.515198,25.132000000
171.522201,25.133000000
171.542356,25.134000000
171.569674,25.135000000
171.585579,25.136000000
171.596946,25.137000000
171.607932,25.138000000
171.626199,25.139000000
171.647695,25.140000000
171.650122,25.141000000
171.665550,25.142000000
171.665609,25.143000000
171.672183,25.144000000
171.685126,25.145000000
171.685424,25.146000000
171.692739,25.147000000
171.706155,25.148000000
171.715226,25.149000000
171.716278,25.150000000
171.722924,25.151000000
171.745242,25.152000000
171.766289,25.153000000
171.776027,25.154000000
171.793465,25.155000000
171.809687,25.156000000
171.816375,25.157000000
171.837399,25.158000000
171.864120,25.159000000
171.868115,25.160000000
171.870145,25.161000000
171.879945,25.162000000
171.880019,25.163000000
171.880031,25.164000000
171.882827,25.165000000
171.883054,25.166000000
171.888501,25.167000000
171.888983,25.168000000
171.889021,25.169000000
171.896672,25.170000000
171.896723,25.171000000
171.896733,25.172000000
171.896741,25.173000000
171.898584,25.174000000
171.902448,25.175000000
171.903790,25.176000000
171.908118,25.177000000
171.928559,25.178000000
171.939256,25.179000000
171.939304,25.180000000
171.949274,25.181000000
171.965410,25.182000000
171.978988,25.183000000
171.979051,25.184000000
172.023659,25.185000000
172.047335,25.186000000
172.064893,25.187000000
172.064947,25.188000000
172.064957,25.189000000
172.090831,25.190000000
172.114613,25.191000000
172.118072,25.192000000
172.130910,25.193000000
172.142252,25.194000000
172.142307,25.195000000
172.154703,25.196000000
172.167071,25.197000000
172.167119,25.198000000
172.197811,25.199000000
172.214448,25.200000000
172.222771,25.201000000
172.235289,25.202000000
172.235338,25.203000000
172.258149,25.204000000
172.279680,25.205000000
172.283472,25.206000000
172.307181,25.207000000
172.318706,25.208000000
172.348392,25.209000000
172.365076,25.210000000
172.376470,25.211000000
172.401907,25.212000000
172.407886,25.213000000
172.421432,25.214000000
172.428376,25.215000000
172.434978,25.216000000
172.442528,25.217000000
172.458724,25.218000000
172.466911,25.219000000
172.473633,25.220000000
172.499776,25.221000000
172.505462,25.222000000
172.521904,25.223000000
172.531210,25.224000000
172.556834,25.225000000
172.559125,25.226000000
172.581382,25.227000000
172.583403,25.228000000
172.618795,25.229000000
172.644129,25.230000000
172.653484,25.231000000
172.666067,25.232000000
172.698370,25.233000000
172.711376,25.234000000
172.734947,25.235000000
172.741636,25.236000000
172.745271,25.237000000
172.751776,25.238000000
172.768614,25.239000000
172.778559,25.240000000
172.784204,25.241000000
172.810148,25.242000000
172.810202,25.243000000
172.830129,25.244000000
172.839529,25.245000000
172.845124,25.246000000
172.849305,25.247000000
172.875232,25.248000000
172.893912,25.249000000
172.903004,25.250000000
172.925849,25.251000000
172.930419,25.252000000
172.946285,25.253000000
172.946333,25.254000000
172.956772,25.255000000
172.959643,25.256000000
172.969959,25.257000000
172.982574,25.258000000
172.991840,25.259000000
173.005489,25.260000000
173.011525,25.261000000
173.011781,25.262000000
173.015659,25.263000000
173.023284,25.264000000
173.041778,25.265000000
173.043878,25.266000000
173.060840,25.267000000
173.060897,25.268000000
173.060907,25.269000000
173.076733,25.270000000
173.084647,25.271000000
173.089085,25.272000000
173.091132,25.273000000
173.099327,25.274000000
173.102432,25.275000000
173.108265,25.276000000
173.111778,25.277000000
173.117753,25.278000000
173.120388,25.279000000
173.132739,25.280000000
173.141662,25.281000000
173.161191,25.282000000
173.172987,25.283000000
173.175189,25.284000000
173.211850,25.285000000
173.220721,25.286000000
173.220794,25.287000000
173.229785,25.288000000
173.260653,25.289000000
173.270766,25.290000000
173.270831,25.291000000
173.271106,25.292000000
173.282858,25.293000000
173.282912,25.294000000
173.282941,25.295000000
173.313237,25.296000000
173.321753,25.297000000
173.330994,25.298000000
173.344412,25.299000000
173.368152,25.300000000
173.369485,25.301000000
173.369541,25.302000000
173.380454,25.303000000
173.391235,25.304000000
173.391292,25.305000000
173.391303,25.306000000
173.391357,25.307000000
173.392514,25.308000000
173.397259,25.309000000
173.406273,25.310000000
173.419965,25.311000000
173.420011,25.312000000
173.423041,25.313000000
173.429104,25.314000000
173.453214,25.315000000
173.468934,25.316000000
173.474355,25.317000000
173.477141,25.318000000
173.489880,25.319000000
173.492506,25.320000000
173.495330,25.321000000
173.498836,25.322000000
173.509650,25.323000000
173.513167,25.324000000
173.519421,25.325000000
173.534263,25.326000000
173.541041,25.327000000
173.546842,25.328000000
173.565797,25.329000000
173.575424,25.330000000
173.589173,25.331000000
173.601208,25.332000000
173.626067,25.333000000
173.642591,25.334000000
173.657130,25.335000000
173.665789,25.336000000
173.679736,25.337000000
173.691066,25.338000000
173.704511,25.339000000
173.715471,25.340000000
173.726155,25.341000000
173.735438,25.342000000
173.738829,25.343000000
173.745832,25.344000000
173.749522,25.345000000
173.766685,25.346000000
173.766812,25.347000000
173.766824,25.348000000
173.766833,25.349000000
173.766842,25.350000000
173.766850,25.351000000
173.766858,25.352000000
173.766866,25.353000000
173.778962,25.354000000
173.779012,25.355000000
173.779295,25.356000000
173.779357,25.357000000
173.787696,25.358000000
173.794965,25.359000000
173.795017,25.360000000
173.795028,25.361000000
173.795036,25.362000000
173.813264,25.363000000
173.813327,25.364000000
173.813368,25.365000000
173.813407,25.366000000
173.815521,25.367000000
173.818685,25.368000000
173.831051,25.369000000
173.838127,25.370000000
173.843747,25.371000000
173.848273,25.372000000
173.853573,25.373000000
173.861748,25.374000000
173.879387,25.375000000
173.899794,25.376000000
173.905802,25.377000000
173.912099,25.378000000
173.926250,25.379000000
173.931837,25.380000000
173.937116,25.381000000
173.941568,25.382000000
173.949180,25.383000000
173.953627,25.384000000
173.958278,25.385000000
173.976276,25.386000000
173.993917,25.387000000
173.998355,25.388000000
174.001897,25.389000000
174.008514,25.390000000
174.012824,25.391000000
174.026463,25.392000000
174.030679,25.393000000
174.038022,25.394000000
174.041269,25.395000000
174.085678,25.396000000
174.099016,25.397000000
174.111486,25.398000000
174.119239,25.399000000
174.133501,25.400000000
174.145393,25.401000000
174.152994,25.402000000
174.166410,25.403000000
174.178425,25.404000000
174.184827,25.405000000
174.194927,25.406000000
174.204083,25.407000000
174.212857,25.408000000
174.218219,25.409000000
174.224242,25.410000000
174.228936,25.411000000
174.234228,25.412000000
174.249198,25.413000000
174.252404,25.414000000
174.271250,25.415000000
174.291053,25.416000000
174.309344,25.417000000
174.314234,25.418000000
174.316642,25.419000000
174.319299,25.420000000
174.341608,25.421000000
174.357013,25.422000000
174.362238,25.423000000
174.382485,25.424000000
174.382551,25.425000000
174.394300,25.426000000
174.408808,25.427000000
174.423505,25.428000000
174.452510,25.429000000
174.470021,25.430000000
174.475682,25.431000000
174.498639,25.432000000
174.499894,25.433000000
174.523330,25.434000000
174.556541,25.435000000
174.573959,25.436000000
174.576167,25.437000000
174.588108,25.438000000
174.596246,25.439000000
174.596930,25.440000000
174.601409,25.441000000
174.601814,25.442000000
174.607326,25.443000000
174.612103,25.444000000
174.614478,25.445000000
174.631346,25.446000000
174.642138,25.447000000
174.648459,25.448000000
174.650618,25.449000000
174.663569,25.450000000
174.687556,25.451000000
174.690362,25.452000000
174.693763,25.453000000
174.697931,25.454000000
174.712108,25.455000000
174.717902,25.456000000
174.726250,25.457000000
174.742840,25.458000000
174.745501,25.459000000
174.752897,25.460000000
174.757710,25.461000000
174.765832,25.462000000
174.779469,25.463000000
174.783659,25.464000000
174.793280,25.465000000
174.800079,25.466000000
174.807522,25.467000000
174.817577,25.468000000
174.821626,25.469000000
174.831095,25.470000000
174.839733,25.471000000
174.844218,25.472000000
174.853344,25.473000000
174.856386,25.474000000
174.864723,25.475000000
174.870171,25.476000000
174.876677,25.477000000
174.890129,25.478000000
174.892446,25.479000000
174.907812,25.480000000
174.919088,25.481000000
174.929525,25.482000000
174.932355,25.483000000
174.955863,25.484000000
174.961551,25.485000000
174.976015,25.486000000
174.999233,25.487000000
175.009317,25.488000000
175.015737,25.489000000
175.031566,25.490000000
175.035401,25.491000000
175.044121,25.492000000
175.072675,25.493000000
175.097956,25.494000000
175.109135,25.495000000
175.117306,25.496000000
175.123793,25.497000000
175.133675,25.498000000
175.145689,25.499000000
175.152236,25.500000000
175.164904,25.501000000
175.174407,25.502000000
175.189198,25.503000000
175.199251,25.504000000
175.204405,25.505000000
175.216221,25.506000000
175.238108,25.507000000
175.246632,25.508000000
175.269681,25.509000000
175.274092,25.510000000
175.285773,25.511000000
175.299834,25.512000000
175.311028,25.513000000
175.313345,25.514000000
175.323663,25.515000000
175.325904,25.516000000
175.350163,25.517000000
175.358330,25.518000000
175.373182,25.519000000
175.376331,25.520000000
175.384556,25.521000000
175.418506,25.522000000
175.430435,25.523000000
175.446493,25.524000000
175.458756,25.525000000
175.475875,25.526000000
175.498914,25.527000000
175.512362,25.528000000
175.530326,25.529000000
175.544837,25.530000000
175.555689,25.531000000
175.571059,25.532000000
175.580570,25.533000000
175.584696,25.534000000
175.617568,25.535000000
175.622032,25.536000000
175.644719,25.537000000
175.652471,25.538000000
175.660262,25.539000000
175.675039,25.540000000
175.679851,25.541000000
175.690828,25.542000000
175.712541,25.543000000
175.716394,25.544000000
175.726767,25.545000000
175.739428,25.546000000
175.744234,25.547000000
175.752226,25.548000000
175.783192,25.549000000
175.793458,25.550000000
175.802306,25.551000000
175.806771,25.552000000
175.823083,25.553000000
175.833082,25.554000000
175.845898,25.555000000
175.850956,25.556000000
175.862449,25.557000000
175.872425,25.558000000
175.879575,25.559000000
175.903417,25.560000000
175.917136,25.561000000
175.926559,25.562000000
175.951017,25.563000000
175.969864,25.564000000
175.969937,25.565000000
175.983066,25.566000000
175.994600,25.567000000
176.004640,25.568000000
176.025381,25.569000000
176.041035,25.570000000
176.063325,25.571000000
176.079330,25.572000000
176.109289,25.573000000
176.109357,25.574000000
176.118303,25.575000000
176.135268,25.576000000
176.151394,25.577000000
176.161759,25.578000000
176.165692,25.579000000
176.176826,25.580000000
176.193663,25.581000000
176.193733,25.582000000
176.197921,25.583000000
176.205565,25.584000000
176.211060,25.585000000
176.217345,25.586000000
176.223036,25.587000000
176.228971,25.588000000
176.236138,25.589000000
176.240427,25.590000000
176.246127,25.591000000
176.252164,25.592000000
176.268595,25.593000000
176.275931,25.594000000
176.286248,25.595000000
176.301010,25.596000000
176.324030,25.597000000
176.326775,25.598000000
176.334724,25.599000000
176.359061,25.600000000
176.375311,25.601000000
176.390890,25.602000000
176.415216,25.603000000
176.422292,25.604000000
176.442865,25.605000000
176.455022,25.606000000
176.465829,25.607000000
176.465894,25.608000000
176.473671,25.609000000
176.473728,25.610000000
176.483671,25.611000000
176.506524,25.612000000
176.512799,25.613000000
176.537045,25.614000000
176.545311,25.615000000
176.545766,25.616000000
176.556374,25.617000000
176.556436,25.618000000
176.569623,25.619000000
176.569678,25.620000000
176.590823,25.621000000
176.604052,25.622000000
176.604118,25.623000000
176.619338,25.624000000
176.628209,25.625000000
176.641369,25.626000000
176.653273,25.627000000
176.673746,25.628000000
176.675182,25.629000000
176.679510,25.630000000
176.702321,25.631000000
176.706482,25.632000000
176.713226,25.633000000
176.720562,25.634000000
176.724215,25.635000000
176.730151,25.636000000
176.759562,25.637000000
176.765287,25.638000000
176.767779,25.639000000
176.774693,25.640000000
176.778784,25.641000000
176.798669,25.642000000
176.805352,25.643000000
176.819723,25.644000000
176.828976,25.645000000
176.853132,25.646000000
176.868389,25.647000000
176.872058,25.648000000
176.893972,25.649000000
176.900002,25.650000000
176.911985,25.651000000
176.963820,25.652000000
176.979799,25.653000000
176.996900,25.654000000
177.010446,25.655000000
177.027754,25.656000000
177.047657,25.657000000
177.047721,25.658000000
177.047762,25.659000000
177.056086,25.660000000
177.070099,25.661000000
177.070157,25.662000000
177.084150,25.663000000
177.087206,25.664000000
177.091630,25.665000000
177.114110,25.666000000
177.114189,25.667000000
177.134012,25.668000000
177.145608,25.669000000
177.145661,25.670000000
177.159069,25.671000000
177.180100,25.672000000
177.188799,25.673000000
177.197661,25.674000000
177.197711,25.675000000
177.238886,25.676000000
177.241215,25.677000000
177.255814,25.678000000
177.255868,25.679000000
177.255907,25.680000000
177.255917,25.681000000
177.255925,25.682000000
177.264086,25.683000000
177.264159,25.684000000
177.264719,25.685000000
177.270086,25.686000000
177.274256,25.687000000
177.278688,25.688000000
177.282166,25.689000000
177.284484,25.690000000
177.296611,25.691000000
177.302482,25.692000000
177.322706,25.693000000
177.330645,25.694000000
177.350361,25.695000000
177.358565,25.696000000
177.366760,25.697000000
177.368547,25.698000000
177.387040,25.699000000
177.387097,25.700000000
177.392343,25.701000000
177.410280,25.702000000
177.413056,25.703000000
177.434535,25.704000000
177.434650,25.705000000
177.435064,25.706000000
177.445580,25.707000000
177.445675,25.708000000
177.446376,25.709000000
177.446422,25.710000000
177.460822,25.711000000
177.461281,25.712000000
177.461333,25.713000000
177.461374,25.714000000
177.463532,25.715000000
177.480475,25.716000000
177.503336,25.717000000
177.507347,25.718000000
177.537346,25.719000000
177.545728,25.720000000
177.548220,25.721000000
177.550491,25.722000000
177.553171,25.723000000
177.555490,25.724000000
177.557720,25.725000000
177.559987,25.726000000
177.584209,25.727000000
177.586503,25.728000000
177.609549,25.729000000
177.617679,25.730000000
177.626921,25.731000000
177.636050,25.732000000
177.653871,25.733000000
177.662162,25.734000000
177.662252,25.735000000
177.666605,25.736000000
177.680683,25.737000000
177.688308,25.738000000
177.696307,25.739000000
177.713015,25.740000000
177.727518,25.741000000
177.735638,25.742000000
177.760119,25.743000000
177.767874,25.744000000
177.774923,25.745000000
177.792651,25.746000000
177.800087,25.747000000
177.808065,25.748000000
177.832631,25.749000000
177.839502,25.750000000
177.847694,25.751000000
177.859360,25.752000000
177.868014,25.753000000
177.873827,25.754000000
177.904670,25.755000000
177.915467,25.756000000
177.923040,25.757000000
177.931120,25.758000000
177.942350,25.759000000
177.952768,25.760000000
177.960124,25.761000000
177.966451,25.762000000
177.971912,25.763000000
177.982271,25.764000000
177.988617,25.765000000
177.990967,25.766000000
177.994658,25.767000000
177.997877,25.768000000
178.002364,25.769000000
178.005279,25.770000000
178.013063,25.771000000
178.015332,25.772000000
178.017629,25.773000000
178.020181,25.774000000
178.022604,25.775000000
178.025943,25.776000000
178.030923,25.777000000
178.034393,25.778000000
178.046767,25.779000000
178.056597,25.780000000
178.059656,25.781000000
178.069646,25.782000000
178.087583,25.783000000
178.093423,25.784000000
178.105097,25.785000000
178.107649,25.786000000
178.110142,25.787000000
178.112415,25.788000000
178.115242,25.789000000
178.117774,25.790000000
178.121638,25.791000000
178.133571,25.792000000
178.154419,25.793000000
178.159693,25.794000000
178.164901,25.795000000
178.173507,25.796000000
178.207428,25.797000000
178.212253,25.798000000
178.222822,25.799000000
178.242330,25.800000000
178.252339,25.801000000
178.293619,25.802000000
178.306983,25.803000000
178.327658,25.804000000
178.335221,25.805000000
178.346047,25.806000000
178.356328,25.807000000
178.370884,25.808000000
178.385831,25.809000000
178.391109,25.810000000
178.393552,25.811000000
178.396631,25.812000000
178.406459,25.813000000
178.406505,25.814000000
178.407085,25.815000000
178.412958,25.816000000
178.434567,25.817000000
178.434901,25.818000000
178.455657,25.819000000
178.455952,25.820000000
178.478716,25.821000000
178.481041,25.822000000
178.488634,25.823000000
178.495728,25.824000000
178.513412,25.825000000
178.522728,25.826000000
178.529320,25.827000000
178.546368,25.828000000
178.572983,25.829000000
178.576288,25.830000000
178.596558,25.831000000
178.598891,25.832000000
178.616631,25.833000000
178.624168,25.834000000
178.632809,25.835000000
178.636335,25.836000000
178.646614,25.837000000
178.652866,25.838000000
178.665750,25.839000000
178.674320,25.840000000
178.682003,25.841000000
178.695481,25.842000000
178.704249,25.843000000
178.709944,25.844000000
178.716361,25.845000000
178.725732,25.846000000
178.728055,25.847000000
178.736956,25.848000000
178.744311,25.849000000
178.773701,25.850000000
178.774555,25.851000000
178.781871,25.852000000
178.810859,25.853000000
178.817730,25.854000000
178.830238,25.855000000
178.839323,25.856000000
178.847110,25.857000000
178.868520,25.858000000
178.873308,25.859000000
178.896835,25.860000000
178.900778,25.861000000
178.907270,25.862000000
178.912717,25.863000000
178.918721,25.864000000
178.922734,25.865000000
178.929165,25.866000000
178.949223,25.867000000
178.954111,25.868000000
178.960150,25.869000000
178.993989,25.870000000
179.006925,25.871000000
179.020148,25.872000000
179.030545,25.873000000
179.047700,25.874000000
179.059540,25.875000000
179.065551,25.876000000
179.069454,25.877000000
179.073724,25.878000000
179.086228,25.879000000
179.087501,25.880000000
179.098230,25.881000000
179.121405,25.882000000
179.121481,25.883000000
179.121491,25.884000000
179.121500,25.885000000
179.121508,25.886000000
179.121560,25.887000000
179.121569,25.888000000
179.122847,25.889000000
179.129846,25.890000000
179.129894,25.891000000
179.129905,25.892000000
179.133028,25.893000000
179.135262,25.894000000
179.135298,25.895000000
179.147768,25.896000000
179.156097,25.897000000
179.160267,25.898000000
179.175332,25.899000000
179.175399,25.900000000
179.199236,25.901000000
179.226563,25.902000000
179.236730,25.903000000
179.263620,25.904000000
179.273422,25.905000000
179.278450,25.906000000
179.289948,25.907000000
179.291414,25.908000000
179.294523,25.909000000
179.310664,25.910000000
179.331871,25.911000000
179.331937,25.912000000
179.331948,25.913000000
179.336311,25.914000000
179.336351,25.915000000
179.353820,25.916000000
179.357631,25.917000000
179.380761,25.918000000
179.392969,25.919000000
179.406681,25.920000000
179.414992,25.921000000
179.425123,25.922000000
179.438641,25.923000000
179.438687,25.924000000
179.445843,25.925000000
179.449563,25.926000000
179.455440,25.927000000
179.455481,25.928000000
179.457038,25.929000000
179.460923,25.930000000
179.468906,25.931000000
179.468953,25.932000000
179.468963,25.933000000
179.481956,25.934000000
179.482045,25.935000000
179.482059,25.936000000
179.482095,25.937000000
179.482105,25.938000000
179.491723,25.939000000
179.491769,25.940000000
179.496578,25.941000000
179.496620,25.942000000
179.498236,25.943000000
179.507560,25.944000000
179.508589,25.945000000
179.508603,25.946000000
179.512631,25.947000000
179.525289,25.948000000
179.525350,25.949000000
179.525360,25.950000000
179.525369,25.951000000
179.528491,25.952000000
179.529640,25.953000000
179.536134,25.954000000
179.537316,25.955000000
179.543579,25.956000000
179.543661,25.957000000
179.550906,25.958000000
179.551155,25.959000000
179.562926,25.960000000
179.562980,25.961000000
179.562991,25.962000000
179.563001,25.963000000
179.568516,25.964000000
179.572154,25.965000000
179.579536,25.966000000
179.582309,25.967000000
179.589637,25.968000000
179.589682,25.969000000
179.593861,25.970000000
179.600168,25.971000000
179.601971,25.972000000
179.626097,25.973000000
179.637094,25.974000000
179.640200,25.975000000
179.642618,25.976000000
179.653094,25.977000000
179.658830,25.978000000
179.661821,25.979000000
179.671291,25.980000000
179.689635,25.981000000
179.691020,25.982000000
179.705374,25.983000000
179.705453,25.984000000
179.705464,25.985000000
179.705474,25.986000000
179.710374,25.987000000
179.724432,25.988000000
179.724477,25.989000000
179.736102,25.990000000
179.736146,25.991000000
179.740433,25.992000000
179.750149,25.993000000
179.750195,25.994000000
179.774621,25.995000000
179.777844,25.996000000
179.798211,25.997000000
179.798265,25.998000000
179.798276,25.999000000
179.798611,26.000000000
179.812397,26.001000000
179.819752,26.002000000
179.829089,26.003000000
179.844170,26.004000000
179.849496,26.005000000
179.889007,26.006000000
179.889105,26.007000000
179.905639,26.008000000
179.911052,26.009000000
179.922913,26.010000000
179.936610,26.011000000
179.937377,26.012000000
179.944898,26.013000000
179.947190,26.014000000
179.955666,26.015000000
179.960994,26.016000000
179.966115,26.017000000
179.974595,26.018000000
179.981539,26.019000000
179.981583,26.020000000
180.000662,26.021000000
180.011571,26.022000000
180.012809,26.023000000
180.017888,26.024000000
180.033283,26.025000000
180.039162,26.026000000
180.048936,26.027000000
180.077480,26.028000000
180.088509,26.029000000
180.093866,26.030000000
180.112999,26.031000000
180.121200,26.032000000
180.131912,26.033000000
180.131956,26.034000000
180.135496,26.035000000
180.163869,26.036000000
180.166677,26.037000000
180.170753,26.038000000
180.172894,26.039000000
180.175152,26.040000000
180.182103,26.041000000
180.184192,26.042000000
180.200047,26.043000000
180.204524,26.044000000
180.208520,26.045000000
180.215801,26.046000000
180.219239,26.047000000
180.249586,26.048000000
180.260782,26.049000000
180.275564,26.050000000
180.285203,26.051000000
180.298275,26.052000000
180.309443,26.053000000
180.322884,26.054000000
180.328941,26.055000000
180.331138,26.056000000
180.354712,26.057000000
180.360815,26.058000000
180.372064,26.059000000
180.386410,26.060000000
180.390604,26.061000000
180.392882,26.062000000
180.397951,26.063000000
180.402317,26.064000000
180.416996,26.065000000
180.422205,26.066000000
180.432257,26.067000000
180.439037,26.068000000
180.454786,26.069000000
180.460388,26.070000000
180.463028,26.071000000
180.465206,26.072000000
180.467370,26.073000000
180.469870,26.074000000
180.471997,26.075000000
180.474279,26.076000000
180.481601,26.077000000
180.489078,26.078000000
180.497872,26.079000000
180.503312,26.080000000
180.511724,26.081000000
180.536314,26.082000000
180.540313,26.083000000
180.569128,26.084000000
180.577279,26.085000000
180.592593,26.086000000
180.609214,26.087000000
180.628163,26.088000000
180.642828,26.089000000
180.652503,26.090000000
180.656278,26.091000000
180.671189,26.092000000
180.682488,26.093000000
180.688554,26.094000000
180.696028,26.095000000
180.703397,26.096000000
180.705732,26.097000000
180.711207,26.098000000
180.715554,26.099000000
180.726889,26.100000000
180.730353,26.101000000
180.733114,26.102000000
180.737246,26.103000000
180.739465,26.104000000
180.741761,26.105000000
180.752777,26.106000000
180.756290,26.107000000
180.765533,26.108000000
180.767696,26.109000000
180.769916,26.110000000
180.774724,26.111000000
180.781868,26.112000000
180.788403,26.113000000
180.792458,26.114000000
180.798600,26.115000000
180.802923,26.116000000
180.817087,26.117000000
180.826040,26.118000000
180.828819,26.119000000
180.831403,26.120000000
180.833771,26.121000000
180.844472,26.122000000
180.846941,26.123000000
180.849302,26.124000000
180.852085,26.125000000
180.858064,26.126000000
180.860708,26.127000000
180.863805,26.128000000
180.869743,26.129000000
180.872018,26.130000000
180.875561,26.131000000
180.877798,26.132000000
180.881705,26.133000000
180.884600,26.134000000
180.889370,26.135000000
180.892091,26.136000000
180.898156,26.137000000
180.900553,26.138000000
180.902797,26.139000000
180.906692,26.140000000
180.910343,26.141000000
180.917922,26.142000000
180.920325,26.143000000
180.922980,26.144000000
180.925522,26.145000000
180.927920,26.146000000
180.931762,26.147000000
180.934362,26.148000000
180.936771,26.149000000
180.940814,26.150000000
180.943718,26.151000000
180.961864,26.152000000
180.985627,26.153000000
180.993744,26.154000000
181.010504,26.155000000
181.022952,26.156000000
181.028067,26.157000000
181.031539,26.158000000
181.038721,26.159000000
181.042724,26.160000000
181.046637,26.161000000
181.053479,26.162000000
181.055940,26.163000000
181.058568,26.164000000
181.061645,26.165000000
181.064548,26.166000000
181.067778,26.167000000
181.071219,26.168000000
181.073797,26.169000000
181.086339,26.170000000
181.095074,26.171000000
181.098928,26.172000000
181.106815,26.173000000
181.114978,26.174000000
181.123400,26.175000000
181.136713,26.176000000
181.151191,26.177000000
181.154269,26.178000000
181.167411,26.179000000
181.183831,26.180000000
181.191240,26.181000000
181.199174,26.182000000
181.214735,26.183000000
181.228285,26.184000000
181.239475,26.185000000
181.268296,26.186000000
181.277241,26.187000000
181.279764,26.188000000
181.306730,26.189000000
181.309395,26.190000000
181.315383,26.191000000
181.318037,26.192000000
181.324498,26.193000000
181.328816,26.194000000
181.333368,26.195000000
181.337989,26.196000000
181.340377,26.197000000
181.342793,26.198000000
181.349205,26.199000000
181.354763,26.200000000
181.371337,26.201000000
181.373821,26.202000000
181.376113,26.203000000
181.384125,26.204000000
181.386427,26.205000000
181.414798,26.206000000
181.424721,26.207000000
181.443175,26.208000000
181.447603,26.209000000
181.453727,26.210000000
181.478864,26.211000000
181.487172,26.212000000
181.492244,26.213000000
181.500297,26.214000000
181.503963,26.215000000
181.511823,26.216000000
181.521967,26.217000000
181.537566,26.218000000
181.543458,26.219000000
181.552788,26.220000000
181.559670,26.221000000
181.567838,26.222000000
181.573514,26.223000000
181.581971,26.224000000
181.587908,26.225000000
181.598563,26.226000000
181.606373,26.227000000
181.616086,26.228000000
181.621014,26.229000000
181.640265,26.230000000
181.642734,26.231000000
181.678699,26.232000000
181.699003,26.233000000
181.704109,26.234000000
181.717213,26.235000000
181.724080,26.236000000
181.744430,26.237000000
181.748396,26.238000000
181.768450,26.239000000
181.771915,26.240000000
181.783722,26.241000000
181.793334,26.242000000
181.803221,26.243000000
181.817076,26.244000000
181.824769,26.245000000
181.828864,26.246000000
181.837249,26.247000000
181.844727,26.248000000
181.854572,26.249000000
181.865669,26.250000000
181.875125,26.251000000
181.880654,26.252000000
181.894256,26.253000000
181.905595,26.254000000
181.911196,26.255000000
181.921130,26.256000000
181.931855,26.257000000
181.941067,26.258000000
181.949106,26.259000000
181.951935,26.260000000
181.958688,26.261000000
181.986355,26.262000000
182.009477,26.263000000
182.023507,26.264000000
182.026271,26.265000000
182.038847,26.266000000
182.038960,26.267000000
182.059410,26.268000000
182.074049,26.269000000
182.074119,26.270000000
182.103460,26.271000000
182.103532,26.272000000
182.115701,26.273000000
182.124695,26.274000000
182.124787,26.275000000
182.139920,26.276000000
182.140487,26.277000000
182.164229,26.278000000
182.171094,26.279000000
182.175820,26.280000000
182.175896,26.281000000
182.180347,26.282000000
182.202780,26.283000000
182.202867,26.284000000
182.202909,26.285000000
182.202948,26.286000000
182.203018,26.287000000
182.203057,26.288000000
182.210814,26.289000000
182.210932,26.290000000
182.217295,26.291000000
182.221347,26.292000000
182.221780,26.293000000
182.233080,26.294000000
182.233167,26.295000000
182.233212,26.296000000
182.235186,26.297000000
182.247895,26.298000000
182.247982,26.299000000
182.248025,26.300000000
182.264377,26.301000000
182.264451,26.302000000
182.265815,26.303000000
182.265852,26.304000000
182.279353,26.305000000
182.283604,26.306000000
182.297330,26.307000000
182.306301,26.308000000
182.314770,26.309000000
182.325866,26.310000000
182.333455,26.311000000
182.341395,26.312000000
182.350649,26.313000000
182.359956,26.314000000
182.366302,26.315000000
182.378086,26.316000000
182.381625,26.317000000
182.411419,26.318000000
182.420538,26.319000000
182.438487,26.320000000
182.455886,26.321000000
182.465843,26.322000000
182.492531,26.323000000
182.495737,26.324000000
182.504683,26.325000000
182.534365,26.326000000
182.539134,26.327000000
182.549802,26.328000000
182.561384,26.329000000
182.569691,26.330000000
182.575606,26.331000000
182.605896,26.332000000
182.613503,26.333000000
182.625590,26.334000000
182.631886,26.335000000
182.643372,26.336000000
182.653645,26.337000000
182.671502,26.338000000
182.682402,26.339000000
182.693931,26.340000000
182.709330,26.341000000
182.719857,26.342000000
182.719901,26.343000000
182.723908,26.344000000
182.751324,26.345000000
182.763766,26.346000000
182.781216,26.347000000
182.781265,26.348000000
182.806729,26.349000000
182.817664,26.350000000
182.817730,26.351000000
182.817741,26.352000000
182.821346,26.353000000
182.833723,26.354000000
182.839929,26.355000000
182.852051,26.356000000
182.852137,26.357000000
182.852148,26.358000000
182.860734,26.359000000
182.864267,26.360000000
182.869951,26.361000000
182.881763,26.362000000
182.881810,26.363000000
182.883406,26.364000000
182.890546,26.365000000
182.895600,26.366000000
182.895918,26.367000000
182.906646,26.368000000
182.911741,26.369000000
182.933759,26.370000000
182.944983,26.371000000
182.958401,26.372000000
182.969286,26.373000000
182.974176,26.374000000
182.977581,26.375000000
182.994044,26.376000000
183.010532,26.377000000
183.010580,26.378000000
183.014162,26.379000000
183.023513,26.380000000
183.026091,26.381000000
183.036383,26.382000000
183.036428,26.383000000
183.053807,26.384000000
183.053870,26.385000000
183.063035,26.386000000
183.063599,26.387000000
183.072232,26.388000000
183.082190,26.389000000
183.096346,26.390000000
183.106791,26.391000000
183.112646,26.392000000
183.122652,26.393000000
183.128486,26.394000000
183.132677,26.395000000
183.151211,26.396000000
183.155960,26.397000000
183.156005,26.398000000
183.189234,26.399000000
183.217111,26.400000000
183.217177,26.401000000
183.217189,26.402000000
183.224514,26.403000000
183.228944,26.404000000
183.236485,26.405000000
183.250865,26.406000000
183.250952,26.407000000
183.250963,26.408000000
183.250972,26.409000000
183.260331,26.410000000
183.260380,26.411000000
183.260390,26.412000000
183.270422,26.413000000
183.270468,26.414000000
183.270477,26.415000000
183.270941,26.416000000
183.281846,26.417000000
183.281902,26.418000000
183.281913,26.419000000
183.286536,26.420000000
183.297194,26.421000000
183.297243,26.422000000
183.297253,26.423000000
183.333600,26.424000000
183.339232,26.425000000
183.354498,26.426000000
183.354579,26.427000000
183.359675,26.428000000
183.359719,26.429000000
183.364816,26.430000000
183.373373,26.431000000
183.373421,26.432000000
183.373431,26.433000000
183.373708,26.434000000
183.374971,26.435000000
183.395603,26.436000000
183.401402,26.437000000
183.408468,26.438000000
183.412257,26.439000000
183.418936,26.440000000
183.424508,26.441000000
183.429662,26.442000000
183.436820,26.443000000
183.441197,26.444000000
183.448971,26.445000000
183.455748,26.446000000
183.461272,26.447000000
183.467339,26.448000000
183.470009,26.449000000
183.481264,26.450000000
183.489421,26.451000000
183.489475,26.452000000
183.489916,26.453000000
183.501127,26.454000000
183.501173,26.455000000
183.507935,26.456000000
183.508004,26.457000000
183.516952,26.458000000
183.517001,26.459000000
183.517011,26.460000000
183.517339,26.461000000
183.544783,26.462000000
183.544847,26.463000000
183.555231,26.464000000
183.555282,26.465000000
183.574934,26.466000000
183.575018,26.467000000
183.575030,26.468000000
183.597892,26.469000000
183.600303,26.470000000
183.618019,26.471000000
183.622793,26.472000000
183.642275,26.473000000
183.646783,26.474000000
183.667844,26.475000000
183.672339,26.476000000
183.690340,26.477000000
183.692542,26.478000000
183.704814,26.479000000
183.708972,26.480000000
183.721690,26.481000000
183.740323,26.482000000
183.746861,26.483000000
183.757457,26.484000000
183.765317,26.485000000
183.771504,26.486000000
183.786702,26.487000000
183.790517,26.488000000
183.798103,26.489000000
183.806658,26.490000000
183.816438,26.491000000
183.829029,26.492000000
183.833903,26.493000000
183.838061,26.494000000
183.842230,26.495000000
183.853738,26.496000000
183.877036,26.497000000
183.896326,26.498000000
183.912163,26.499000000
183.925672,26.500000000
183.934043,26.501000000
183.958879,26.502000000
183.970327,26.503000000
183.984366,26.504000000
183.998730,26.505000000
184.003979,26.506000000
184.008238,26.507000000
184.011373,26.508000000
184.016530,26.509000000
184.022260,26.510000000
184.053966,26.511000000
184.067133,26.512000000
184.086867,26.513000000
184.095044,26.514000000
184.106120,26.515000000
184.111501,26.516000000
184.117668,26.517000000
184.125942,26.518000000
184.134622,26.519000000
184.149899,26.520000000
184.154366,26.521000000
184.162438,26.522000000
184.176671,26.523000000
184.184895,26.524000000
184.192347,26.525000000
184.201200,26.526000000
184.207702,26.527000000
184.211171,26.528000000
184.232556,26.529000000
184.239059,26.530000000
184.258616,26.531000000
184.275896,26.532000000
184.281180,26.533000000
184.317119,26.534000000
184.324995,26.535000000
184.335421,26.536000000
184.337813,26.537000000
184.346216,26.538000000
184.359025,26.539000000
184.364046,26.540000000
184.366272,26.541000000
184.369038,26.542000000
184.390266,26.543000000
184.404623,26.544000000
184.428071,26.545000000
184.436731,26.546000000
184.446576,26.547000000
184.454005,26.548000000
184.468676,26.549000000
184.485306,26.550000000
184.497134,26.551000000
184.502934,26.552000000
184.513225,26.553000000
184.522764,26.554000000
184.529692,26.555000000
184.553397,26.556000000
184.559802,26.557000000
184.583728,26.558000000
184.605544,26.559000000
184.609849,26.560000000
184.613246,26.561000000
184.616442,26.562000000
184.619363,26.563000000
184.641778,26.564000000
184.653947,26.565000000
184.658851,26.566000000
184.679421,26.567000000
184.683762,26.568000000
184.688100,26.569000000
184.721664,26.570000000
184.736826,26.571000000
184.758161,26.572000000
184.763478,26.573000000
184.782152,26.574000000
184.793448,26.575000000
184.803616,26.576000000
184.818932,26.577000000
184.830666,26.578000000
184.840740,26.579000000
184.855842,26.580000000
184.877657,26.581000000
184.886757,26.582000000
184.892655,26.583000000
184.904358,26.584000000
184.908731,26.585000000
184.917398,26.586000000
184.925802,26.587000000
184.929432,26.588000000
184.949744,26.589000000
184.953112,26.590000000
184.960704,26.591000000
184.967602,26.592000000
184.982660,26.593000000
184.987545,26.594000000
185.005641,26.595000000
185.011695,26.596000000
185.027307,26.597000000
185.027668,26.598000000
185.033961,26.599000000
185.046307,26.600000000
185.057623,26.601000000
185.066716,26.602000000
185.079547,26.603000000
185.091484,26.604000000
185.102211,26.605000000
185.117718,26.606000000
185.129711,26.607000000
185.141536,26.608000000
185.160718,26.609000000
185.171516,26.610000000
185.181510,26.611000000
185.193753,26.612000000
185.202227,26.613000000
185.213867,26.614000000
185.228032,26.615000000
185.240218,26.616000000
185.249544,26.617000000
185.265054,26.618000000
185.277254,26.619000000
185.281778,26.620000000
185.301267,26.621000000
185.307072,26.622000000
185.321132,26.623000000
185.328434,26.624000000
185.342558,26.625000000
185.346953,26.626000000
185.354423,26.627000000
185.368602,26.628000000
185.372966,26.629000000
185.388964,26.630000000
185.392504,26.631000000
185.403995,26.632000000
185.410086,26.633000000
185.447363,26.634000000
185.454679,26.635000000
185.466429,26.636000000
185.472476,26.637000000
185.487214,26.638000000
185.508569,26.639000000
185.524379,26.640000000
185.537282,26.641000000
185.545864,26.642000000
185.561391,26.643000000
185.569285,26.644000000
185.579881,26.645000000
185.591851,26.646000000
185.600596,26.647000000
185.629920,26.648000000
185.635522,26.649000000
185.657021,26.650000000
185.670053,26.651000000
185.687543,26.652000000
185.702804,26.653000000
185.707399,26.654000000
185.715927,26.655000000
185.746953,26.656000000
185.750635,26.657000000
185.768111,26.658000000
185.771630,26.659000000
185.779773,26.660000000
185.811597,26.661000000
185.816111,26.662000000
185.822633,26.663000000
185.832702,26.664000000
185.843323,26.665000000
185.849574,26.666000000
185.872776,26.667000000
185.894677,26.668000000
185.905672,26.669000000
185.919178,26.670000000
185.926024,26.671000000
185.936550,26.672000000
185.948290,26.673000000
185.948656,26.674000000
185.956527,26.675000000
185.956584,26.676000000
185.956622,26.677000000
185.956633,26.678000000
185.960310,26.679000000
185.989882,26.680000000
185.998277,26.681000000
186.027786,26.682000000
186.041522,26.683000000
186.048868,26.684000000
186.067493,26.685000000
186.079227,26.686000000
186.088248,26.687000000
186.095402,26.688000000
186.121484,26.689000000
186.131067,26.690000000
186.145259,26.691000000
186.153679,26.692000000
186.161932,26.693000000
186.161990,26.694000000
186.167676,26.695000000
186.168403,26.696000000
186.168484,26.697000000
186.169360,26.698000000
186.197388,26.699000000
186.214989,26.700000000
186.217872,26.701000000
186.245599,26.702000000
186.248911,26.703000000
186.251352,26.704000000
186.256637,26.705000000
186.269773,26.706000000
186.274969,26.707000000
186.277974,26.708000000
186.286807,26.709000000
186.295470,26.710000000
186.308041,26.711000000
186.317513,26.712000000
186.320164,26.713000000
186.335717,26.714000000
186.336189,26.715000000
186.363111,26.716000000
186.363226,26.717000000
186.367181,26.718000000
186.381786,26.719000000
186.383386,26.720000000
186.416374,26.721000000
186.421602,26.722000000
186.422831,26.723000000
186.439228,26.724000000
186.439701,26.725000000
186.447244,26.726000000
186.455457,26.727000000
186.477761,26.728000000
186.481624,26.729000000
186.494090,26.730000000
186.512147,26.731000000
186.512641,26.732000000
186.516303,26.733000000
186.516357,26.734000000
186.552979,26.735000000
186.554430,26.736000000
186.556132,26.737000000
186.561325,26.738000000
186.568144,26.739000000
186.571487,26.740000000
186.572484,26.741000000
186.582807,26.742000000
186.582835,26.743000000
186.582852,26.744000000
186.582865,26.745000000
186.582879,26.746000000
186.582913,26.747000000
186.583351,26.748000000
186.585773,26.749000000
186.585796,26.750000000
186.608011,26.751000000
186.638488,26.752000000
186.652462,26.753000000
186.661737,26.754000000
186.675766,26.755000000
186.684603,26.756000000
186.689326,26.757000000
186.705198,26.758000000
186.707748,26.759000000
186.747934,26.760000000
186.767627,26.761000000
186.773940,26.762000000
186.785401,26.763000000
186.794137,26.764000000
186.820489,26.765000000
186.831589,26.766000000
186.849566,26.767000000
186.849628,26.768000000
186.871296,26.769000000
186.881625,26.770000000
186.891491,26.771000000
186.898572,26.772000000
186.911668,26.773000000
186.917210,26.774000000
186.925331,26.775000000
186.940097,26.776000000
186.951682,26.777000000
186.962164,26.778000000
186.971879,26.779000000
186.981692,26.780000000
187.013945,26.781000000
187.014032,26.782000000
187.018915,26.783000000
187.026468,26.784000000
187.026552,26.785000000
187.035313,26.786000000
187.035404,26.787000000
187.035846,26.788000000
187.038420,26.789000000
187.039818,26.790000000
187.048039,26.791000000
187.048623,26.792000000
187.048677,26.793000000
187.048717,26.794000000
187.049615,26.795000000
187.064842,26.796000000
187.064941,26.797000000
187.064983,26.798000000
187.065022,26.799000000
187.065058,26.800000000
187.065095,26.801000000
187.065130,26.802000000
187.072783,26.803000000
187.093597,26.804000000
187.100056,26.805000000
187.112346,26.806000000
187.124622,26.807000000
187.132613,26.808000000
187.136731,26.809000000
187.156065,26.810000000
187.164274,26.811000000
187.173703,26.812000000
187.182990,26.813000000
187.185324,26.814000000
187.187598,26.815000000
187.192199,26.816000000
187.214181,26.817000000
187.220196,26.818000000
187.229427,26.819000000
187.233789,26.820000000
187.241332,26.821000000
187.244942,26.822000000
187.251600,26.823000000
187.259661,26.824000000
187.265374,26.825000000
187.272488,26.826000000
187.280674,26.827000000
187.285593,26.828000000
187.290667,26.829000000
187.300301,26.830000000
187.304282,26.831000000
187.309069,26.832000000
187.312458,26.833000000
187.316828,26.834000000
187.322620,26.835000000
187.326677,26.836000000
187.330704,26.837000000
187.333084,26.838000000
187.344764,26.839000000
187.347491,26.840000000
187.360875,26.841000000
187.379271,26.842000000
187.384205,26.843000000
187.386550,26.844000000
187.392139,26.845000000
187.402151,26.846000000
187.404791,26.847000000
187.416456,26.848000000
187.430024,26.849000000
187.434412,26.850000000
187.436980,26.851000000
187.439330,26.852000000
187.457538,26.853000000
187.457610,26.854000000
187.464996,26.855000000
187.484514,26.856000000
187.486689,26.857000000
187.532549,26.858000000
187.545934,26.859000000
187.559983,26.860000000
187.574717,26.861000000
187.603528,26.862000000
187.604033,26.863000000
187.613523,26.864000000
187.613580,26.865000000
187.634523,26.866000000
187.634616,26.867000000
187.656646,26.868000000
187.669516,26.869000000
187.670806,26.870000000
187.679309,26.871000000
187.682430,26.872000000
187.701609,26.873000000
187.714876,26.874000000
187.714939,26.875000000
187.743507,26.876000000
187.748036,26.877000000
187.748560,26.878000000
187.771845,26.879000000
187.771909,26.880000000
187.788595,26.881000000
187.847323,26.882000000
187.847392,26.883000000
187.847434,26.884000000
187.859847,26.885000000
187.862518,26.886000000
187.895122,26.887000000
187.910717,26.888000000
187.921338,26.889000000
187.936124,26.890000000
187.936181,26.891000000
187.960854,26.892000000
187.960931,26.893000000
187.985294,26.894000000
187.998970,26.895000000
187.999448,26.896000000
188.022372,26.897000000
188.022435,26.898000000
188.022476,26.899000000
188.060409,26.900000000
188.061019,26.901000000
188.061081,26.902000000
188.080767,26.903000000
188.095007,26.904000000
188.123560,26.905000000
188.137182,26.906000000
188.137740,26.907000000
188.170655,26.908000000
188.174451,26.909000000
188.174517,26.910000000
188.229785,26.911000000
188.230259,26.912000000
188.245450,26.913000000
188.285363,26.914000000
188.285818,26.915000000
188.298640,26.916000000
188.308851,26.917000000
188.319573,26.918000000
188.319638,26.919000000
188.343279,26.920000000
188.343356,26.921000000
188.354191,26.922000000
188.361219,26.923000000
188.381487,26.924000000
188.388780,26.925000000
188.394729,26.926000000
188.408175,26.927000000
188.412158,26.928000000
188.418220,26.929000000
188.441355,26.930000000
188.447312,26.931000000
188.454212,26.932000000
188.469628,26.933000000
188.497577,26.934000000
188.521515,26.935000000
188.531455,26.936000000
188.545909,26.937000000
188.557978,26.938000000
188.572349,26.939000000
188.585683,26.940000000
188.598600,26.941000000
188.609127,26.942000000
188.623984,26.943000000
188.629826,26.944000000
188.636106,26.945000000
188.651834,26.946000000
188.657201,26.947000000
188.663754,26.948000000
188.670068,26.949000000
188.677941,26.950000000
188.702254,26.951000000
188.706616,26.952000000
188.715359,26.953000000
188.734089,26.954000000
188.745934,26.955000000
188.754917,26.956000000
188.778971,26.957000000
188.786805,26.958000000
188.801266,26.959000000
188.807373,26.960000000
188.834697,26.961000000
188.848312,26.962000000
188.861563,26.963000000
188.875330,26.964000000
188.887977,26.965000000
188.899151,26.966000000
188.922119,26.967000000
188.934958,26.968000000
188.950281,26.969000000
188.964403,26.970000000
188.975454,26.971000000
188.980394,26.972000000
188.986432,26.973000000
189.005690,26.974000000
189.010255,26.975000000
189.016165,26.976000000
189.022553,26.977000000
189.028801,26.978000000
189.060142,26.979000000
189.064581,26.980000000
189.069805,26.981000000
189.086905,26.982000000
189.093263,26.983000000
189.098918,26.984000000
189.107514,26.985000000
189.139479,26.986000000
189.145503,26.987000000
189.149732,26.988000000
189.167138,26.989000000
189.173533,26.990000000
189.179696,26.991000000
189.221898,26.992000000
189.240343,26.993000000
189.255987,26.994000000
189.261686,26.995000000
189.279416,26.996000000
189.279983,26.997000000
189.299439,26.998000000
189.306950,26.999000000
189.319118,27.000000000
189.324006,27.001000000
189.337610,27.002000000
189.376759,27.003000000
189.392377,27.004000000
189.399182,27.005000000
189.419698,27.006000000
189.436800,27.007000000
189.447052,27.008000000
189.458879,27.009000000
189.465413,27.010000000
189.481940,27.011000000
189.508165,27.012000000
189.511123,27.013000000
189.522066,27.014000000
189.536333,27.015000000
189.549269,27.016000000
189.577023,27.017000000
189.599329,27.018000000
189.607345,27.019000000
189.617836,27.020000000
189.630126,27.021000000
189.641946,27.022000000
189.657789,27.023000000
189.669753,27.024000000
189.681553,27.025000000
189.689371,27.026000000
189.700245,27.027000000
189.729525,27.028000000
189.739515,27.029000000
189.745506,27.030000000
189.775909,27.031000000
189.785468,27.032000000
189.805751,27.033000000
189.823710,27.034000000
189.834201,27.035000000
189.844160,27.036000000
189.849661,27.037000000
189.887903,27.038000000
189.902516,27.039000000
189.912674,27.040000000
189.932841,27.041000000
189.944764,27.042000000
189.956074,27.043000000
189.965281,27.044000000
189.990431,27.045000000
190.000928,27.046000000
190.012399,27.047000000
190.024873,27.048000000
190.036220,27.049000000
190.045644,27.050000000
190.059750,27.051000000
190.069818,27.052000000
190.078399,27.053000000
190.089104,27.054000000
190.114208,27.055000000
190.121311,27.056000000
190.126845,27.057000000
190.164634,27.058000000
190.169152,27.059000000
190.199048,27.060000000
190.211370,27.061000000
190.229526,27.062000000
190.240771,27.063000000
190.274704,27.064000000
190.281703,27.065000000
190.287204,27.066000000
190.297435,27.067000000
190.306311,27.068000000
190.311030,27.069000000
190.324848,27.070000000
190.334175,27.071000000
190.337732,27.072000000
190.349023,27.073000000
190.351902,27.074000000
190.357296,27.075000000
190.361933,27.076000000
190.379632,27.077000000
190.394174,27.078000000
190.404765,27.079000000
190.420502,27.080000000
190.441057,27.081000000
190.445698,27.082000000
190.455370,27.083000000
190.463401,27.084000000
190.469276,27.085000000
190.472059,27.086000000
190.475862,27.087000000
190.493943,27.088000000
190.507090,27.089000000
190.516220,27.090000000
190.521482,27.091000000
190.525075,27.092000000
190.551243,27.093000000
190.571539,27.094000000
190.590327,27.095000000
190.597316,27.096000000
190.614212,27.097000000
190.617933,27.098000000
190.621667,27.099000000
190.628478,27.100000000
190.632173,27.101000000
190.634562,27.102000000
190.637126,27.103000000
190.640223,27.104000000
190.643407,27.105000000
190.647884,27.106000000
190.651403,27.107000000
190.657367,27.108000000
190.659659,27.109000000
190.661885,27.110000000
190.665325,27.111000000
190.668090,27.112000000
190.674701,27.113000000
190.679199,27.114000000
190.683990,27.115000000
190.686413,27.116000000
190.688740,27.117000000
190.691174,27.118000000
190.693640,27.119000000
190.696809,27.120000000
190.704299,27.121000000
190.709393,27.122000000
190.715137,27.123000000
190.722625,27.124000000
190.730081,27.125000000
190.737448,27.126000000
190.743240,27.127000000
190.748384,27.128000000
190.758973,27.129000000
190.765445,27.130000000
190.769665,27.131000000
190.775787,27.132000000
190.783278,27.133000000
190.789090,27.134000000
190.791507,27.135000000
190.802652,27.136000000
190.806995,27.137000000
190.809413,27.138000000
190.819112,27.139000000
190.824811,27.140000000
190.834763,27.141000000
190.845908,27.142000000
190.851350,27.143000000
190.854053,27.144000000
190.860872,27.145000000
190.865936,27.146000000
190.873795,27.147000000
190.880298,27.148000000
190.884466,27.149000000
190.888841,27.150000000
190.897025,27.151000000
190.901608,27.152000000
190.905264,27.153000000
190.907560,27.154000000
190.910070,27.155000000
190.917787,27.156000000
190.922906,27.157000000
190.926298,27.158000000
190.951798,27.159000000
190.954609,27.160000000
190.962355,27.161000000
190.967882,27.162000000
190.974703,27.163000000
190.977129,27.164000000
191.000674,27.165000000
191.022524,27.166000000
191.033741,27.167000000
191.040151,27.168000000
191.045572,27.169000000
191.054291,27.170000000
191.058880,27.171000000
191.065861,27.172000000
191.071882,27.173000000
191.078196,27.174000000
191.085918,27.175000000
191.091528,27.176000000
191.097798,27.177000000
191.104046,27.178000000
191.111767,27.179000000
191.118511,27.180000000
191.124343,27.181000000
191.130814,27.182000000
191.132942,27.183000000
191.141984,27.184000000
191.144646,27.185000000
191.146830,27.186000000
191.149015,27.187000000
191.151182,27.188000000
191.153907,27.189000000
191.156087,27.190000000
191.158435,27.191000000
191.160862,27.192000000
191.163948,27.193000000
191.166152,27.194000000
191.168864,27.195000000
191.171158,27.196000000
191.173468,27.197000000
191.175735,27.198000000
191.178534,27.199000000
191.180711,27.200000000
191.182931,27.201000000
191.185288,27.202000000
191.187504,27.203000000
191.189674,27.204000000
191.192097,27.205000000
191.195644,27.206000000
191.197893,27.207000000
191.200071,27.208000000
191.207566,27.209000000
191.211860,27.210000000
191.216166,27.211000000
191.222629,27.212000000
191.226540,27.213000000
191.229826,27.214000000
191.234032,27.215000000
191.238415,27.216000000
191.242650,27.217000000
191.247740,27.218000000
191.251988,27.219000000
191.256155,27.220000000
191.260358,27.221000000
191.264165,27.222000000
191.271936,27.223000000
191.276452,27.224000000
191.279916,27.225000000
191.282745,27.226000000
191.287128,27.227000000
191.314883,27.228000000
191.314947,27.229000000
191.314987,27.230000000
191.315025,27.231000000
191.315062,27.232000000
191.315099,27.233000000
191.315134,27.234000000
191.316140,27.235000000
191.321029,27.236000000
191.324053,27.237000000
191.341367,27.238000000
191.357797,27.239000000
191.370816,27.240000000
191.381004,27.241000000
191.384511,27.242000000
191.415894,27.243000000
191.424806,27.244000000
191.438020,27.245000000
191.447957,27.246000000
191.458999,27.247000000
191.475466,27.248000000
191.484936,27.249000000
191.502888,27.250000000
191.505280,27.251000000
191.511036,27.252000000
191.517825,27.253000000
191.565542,27.254000000
191.569878,27.255000000
191.582040,27.256000000
191.594061,27.257000000
191.602949,27.258000000
191.613193,27.259000000
191.627259,27.260000000
191.629612,27.261000000
191.640920,27.262000000
191.646795,27.263000000
191.660642,27.264000000
191.670681,27.265000000
191.679592,27.266000000
191.683727,27.267000000
191.691028,27.268000000
191.691482,27.269000000
191.702743,27.270000000
191.702806,27.271000000
191.708404,27.272000000
191.708468,27.273000000
191.718130,27.274000000
191.718186,27.275000000
191.718863,27.276000000
191.751831,27.277000000
191.751894,27.278000000
191.758984,27.279000000
191.764670,27.280000000
191.771918,27.281000000
191.771982,27.282000000
191.778784,27.283000000
191.808553,27.284000000
191.815701,27.285000000
191.816532,27.286000000
191.827070,27.287000000
191.829273,27.288000000
191.829752,27.289000000
191.835192,27.290000000
191.859170,27.291000000
191.867277,27.292000000
191.867343,27.293000000
191.878468,27.294000000
191.878540,27.295000000
191.886185,27.296000000
191.886694,27.297000000
191.894409,27.298000000
191.894812,27.299000000
191.922936,27.300000000
191.925107,27.301000000
191.938210,27.302000000
191.938270,27.303000000
191.938312,27.304000000
191.938896,27.305000000
191.946517,27.306000000
191.958182,27.307000000
191.970395,27.308000000
191.970454,27.309000000
191.970496,27.310000000
191.971133,27.311000000
191.981456,27.312000000
191.981515,27.313000000
191.981555,27.314000000
192.015666,27.315000000
192.031784,27.316000000
192.043845,27.317000000
192.052171,27.318000000
192.062092,27.319000000
192.076096,27.320000000
192.084148,27.321000000
192.090460,27.322000000
192.113261,27.323000000
192.133815,27.324000000
192.138600,27.325000000
192.143622,27.326000000
192.144476,27.327000000
192.149781,27.328000000
192.157272,27.329000000
192.161422,27.330000000
192.162882,27.331000000
192.166287,27.332000000
192.172697,27.333000000
192.172762,27.334000000
192.173295,27.335000000
192.182341,27.336000000
192.183988,27.337000000
192.184052,27.338000000
192.184894,27.339000000
192.200098,27.340000000
192.205563,27.341000000
192.221609,27.342000000
192.221671,27.343000000
192.221713,27.344000000
192.221753,27.345000000
192.264469,27.346000000
192.264583,27.347000000
192.267297,27.348000000
192.298112,27.349000000
192.309613,27.350000000
192.314775,27.351000000
192.326889,27.352000000
192.338655,27.353000000
192.339049,27.354000000
192.359954,27.355000000
192.365771,27.356000000
192.397469,27.357000000
192.397892,27.358000000
192.410658,27.359000000
192.418685,27.360000000
192.451821,27.361000000
192.470079,27.362000000
192.470147,27.363000000
192.491815,27.364000000
192.501663,27.365000000
192.501730,27.366000000
192.513337,27.367000000
192.513877,27.368000000
192.519975,27.369000000
192.541482,27.370000000
192.549991,27.371000000
192.562963,27.372000000
192.563062,27.373000000
192.563262,27.374000000
192.573869,27.375000000
192.585865,27.376000000
192.585984,27.377000000
192.590168,27.378000000
192.593845,27.379000000
192.602714,27.380000000
192.602782,27.381000000
192.610576,27.382000000
192.610634,27.383000000
192.616432,27.384000000
192.621408,27.385000000
192.642672,27.386000000
192.642761,27.387000000
192.645455,27.388000000
192.648896,27.389000000
192.654342,27.390000000
192.656272,27.391000000
192.658279,27.392000000
192.665685,27.393000000
192.670182,27.394000000
192.670578,27.395000000
192.679197,27.396000000
192.679597,27.397000000
192.680792,27.398000000
192.684725,27.399000000
192.685089,27.400000000
192.701444,27.401000000
192.701903,27.402000000
192.701954,27.403000000
192.707449,27.404000000
192.716455,27.405000000
192.716520,27.406000000
192.716590,27.407000000
192.719060,27.408000000
192.730506,27.409000000
192.731636,27.410000000
192.736873,27.411000000
192.767408,27.412000000
192.779763,27.413000000
192.792203,27.414000000
192.798795,27.415000000
192.812736,27.416000000
192.841767,27.417000000
192.856963,27.418000000
192.863273,27.419000000
192.873927,27.420000000
192.879935,27.421000000
192.883872,27.422000000
192.911947,27.423000000
192.920048,27.424000000
192.931005,27.425000000
192.940761,27.426000000
192.945648,27.427000000
192.963180,27.428000000
192.977119,27.429000000
192.982678,27.430000000
193.009153,27.431000000
193.028106,27.432000000
193.032438,27.433000000
193.053956,27.434000000
193.074658,27.435000000
193.080789,27.436000000
193.092657,27.437000000
193.104510,27.438000000
193.109935,27.439000000
193.133555,27.440000000
193.141513,27.441000000
193.147728,27.442000000
193.154846,27.443000000
193.171375,27.444000000
193.174803,27.445000000
193.211588,27.446000000
193.215717,27.447000000
193.226279,27.448000000
193.237837,27.449000000
193.249856,27.450000000
193.258025,27.451000000
193.263585,27.452000000
193.281154,27.453000000
193.293098,27.454000000
193.300810,27.455000000
193.310788,27.456000000
193.316788,27.457000000
193.324104,27.458000000
193.331738,27.459000000
193.336139,27.460000000
193.358236,27.461000000
193.379411,27.462000000
193.387640,27.463000000
193.395729,27.464000000
193.407565,27.465000000
193.413979,27.466000000
193.421444,27.467000000
193.426917,27.468000000
193.454887,27.469000000
193.460701,27.470000000
193.473831,27.471000000
193.483410,27.472000000
193.489195,27.473000000
193.521782,27.474000000
193.529416,27.475000000
193.539293,27.476000000
193.550503,27.477000000
193.562734,27.478000000
193.570966,27.479000000
193.578884,27.480000000
193.584774,27.481000000
193.591645,27.482000000
193.596520,27.483000000
193.607456,27.484000000
193.619828,27.485000000
193.626339,27.486000000
193.644641,27.487000000
193.659237,27.488000000
193.673738,27.489000000
193.697919,27.490000000
193.710990,27.491000000
193.722213,27.492000000
193.724562,27.493000000
193.729218,27.494000000
193.754487,27.495000000
193.757959,27.496000000
193.762496,27.497000000
193.771620,27.498000000
193.783224,27.499000000
193.809752,27.500000000
193.820859,27.501000000
193.829489,27.502000000
193.832956,27.503000000
193.839279,27.504000000
193.850292,27.505000000
193.860538,27.506000000
193.871052,27.507000000
193.881574,27.508000000
193.893139,27.509000000
193.902438,27.510000000
193.910568,27.511000000
193.920142,27.512000000
193.930961,27.513000000
193.937172,27.514000000
193.966411,27.515000000
193.970735,27.516000000
193.985812,27.517000000
193.992004,27.518000000
194.002665,27.519000000
194.007847,27.520000000
194.012512,27.521000000
194.016726,27.522000000
194.041443,27.523000000
194.049746,27.524000000
194.060962,27.525000000
194.074900,27.526000000
194.079678,27.527000000
194.109692,27.528000000
194.116542,27.529000000
194.124592,27.530000000
194.132771,27.531000000
194.141035,27.532000000
194.154044,27.533000000
194.159787,27.534000000
194.165949,27.535000000
194.178308,27.536000000
194.186776,27.537000000
194.197341,27.538000000
194.206653,27.539000000
194.215083,27.540000000
194.222594,27.541000000
194.257886,27.542000000
194.264400,27.543000000
194.291020,27.544000000
194.297827,27.545000000
194.310856,27.546000000
194.316595,27.547000000
194.324775,27.548000000
194.331155,27.549000000
194.357121,27.550000000
194.360803,27.551000000
194.366538,27.552000000
194.381780,27.553000000
194.386666,27.554000000
194.407792,27.555000000
194.413482,27.556000000
194.426955,27.557000000
194.433513,27.558000000
194.445374,27.559000000
194.452794,27.560000000
194.460928,27.561000000
194.463198,27.562000000
194.482427,27.563000000
194.487737,27.564000000
194.492545,27.565000000
194.496670,27.566000000
194.500443,27.567000000
194.511016,27.568000000
194.517116,27.569000000
194.529688,27.570000000
194.538729,27.571000000
194.551541,27.572000000
194.556931,27.573000000
194.564388,27.574000000
194.584512,27.575000000
194.587856,27.576000000
194.596338,27.577000000
194.623616,27.578000000
194.630054,27.579000000
194.639674,27.580000000
194.659203,27.581000000
194.664965,27.582000000
194.685241,27.583000000
194.693268,27.584000000
194.716005,27.585000000
194.723508,27.586000000
194.741979,27.587000000
194.752413,27.588000000
194.766214,27.589000000
194.780196,27.590000000
194.797644,27.591000000
194.797774,27.592000000
194.797822,27.593000000
194.797861,27.594000000
194.801869,27.595000000
194.801934,27.596000000
194.806739,27.597000000
194.806793,27.598000000
194.817090,27.599000000
194.824037,27.600000000
194.827700,27.601000000
194.842912,27.602000000
194.859797,27.603000000
194.875930,27.604000000
194.883364,27.605000000
194.901987,27.606000000
194.906842,27.607000000
194.911988,27.608000000
194.918410,27.609000000
194.929240,27.610000000
194.958641,27.611000000
194.970993,27.612000000
194.973196,27.613000000
194.986895,27.614000000
194.989002,27.615000000
194.998078,27.616000000
195.007651,27.617000000
195.015136,27.618000000
195.023974,27.619000000
195.036111,27.620000000
195.044140,27.621000000
195.054950,27.622000000
195.063068,27.623000000
195.071428,27.624000000
195.081271,27.625000000
195.091857,27.626000000
195.098746,27.627000000
195.107443,27.628000000
195.115343,27.629000000
195.123464,27.630000000
195.131765,27.631000000
195.140285,27.632000000
195.148938,27.633000000
195.156482,27.634000000
195.166371,27.635000000
195.175837,27.636000000
195.184683,27.637000000
195.191825,27.638000000
195.201431,27.639000000
195.209885,27.640000000
195.221137,27.641000000
195.229919,27.642000000
195.239654,27.643000000
195.252302,27.644000000
195.268298,27.645000000
195.277640,27.646000000
195.288864,27.647000000
195.311682,27.648000000
195.318010,27.649000000
195.326393,27.650000000
195.358907,27.651000000
195.359341,27.652000000
195.362439,27.653000000
195.370754,27.654000000
195.370816,27.655000000
195.379692,27.656000000
195.420504,27.657000000
195.437646,27.658000000
195.441189,27.659000000
195.448622,27.660000000
195.459202,27.661000000
195.473181,27.662000000
195.479186,27.663000000
195.488838,27.664000000
195.494639,27.665000000
195.511122,27.666000000
195.512640,27.667000000
195.539458,27.668000000
195.539502,27.669000000
195.549459,27.670000000
195.550844,27.671000000
195.561037,27.672000000
195.564649,27.673000000
195.569336,27.674000000
195.569393,27.675000000
195.595039,27.676000000
195.605625,27.677000000
195.615891,27.678000000
195.627029,27.679000000
195.632056,27.680000000
195.652434,27.681000000
195.660208,27.682000000
195.665460,27.683000000
195.673267,27.684000000
195.698170,27.685000000
195.712614,27.686000000
195.727619,27.687000000
195.728361,27.688000000
195.751440,27.689000000
195.762775,27.690000000
195.776605,27.691000000
195.782528,27.692000000
195.797667,27.693000000
195.806535,27.694000000
195.811474,27.695000000
195.820742,27.696000000
195.829506,27.697000000
195.832264,27.698000000
195.842894,27.699000000
195.853653,27.700000000
195.856037,27.701000000
195.862218,27.702000000
195.873672,27.703000000
195.877585,27.704000000
195.881104,27.705000000
195.885813,27.706000000
195.892932,27.707000000
195.896387,27.708000000
195.898806,27.709000000
195.902045,27.710000000
195.908770,27.711000000
195.910876,27.712000000
195.914083,27.713000000
195.917509,27.714000000
195.946916,27.715000000
195.949700,27.716000000
195.957039,27.717000000
195.960128,27.718000000
195.962418,27.719000000
195.964593,27.720000000
195.969481,27.721000000
195.989620,27.722000000
195.993133,27.723000000
195.995165,27.724000000
195.998569,27.725000000
196.001327,27.726000000
196.003374,27.727000000
196.012117,27.728000000
196.034719,27.729000000
196.051540,27.730000000
196.055196,27.731000000
196.078574,27.732000000
196.086391,27.733000000
196.092991,27.734000000
196.111099,27.735000000
196.114738,27.736000000
196.120277,27.737000000
196.121064,27.738000000
196.123220,27.739000000
196.154349,27.740000000
196.162552,27.741000000
196.173276,27.742000000
196.180164,27.743000000
196.195139,27.744000000
196.206685,27.745000000
196.216243,27.746000000
196.224684,27.747000000
196.238102,27.748000000
196.247316,27.749000000
196.256413,27.750000000
196.269015,27.751000000
196.276620,27.752000000
196.285054,27.753000000
196.288651,27.754000000
196.293700,27.755000000
196.298781,27.756000000
196.302425,27.757000000
196.304603,27.758000000
196.306723,27.759000000
196.313259,27.760000000
196.315557,27.761000000
196.328935,27.762000000
196.332288,27.763000000
196.338824,27.764000000
196.343057,27.765000000
196.347332,27.766000000
196.349866,27.767000000
196.352341,27.768000000
196.355010,27.769000000
196.360075,27.770000000
196.384501,27.771000000
196.386646,27.772000000
196.389481,27.773000000
196.391808,27.774000000
196.395772,27.775000000
196.398474,27.776000000
196.404279,27.777000000
196.410663,27.778000000
196.413050,27.779000000
196.422746,27.780000000
196.430449,27.781000000
196.470644,27.782000000
196.470752,27.783000000
196.470798,27.784000000
196.482594,27.785000000
196.488605,27.786000000
196.491146,27.787000000
196.501284,27.788000000
196.513507,27.789000000
196.544379,27.790000000
196.559508,27.791000000
196.583153,27.792000000
196.593579,27.793000000
196.606406,27.794000000
196.620298,27.795000000
196.631120,27.796000000
196.634783,27.797000000
196.644809,27.798000000
196.649869,27.799000000
196.654804,27.800000000
196.658663,27.801000000
196.671724,27.802000000
196.679468,27.803000000
196.687191,27.804000000
196.716810,27.805000000
196.723942,27.806000000
196.732363,27.807000000
196.749698,27.808000000
196.752223,27.809000000
196.760525,27.810000000
196.782013,27.811000000
196.788646,27.812000000
196.792590,27.813000000
196.811639,27.814000000
196.831315,27.815000000
196.838581,27.816000000
196.851844,27.817000000
196.869935,27.818000000
196.873691,27.819000000
196.893163,27.820000000
196.898486,27.821000000
196.906854,27.822000000
196.912858,27.823000000
196.921428,27.824000000
196.928795,27.825000000
196.934828,27.826000000
196.947192,27.827000000
196.956850,27.828000000
196.963147,27.829000000
196.973296,27.830000000
196.983683,27.831000000
196.997749,27.832000000
197.007444,27.833000000
197.016657,27.834000000
197.040459,27.835000000
197.045444,27.836000000
197.064571,27.837000000
197.086545,27.838000000
197.090972,27.839000000
197.100498,27.840000000
197.114573,27.841000000
197.124128,27.842000000
197.130097,27.843000000
197.133257,27.844000000
197.160340,27.845000000
197.162360,27.846000000
197.173767,27.847000000
197.186072,27.848000000
197.197689,27.849000000
197.205293,27.850000000
197.218993,27.851000000
197.219046,27.852000000
197.238769,27.853000000
197.260733,27.854000000
197.270199,27.855000000
197.286827,27.856000000
197.304260,27.857000000
197.304319,27.858000000
197.327147,27.859000000
197.335797,27.860000000
197.335860,27.861000000
197.344482,27.862000000
197.363737,27.863000000
197.368999,27.864000000
197.408611,27.865000000
197.419878,27.866000000
197.432387,27.867000000
197.440657,27.868000000
197.445471,27.869000000
197.461185,27.870000000
197.465889,27.871000000
197.513827,27.872000000
197.524105,27.873000000
197.553611,27.874000000
197.558899,27.875000000
197.583279,27.876000000
197.606510,27.877000000
197.606568,27.878000000
197.606608,27.879000000
197.625814,27.880000000
197.625915,27.881000000
197.626539,27.882000000
197.640408,27.883000000
197.640472,27.884000000
197.640513,27.885000000
197.648058,27.886000000
197.671458,27.887000000
197.678667,27.888000000
197.689351,27.889000000
197.689409,27.890000000
197.709467,27.891000000
197.722676,27.892000000
197.739271,27.893000000
197.748901,27.894000000
197.749368,27.895000000
197.761621,27.896000000
197.761709,27.897000000
197.787670,27.898000000
197.801661,27.899000000
197.803526,27.900000000
197.804022,27.901000000
197.822427,27.902000000
197.835077,27.903000000
197.835137,27.904000000
197.841678,27.905000000
197.875773,27.906000000
197.890161,27.907000000
197.905908,27.908000000
197.920504,27.909000000
197.920565,27.910000000
197.932071,27.911000000
197.932128,27.912000000
197.950029,27.913000000
197.950091,27.914000000
197.961239,27.915000000
197.970121,27.916000000
197.970206,27.917000000
197.996139,27.918000000
198.017848,27.919000000
198.017912,27.920000000
198.034598,27.921000000
198.067491,27.922000000
198.077380,27.923000000
198.079838,27.924000000
198.094485,27.925000000
198.121226,27.926000000
198.128093,27.927000000
198.134526,27.928000000
198.142554,27.929000000
198.155941,27.930000000
198.162824,27.931000000
198.193743,27.932000000
198.197289,27.933000000
198.212429,27.934000000
198.216074,27.935000000
198.233188,27.936000000
198.243277,27.937000000
198.255258,27.938000000
198.263015,27.939000000
198.272361,27.940000000
198.281559,27.941000000
198.290907,27.942000000
198.299407,27.943000000
198.306398,27.944000000
198.322886,27.945000000
198.325264,27.946000000
198.331065,27.947000000
198.335893,27.948000000
198.346838,27.949000000
198.348894,27.950000000
198.352141,27.951000000
198.357904,27.952000000
198.370332,27.953000000
198.376284,27.954000000
198.401707,27.955000000
198.408713,27.956000000
198.416394,27.957000000
198.431875,27.958000000
198.440623,27.959000000
198.458336,27.960000000
198.467549,27.961000000
198.502917,27.962000000
198.510186,27.963000000
198.530723,27.964000000
198.534513,27.965000000
198.564430,27.966000000
198.571883,27.967000000
198.584620,27.968000000
198.594476,27.969000000
198.605947,27.970000000
198.617880,27.971000000
198.630908,27.972000000
198.644700,27.973000000
198.658046,27.974000000
198.668320,27.975000000
198.681024,27.976000000
198.689980,27.977000000
198.699045,27.978000000
198.705410,27.979000000
198.733656,27.980000000
198.743116,27.981000000
198.743553,27.982000000
198.750541,27.983000000
198.764450,27.984000000
198.764536,27.985000000
198.788628,27.986000000
198.799395,27.987000000
198.810435,27.988000000
198.810910,27.989000000
198.821326,27.990000000
198.836534,27.991000000
198.865445,27.992000000
198.869063,27.993000000
198.876502,27.994000000
198.879955,27.995000000
198.885162,27.996000000
198.893109,27.997000000
198.906309,27.998000000
198.915913,27.999000000
198.926912,28.000000000
198.941276,28.001000000
198.954129,28.002000000
198.965098,28.003000000
198.988077,28.004000000
199.006333,28.005000000
199.022026,28.006000000
199.033711,28.007000000
199.048549,28.008000000
199.055628,28.009000000
199.058164,28.010000000
199.077605,28.011000000
199.090494,28.012000000
199.112967,28.013000000
199.131915,28.014000000
199.148402,28.015000000
199.154793,28.016000000
199.170195,28.017000000
199.172682,28.018000000
199.199518,28.019000000
199.211911,28.020000000
199.218966,28.021000000
199.224558,28.022000000
199.229054,28.023000000
199.234803,28.024000000
199.249088,28.025000000
199.252244,28.026000000
199.260355,28.027000000
199.264718,28.028000000
199.286787,28.029000000
199.298815,28.030000000
199.310361,28.031000000
199.321255,28.032000000
199.331850,28.033000000
199.340789,28.034000000
199.364384,28.035000000
199.371099,28.036000000
199.376123,28.037000000
199.380904,28.038000000
199.384768,28.039000000
199.387363,28.040000000
199.398693,28.041000000
199.408708,28.042000000
199.417439,28.043000000
199.421089,28.044000000
199.423559,28.045000000
199.425933,28.046000000
199.428358,28.047000000
199.439382,28.048000000
199.442765,28.049000000
199.445270,28.050000000
199.447617,28.051000000
199.449879,28.052000000
199.453643,28.053000000
199.456103,28.054000000
199.459868,28.055000000
199.467898,28.056000000
199.470616,28.057000000
199.472863,28.058000000
199.505575,28.059000000
199.513440,28.060000000
199.518528,28.061000000
199.539923,28.062000000
199.553698,28.063000000
199.591020,28.064000000
199.594232,28.065000000
199.605378,28.066000000
199.618847,28.067000000
199.619263,28.068000000
199.628090,28.069000000
199.632596,28.070000000
199.645332,28.071000000
199.646505,28.072000000
199.658384,28.073000000
199.667309,28.074000000
199.676909,28.075000000
199.676969,28.076000000
199.686954,28.077000000
199.692027,28.078000000
199.692471,28.079000000
199.694839,28.080000000
199.700616,28.081000000
199.703483,28.082000000
199.712321,28.083000000
199.717216,28.084000000
199.722876,28.085000000
199.727324,28.086000000
199.734906,28.087000000
199.743413,28.088000000
199.749412,28.089000000
199.757002,28.090000000
199.762908,28.091000000
199.774518,28.092000000
199.783570,28.093000000
199.802815,28.094000000
199.819550,28.095000000
199.835469,28.096000000
199.853254,28.097000000
199.862636,28.098000000
199.877630,28.099000000
199.888473,28.100000000
199.896969,28.101000000
199.914322,28.102000000
199.920807,28.103000000
199.924507,28.104000000
199.930430,28.105000000
199.951622,28.106000000
199.961505,28.107000000
199.972271,28.108000000
199.977899,28.109000000
199.984603,28.110000000
200.026438,28.111000000
200.036540,28.112000000
200.048444,28.113000000
200.062616,28.114000000
200.079040,28.115000000
200.086574,28.116000000
200.098405,28.117000000
200.107845,28.118000000
200.120107,28.119000000
200.133480,28.120000000
200.145227,28.121000000
200.147820,28.122000000
200.150058,28.123000000
200.152293,28.124000000
200.154662,28.125000000
200.164449,28.126000000
200.192474,28.127000000
200.213236,28.128000000
200.219218,28.129000000
200.234726,28.130000000
200.272044,28.131000000
200.280663,28.132000000
200.291903,28.133000000
200.301819,28.134000000
200.333600,28.135000000
200.338050,28.136000000
200.359658,28.137000000
200.370920,28.138000000
200.387696,28.139000000
200.403169,28.140000000
200.414683,28.141000000
200.438526,28.142000000
200.441358,28.143000000
200.453973,28.144000000
200.460016,28.145000000
200.462419,28.146000000
200.469662,28.147000000
200.473974,28.148000000
200.484111,28.149000000
200.490464,28.150000000
200.496140,28.151000000
200.514491,28.152000000
200.518712,28.153000000
200.527175,28.154000000
200.530029,28.155000000
200.533007,28.156000000
200.551772,28.157000000
200.556177,28.158000000
200.560501,28.159000000
200.567196,28.160000000
200.576386,28.161000000
200.608344,28.162000000
200.620157,28.163000000
200.625510,28.164000000
200.629452,28.165000000
200.634864,28.166000000
200.643286,28.167000000
200.647469,28.168000000
200.650038,28.169000000
200.659900,28.170000000
200.669173,28.171000000
200.675464,28.172000000
200.678326,28.173000000
200.688439,28.174000000
200.691266,28.175000000
200.696301,28.176000000
200.700319,28.177000000
200.706815,28.178000000
200.722862,28.179000000
200.732764,28.180000000
200.750553,28.181000000
200.752925,28.182000000
200.791915,28.183000000
200.821659,28.184000000
200.832042,28.185000000
200.836589,28.186000000
200.852247,28.187000000
200.864987,28.188000000
200.874346,28.189000000
200.886512,28.190000000
200.892483,28.191000000
200.905593,28.192000000
200.913378,28.193000000
200.922571,28.194000000
200.935288,28.195000000
200.946648,28.196000000
200.958524,28.197000000
200.969847,28.198000000
200.974839,28.199000000
200.986365,28.200000000
200.996041,28.201000000
201.010796,28.202000000
201.018866,28.203000000
201.033632,28.204000000
201.040915,28.205000000
201.052083,28.206000000
201.061948,28.207000000
201.066705,28.208000000
201.086198,28.209000000
201.093990,28.210000000
201.112166,28.211000000
201.127071,28.212000000
201.131888,28.213000000
201.149509,28.214000000
201.161115,28.215000000
201.176631,28.216000000
201.192723,28.217000000
201.208773,28.218000000
201.217802,28.219000000
201.227132,28.220000000
201.239661,28.221000000
201.240596,28.222000000
201.249609,28.223000000
201.265708,28.224000000
201.284266,28.225000000
201.284328,28.226000000
201.302225,28.227000000
201.315771,28.228000000
201.330807,28.229000000
201.339877,28.230000000
201.343479,28.231000000
201.375806,28.232000000
201.378036,28.233000000
201.394843,28.234000000
201.399099,28.235000000
201.414721,28.236000000
201.422654,28.237000000
201.453806,28.238000000
201.453906,28.239000000
201.472524,28.240000000
201.487107,28.241000000
201.499970,28.242000000
201.518378,28.243000000
201.536587,28.244000000
201.545789,28.245000000
201.561550,28.246000000
201.577578,28.247000000
201.607881,28.248000000
201.627592,28.249000000
201.640980,28.250000000
201.645949,28.251000000
201.652415,28.252000000
201.660840,28.253000000
201.682455,28.254000000
201.682518,28.255000000
201.711710,28.256000000
201.736598,28.257000000
201.749654,28.258000000
201.756137,28.259000000
201.761805,28.260000000
201.768398,28.261000000
201.774996,28.262000000
201.783811,28.263000000
201.799506,28.264000000
201.799573,28.265000000
201.833598,28.266000000
201.856231,28.267000000
201.863819,28.268000000
201.871766,28.269000000
201.878002,28.270000000
201.884965,28.271000000
201.891886,28.272000000
201.899451,28.273000000
201.907823,28.274000000
201.915842,28.275000000
201.925560,28.276000000
201.941138,28.277000000
201.953423,28.278000000
201.978024,28.279000000
202.020696,28.280000000
202.034992,28.281000000
202.062208,28.282000000
202.077393,28.283000000
202.086699,28.284000000
202.087479,28.285000000
202.095317,28.286000000
202.102030,28.287000000
202.110587,28.288000000
202.116351,28.289000000
202.122579,28.290000000
202.132925,28.291000000
202.138731,28.292000000
202.144060,28.293000000
202.153812,28.294000000
202.160136,28.295000000
202.165361,28.296000000
202.173699,28.297000000
202.180806,28.298000000
202.186038,28.299000000
202.229324,28.300000000
202.240952,28.301000000
202.247030,28.302000000
202.255162,28.303000000
202.263755,28.304000000
202.274644,28.305000000
202.285023,28.306000000
202.296540,28.307000000
202.305135,28.308000000
202.316107,28.309000000
202.326008,28.310000000
202.334308,28.311000000
202.345940,28.312000000
202.351338,28.313000000
202.386835,28.314000000
202.392666,28.315000000
202.418482,28.316000000
202.419608,28.317000000
202.421936,28.318000000
202.440229,28.319000000
202.445786,28.320000000
202.450215,28.321000000
202.455667,28.322000000
202.460803,28.323000000
202.466612,28.324000000
202.480932,28.325000000
202.488432,28.326000000
202.492396,28.327000000
202.498053,28.328000000
202.507335,28.329000000
202.511726,28.330000000
202.533249,28.331000000
202.540079,28.332000000
202.544533,28.333000000
202.550182,28.334000000
202.556494,28.335000000
202.570080,28.336000000
202.577637,28.337000000
202.583619,28.338000000
202.587944,28.339000000
202.610244,28.340000000
202.619161,28.341000000
202.623679,28.342000000
202.632244,28.343000000
202.645373,28.344000000
202.655416,28.345000000
202.659126,28.346000000
202.663055,28.347000000
202.668186,28.348000000
202.672797,28.349000000
202.677352,28.350000000
202.682138,28.351000000
202.685800,28.352000000
202.695043,28.353000000
202.700532,28.354000000
202.709900,28.355000000
202.720339,28.356000000
202.723650,28.357000000
202.728396,28.358000000
202.753228,28.359000000
202.756378,28.360000000
202.758765,28.361000000
202.761529,28.362000000
202.770514,28.363000000
202.777381,28.364000000
202.784216,28.365000000
202.788213,28.366000000
202.793596,28.367000000
202.796165,28.368000000
202.798624,28.369000000
202.805377,28.370000000
202.812252,28.371000000
202.828260,28.372000000
202.830789,28.373000000
202.837431,28.374000000
202.840270,28.375000000
202.845805,28.376000000
202.855890,28.377000000
202.859813,28.378000000
202.864528,28.379000000
202.876062,28.380000000
202.900423,28.381000000
202.905087,28.382000000
202.913604,28.383000000
202.929005,28.384000000
202.931706,28.385000000
202.940741,28.386000000
202.951087,28.387000000
202.951484,28.388000000
202.964676,28.389000000
202.979681,28.390000000
202.992968,28.391000000
203.008758,28.392000000
203.031436,28.393000000
203.037036,28.394000000
203.055474,28.395000000
203.067131,28.396000000
203.069001,28.397000000
203.092561,28.398000000
203.100983,28.399000000
203.118281,28.400000000
203.131968,28.401000000
203.137970,28.402000000
203.143326,28.403000000
203.156862,28.404000000
203.174685,28.405000000
203.205394,28.406000000
203.213401,28.407000000
203.216679,28.408000000
203.228616,28.409000000
203.239625,28.410000000
203.246720,28.411000000
203.253604,28.412000000
203.264844,28.413000000
203.274515,28.414000000
203.284055,28.415000000
203.297359,28.416000000
203.305424,28.417000000
203.316542,28.418000000
203.323295,28.419000000
203.342714,28.420000000
203.355172,28.421000000
203.384545,28.422000000
203.395275,28.423000000
203.406888,28.424000000
203.422326,28.425000000
203.428502,28.426000000
203.433296,28.427000000
203.462424,28.428000000
203.466753,28.429000000
203.475837,28.430000000
203.486672,28.431000000
203.491565,28.432000000
203.513597,28.433000000
203.525530,28.434000000
203.534007,28.435000000
203.542664,28.436000000
203.555086,28.437000000
203.563461,28.438000000
203.582962,28.439000000
203.596637,28.440000000
203.612515,28.441000000
203.616931,28.442000000
203.623992,28.443000000
203.628677,28.444000000
203.633554,28.445000000
203.640902,28.446000000
203.643635,28.447000000
203.647365,28.448000000
203.653953,28.449000000
203.664204,28.450000000
203.678916,28.451000000
203.683285,28.452000000
203.685887,28.453000000
203.688777,28.454000000
203.691129,28.455000000
203.705844,28.456000000
203.710853,28.457000000
203.714763,28.458000000
203.729745,28.459000000
203.734558,28.460000000
203.739241,28.461000000
203.748678,28.462000000
203.753620,28.463000000
203.756775,28.464000000
203.778299,28.465000000
203.785157,28.466000000
203.792826,28.467000000
203.799629,28.468000000
203.805408,28.469000000
203.809764,28.470000000
203.815701,28.471000000
203.823724,28.472000000
203.830214,28.473000000
203.835608,28.474000000
203.842502,28.475000000
203.851252,28.476000000
203.855839,28.477000000
203.860030,28.478000000
203.878917,28.479000000
203.883368,28.480000000
203.896798,28.481000000
203.904571,28.482000000
203.907469,28.483000000
203.918296,28.484000000
203.922671,28.485000000
203.928134,28.486000000
203.942638,28.487000000
203.947704,28.488000000
203.952221,28.489000000
203.966689,28.490000000
203.971477,28.491000000
203.977025,28.492000000
204.009663,28.493000000
204.019308,28.494000000
204.023479,28.495000000
204.029690,28.496000000
204.037044,28.497000000
204.044312,28.498000000
204.051595,28.499000000
204.059424,28.500000000
204.065964,28.501000000
204.072320,28.502000000
204.079035,28.503000000
204.095570,28.504000000
204.112261,28.505000000
204.118286,28.506000000
204.139160,28.507000000
204.152930,28.508000000
204.167090,28.509000000
204.174232,28.510000000
204.180007,28.511000000
204.196297,28.512000000
204.206154,28.513000000
204.213989,28.514000000
204.239092,28.515000000
204.246574,28.516000000
204.255515,28.517000000
204.269088,28.518000000
204.273917,28.519000000
204.279590,28.520000000
204.312129,28.521000000
204.326607,28.522000000
204.331182,28.523000000
204.346887,28.524000000
204.355834,28.525000000
204.367699,28.526000000
204.376301,28.527000000
204.383559,28.528000000
204.394154,28.529000000
204.398381,28.530000000
204.403946,28.531000000
204.411130,28.532000000
204.421105,28.533000000
204.427033,28.534000000
204.434439,28.535000000
204.443475,28.536000000
204.445697,28.537000000
204.488750,28.538000000
204.488816,28.539000000
204.488860,28.540000000
204.513629,28.541000000
204.517350,28.542000000
204.541324,28.543000000
204.559794,28.544000000
204.563003,28.545000000
204.578971,28.546000000
204.605177,28.547000000
204.621423,28.548000000
204.622879,28.549000000
204.636839,28.550000000
204.646436,28.551000000
204.648259,28.552000000
204.672105,28.553000000
204.684149,28.554000000
204.690934,28.555000000
204.698434,28.556000000
204.707368,28.557000000
204.721021,28.558000000
204.731413,28.559000000
204.738029,28.560000000
204.751112,28.561000000
204.755884,28.562000000
204.777836,28.563000000
204.787422,28.564000000
204.798341,28.565000000
204.807372,28.566000000
204.819710,28.567000000
204.822947,28.568000000
204.833806,28.569000000
204.847185,28.570000000
204.855603,28.571000000
204.865510,28.572000000
204.875839,28.573000000
204.888385,28.574000000
204.898639,28.575000000
204.917605,28.576000000
204.933338,28.577000000
204.946771,28.578000000
204.956672,28.579000000
204.966477,28.580000000
204.977507,28.581000000
204.988421,28.582000000
204.997546,28.583000000
205.011414,28.584000000
205.025322,28.585000000
205.036284,28.586000000
205.050724,28.587000000
205.063007,28.588000000
205.075717,28.589000000
205.087692,28.590000000
205.098947,28.591000000
205.103583,28.592000000
205.109421,28.593000000
205.116293,28.594000000
205.130425,28.595000000
205.143789,28.596000000
205.155332,28.597000000
205.168641,28.598000000
205.180506,28.599000000
205.195995,28.600000000
205.203404,28.601000000
205.214310,28.602000000
205.226410,28.603000000
205.239510,28.604000000
205.251698,28.605000000
205.261428,28.606000000
205.271667,28.607000000
205.283045,28.608000000
205.307848,28.609000000
205.321651,28.610000000
205.334632,28.611000000
205.345698,28.612000000
205.355155,28.613000000
205.370633,28.614000000
205.380111,28.615000000
205.390273,28.616000000
205.404471,28.617000000
205.413194,28.618000000
205.427062,28.619000000
205.438140,28.620000000
205.450239,28.621000000
205.462487,28.622000000
205.469664,28.623000000
205.479939,28.624000000
205.492252,28.625000000
205.499879,28.626000000
205.509609,28.627000000
205.519934,28.628000000
205.530114,28.629000000
205.541050,28.630000000
205.550671,28.631000000
205.560555,28.632000000
205.571441,28.633000000
205.586452,28.634000000
205.608734,28.635000000
205.624748,28.636000000
205.638182,28.637000000
205.649004,28.638000000
205.662743,28.639000000
205.688602,28.640000000
205.693029,28.641000000
205.716383,28.642000000
205.718931,28.643000000
205.732349,28.644000000
205.737811,28.645000000
205.758521,28.646000000
205.767602,28.647000000
205.776452,28.648000000
205.787657,28.649000000
205.796527,28.650000000
205.805490,28.651000000
205.824558,28.652000000
205.825078,28.653000000
205.833283,28.654000000
205.852258,28.655000000
205.852305,28.656000000
205.878116,28.657000000
205.887532,28.658000000
205.897230,28.659000000
205.901704,28.660000000
205.910843,28.661000000
205.930441,28.662000000
205.941440,28.663000000
205.949411,28.664000000
205.961341,28.665000000
205.967720,28.666000000
205.980118,28.667000000
205.984157,28.668000000
205.986137,28.669000000
206.015822,28.670000000
206.031168,28.671000000
206.034075,28.672000000
206.053007,28.673000000
206.059969,28.674000000
206.070779,28.675000000
206.078073,28.676000000
206.078888,28.677000000
206.101431,28.678000000
206.109066,28.679000000
206.111918,28.680000000
206.125742,28.681000000
206.132507,28.682000000
206.156648,28.683000000
206.164047,28.684000000
206.170940,28.685000000
206.181920,28.686000000
206.184924,28.687000000
206.201612,28.688000000
206.213338,28.689000000
206.220761,28.690000000
206.233340,28.691000000
206.253145,28.692000000
206.258350,28.693000000
206.268515,28.694000000
206.282318,28.695000000
206.294792,28.696000000
206.305671,28.697000000
206.311664,28.698000000
206.347477,28.699000000
206.365460,28.700000000
206.384501,28.701000000
206.395966,28.702000000
206.402443,28.703000000
206.406707,28.704000000
206.434104,28.705000000
206.438478,28.706000000
206.444219,28.707000000
206.460190,28.708000000
206.467517,28.709000000
206.492803,28.710000000
206.504061,28.711000000
206.511939,28.712000000
206.522579,28.713000000
206.537564,28.714000000
206.547380,28.715000000
206.558887,28.716000000
206.563159,28.717000000
206.578892,28.718000000
206.589636,28.719000000
206.596680,28.720000000
206.601693,28.721000000
206.608177,28.722000000
206.629534,28.723000000
206.639925,28.724000000
206.642963,28.725000000
206.665622,28.726000000
206.673532,28.727000000
206.686473,28.728000000
206.694792,28.729000000
206.700400,28.730000000
206.725283,28.731000000
206.731682,28.732000000
206.736443,28.733000000
206.750773,28.734000000
206.755545,28.735000000
206.761617,28.736000000
206.812085,28.737000000
206.814835,28.738000000
206.827549,28.739000000
206.837993,28.740000000
206.845363,28.741000000
206.859467,28.742000000
206.871235,28.743000000
206.881151,28.744000000
206.895370,28.745000000
206.900948,28.746000000
206.905430,28.747000000
206.911297,28.748000000
206.918865,28.749000000
206.928669,28.750000000
206.930991,28.751000000
206.939190,28.752000000
206.964216,28.753000000
206.969654,28.754000000
206.974040,28.755000000
206.979995,28.756000000
207.006866,28.757000000
207.016230,28.758000000
207.023925,28.759000000
207.043700,28.760000000
207.058465,28.761000000
207.071490,28.762000000
207.076650,28.763000000
207.076706,28.764000000
207.077107,28.765000000
207.083925,28.766000000
207.084012,28.767000000
207.084056,28.768000000
207.084566,28.769000000
207.094172,28.770000000
207.094235,28.771000000
207.094275,28.772000000
207.094832,28.773000000
207.100017,28.774000000
207.101467,28.775000000
207.111945,28.776000000
207.114001,28.777000000
207.125332,28.778000000
207.125376,28.779000000
207.158622,28.780000000
207.164100,28.781000000
207.180661,28.782000000
207.196463,28.783000000
207.218138,28.784000000
207.229928,28.785000000
207.232550,28.786000000
207.252290,28.787000000
207.254227,28.788000000
207.259117,28.789000000
207.264476,28.790000000
207.267004,28.791000000
207.279413,28.792000000
207.289337,28.793000000
207.290403,28.794000000
207.297167,28.795000000
207.318725,28.796000000
207.320184,28.797000000
207.325589,28.798000000
207.327810,28.799000000
207.334299,28.800000000
207.336522,28.801000000
207.339929,28.802000000
207.344221,28.803000000
207.347399,28.804000000
207.364936,28.805000000
207.374980,28.806000000
207.376732,28.807000000
207.378693,28.808000000
207.380705,28.809000000
207.383290,28.810000000
207.385699,28.811000000
207.392088,28.812000000
207.394583,28.813000000
207.396901,28.814000000
207.405070,28.815000000
207.411480,28.816000000
207.413720,28.817000000
207.418121,28.818000000
207.420140,28.819000000
207.422357,28.820000000
207.426372,28.821000000
207.428949,28.822000000
207.434907,28.823000000
207.437409,28.824000000
207.456286,28.825000000
207.459817,28.826000000
207.462003,28.827000000
207.464569,28.828000000
207.468838,28.829000000
207.483389,28.830000000
207.485556,28.831000000
207.487535,28.832000000
207.489742,28.833000000
207.493750,28.834000000
207.520408,28.835000000
207.523453,28.836000000
207.527494,28.837000000
207.531460,28.838000000
207.535125,28.839000000
207.539780,28.840000000
207.549384,28.841000000
207.553432,28.842000000
207.560529,28.843000000
207.563323,28.844000000
207.566771,28.845000000
207.576321,28.846000000
207.579176,28.847000000
207.593584,28.848000000
207.596350,28.849000000
207.607807,28.850000000
207.626247,28.851000000
207.630476,28.852000000
207.633346,28.853000000
207.665151,28.854000000
207.672552,28.855000000
207.700888,28.856000000
207.706331,28.857000000
207.711842,28.858000000
207.716829,28.859000000
207.718986,28.860000000
207.720920,28.861000000
207.727449,28.862000000
207.729456,28.863000000
207.731431,28.864000000
207.733400,28.865000000
207.735376,28.866000000
207.737725,28.867000000
207.740195,28.868000000
207.742937,28.869000000
207.762208,28.870000000
207.769789,28.871000000
207.778604,28.872000000
207.788751,28.873000000
207.797738,28.874000000
207.801241,28.875000000
207.836651,28.876000000
207.838692,28.877000000
207.845975,28.878000000
207.856335,28.879000000
207.860407,28.880000000
207.868381,28.881000000
207.877928,28.882000000
207.885254,28.883000000
207.894015,28.884000000
207.897956,28.885000000
207.906273,28.886000000
207.912461,28.887000000
207.920534,28.888000000
207.924624,28.889000000
207.932704,28.890000000
207.942865,28.891000000
207.945389,28.892000000
207.957292,28.893000000
207.965460,28.894000000
207.967328,28.895000000
207.969349,28.896000000
207.971391,28.897000000
207.973558,28.898000000
207.975636,28.899000000
207.977677,28.900000000
207.981946,28.901000000
207.998414,28.902000000
208.000849,28.903000000
208.002964,28.904000000
208.004946,28.905000000
208.026322,28.906000000
208.034083,28.907000000
208.038344,28.908000000
208.052912,28.909000000
208.054731,28.910000000
208.056913,28.911000000
208.058961,28.912000000
208.065141,28.913000000
208.065358,28.914000000
208.066571,28.915000000
208.070533,28.916000000
208.072604,28.917000000
208.074537,28.918000000
208.076672,28.919000000
208.078600,28.920000000
208.080647,28.921000000
208.082580,28.922000000
208.084638,28.923000000
208.086634,28.924000000
208.088686,28.925000000
208.092448,28.926000000
208.094497,28.927000000
208.096523,28.928000000
208.098512,28.929000000
208.124848,28.930000000
208.128423,28.931000000
208.143622,28.932000000
208.147704,28.933000000
208.150863,28.934000000
208.160820,28.935000000
208.164760,28.936000000
208.170357,28.937000000
208.174743,28.938000000
208.189592,28.939000000
208.204365,28.940000000
208.206676,28.941000000
208.215846,28.942000000
208.219948,28.943000000
208.250955,28.944000000
208.255199,28.945000000
208.259176,28.946000000
208.268231,28.947000000
208.286792,28.948000000
208.289235,28.949000000
208.291231,28.950000000
208.308193,28.951000000
208.322820,28.952000000
208.325874,28.953000000
208.328958,28.954000000
208.365180,28.955000000
208.369172,28.956000000
208.380847,28.957000000
208.384726,28.958000000
208.406400,28.959000000
208.419540,28.960000000
208.422095,28.961000000
208.432873,28.962000000
208.444614,28.963000000
208.450486,28.964000000
208.474371,28.965000000
208.479504,28.966000000
208.498785,28.967000000
208.511784,28.968000000
208.525190,28.969000000
208.533657,28.970000000
208.545209,28.971000000
208.550412,28.972000000
208.561770,28.973000000
208.566566,28.974000000
208.575660,28.975000000
208.582596,28.976000000
208.590726,28.977000000
208.594772,28.978000000
208.601992,28.979000000
208.606962,28.980000000
208.617297,28.981000000
208.624936,28.982000000
208.629068,28.983000000
208.635406,28.984000000
208.658299,28.985000000
208.665262,28.986000000
208.688665,28.987000000
208.699746,28.988000000
208.704981,28.989000000
208.709749,28.990000000
208.717128,28.991000000
208.721006,28.992000000
208.727278,28.993000000
208.750800,28.994000000
208.767579,28.995000000
208.775388,28.996000000
208.781981,28.997000000
208.792161,28.998000000
208.797207,28.999000000
208.807549,29.000000000
208.811570,29.001000000
208.846330,29.002000000
208.870798,29.003000000
208.885503,29.004000000
208.896473,29.005000000
208.906748,29.006000000
208.912540,29.007000000
208.925365,29.008000000
208.931852,29.009000000
208.946711,29.010000000
208.955567,29.011000000
208.964968,29.012000000
208.970185,29.013000000
208.982303,29.014000000
208.993854,29.015000000
209.004119,29.016000000
209.010391,29.017000000
209.025358,29.018000000
209.031562,29.019000000
209.034757,29.020000000
209.048603,29.021000000
209.056030,29.022000000
209.058233,29.023000000
209.078572,29.024000000
209.086775,29.025000000
209.089314,29.026000000
209.101001,29.027000000
209.103009,29.028000000
209.111815,29.029000000
209.122436,29.030000000
209.126465,29.031000000
209.129371,29.032000000
209.131377,29.033000000
209.140553,29.034000000
209.143767,29.035000000
209.157098,29.036000000
209.160983,29.037000000
209.165809,29.038000000
209.169596,29.039000000
209.174957,29.040000000
209.177005,29.041000000
209.181693,29.042000000
209.185712,29.043000000
209.189671,29.044000000
209.191686,29.045000000
209.199603,29.046000000
209.203701,29.047000000
209.209866,29.048000000
209.215901,29.049000000
209.228737,29.050000000
209.237607,29.051000000
209.243253,29.052000000
209.249777,29.053000000
209.256870,29.054000000
209.264308,29.055000000
209.280231,29.056000000
209.294601,29.057000000
209.301217,29.058000000
209.306942,29.059000000
209.312983,29.060000000
209.324657,29.061000000
209.329609,29.062000000
209.340548,29.063000000
209.346615,29.064000000
209.346663,29.065000000
209.348255,29.066000000
209.352801,29.067000000
209.360487,29.068000000
209.366122,29.069000000
209.368399,29.070000000
209.387017,29.071000000
209.387062,29.072000000
209.398690,29.073000000
209.405383,29.074000000
209.426829,29.075000000
209.428939,29.076000000
209.433048,29.077000000
209.447686,29.078000000
209.459170,29.079000000
209.464074,29.080000000
209.476429,29.081000000
209.489230,29.082000000
209.514839,29.083000000
209.524772,29.084000000
209.533701,29.085000000
209.551644,29.086000000
209.562397,29.087000000
209.573778,29.088000000
209.585986,29.089000000
209.595732,29.090000000
209.605921,29.091000000
209.614881,29.092000000
209.625680,29.093000000
209.629201,29.094000000
209.631340,29.095000000
209.650494,29.096000000
209.655478,29.097000000
209.663145,29.098000000
209.667881,29.099000000
209.673650,29.100000000
209.677821,29.101000000
209.709977,29.102000000
209.715710,29.103000000
209.725346,29.104000000
209.734203,29.105000000
209.749466,29.106000000
209.755717,29.107000000
209.765325,29.108000000
209.769442,29.109000000
209.794603,29.110000000
209.799114,29.111000000
209.805619,29.112000000
209.818193,29.113000000
209.826206,29.114000000
209.830577,29.115000000
209.834694,29.116000000
209.869812,29.117000000
209.883851,29.118000000
209.898077,29.119000000
209.922141,29.120000000
209.926410,29.121000000
209.939918,29.122000000
209.951758,29.123000000
209.957786,29.124000000
209.969774,29.125000000
209.981471,29.126000000
209.993994,29.127000000
210.006552,29.128000000
210.021506,29.129000000
210.025093,29.130000000
210.029975,29.131000000
210.038451,29.132000000
210.048925,29.133000000
210.053021,29.134000000
210.057116,29.135000000
210.064646,29.136000000
210.076729,29.137000000
210.086877,29.138000000
210.095692,29.139000000
210.121682,29.140000000
210.127858,29.141000000
210.133816,29.142000000
210.145171,29.143000000
210.154666,29.144000000
210.159285,29.145000000
210.163288,29.146000000
210.169062,29.147000000
210.189093,29.148000000
210.195337,29.149000000
210.201423,29.150000000
210.217073,29.151000000
210.221980,29.152000000
210.228215,29.153000000
210.234710,29.154000000
210.265434,29.155000000
210.279082,29.156000000
210.291972,29.157000000
210.304968,29.158000000
210.309623,29.159000000
210.322563,29.160000000
210.336253,29.161000000
210.345526,29.162000000
210.355725,29.163000000
210.366753,29.164000000
210.371687,29.165000000
210.377213,29.166000000
210.383432,29.167000000
210.396343,29.168000000
210.400577,29.169000000
210.406492,29.170000000
210.413808,29.171000000
210.428813,29.172000000
210.437421,29.173000000
210.468318,29.174000000
210.474176,29.175000000
210.482565,29.176000000
210.492776,29.177000000
210.498666,29.178000000
210.504683,29.179000000
210.510773,29.180000000
210.514775,29.181000000
210.539002,29.182000000
210.545318,29.183000000
210.549416,29.184000000
210.558661,29.185000000
210.560668,29.186000000
210.575491,29.187000000
210.581752,29.188000000
210.591417,29.189000000
210.613667,29.190000000
210.625729,29.191000000
210.637709,29.192000000
210.650182,29.193000000
210.667909,29.194000000
210.675839,29.195000000
210.693363,29.196000000
210.701748,29.197000000
210.712426,29.198000000
210.721844,29.199000000
210.730270,29.200000000
210.738549,29.201000000
210.788401,29.202000000
210.799572,29.203000000
210.830312,29.204000000
210.830369,29.205000000
210.834183,29.206000000
210.856351,29.207000000
210.875845,29.208000000
210.878047,29.209000000
210.897094,29.210000000
210.918080,29.211000000
210.921052,29.212000000
210.931890,29.213000000
210.940834,29.214000000
210.961094,29.215000000
210.974663,29.216000000
210.986098,29.217000000
210.990691,29.218000000
210.990731,29.219000000
211.007884,29.220000000
211.007934,29.221000000
211.015606,29.222000000
211.030812,29.223000000
211.030855,29.224000000
211.045420,29.225000000
211.051353,29.226000000
211.063286,29.227000000
211.073126,29.228000000
211.077423,29.229000000
211.086778,29.230000000
211.106917,29.231000000
211.125517,29.232000000
211.141802,29.233000000
211.155380,29.234000000
211.161143,29.235000000
211.181554,29.236000000
211.181630,29.237000000
211.198216,29.238000000
211.202324,29.239000000
211.222270,29.240000000
211.238795,29.241000000
211.252379,29.242000000
211.263589,29.243000000
211.275573,29.244000000
211.299202,29.245000000
211.299252,29.246000000
211.317307,29.247000000
211.317354,29.248000000
211.329197,29.249000000
211.340233,29.250000000
211.355450,29.251000000
211.355504,29.252000000
211.355515,29.253000000
211.370928,29.254000000
211.387923,29.255000000
211.387967,29.256000000
211.406713,29.257000000
211.406758,29.258000000
211.428347,29.259000000
211.453761,29.260000000
211.486027,29.261000000
211.496921,29.262000000
211.505618,29.263000000
211.535897,29.264000000
211.544308,29.265000000
211.551404,29.266000000
211.563154,29.267000000
211.569211,29.268000000
211.579346,29.269000000
211.581275,29.270000000
211.595022,29.271000000
211.602568,29.272000000
211.609605,29.273000000
211.611381,29.274000000
211.624045,29.275000000
211.626029,29.276000000
211.634906,29.277000000
211.644352,29.278000000
211.646353,29.279000000
211.653551,29.280000000
211.665903,29.281000000
211.667791,29.282000000
211.673368,29.283000000
211.686919,29.284000000
211.697577,29.285000000
211.699393,29.286000000
211.709920,29.287000000
211.720195,29.288000000
211.731056,29.289000000
211.738393,29.290000000
211.746660,29.291000000
211.757803,29.292000000
211.767162,29.293000000
211.769125,29.294000000
211.775315,29.295000000
211.777280,29.296000000
211.779754,29.297000000
211.789898,29.298000000
211.792087,29.299000000
211.794153,29.300000000
211.796165,29.301000000
211.798480,29.302000000
211.800780,29.303000000
211.802693,29.304000000
211.804790,29.305000000
211.806962,29.306000000
211.808964,29.307000000
211.811438,29.308000000
211.813551,29.309000000
211.816860,29.310000000
211.818787,29.311000000
211.820874,29.312000000
211.822754,29.313000000
211.824678,29.314000000
211.826800,29.315000000
211.837452,29.316000000
211.847363,29.317000000
211.849265,29.318000000
211.865325,29.319000000
211.868018,29.320000000
211.869876,29.321000000
211.880955,29.322000000
211.882775,29.323000000
211.893723,29.324000000
211.895829,29.325000000
211.919297,29.326000000
211.921299,29.327000000
211.934172,29.328000000
211.936305,29.329000000
211.945211,29.330000000
211.954334,29.331000000
211.964861,29.332000000
211.967319,29.333000000
211.976327,29.334000000
211.978434,29.335000000
211.990870,29.336000000
211.992808,29.337000000
212.003308,29.338000000
212.005321,29.339000000
212.014246,29.340000000
212.016257,29.341000000
212.026810,29.342000000
212.028755,29.343000000
212.036435,29.344000000
212.045919,29.345000000
212.051788,29.346000000
212.053814,29.347000000
212.061734,29.348000000
212.070722,29.349000000
212.072681,29.350000000
212.080986,29.351000000
212.088208,29.352000000
212.090212,29.353000000
212.100798,29.354000000
212.103096,29.355000000
212.114379,29.356000000
212.116195,29.357000000
212.124757,29.358000000
212.136212,29.359000000
212.138482,29.360000000
212.149073,29.361000000
212.151083,29.362000000
212.156783,29.363000000
212.162749,29.364000000
212.174143,29.365000000
212.176025,29.366000000
212.184733,29.367000000
212.186759,29.368000000
212.195896,29.369000000
212.197967,29.370000000
212.206014,29.371000000
212.214069,29.372000000
212.218324,29.373000000
212.227739,29.374000000
212.229557,29.375000000
212.238869,29.376000000
212.240966,29.377000000
212.249453,29.378000000
212.251323,29.379000000
212.259042,29.380000000
212.271532,29.381000000
212.275572,29.382000000
212.286001,29.383000000
212.301441,29.384000000
212.308484,29.385000000
212.315936,29.386000000
212.324347,29.387000000
212.334449,29.388000000
212.337458,29.389000000
212.346842,29.390000000
212.351772,29.391000000
212.358172,29.392000000
212.368752,29.393000000
212.380654,29.394000000
212.382689,29.395000000
212.390055,29.396000000
212.398035,29.397000000
212.404566,29.398000000
212.409161,29.399000000
212.419032,29.400000000
212.430914,29.401000000
212.433350,29.402000000
212.443732,29.403000000
212.445910,29.404000000
212.454108,29.405000000
212.461623,29.406000000
212.473979,29.407000000
212.476270,29.408000000
212.481346,29.409000000
212.492023,29.410000000
212.493720,29.411000000
212.505676,29.412000000
212.507629,29.413000000
212.516677,29.414000000
212.518623,29.415000000
212.526679,29.416000000
212.536203,29.417000000
212.545600,29.418000000
212.549984,29.419000000
212.584515,29.420000000
212.600498,29.421000000
212.609828,29.422000000
212.626956,29.423000000
212.643541,29.424000000
212.655456,29.425000000
212.665749,29.426000000
212.669243,29.427000000
212.675462,29.428000000
212.696147,29.429000000
212.708184,29.430000000
212.718404,29.431000000
212.749262,29.432000000
212.749325,29.433000000
212.749335,29.434000000
212.749344,29.435000000
212.762254,29.436000000
212.790794,29.437000000
212.792588,29.438000000
212.801501,29.439000000
212.803473,29.440000000
212.821377,29.441000000
212.823811,29.442000000
212.835677,29.443000000
212.837588,29.444000000
212.865684,29.445000000
212.885581,29.446000000
212.887507,29.447000000
212.937146,29.448000000
212.937194,29.449000000
212.938049,29.450000000
212.953268,29.451000000
212.965073,29.452000000
212.979000,29.453000000
212.979049,29.454000000
212.985722,29.455000000
212.996641,29.456000000
212.996722,29.457000000
213.007916,29.458000000
213.010728,29.459000000
213.020092,29.460000000
213.031843,29.461000000
213.031888,29.462000000
213.045892,29.463000000
213.045943,29.464000000
213.056498,29.465000000
213.056545,29.466000000
213.063569,29.467000000
213.092647,29.468000000
213.094576,29.469000000
213.105138,29.470000000
213.112481,29.471000000
213.131430,29.472000000
213.131499,29.473000000
213.153384,29.474000000
213.168047,29.475000000
213.186363,29.476000000
213.204394,29.477000000
213.212686,29.478000000
213.222914,29.479000000
213.231838,29.480000000
213.254252,29.481000000
213.269400,29.482000000
213.281641,29.483000000
213.296178,29.484000000
213.309623,29.485000000
213.334443,29.486000000
213.353024,29.487000000
213.361954,29.488000000
213.372241,29.489000000
213.387476,29.490000000
213.396394,29.491000000
213.408356,29.492000000
213.431434,29.493000000
213.447808,29.494000000
213.451164,29.495000000
213.455456,29.496000000
213.468985,29.497000000
213.469033,29.498000000
213.476933,29.499000000
213.476986,29.500000000
213.476996,29.501000000
213.481104,29.502000000
213.483180,29.503000000
213.491466,29.504000000
213.500294,29.505000000
213.527034,29.506000000
213.537690,29.507000000
213.549382,29.508000000
213.551839,29.509000000
213.555121,29.510000000
213.558805,29.511000000
213.563355,29.512000000
213.565480,29.513000000
213.568907,29.514000000
213.571637,29.515000000
213.573482,29.516000000
213.575582,29.517000000
213.591913,29.518000000
213.594010,29.519000000
213.596024,29.520000000
213.597923,29.521000000
213.599895,29.522000000
213.602262,29.523000000
213.615407,29.524000000
213.618946,29.525000000
213.621713,29.526000000
213.624334,29.527000000
213.626968,29.528000000
213.629297,29.529000000
213.638201,29.530000000
213.642013,29.531000000
213.644760,29.532000000
213.653025,29.533000000
213.676434,29.534000000
213.685200,29.535000000
213.688088,29.536000000
213.717047,29.537000000
213.728645,29.538000000
213.741479,29.539000000
213.748019,29.540000000
213.755424,29.541000000
213.767078,29.542000000
213.773261,29.543000000
213.785042,29.544000000
213.794809,29.545000000
213.803710,29.546000000
213.836614,29.547000000
213.840221,29.548000000
213.844790,29.549000000
213.851356,29.550000000
213.855068,29.551000000
213.857552,29.552000000
213.863290,29.553000000
213.881390,29.554000000
213.897563,29.555000000
213.901331,29.556000000
213.906734,29.557000000
213.937886,29.558000000
213.946847,29.559000000
213.959549,29.560000000
213.975682,29.561000000
213.978981,29.562000000
213.992785,29.563000000
213.996921,29.564000000
214.001754,29.565000000
214.003700,29.566000000
214.005701,29.567000000
214.007672,29.568000000
214.009899,29.569000000
214.012516,29.570000000
214.019037,29.571000000
214.022106,29.572000000
214.024531,29.573000000
214.030010,29.574000000
214.034527,29.575000000
214.037161,29.576000000
214.040965,29.577000000
214.042881,29.578000000
214.044929,29.579000000
214.047457,29.580000000
214.049364,29.581000000
214.052252,29.582000000
214.057760,29.583000000
214.060532,29.584000000
214.063585,29.585000000
214.065590,29.586000000
214.112203,29.587000000
214.112252,29.588000000
214.116931,29.589000000
214.119296,29.590000000
214.122002,29.591000000
214.124371,29.592000000
214.126937,29.593000000
214.129181,29.594000000
214.132118,29.595000000
214.135218,29.596000000
214.143204,29.597000000
214.143248,29.598000000
214.156968,29.599000000
214.160816,29.600000000
214.171685,29.601000000
214.175901,29.602000000
214.186195,29.603000000
214.189519,29.604000000
214.193574,29.605000000
214.197355,29.606000000
214.210896,29.607000000
214.215797,29.608000000
214.219802,29.609000000
214.228833,29.610000000
214.241302,29.611000000
214.251594,29.612000000
214.253692,29.613000000
214.268702,29.614000000
214.271011,29.615000000
214.301382,29.616000000
214.305232,29.617000000
214.306385,29.618000000
214.308490,29.619000000
214.320531,29.620000000
214.322860,29.621000000
214.329075,29.622000000
214.331142,29.623000000
214.336244,29.624000000
214.338393,29.625000000
214.341223,29.626000000
214.348906,29.627000000
214.350837,29.628000000
214.352923,29.629000000
214.355080,29.630000000
214.361497,29.631000000
214.363563,29.632000000
214.368526,29.633000000
214.375548,29.634000000
214.391405,29.635000000
214.393806,29.636000000
214.397433,29.637000000
214.399523,29.638000000
214.405967,29.639000000
214.408952,29.640000000
214.412327,29.641000000
214.414660,29.642000000
214.421298,29.643000000
214.424266,29.644000000
214.443364,29.645000000
214.445471,29.646000000
214.448976,29.647000000
214.451771,29.648000000
214.458009,29.649000000
214.462431,29.650000000
214.464497,29.651000000
214.466933,29.652000000
214.472884,29.653000000
214.490602,29.654000000
214.494562,29.655000000
214.503280,29.656000000
214.513781,29.657000000
214.517067,29.658000000
214.525084,29.659000000
214.527960,29.660000000
214.531986,29.661000000
214.542083,29.662000000
214.546651,29.663000000
214.551896,29.664000000
214.558191,29.665000000
214.568838,29.666000000
214.574808,29.667000000
214.577384,29.668000000
214.585651,29.669000000
214.590772,29.670000000
214.599767,29.671000000
214.610463,29.672000000
214.619125,29.673000000
214.622682,29.674000000
214.627421,29.675000000
214.630851,29.676000000
214.633814,29.677000000
214.636510,29.678000000
214.642225,29.679000000
214.647748,29.680000000
214.658922,29.681000000
214.665519,29.682000000
214.673593,29.683000000
214.685266,29.684000000
214.688044,29.685000000
214.690772,29.686000000
214.698732,29.687000000
214.701240,29.688000000
214.703376,29.689000000
214.705644,29.690000000
214.707923,29.691000000
214.710423,29.692000000
214.713824,29.693000000
214.717153,29.694000000
214.724711,29.695000000
214.727066,29.696000000
214.729627,29.697000000
214.753733,29.698000000
214.757722,29.699000000
214.763566,29.700000000
214.766119,29.701000000
214.769213,29.702000000
214.773754,29.703000000
214.776400,29.704000000
214.778389,29.705000000
214.797001,29.706000000
214.797146,29.707000000
214.801684,29.708000000
214.801731,29.709000000
214.814985,29.710000000
214.818577,29.711000000
214.820514,29.712000000
214.825389,29.713000000
214.832865,29.714000000
214.858571,29.715000000
214.865410,29.716000000
214.874072,29.717000000
214.886499,29.718000000
214.897298,29.719000000
214.919144,29.720000000
214.919195,29.721000000
214.928379,29.722000000
214.945750,29.723000000
214.959535,29.724000000
214.974185,29.725000000
214.991014,29.726000000
214.997176,29.727000000
215.008456,29.728000000
215.026412,29.729000000
215.028520,29.730000000
215.036464,29.731000000
215.040278,29.732000000
215.040314,29.733000000
215.052085,29.734000000
215.052126,29.735000000
215.076712,29.736000000
215.077881,29.737000000
215.090009,29.738000000
215.137534,29.739000000
215.146245,29.740000000
215.153343,29.741000000
215.167131,29.742000000
215.178048,29.743000000
215.178095,29.744000000
215.185822,29.745000000
215.228951,29.746000000
215.229036,29.747000000
215.229049,29.748000000
215.246972,29.749000000
215.253181,29.750000000
215.283723,29.751000000
215.291712,29.752000000
215.305481,29.753000000
215.307647,29.754000000
215.317896,29.755000000
215.326820,29.756000000
215.328863,29.757000000
215.336691,29.758000000
215.338577,29.759000000
215.348865,29.760000000
215.358436,29.761000000
215.360210,29.762000000
215.365983,29.763000000
215.375294,29.764000000
215.383432,29.765000000
215.385431,29.766000000
215.394536,29.767000000
215.399124,29.768000000
215.405859,29.769000000
215.415264,29.770000000
215.417211,29.771000000
215.429088,29.772000000
215.430904,29.773000000
215.434309,29.774000000
215.442329,29.775000000
215.451816,29.776000000
215.453697,29.777000000
215.455587,29.778000000
215.465168,29.779000000
215.467104,29.780000000
215.477031,29.781000000
215.509144,29.782000000
215.510051,29.783000000
215.515004,29.784000000
215.522790,29.785000000
215.530913,29.786000000
215.532822,29.787000000
215.559590,29.788000000
215.562758,29.789000000
215.567891,29.790000000
215.569740,29.791000000
215.576747,29.792000000
215.578775,29.793000000
215.585520,29.794000000
215.593201,29.795000000
215.599238,29.796000000
215.601227,29.797000000
215.624514,29.798000000
215.624557,29.799000000
215.631183,29.800000000
215.633096,29.801000000
215.657334,29.802000000
215.659171,29.803000000
215.661470,29.804000000
215.673173,29.805000000
215.681591,29.806000000
215.691747,29.807000000
215.702862,29.808000000
215.715441,29.809000000
215.715486,29.810000000
215.733932,29.811000000
215.745534,29.812000000
215.745579,29.813000000
215.797758,29.814000000
215.813936,29.815000000
215.815833,29.816000000
215.823266,29.817000000
215.832649,29.818000000
215.841956,29.819000000
215.862022,29.820000000
215.873568,29.821000000
215.880473,29.822000000
215.886436,29.823000000
215.893796,29.824000000
215.899894,29.825000000
215.905918,29.826000000
215.913924,29.827000000
215.922952,29.828000000
215.929318,29.829000000
215.931270,29.830000000
215.939000,29.831000000
215.945566,29.832000000
215.952339,29.833000000
215.960567,29.834000000
215.962493,29.835000000
215.974229,29.836000000
215.976066,29.837000000
215.979314,29.838000000
215.989447,29.839000000
216.009586,29.840000000
216.011631,29.841000000
216.017781,29.842000000
216.048877,29.843000000
216.067204,29.844000000
216.080462,29.845000000
216.089036,29.846000000
216.090111,29.847000000
216.103612,29.848000000
216.111237,29.849000000
216.119328,29.850000000
216.119396,29.851000000
216.125205,29.852000000
216.125259,29.853000000
216.130510,29.854000000
216.135025,29.855000000
216.135672,29.856000000
216.162387,29.857000000
216.163217,29.858000000
216.174407,29.859000000
216.174467,29.860000000
216.179431,29.861000000
216.179866,29.862000000
216.201558,29.863000000
216.201621,29.864000000
216.201664,29.865000000
216.201704,29.866000000
216.251426,29.867000000
216.264963,29.868000000
216.277744,29.869000000
216.300786,29.870000000
216.312048,29.871000000
216.321400,29.872000000
216.330923,29.873000000
216.341810,29.874000000
216.352885,29.875000000
216.363193,29.876000000
216.371114,29.877000000
216.376668,29.878000000
216.381102,29.879000000
216.394555,29.880000000
216.400531,29.881000000
216.406887,29.882000000
216.412545,29.883000000
216.418252,29.884000000
216.450163,29.885000000
216.454608,29.886000000
216.460993,29.887000000
216.473450,29.888000000
216.486789,29.889000000
216.498702,29.890000000
216.506228,29.891000000
216.528527,29.892000000
216.536178,29.893000000
216.542765,29.894000000
216.549243,29.895000000
216.561986,29.896000000
216.576489,29.897000000
216.591421,29.898000000
216.621136,29.899000000
216.627892,29.900000000
216.641662,29.901000000
216.653140,29.902000000
216.668930,29.903000000
216.680674,29.904000000
216.686496,29.905000000
216.698941,29.906000000
216.713149,29.907000000
216.724273,29.908000000
216.735515,29.909000000
216.759308,29.910000000
216.764707,29.911000000
216.787930,29.912000000
216.811743,29.913000000
216.825316,29.914000000
216.833584,29.915000000
216.847445,29.916000000
216.862875,29.917000000
216.882703,29.918000000
216.895442,29.919000000
216.929952,29.920000000
216.937901,29.921000000
216.961250,29.922000000
216.968097,29.923000000
216.989214,29.924000000
217.001919,29.925000000
217.021135,29.926000000
217.034757,29.927000000
217.043038,29.928000000
217.056506,29.929000000
217.071285,29.930000000
217.084002,29.931000000
217.095224,29.932000000
217.106222,29.933000000
217.131243,29.934000000
217.163939,29.935000000
217.170583,29.936000000
217.176662,29.937000000
217.191570,29.938000000
217.205452,29.939000000
217.232641,29.940000000
217.256651,29.941000000
217.267348,29.942000000
217.273688,29.943000000
217.280426,29.944000000
217.285426,29.945000000
217.299447,29.946000000
217.323845,29.947000000
217.345274,29.948000000
217.351015,29.949000000
217.356783,29.950000000
217.363170,29.951000000
217.370120,29.952000000
217.376329,29.953000000
217.387126,29.954000000
217.393789,29.955000000
217.402252,29.956000000
217.409977,29.957000000
217.417931,29.958000000
217.426287,29.959000000
217.436399,29.960000000
217.448287,29.961000000
217.459338,29.962000000
217.471510,29.963000000
217.481172,29.964000000
217.492746,29.965000000
217.511292,29.966000000
217.511761,29.967000000
217.520907,29.968000000
217.531108,29.969000000
217.540092,29.970000000
217.552181,29.971000000
217.561856,29.972000000
217.571427,29.973000000
217.571866,29.974000000
217.577767,29.975000000
217.594006,29.976000000
217.610116,29.977000000
217.613712,29.978000000
217.630090,29.979000000
217.653463,29.980000000
217.659122,29.981000000
217.662038,29.982000000
217.691256,29.983000000
217.698205,29.984000000
217.700206,29.985000000
217.705084,29.986000000
217.709383,29.987000000
217.724709,29.988000000
217.728545,29.989000000
217.735947,29.990000000
217.742358,29.991000000
217.752678,29.992000000
217.782580,29.993000000
217.790560,29.994000000
217.801711,29.995000000
217.815867,29.996000000
217.825228,29.997000000
217.838943,29.998000000
217.850752,29.999000000
217.853258,30.000000000
217.864162,30.001000000
217.866732,30.002000000
217.880251,30.003000000
217.889511,30.004000000
217.894617,30.005000000
217.898308,30.006000000
217.933169,30.007000000
217.933218,30.008000000
217.943529,30.009000000
217.970571,30.010000000
217.978848,30.011000000
217.984105,30.012000000
217.996070,30.013000000
217.996121,30.014000000
217.998154,30.015000000
218.000219,30.016000000
218.002464,30.017000000
218.004708,30.018000000
218.007944,30.019000000
218.010090,30.020000000
218.012184,30.021000000
218.015026,30.022000000
218.017614,30.023000000
218.019749,30.024000000
218.021937,30.025000000
218.024095,30.026000000
218.026206,30.027000000
218.029824,30.028000000
218.035100,30.029000000
218.054068,30.030000000
218.060889,30.031000000
218.066173,30.032000000
218.076906,30.033000000
218.084335,30.034000000
218.112825,30.035000000
218.125025,30.036000000
218.133663,30.037000000
218.146305,30.038000000
218.154488,30.039000000
218.171144,30.040000000
218.176895,30.041000000
218.190335,30.042000000
218.191320,30.043000000
218.194745,30.044000000
218.199289,30.045000000
218.214172,30.046000000
218.219011,30.047000000
218.221281,30.048000000
218.225429,30.049000000
218.227924,30.050000000
218.231578,30.051000000
218.235836,30.052000000
218.241354,30.053000000
218.243637,30.054000000
218.246671,30.055000000
218.251270,30.056000000
218.253517,30.057000000
218.257125,30.058000000
218.261856,30.059000000
218.267268,30.060000000
218.271910,30.061000000
218.279361,30.062000000
218.293332,30.063000000
218.301929,30.064000000
218.318126,30.065000000
218.332047,30.066000000
218.336142,30.067000000
218.346388,30.068000000
218.352721,30.069000000
218.358977,30.070000000
218.366731,30.071000000
218.377064,30.072000000
218.403649,30.073000000
218.414422,30.074000000
218.427453,30.075000000
218.433414,30.076000000
218.445894,30.077000000
218.450985,30.078000000
218.459859,30.079000000
218.468745,30.080000000
218.472320,30.081000000
218.476643,30.082000000
218.485743,30.083000000
218.492019,30.084000000
218.498224,30.085000000
218.505312,30.086000000
218.511553,30.087000000
218.518994,30.088000000
218.525372,30.089000000
218.531480,30.090000000
218.538226,30.091000000
218.544929,30.092000000
218.552146,30.093000000
218.558433,30.094000000
218.564630,30.095000000
218.566915,30.096000000
218.569083,30.097000000
218.573204,30.098000000
218.592537,30.099000000
218.601380,30.100000000
218.607770,30.101000000
218.623948,30.102000000
218.627977,30.103000000
218.630156,30.104000000
218.635509,30.105000000
218.651113,30.106000000
218.661378,30.107000000
218.667202,30.108000000
218.674474,30.109000000
218.686615,30.110000000
218.695453,30.111000000
218.699774,30.112000000
218.717612,30.113000000
218.727294,30.114000000
218.743196,30.115000000
218.753764,30.116000000
218.761793,30.117000000
218.766577,30.118000000
218.774864,30.119000000
218.782139,30.120000000
218.791879,30.121000000
218.800215,30.122000000
218.810785,30.123000000
218.824202,30.124000000
218.831767,30.125000000
218.836767,30.126000000
218.846441,30.127000000
218.850593,30.128000000
218.877465,30.129000000
218.878737,30.130000000
218.882584,30.131000000
218.901578,30.132000000
218.909131,30.133000000
218.919925,30.134000000
218.927695,30.135000000
218.932052,30.136000000
218.950637,30.137000000
218.958001,30.138000000
218.962365,30.139000000
218.979927,30.140000000
218.984385,30.141000000
219.013688,30.142000000
219.017831,30.143000000
219.030369,30.144000000
219.034125,30.145000000
219.040712,30.146000000
219.045482,30.147000000
219.070406,30.148000000
219.083967,30.149000000
219.092763,30.150000000
219.104017,30.151000000
219.113850,30.152000000
219.125897,30.153000000
219.130098,30.154000000
219.145064,30.155000000
219.153345,30.156000000
219.164143,30.157000000
219.172310,30.158000000
219.181996,30.159000000
219.217228,30.160000000
219.228504,30.161000000
219.234733,30.162000000
219.267722,30.163000000
219.285054,30.164000000
219.307867,30.165000000
219.312208,30.166000000
219.323882,30.167000000
219.332683,30.168000000
219.334954,30.169000000
219.357447,30.170000000
219.366676,30.171000000
219.379902,30.172000000
219.395474,30.173000000
219.401175,30.174000000
219.461657,30.175000000
219.467921,30.176000000
219.474907,30.177000000
219.488413,30.178000000
219.502815,30.179000000
219.518314,30.180000000
219.528793,30.181000000
219.537705,30.182000000
219.553986,30.183000000
219.568878,30.184000000
219.569345,30.185000000
219.582710,30.186000000
219.599743,30.187000000
219.599791,30.188000000
219.629668,30.189000000
219.641826,30.190000000
219.651554,30.191000000
219.656784,30.192000000
219.679870,30.193000000
219.692746,30.194000000
219.692795,30.195000000
219.702941,30.196000000
219.710878,30.197000000
219.740922,30.198000000
219.753429,30.199000000
219.769951,30.200000000
219.777425,30.201000000
219.789364,30.202000000
219.803659,30.203000000
219.813886,30.204000000
219.813931,30.205000000
219.836097,30.206000000
219.840665,30.207000000
219.859874,30.208000000
219.861501,30.209000000
219.870198,30.210000000
219.883828,30.211000000
219.883876,30.212000000
219.905456,30.213000000
219.913895,30.214000000
219.913942,30.215000000
219.935045,30.216000000
219.953296,30.217000000
219.971444,30.218000000
219.983611,30.219000000
220.018648,30.220000000
220.027765,30.221000000
220.044702,30.222000000
220.051075,30.223000000
220.077979,30.224000000
220.089015,30.225000000
220.100282,30.226000000
220.106767,30.227000000
220.116689,30.228000000
220.127658,30.229000000
220.134946,30.230000000
220.146847,30.231000000
220.154750,30.232000000
220.161165,30.233000000
220.172617,30.234000000
220.179524,30.235000000
220.186833,30.236000000
220.193411,30.237000000
220.199206,30.238000000
220.224260,30.239000000
220.228397,30.240000000
220.249307,30.241000000
220.255172,30.242000000
220.267917,30.243000000
220.277236,30.244000000
220.282777,30.245000000
220.287369,30.246000000
220.313052,30.247000000
220.320957,30.248000000
220.323566,30.249000000
220.338807,30.250000000
220.344224,30.251000000
220.390012,30.252000000
220.401511,30.253000000
220.408728,30.254000000
220.410164,30.255000000
220.415415,30.256000000
220.419709,30.257000000
220.422549,30.258000000
220.427313,30.259000000
220.430285,30.260000000
220.435178,30.261000000
220.441630,30.262000000
220.443942,30.263000000
220.446034,30.264000000
220.448552,30.265000000
220.450464,30.266000000
220.459502,30.267000000
220.461317,30.268000000
220.463600,30.269000000
220.470621,30.270000000
220.472883,30.271000000
220.478478,30.272000000
220.480724,30.273000000
220.485123,30.274000000
220.489497,30.275000000
220.493732,30.276000000
220.496531,30.277000000
220.501829,30.278000000
220.506359,30.279000000
220.508518,30.280000000
220.513687,30.281000000
220.515944,30.282000000
220.521555,30.283000000
220.526582,30.284000000
220.529299,30.285000000
220.534102,30.286000000
220.537355,30.287000000
220.543616,30.288000000
220.547303,30.289000000
220.551580,30.290000000
220.553685,30.291000000
220.556602,30.292000000
220.565844,30.293000000
220.573289,30.294000000
220.582987,30.295000000
220.600350,30.296000000
220.622261,30.297000000
220.637565,30.298000000
220.658372,30.299000000
220.669384,30.300000000
220.681590,30.301000000
220.687625,30.302000000
220.695460,30.303000000
220.703173,30.304000000
220.730480,30.305000000
220.740141,30.306000000
220.745044,30.307000000
220.758993,30.308000000
220.763646,30.309000000
220.811957,30.310000000
220.823469,30.311000000
220.836983,30.312000000
220.845489,30.313000000
220.856903,30.314000000
220.868609,30.315000000
220.880996,30.316000000
220.891802,30.317000000
220.899103,30.318000000
220.910160,30.319000000
220.920727,30.320000000
220.930127,30.321000000
220.937912,30.322000000
220.942600,30.323000000
220.951656,30.324000000
220.975687,30.325000000
220.983693,30.326000000
221.004158,30.327000000
221.011935,30.328000000
221.016977,30.329000000
221.034524,30.330000000
221.038620,30.331000000
221.047040,30.332000000
221.049902,30.333000000
221.074753,30.334000000
221.079325,30.335000000
221.094100,30.336000000
221.116453,30.337000000
221.119257,30.338000000
221.157334,30.339000000
221.164666,30.340000000
221.171749,30.341000000
221.196800,30.342000000
221.202619,30.343000000
221.216748,30.344000000
221.224009,30.345000000
221.233789,30.346000000
221.237557,30.347000000
221.243141,30.348000000
221.247420,30.349000000
221.254926,30.350000000
221.256289,30.351000000
221.260870,30.352000000
221.265057,30.353000000
221.268883,30.354000000
221.276601,30.355000000
221.289007,30.356000000
221.291123,30.357000000
221.306976,30.358000000
221.309187,30.359000000
221.312174,30.360000000
221.314194,30.361000000
221.316299,30.362000000
221.318667,30.363000000
221.321169,30.364000000
221.323036,30.365000000
221.325362,30.366000000
221.327511,30.367000000
221.330100,30.368000000
221.355188,30.369000000
221.358880,30.370000000
221.369862,30.371000000
221.389578,30.372000000
221.397167,30.373000000
221.405541,30.374000000
221.419659,30.375000000
221.423719,30.376000000
221.426417,30.377000000
221.457378,30.378000000
221.472292,30.379000000
221.478659,30.380000000
221.482795,30.381000000
221.497709,30.382000000
221.506346,30.383000000
221.515399,30.384000000
221.525058,30.385000000
221.539480,30.386000000
221.544977,30.387000000
221.553023,30.388000000
221.568918,30.389000000
221.572798,30.390000000
221.584304,30.391000000
221.605456,30.392000000
221.605502,30.393000000
221.627073,30.394000000
221.638331,30.395000000
221.656382,30.396000000
221.665499,30.397000000
221.673926,30.398000000
221.687412,30.399000000
221.712273,30.400000000
221.712320,30.401000000
221.732669,30.402000000
221.753506,30.403000000
221.755583,30.404000000
221.775348,30.405000000
221.781157,30.406000000
221.797910,30.407000000
221.813984,30.408000000
221.821623,30.409000000
221.821666,30.410000000
221.842232,30.411000000
221.842279,30.412000000
221.853582,30.413000000
221.869483,30.414000000
221.869546,30.415000000
221.887612,30.416000000
221.887728,30.417000000
221.899635,30.418000000
221.914116,30.419000000
221.919703,30.420000000
221.919744,30.421000000
221.938666,30.422000000
221.948820,30.423000000
221.954726,30.424000000
221.971711,30.425000000
221.971764,30.426000000
221.999031,30.427000000
222.003404,30.428000000
222.037360,30.429000000
222.037410,30.430000000
222.048734,30.431000000
222.063917,30.432000000
222.079994,30.433000000
222.091912,30.434000000
222.098192,30.435000000
222.102859,30.436000000
222.108810,30.437000000
222.115147,30.438000000
222.126740,30.439000000
222.141525,30.440000000
222.147066,30.441000000
222.157320,30.442000000
222.166462,30.443000000
222.177506,30.444000000
222.189546,30.445000000
222.197416,30.446000000
222.206607,30.447000000
222.223270,30.448000000
222.238115,30.449000000
222.241513,30.450000000
222.249939,30.451000000
222.252334,30.452000000
222.259041,30.453000000
222.293022,30.454000000
222.295043,30.455000000
222.318072,30.456000000
222.320461,30.457000000
222.325804,30.458000000
222.331659,30.459000000
222.365193,30.460000000
222.365696,30.461000000
222.370788,30.462000000
222.372908,30.463000000
222.375448,30.464000000
222.378160,30.465000000
222.380373,30.466000000
222.383209,30.467000000
222.385260,30.468000000
222.387346,30.469000000
222.397017,30.470000000
222.399412,30.471000000
222.402290,30.472000000
222.412913,30.473000000
222.457910,30.474000000
222.493968,30.475000000
222.507933,30.476000000
222.510912,30.477000000
222.516685,30.478000000
222.518914,30.479000000
222.524397,30.480000000
222.528548,30.481000000
222.532223,30.482000000
222.547274,30.483000000
222.555382,30.484000000
222.557354,30.485000000
222.561470,30.486000000
222.565799,30.487000000
222.568144,30.488000000
222.570237,30.489000000
222.574217,30.490000000
222.597750,30.491000000
222.617101,30.492000000
222.632425,30.493000000
222.647704,30.494000000
222.652797,30.495000000
222.663862,30.496000000
222.670979,30.497000000
222.684796,30.498000000
222.706486,30.499000000
222.713710,30.500000000
222.728467,30.501000000
222.742924,30.502000000
222.775852,30.503000000
222.797123,30.504000000
222.797171,30.505000000
222.828315,30.506000000
222.828387,30.507000000
222.855700,30.508000000
222.881309,30.509000000
222.881778,30.510000000
222.910548,30.511000000
222.929484,30.512000000
222.932577,30.513000000
222.945900,30.514000000
222.967835,30.515000000
222.985434,30.516000000
222.995630,30.517000000
223.016829,30.518000000
223.020082,30.519000000
223.036189,30.520000000
223.049495,30.521000000
223.091061,30.522000000
223.091110,30.523000000
223.104411,30.524000000
223.119514,30.525000000
223.140058,30.526000000
223.149502,30.527000000
223.149542,30.528000000
223.175807,30.529000000
223.175854,30.530000000
223.187331,30.531000000
223.206102,30.532000000
223.226059,30.533000000
223.233681,30.534000000
223.233726,30.535000000
223.289178,30.536000000
223.289260,30.537000000
223.293408,30.538000000
223.310011,30.539000000
223.314380,30.540000000
223.323086,30.541000000
223.327038,30.542000000
223.331460,30.543000000
223.368513,30.544000000
223.386381,30.545000000
223.388364,30.546000000
223.401026,30.547000000
223.407250,30.548000000
223.415517,30.549000000
223.420784,30.550000000
223.427774,30.551000000
223.432831,30.552000000
223.447840,30.553000000
223.447893,30.554000000
223.447904,30.555000000
223.449566,30.556000000
223.451698,30.557000000
223.454132,30.558000000
223.456280,30.559000000
223.459914,30.560000000
223.462251,30.561000000
223.464454,30.562000000
223.466590,30.563000000
223.468724,30.564000000
223.470797,30.565000000
223.472941,30.566000000
223.475108,30.567000000
223.486234,30.568000000
223.506938,30.569000000
223.512240,30.570000000
223.524729,30.571000000
223.542448,30.572000000
223.553963,30.573000000
223.562196,30.574000000
223.575813,30.575000000
223.582141,30.576000000
223.587549,30.577000000
223.597592,30.578000000
223.618954,30.579000000
223.622342,30.580000000
223.634652,30.581000000
223.643854,30.582000000
223.648208,30.583000000
223.675454,30.584000000
223.682709,30.585000000
223.688600,30.586000000
223.696246,30.587000000
223.701061,30.588000000
223.709854,30.589000000
223.724470,30.590000000
223.730575,30.591000000
223.742060,30.592000000
223.748880,30.593000000
223.755553,30.594000000
223.771549,30.595000000
223.781257,30.596000000
223.799239,30.597000000
223.812325,30.598000000
223.828566,30.599000000
223.848909,30.600000000
223.855721,30.601000000
223.860362,30.602000000
223.873826,30.603000000
223.881716,30.604000000
223.888889,30.605000000
223.910823,30.606000000
223.916039,30.607000000
223.922138,30.608000000
223.936788,30.609000000
223.939560,30.610000000
223.947908,30.611000000
223.977068,30.612000000
223.987912,30.613000000
223.997133,30.614000000
224.003420,30.615000000
224.017787,30.616000000
224.023429,30.617000000
224.027254,30.618000000
224.041399,30.619000000
224.053415,30.620000000
224.058768,30.621000000
224.070831,30.622000000
224.077044,30.623000000
224.083369,30.624000000
224.095523,30.625000000
224.104360,30.626000000
224.117932,30.627000000
224.121079,30.628000000
224.133046,30.629000000
224.145535,30.630000000
224.150333,30.631000000
224.154171,30.632000000
224.176524,30.633000000
224.189595,30.634000000
224.201289,30.635000000
224.220392,30.636000000
224.224372,30.637000000
224.228225,30.638000000
224.252998,30.639000000
224.262383,30.640000000
224.268959,30.641000000
224.275466,30.642000000
224.285345,30.643000000
224.292560,30.644000000
224.304986,30.645000000
224.314681,30.646000000
224.320715,30.647000000
224.331694,30.648000000
224.338289,30.649000000
224.353232,30.650000000
224.358851,30.651000000
224.361623,30.652000000
224.383677,30.653000000
224.399280,30.654000000
224.402453,30.655000000
224.433680,30.656000000
224.446114,30.657000000
224.461874,30.658000000
224.466424,30.659000000
224.470442,30.660000000
224.477583,30.661000000
224.500905,30.662000000
224.505472,30.663000000
224.516217,30.664000000
224.520147,30.665000000
224.523843,30.666000000
224.547369,30.667000000
224.560885,30.668000000
224.566962,30.669000000
224.570032,30.670000000
224.583272,30.671000000
224.588886,30.672000000
224.611106,30.673000000
224.634004,30.674000000
224.645698,30.675000000
224.646491,30.676000000
224.654128,30.677000000
224.664359,30.678000000
224.668642,30.679000000
224.695544,30.680000000
224.707025,30.681000000
224.728584,30.682000000
224.742941,30.683000000
224.745750,30.684000000
224.760133,30.685000000
224.768199,30.686000000
224.773167,30.687000000
224.800123,30.688000000
224.808878,30.689000000
224.817218,30.690000000
224.829705,30.691000000
224.833377,30.692000000
224.841945,30.693000000
224.874676,30.694000000
224.887747,30.695000000
224.896198,30.696000000
224.905564,30.697000000
224.916251,30.698000000
224.928957,30.699000000
224.940704,30.700000000
224.963760,30.701000000
224.963811,30.702000000
224.971996,30.703000000
224.973690,30.704000000
224.976118,30.705000000
224.978518,30.706000000
224.997564,30.707000000
224.997616,30.708000000
224.997626,30.709000000
225.008763,30.710000000
225.008821,30.711000000
225.008835,30.712000000
225.008863,30.713000000
225.011003,30.714000000
225.041204,30.715000000
225.042320,30.716000000
225.063934,30.717000000
225.082725,30.718000000
225.087402,30.719000000
225.107314,30.720000000
225.129921,30.721000000
225.134424,30.722000000
225.142165,30.723000000
225.168597,30.724000000
225.187184,30.725000000
225.211308,30.726000000
225.224515,30.727000000
225.239433,30.728000000
225.249319,30.729000000
225.262572,30.730000000
225.273290,30.731000000
225.289274,30.732000000
225.302703,30.733000000
225.315526,30.734000000
225.362495,30.735000000
225.373539,30.736000000
225.398169,30.737000000
225.411877,30.738000000
225.413886,30.739000000
225.428106,30.740000000
225.439473,30.741000000
225.445306,30.742000000
225.449261,30.743000000
225.474284,30.744000000
225.489061,30.745000000
225.499470,30.746000000
225.505828,30.747000000
225.537639,30.748000000
225.544899,30.749000000
225.551184,30.750000000
225.564843,30.751000000
225.580368,30.752000000
225.593499,30.753000000
225.610186,30.754000000
225.622232,30.755000000
225.635168,30.756000000
225.654836,30.757000000
225.654901,30.758000000
225.671365,30.759000000
225.671886,30.760000000
225.681884,30.761000000
225.690073,30.762000000
225.690431,30.763000000
225.697731,30.764000000
225.710452,30.765000000
225.712536,30.766000000
225.717294,30.767000000
225.719558,30.768000000
225.721758,30.769000000
225.736210,30.770000000
225.755991,30.771000000
225.759610,30.772000000
225.761363,30.773000000
225.763622,30.774000000
225.770068,30.775000000
225.773490,30.776000000
225.775606,30.777000000
225.777839,30.778000000
225.780070,30.779000000
225.782045,30.780000000
225.785484,30.781000000
225.786711,30.782000000
225.788813,30.783000000
225.790984,30.784000000
225.793440,30.785000000
225.795565,30.786000000
225.798894,30.787000000
225.805095,30.788000000
225.807636,30.789000000
225.813995,30.790000000
225.817597,30.791000000
225.825047,30.792000000
225.827132,30.793000000
225.829686,30.794000000
225.831721,30.795000000
225.835238,30.796000000
225.844299,30.797000000
225.850165,30.798000000
225.860632,30.799000000
225.864015,30.800000000
225.870438,30.801000000
225.876582,30.802000000
225.884938,30.803000000
225.891456,30.804000000
225.899433,30.805000000
225.902745,30.806000000
225.914803,30.807000000
225.922441,30.808000000
225.929315,30.809000000
225.931965,30.810000000
225.942244,30.811000000
225.950957,30.812000000
225.962072,30.813000000
225.965898,30.814000000
225.970906,30.815000000
225.973299,30.816000000
225.977286,30.817000000
225.980973,30.818000000
225.986099,30.819000000
225.988786,30.820000000
225.991186,30.821000000
225.993929,30.822000000
225.996309,30.823000000
226.002176,30.824000000
226.004381,30.825000000
226.007529,30.826000000
226.010042,30.827000000
226.014144,30.828000000
226.016639,30.829000000
226.021261,30.830000000
226.024601,30.831000000
226.030643,30.832000000
226.033517,30.833000000
226.035762,30.834000000
226.037914,30.835000000
226.039894,30.836000000
226.042680,30.837000000
226.046446,30.838000000
226.053357,30.839000000
226.055535,30.840000000
226.058887,30.841000000
226.060919,30.842000000
226.064151,30.843000000
226.068582,30.844000000
226.070755,30.845000000
226.073448,30.846000000
226.079310,30.847000000
226.081548,30.848000000
226.085361,30.849000000
226.087130,30.850000000
226.090907,30.851000000
226.094069,30.852000000
226.101973,30.853000000
226.107368,30.854000000
226.115657,30.855000000
226.126390,30.856000000
226.140774,30.857000000
226.142995,30.858000000
226.145292,30.859000000
226.147403,30.860000000
226.149753,30.861000000
226.152055,30.862000000
226.154024,30.863000000
226.156147,30.864000000
226.158915,30.865000000
226.161276,30.866000000
226.164006,30.867000000
226.166282,30.868000000
226.168502,30.869000000
226.170752,30.870000000
226.172751,30.871000000
226.174777,30.872000000
226.177596,30.873000000
226.179878,30.874000000
226.182067,30.875000000
226.184164,30.876000000
226.186255,30.877000000
226.188367,30.878000000
226.190453,30.879000000
226.192564,30.880000000
226.194624,30.881000000
226.211313,30.882000000
226.221191,30.883000000
226.229531,30.884000000
226.250106,30.885000000
226.262886,30.886000000
226.275431,30.887000000
226.277186,30.888000000
226.279186,30.889000000
226.285600,30.890000000
226.288171,30.891000000
226.297735,30.892000000
226.306803,30.893000000
226.308332,30.894000000
226.310792,30.895000000
226.312832,30.896000000
226.315239,30.897000000
226.317229,30.898000000
226.319304,30.899000000
226.321458,30.900000000
226.323538,30.901000000
226.325517,30.902000000
226.327745,30.903000000
226.329982,30.904000000
226.333090,30.905000000
226.334933,30.906000000
226.337174,30.907000000
226.339279,30.908000000
226.348477,30.909000000
226.350799,30.910000000
226.352837,30.911000000
226.354931,30.912000000
226.357975,30.913000000
226.359958,30.914000000
226.362044,30.915000000
226.364133,30.916000000
226.366377,30.917000000
226.368634,30.918000000
226.370791,30.919000000
226.372925,30.920000000
226.375000,30.921000000
226.377143,30.922000000
226.379217,30.923000000
226.381317,30.924000000
226.384688,30.925000000
226.412654,30.926000000
226.417575,30.927000000
226.422735,30.928000000
226.446548,30.929000000
226.458532,30.930000000
226.462509,30.931000000
226.475110,30.932000000
226.485430,30.933000000
226.491587,30.934000000
226.506767,30.935000000
226.516391,30.936000000
226.520215,30.937000000
226.534667,30.938000000
226.543350,30.939000000
226.553788,30.940000000
226.559341,30.941000000
226.574120,30.942000000
226.580472,30.943000000
226.595259,30.944000000
226.601751,30.945000000
226.604009,30.946000000
226.613941,30.947000000
226.613994,30.948000000
226.618542,30.949000000
226.627400,30.950000000
226.627447,30.951000000
226.641526,30.952000000
226.645355,30.953000000
226.645396,30.954000000
226.655504,30.955000000
226.682638,30.956000000
226.689856,30.957000000
226.702482,30.958000000
226.703705,30.959000000
226.708280,30.960000000
226.722264,30.961000000
226.726523,30.962000000
226.730857,30.963000000
226.757926,30.964000000
226.764843,30.965000000
226.770955,30.966000000
226.788665,30.967000000
226.802214,30.968000000
226.829350,30.969000000
226.830349,30.970000000
226.836680,30.971000000
226.847717,30.972000000
226.847769,30.973000000
226.853451,30.974000000
226.862156,30.975000000
226.862201,30.976000000
226.871535,30.977000000
226.877046,30.978000000
226.892540,30.979000000
226.892587,30.980000000
226.905204,30.981000000
226.913394,30.982000000
226.921741,30.983000000
226.931909,30.984000000
226.953560,30.985000000
226.976644,30.986000000
226.991879,30.987000000
226.998498,30.988000000
227.015800,30.989000000
227.025400,30.990000000
227.033742,30.991000000
227.055353,30.992000000
227.060319,30.993000000
227.074266,30.994000000
227.083654,30.995000000
227.083701,30.996000000
227.096794,30.997000000
227.101531,30.998000000
227.101576,30.999000000
227.122274,31.000000000
227.122332,31.001000000
227.122343,31.002000000
227.122352,31.003000000
227.141560,31.004000000
227.141630,31.005000000
227.151342,31.006000000
227.159555,31.007000000
227.178540,31.008000000
227.192386,31.009000000
227.204154,31.010000000
227.204197,31.011000000
227.229661,31.012000000
227.237382,31.013000000
227.268137,31.014000000
227.268186,31.015000000
227.309855,31.016000000
227.312380,31.017000000
227.319491,31.018000000
227.329526,31.019000000
227.329572,31.020000000
227.333697,31.021000000
227.333736,31.022000000
227.356980,31.023000000
227.357028,31.024000000
227.368444,31.025000000
227.368987,31.026000000
227.386518,31.027000000
227.391932,31.028000000
227.430336,31.029000000
227.440361,31.030000000
227.445333,31.031000000
227.456814,31.032000000
227.472967,31.033000000
227.476744,31.034000000
227.503692,31.035000000
227.512174,31.036000000
227.524930,31.037000000
227.524975,31.038000000
227.534938,31.039000000
227.541196,31.040000000
227.548774,31.041000000
227.561804,31.042000000
227.573165,31.043000000
227.587230,31.044000000
227.591533,31.045000000
227.600869,31.046000000
227.602973,31.047000000
227.622252,31.048000000
227.635582,31.049000000
227.635632,31.050000000
227.652894,31.051000000
227.652942,31.052000000
227.652951,31.053000000
227.700150,31.054000000
227.700201,31.055000000
227.700211,31.056000000
227.708727,31.057000000
227.711384,31.058000000
227.720551,31.059000000
227.720605,31.060000000
227.720615,31.061000000
227.720624,31.062000000
227.724670,31.063000000
227.724705,31.064000000
227.725939,31.065000000
227.751265,31.066000000
227.753348,31.067000000
227.767277,31.068000000
227.769272,31.069000000
227.771292,31.070000000
227.773432,31.071000000
227.775416,31.072000000
227.777446,31.073000000
227.779391,31.074000000
227.781360,31.075000000
227.783524,31.076000000
227.789018,31.077000000
227.790956,31.078000000
227.792973,31.079000000
227.795013,31.080000000
227.797061,31.081000000
227.800040,31.082000000
227.801416,31.083000000
227.803869,31.084000000
227.805970,31.085000000
227.808139,31.086000000
227.810284,31.087000000
227.812265,31.088000000
227.814416,31.089000000
227.816457,31.090000000
227.822850,31.091000000
227.827849,31.092000000
227.835015,31.093000000
227.841019,31.094000000
227.846583,31.095000000
227.852315,31.096000000
227.858472,31.097000000
227.864019,31.098000000
227.869653,31.099000000
227.875982,31.100000000
227.880137,31.101000000
227.887739,31.102000000
227.893799,31.103000000
227.899069,31.104000000
227.920677,31.105000000
227.928663,31.106000000
227.935783,31.107000000
227.935831,31.108000000
227.947688,31.109000000
227.947739,31.110000000
227.958115,31.111000000
227.958185,31.112000000
227.995822,31.113000000
227.999420,31.114000000
228.010797,31.115000000
228.018792,31.116000000
228.025246,31.117000000
228.045104,31.118000000
228.056344,31.119000000
228.066447,31.120000000
228.070008,31.121000000
228.079479,31.122000000
228.085678,31.123000000
228.093959,31.124000000
228.096441,31.125000000
228.098480,31.126000000
228.104976,31.127000000
228.107868,31.128000000
228.117613,31.129000000
228.124346,31.130000000
228.133083,31.131000000
228.141993,31.132000000
228.148133,31.133000000
228.154072,31.134000000
228.163080,31.135000000
228.177879,31.136000000
228.182332,31.137000000
228.194477,31.138000000
228.199850,31.139000000
228.218204,31.140000000
228.230461,31.141000000
228.238433,31.142000000
228.247172,31.143000000
228.250648,31.144000000
228.258297,31.145000000
228.286551,31.146000000
228.302987,31.147000000
228.305328,31.148000000
228.314450,31.149000000
228.317121,31.150000000
228.319398,31.151000000
228.325169,31.152000000
228.327791,31.153000000
228.351506,31.154000000
228.351570,31.155000000
228.351581,31.156000000
228.351618,31.157000000
228.351627,31.158000000
228.375305,31.159000000
228.387514,31.160000000
228.390551,31.161000000
228.416008,31.162000000
228.426308,31.163000000
228.428261,31.164000000
228.434700,31.165000000
228.439476,31.166000000
228.451742,31.167000000
228.460991,31.168000000
228.464992,31.169000000
228.469471,31.170000000
228.477485,31.171000000
228.496897,31.172000000
228.499067,31.173000000
228.501112,31.174000000
228.503680,31.175000000
228.506984,31.176000000
228.512957,31.177000000
228.514878,31.178000000
228.518763,31.179000000
228.550107,31.180000000
228.564782,31.181000000
228.576870,31.182000000
228.578494,31.183000000
228.599837,31.184000000
228.600879,31.185000000
228.613981,31.186000000
228.635154,31.187000000
228.637274,31.188000000
228.659676,31.189000000
228.667100,31.190000000
228.674641,31.191000000
228.702619,31.192000000
228.703195,31.193000000
228.705979,31.194000000
228.722047,31.195000000
228.737474,31.196000000
228.741377,31.197000000
228.746223,31.198000000
228.751064,31.199000000
228.754416,31.200000000
228.758731,31.201000000
228.762810,31.202000000
228.767823,31.203000000
228.771897,31.204000000
228.777803,31.205000000
228.780113,31.206000000
228.785444,31.207000000
228.789483,31.208000000
228.791718,31.209000000
228.820008,31.210000000
228.831790,31.211000000
228.844177,31.212000000
228.847560,31.213000000
228.854081,31.214000000
228.854123,31.215000000
228.894545,31.216000000
228.896836,31.217000000
228.909212,31.218000000
228.917047,31.219000000
228.953801,31.220000000
228.954812,31.221000000
228.964170,31.222000000
228.970623,31.223000000
228.984745,31.224000000
228.993690,31.225000000
228.995984,31.226000000
229.031994,31.227000000
229.035244,31.228000000
229.040844,31.229000000
229.069514,31.230000000
229.100460,31.231000000
229.112005,31.232000000
229.122210,31.233000000
229.135446,31.234000000
229.147538,31.235000000
229.153617,31.236000000
229.164708,31.237000000
229.175674,31.238000000
229.187955,31.239000000
229.196845,31.240000000
229.207593,31.241000000
229.210944,31.242000000
229.210983,31.243000000
229.218387,31.244000000
229.220520,31.245000000
229.222802,31.246000000
229.231642,31.247000000
229.233741,31.248000000
229.240251,31.249000000
229.242444,31.250000000
229.244614,31.251000000
229.250294,31.252000000
229.252277,31.253000000
229.268582,31.254000000
229.274458,31.255000000
229.292489,31.256000000
229.294618,31.257000000
229.305037,31.258000000
229.310060,31.259000000
229.318324,31.260000000
229.325443,31.261000000
229.327642,31.262000000
229.329732,31.263000000
229.338804,31.264000000
229.341089,31.265000000
229.350289,31.266000000
229.356277,31.267000000
229.358798,31.268000000
229.367539,31.269000000
229.381607,31.270000000
229.385095,31.271000000
229.388309,31.272000000
229.396646,31.273000000
229.403134,31.274000000
229.428173,31.275000000
229.434519,31.276000000
229.436769,31.277000000
229.452687,31.278000000
229.479940,31.279000000
229.496375,31.280000000
229.509237,31.281000000
229.517461,31.282000000
229.533884,31.283000000
229.545812,31.284000000
229.563669,31.285000000
229.568495,31.286000000
229.576925,31.287000000
229.583818,31.288000000
229.585999,31.289000000
229.588221,31.290000000
229.590533,31.291000000
229.617613,31.292000000
229.623063,31.293000000
229.626789,31.294000000
229.635952,31.295000000
229.692966,31.296000000
229.697366,31.297000000
229.707747,31.298000000
229.739486,31.299000000
229.747045,31.300000000
229.751058,31.301000000
229.757924,31.302000000
229.763001,31.303000000
229.780739,31.304000000
229.798997,31.305000000
229.809783,31.306000000
229.812158,31.307000000
229.823241,31.308000000
229.867820,31.309000000
229.877616,31.310000000
229.893144,31.311000000
229.913262,31.312000000
229.928066,31.313000000
229.937182,31.314000000
229.937283,31.315000000
229.953663,31.316000000
229.962090,31.317000000
229.970703,31.318000000
229.978665,31.319000000
229.978727,31.320000000
229.990786,31.321000000
229.990848,31.322000000
229.999841,31.323000000
230.006066,31.324000000
230.017833,31.325000000
230.017916,31.326000000
230.034325,31.327000000
230.051088,31.328000000
230.051576,31.329000000
230.083318,31.330000000
230.090719,31.331000000
230.092657,31.332000000
230.104600,31.333000000
230.119026,31.334000000
230.119072,31.335000000
230.124439,31.336000000
230.141696,31.337000000
230.148901,31.338000000
230.151105,31.339000000
230.178887,31.340000000
230.184404,31.341000000
230.184461,31.342000000
230.184752,31.343000000
230.193405,31.344000000
230.193467,31.345000000
230.193509,31.346000000
230.216444,31.347000000
230.216852,31.348000000
230.230130,31.349000000
230.230203,31.350000000
230.230247,31.351000000
230.236709,31.352000000
230.243688,31.353000000
230.243746,31.354000000
230.253940,31.355000000
230.254015,31.356000000
230.255495,31.357000000
230.260669,31.358000000
230.260931,31.359000000
230.263186,31.360000000
230.282135,31.361000000
230.295163,31.362000000
230.295253,31.363000000
230.314576,31.364000000
230.329704,31.365000000
230.329768,31.366000000
230.354607,31.367000000
230.372858,31.368000000
230.372947,31.369000000
230.392992,31.370000000
230.393093,31.371000000
230.405229,31.372000000
230.413066,31.373000000
230.423743,31.374000000
230.424215,31.375000000
230.433849,31.376000000
230.440177,31.377000000
230.446237,31.378000000
230.464498,31.379000000
230.464589,31.380000000
230.501124,31.381000000
230.501281,31.382000000
230.502884,31.383000000
230.503111,31.384000000
230.528037,31.385000000
230.534521,31.386000000
230.555849,31.387000000
230.565689,31.388000000
230.565775,31.389000000
230.571487,31.390000000
230.610163,31.391000000
230.620467,31.392000000
230.631955,31.393000000
230.650891,31.394000000
230.653605,31.395000000
230.668964,31.396000000
230.674157,31.397000000
230.683701,31.398000000
230.694196,31.399000000
230.706315,31.400000000
230.720310,31.401000000
230.732379,31.402000000
230.745106,31.403000000
230.766383,31.404000000
230.813235,31.405000000
230.827942,31.406000000
230.843423,31.407000000
230.843513,31.408000000
230.853094,31.409000000
230.867055,31.410000000
230.876824,31.411000000
230.886246,31.412000000
230.908407,31.413000000
230.919260,31.414000000
230.919583,31.415000000
230.961809,31.416000000
230.964454,31.417000000
230.966269,31.418000000
230.973571,31.419000000
230.979607,31.420000000
230.983623,31.421000000
230.991397,31.422000000
230.997523,31.423000000
231.003776,31.424000000
231.011167,31.425000000
231.015393,31.426000000
231.021116,31.427000000
231.027085,31.428000000
231.035597,31.429000000
231.041259,31.430000000
231.048474,31.431000000
231.054299,31.432000000
231.061048,31.433000000
231.066630,31.434000000
231.072229,31.435000000
231.078135,31.436000000
231.084427,31.437000000
231.090924,31.438000000
231.098841,31.439000000
231.118491,31.440000000
231.126362,31.441000000
231.140265,31.442000000
231.158872,31.443000000
231.167772,31.444000000
231.169971,31.445000000
231.196019,31.446000000
231.200702,31.447000000
231.212166,31.448000000
231.218146,31.449000000
231.220347,31.450000000
231.227578,31.451000000
231.248520,31.452000000
231.254027,31.453000000
231.275419,31.454000000
231.281675,31.455000000
231.287492,31.456000000
231.292122,31.457000000
231.321639,31.458000000
231.321724,31.459000000
231.321734,31.460000000
231.321743,31.461000000
231.321752,31.462000000
231.321760,31.463000000
231.321792,31.464000000
231.321804,31.465000000
231.321812,31.466000000
231.322226,31.467000000
231.328532,31.468000000
231.328586,31.469000000
231.347087,31.470000000
231.353262,31.471000000
231.357049,31.472000000
231.363328,31.473000000
231.369006,31.474000000
231.376334,31.475000000
231.382843,31.476000000
231.387642,31.477000000
231.394896,31.478000000
231.400584,31.479000000
231.406108,31.480000000
231.410722,31.481000000
231.417081,31.482000000
231.424134,31.483000000
231.427140,31.484000000
231.440564,31.485000000
231.453974,31.486000000
231.485168,31.487000000
231.493786,31.488000000
231.505256,31.489000000
231.531969,31.490000000
231.544946,31.491000000
231.558606,31.492000000
231.564627,31.493000000
231.584386,31.494000000
231.589595,31.495000000
231.596121,31.496000000
231.602299,31.497000000
231.630665,31.498000000
231.642868,31.499000000
231.655671,31.500000000
231.667475,31.501000000
231.681296,31.502000000
231.693241,31.503000000
231.713016,31.504000000
231.719296,31.505000000
231.730175,31.506000000
231.737567,31.507000000
231.751538,31.508000000
231.759841,31.509000000
231.766699,31.510000000
231.791410,31.511000000
231.798652,31.512000000
231.806281,31.513000000
231.831594,31.514000000
231.863308,31.515000000
231.879654,31.516000000
231.904241,31.517000000
231.915470,31.518000000
231.927813,31.519000000
231.941875,31.520000000
231.952263,31.521000000
231.965605,31.522000000
231.978432,31.523000000
231.989956,31.524000000
232.003374,31.525000000
232.025192,31.526000000
232.039633,31.527000000
232.044311,31.528000000
232.048597,31.529000000
232.079189,31.530000000
232.094311,31.531000000
232.098779,31.532000000
232.115702,31.533000000
232.128933,31.534000000
232.138573,31.535000000
232.144827,31.536000000
232.158124,31.537000000
232.164761,31.538000000
232.174786,31.539000000
232.183081,31.540000000
232.191861,31.541000000
232.200988,31.542000000
232.209536,31.543000000
232.216706,31.544000000
232.220973,31.545000000
232.225232,31.546000000
232.232837,31.547000000
232.240671,31.548000000
232.246708,31.549000000
232.255202,31.550000000
232.260622,31.551000000
232.265194,31.552000000
232.269928,31.553000000
232.321723,31.554000000
232.335884,31.555000000
232.345794,31.556000000
232.360973,31.557000000
232.368080,31.558000000
232.372656,31.559000000
232.380099,31.560000000
232.400008,31.561000000
232.405601,31.562000000
232.412997,31.563000000
232.427898,31.564000000
232.436840,31.565000000
232.443517,31.566000000
232.449221,31.567000000
232.457108,31.568000000
232.460550,31.569000000
232.466886,31.570000000
232.473401,31.571000000
232.479749,31.572000000
232.493235,31.573000000
232.499805,31.574000000
232.510507,31.575000000
232.520252,31.576000000
232.526999,31.577000000
232.539997,31.578000000
232.569523,31.579000000
232.571536,31.580000000
232.579584,31.581000000
232.590799,31.582000000
232.600763,31.583000000
232.614269,31.584000000
232.624529,31.585000000
232.624576,31.586000000
232.634790,31.587000000
232.645513,31.588000000
232.645840,31.589000000
232.650248,31.590000000
232.659561,31.591000000
232.665824,31.592000000
232.679033,31.593000000
232.683640,31.594000000
232.689914,31.595000000
232.697516,31.596000000
232.704776,31.597000000
232.714485,31.598000000
232.726749,31.599000000
232.727002,31.600000000
232.742506,31.601000000
232.742555,31.602000000
232.751391,31.603000000
232.757022,31.604000000
232.768666,31.605000000
232.768714,31.606000000
232.778885,31.607000000
232.786005,31.608000000
232.802495,31.609000000
232.804637,31.610000000
232.816537,31.611000000
232.823364,31.612000000
232.830476,31.613000000
232.843168,31.614000000
232.843373,31.615000000
232.856172,31.616000000
232.867767,31.617000000
232.873780,31.618000000
232.881080,31.619000000
232.891813,31.620000000
232.902284,31.621000000
232.908850,31.622000000
232.915644,31.623000000
232.919829,31.624000000
232.930023,31.625000000
232.939011,31.626000000
232.951588,31.627000000
232.970898,31.628000000
232.982372,31.629000000
232.986545,31.630000000
232.997881,31.631000000
233.024689,31.632000000
233.030568,31.633000000
233.040385,31.634000000
233.046726,31.635000000
233.053083,31.636000000
233.064425,31.637000000
233.073083,31.638000000
233.090636,31.639000000
233.110218,31.640000000
233.128323,31.641000000
233.132915,31.642000000
233.137156,31.643000000
233.139508,31.644000000
233.156567,31.645000000
233.159776,31.646000000
233.181021,31.647000000
233.199550,31.648000000
233.227797,31.649000000
233.238182,31.650000000
233.247016,31.651000000
233.254810,31.652000000
233.274590,31.653000000
233.289541,31.654000000
233.298452,31.655000000
233.303227,31.656000000
233.311048,31.657000000
233.328227,31.658000000
233.332663,31.659000000
233.342652,31.660000000
233.348879,31.661000000
233.357671,31.662000000
233.362676,31.663000000
233.371464,31.664000000
233.382526,31.665000000
233.392899,31.666000000
233.402463,31.667000000
233.421115,31.668000000
233.423333,31.669000000
233.433373,31.670000000
233.443053,31.671000000
233.453949,31.672000000
233.482813,31.673000000
233.494538,31.674000000
233.502023,31.675000000
233.533790,31.676000000
233.552701,31.677000000
233.567102,31.678000000
233.569307,31.679000000
233.591612,31.680000000
233.601478,31.681000000
233.624914,31.682000000
233.641616,31.683000000
233.651701,31.684000000
233.665004,31.685000000
233.675254,31.686000000
233.684375,31.687000000
233.692792,31.688000000
233.710537,31.689000000
233.728319,31.690000000
233.730460,31.691000000
233.757841,31.692000000
233.789773,31.693000000
233.801557,31.694000000
233.804095,31.695000000
233.808359,31.696000000
233.817363,31.697000000
233.831523,31.698000000
233.836010,31.699000000
233.842461,31.700000000
233.867853,31.701000000
233.874793,31.702000000
233.884671,31.703000000
233.934070,31.704000000
233.949390,31.705000000
233.969452,31.706000000
233.984055,31.707000000
233.997039,31.708000000
234.009793,31.709000000
234.017148,31.710000000
234.029744,31.711000000
234.044190,31.712000000
234.055086,31.713000000
234.060217,31.714000000
234.068307,31.715000000
234.074264,31.716000000
234.076635,31.717000000
234.102042,31.718000000
234.107143,31.719000000
234.125863,31.720000000
234.127090,31.721000000
234.138170,31.722000000
234.159473,31.723000000
234.166983,31.724000000
234.179628,31.725000000
234.203981,31.726000000
234.216244,31.727000000
234.227541,31.728000000
234.242618,31.729000000
234.254695,31.730000000
234.276590,31.731000000
234.300697,31.732000000
234.325539,31.733000000
234.341374,31.734000000
234.344174,31.735000000
234.346784,31.736000000
234.349035,31.737000000
234.351334,31.738000000
234.353683,31.739000000
234.356606,31.740000000
234.359075,31.741000000
234.365897,31.742000000
234.368479,31.743000000
234.374469,31.744000000
234.379443,31.745000000
234.385067,31.746000000
234.410590,31.747000000
234.413053,31.748000000
234.419415,31.749000000
234.424871,31.750000000
234.427071,31.751000000
234.431441,31.752000000
234.453889,31.753000000
234.462423,31.754000000
234.471532,31.755000000
234.507559,31.756000000
234.515445,31.757000000
234.522402,31.758000000
234.545103,31.759000000
234.564757,31.760000000
234.566669,31.761000000
234.579793,31.762000000
234.579847,31.763000000
234.583880,31.764000000
234.598550,31.765000000
234.599496,31.766000000
234.608856,31.767000000
234.617688,31.768000000
234.627323,31.769000000
234.631492,31.770000000
234.649803,31.771000000
234.654290,31.772000000
234.661911,31.773000000
234.697391,31.774000000
234.697815,31.775000000
234.699968,31.776000000
234.704789,31.777000000
234.706361,31.778000000
234.709054,31.779000000
234.730711,31.780000000
234.762243,31.781000000
234.762316,31.782000000
234.762362,31.783000000
234.762403,31.784000000
234.762443,31.785000000
234.762483,31.786000000
234.762552,31.787000000
234.762593,31.788000000
234.762632,31.789000000
234.762670,31.790000000
234.763919,31.791000000
234.767662,31.792000000
234.768152,31.793000000
234.772631,31.794000000
234.774504,31.795000000
234.774560,31.796000000
234.775032,31.797000000
234.780802,31.798000000
234.780855,31.799000000
234.780894,31.800000000
234.783748,31.801000000
234.784281,31.802000000
234.791965,31.803000000
234.792027,31.804000000
234.792067,31.805000000
234.792105,31.806000000
234.793897,31.807000000
234.800474,31.808000000
234.800537,31.809000000
234.813961,31.810000000
234.814025,31.811000000
234.814065,31.812000000
234.814620,31.813000000
234.831675,31.814000000
234.851919,31.815000000
234.860608,31.816000000
234.867872,31.817000000
234.867924,31.818000000
234.894946,31.819000000
234.906868,31.820000000
234.909386,31.821000000
234.920584,31.822000000
234.921118,31.823000000
234.935783,31.824000000
234.935836,31.825000000
234.945624,31.826000000
234.945706,31.827000000
234.956031,31.828000000
234.965885,31.829000000
234.966277,31.830000000
234.968847,31.831000000
234.975438,31.832000000
234.982329,31.833000000
234.996760,31.834000000
235.007686,31.835000000
235.007750,31.836000000
235.007820,31.837000000
235.036811,31.838000000
235.036875,31.839000000
235.036928,31.840000000
235.059285,31.841000000
235.059349,31.842000000
235.078029,31.843000000
235.095768,31.844000000
235.122339,31.845000000
235.129904,31.846000000
235.138975,31.847000000
235.158219,31.848000000
235.160483,31.849000000
235.180236,31.850000000
235.192506,31.851000000
235.204380,31.852000000
235.222894,31.853000000
235.228997,31.854000000
235.242442,31.855000000
235.254434,31.856000000
235.270016,31.857000000
235.285906,31.858000000
235.295742,31.859000000
235.321532,31.860000000
235.345353,31.861000000
235.348036,31.862000000
235.352186,31.863000000
235.372464,31.864000000
235.374254,31.865000000
235.406351,31.866000000
235.415388,31.867000000
235.421271,31.868000000
235.440534,31.869000000
235.450392,31.870000000
235.478386,31.871000000
235.478434,31.872000000
235.486524,31.873000000
235.519760,31.874000000
235.536682,31.875000000
235.561917,31.876000000
235.589452,31.877000000
235.596384,31.878000000
235.607101,31.879000000
235.616647,31.880000000
235.624020,31.881000000
235.633870,31.882000000
235.642300,31.883000000
235.656268,31.884000000
235.660610,31.885000000
235.666804,31.886000000
235.677132,31.887000000
235.682554,31.888000000
235.688997,31.889000000
235.698657,31.890000000
235.707131,31.891000000
235.715089,31.892000000
235.722774,31.893000000
235.730795,31.894000000
235.733475,31.895000000
235.735729,31.896000000
235.738140,31.897000000
235.740517,31.898000000
235.743289,31.899000000
235.745558,31.900000000
235.747864,31.901000000
235.755654,31.902000000
235.759267,31.903000000
235.762397,31.904000000
235.764902,31.905000000
235.767294,31.906000000
235.770054,31.907000000
235.772812,31.908000000
235.775743,31.909000000
235.778135,31.910000000
235.785938,31.911000000
235.790258,31.912000000
235.794488,31.913000000
235.812170,31.914000000
235.816294,31.915000000
235.833506,31.916000000
235.836870,31.917000000
235.840437,31.918000000
235.847053,31.919000000
235.849652,31.920000000
235.853787,31.921000000
235.856297,31.922000000
235.858784,31.923000000
235.861046,31.924000000
235.863209,31.925000000
235.865455,31.926000000
235.867748,31.927000000
235.869972,31.928000000
235.872790,31.929000000
235.875507,31.930000000
235.879214,31.931000000
235.881440,31.932000000
235.883789,31.933000000
235.886056,31.934000000
235.888420,31.935000000
235.896255,31.936000000
235.900609,31.937000000
235.903067,31.938000000
235.905832,31.939000000
235.912243,31.940000000
235.924167,31.941000000
235.938719,31.942000000
235.947901,31.943000000
235.957114,31.944000000
235.961783,31.945000000
235.972842,31.946000000
235.991068,31.947000000
236.000566,31.948000000
236.006581,31.949000000
236.006624,31.950000000
236.009659,31.951000000
236.020551,31.952000000
236.027237,31.953000000
236.034881,31.954000000
236.044139,31.955000000
236.050559,31.956000000
236.080644,31.957000000
236.090876,31.958000000
236.095007,31.959000000
236.116546,31.960000000
236.119194,31.961000000
236.124547,31.962000000
236.144891,31.963000000
236.146001,31.964000000
236.150826,31.965000000
236.154238,31.966000000
236.179153,31.967000000
236.179216,31.968000000
236.186509,31.969000000
236.200772,31.970000000
236.200842,31.971000000
236.200885,31.972000000
236.200924,31.973000000
236.201524,31.974000000
236.204387,31.975000000
236.205814,31.976000000
236.215218,31.977000000
236.217666,31.978000000
236.222167,31.979000000
236.225569,31.980000000
236.234833,31.981000000
236.239027,31.982000000
236.267472,31.983000000
236.275375,31.984000000
236.280156,31.985000000
236.307870,31.986000000
236.320482,31.987000000
236.332977,31.988000000
236.345685,31.989000000
236.352202,31.990000000
236.362762,31.991000000
236.367337,31.992000000
236.381716,31.993000000
236.392305,31.994000000
236.400130,31.995000000
236.402544,31.996000000
236.405374,31.997000000
236.410777,31.998000000
236.425106,31.999000000
236.434907,32.000000000
236.439337,32.001000000
236.447567,32.002000000
236.452681,32.003000000
236.474829,32.004000000
236.498816,32.005000000
236.501648,32.006000000
236.521394,32.007000000
236.529603,32.008000000
236.539713,32.009000000
236.560347,32.010000000
236.564245,32.011000000
236.572700,32.012000000
236.586000,32.013000000
236.587476,32.014000000
236.587530,32.015000000
236.587939,32.016000000
236.592841,32.017000000
236.599504,32.018000000
236.615387,32.019000000
236.622261,32.020000000
236.630870,32.021000000
236.639038,32.022000000
236.644995,32.023000000
236.653901,32.024000000
236.659149,32.025000000
236.663865,32.026000000
236.677459,32.027000000
236.680310,32.028000000
236.684736,32.029000000
236.690805,32.030000000
236.706066,32.031000000
236.709873,32.032000000
236.715406,32.033000000
236.719900,32.034000000
236.724943,32.035000000
236.731855,32.036000000
236.734528,32.037000000
236.775877,32.038000000
236.776265,32.039000000
236.783638,32.040000000
236.834867,32.041000000
236.849242,32.042000000
236.870167,32.043000000
236.883854,32.044000000
236.891283,32.045000000
236.920710,32.046000000
236.933066,32.047000000
236.950703,32.048000000
236.971562,32.049000000
236.973422,32.050000000
236.982285,32.051000000
237.010913,32.052000000
237.010960,32.053000000
237.041897,32.054000000
237.041949,32.055000000
237.049778,32.056000000
237.049854,32.057000000
237.049864,32.058000000
237.088782,32.059000000
237.097823,32.060000000
237.111456,32.061000000
237.119671,32.062000000
237.133008,32.063000000
237.141306,32.064000000
237.151226,32.065000000
237.158607,32.066000000
237.189950,32.067000000
237.199168,32.068000000
237.206761,32.069000000
237.226086,32.070000000
237.234681,32.071000000
237.256202,32.072000000
237.269931,32.073000000
237.280328,32.074000000
237.289572,32.075000000
237.297029,32.076000000
237.327147,32.077000000
237.340644,32.078000000
237.340687,32.079000000
237.351866,32.080000000
237.368098,32.081000000
237.371637,32.082000000
237.382354,32.083000000
237.382394,32.084000000
237.399587,32.085000000
237.424528,32.086000000
237.429355,32.087000000
237.429396,32.088000000
237.436369,32.089000000
237.444808,32.090000000
237.444853,32.091000000
237.471987,32.092000000
237.475421,32.093000000
237.481535,32.094000000
237.481572,32.095000000
237.505845,32.096000000
237.505935,32.097000000
237.505946,32.098000000
237.505955,32.099000000
237.505964,32.100000000
237.511159,32.101000000
237.511206,32.102000000
237.514941,32.103000000
237.514980,32.104000000
237.523401,32.105000000
237.523458,32.106000000
237.523494,32.107000000
237.523531,32.108000000
237.527638,32.109000000
237.530915,32.110000000
237.530971,32.111000000
237.533372,32.112000000
237.539682,32.113000000
237.543725,32.114000000
237.543765,32.115000000
237.545429,32.116000000
237.547706,32.117000000
237.550615,32.118000000
237.568095,32.119000000
237.568160,32.120000000
237.568171,32.121000000
237.568179,32.122000000
237.568188,32.123000000
237.568196,32.124000000
237.587335,32.125000000
237.595250,32.126000000
237.596096,32.127000000
237.609903,32.128000000
237.618127,32.129000000
237.619867,32.130000000
237.628587,32.131000000
237.657523,32.132000000
237.669716,32.133000000
237.677964,32.134000000
237.691141,32.135000000
237.705112,32.136000000
237.713313,32.137000000
237.720990,32.138000000
237.732572,32.139000000
237.743378,32.140000000
237.757508,32.141000000
237.760221,32.142000000
237.773732,32.143000000
237.773782,32.144000000
237.773792,32.145000000
237.781689,32.146000000
237.793147,32.147000000
237.803386,32.148000000
237.804125,32.149000000
237.816440,32.150000000
237.816485,32.151000000
237.855198,32.152000000
237.862175,32.153000000
237.866371,32.154000000
237.874133,32.155000000
237.890107,32.156000000
237.894616,32.157000000
237.900416,32.158000000
237.912092,32.159000000
237.912138,32.160000000
237.915619,32.161000000
237.940304,32.162000000
237.943759,32.163000000
237.954838,32.164000000
237.954877,32.165000000
237.962906,32.166000000
237.962969,32.167000000
237.978716,32.168000000
237.982652,32.169000000
238.024799,32.170000000
238.032510,32.171000000
238.043605,32.172000000
238.057780,32.173000000
238.074914,32.174000000
238.082819,32.175000000
238.092895,32.176000000
238.106242,32.177000000
238.116770,32.178000000
238.130601,32.179000000
238.132941,32.180000000
238.138862,32.181000000
238.148645,32.182000000
238.164910,32.183000000
238.168182,32.184000000
238.176692,32.185000000
238.177313,32.186000000
238.179852,32.187000000
238.186400,32.188000000
238.207635,32.189000000
238.215145,32.190000000
238.228682,32.191000000
238.238080,32.192000000
238.256272,32.193000000
238.267754,32.194000000
238.267799,32.195000000
238.274288,32.196000000
238.281900,32.197000000
238.304903,32.198000000
238.313426,32.199000000
238.313470,32.200000000
238.320958,32.201000000
238.336968,32.202000000
238.338773,32.203000000
238.368035,32.204000000
238.383433,32.205000000
238.385106,32.206000000
238.410402,32.207000000
238.418673,32.208000000
238.435219,32.209000000
238.443510,32.210000000
238.454705,32.211000000
238.467679,32.212000000
238.473058,32.213000000
238.482530,32.214000000
238.490168,32.215000000
238.492416,32.216000000
238.502095,32.217000000
238.515633,32.218000000
238.525343,32.219000000
238.525399,32.220000000
238.535152,32.221000000
238.537464,32.222000000
238.561503,32.223000000
238.565319,32.224000000
238.572482,32.225000000
238.580693,32.226000000
238.605086,32.227000000
238.613724,32.228000000
238.613767,32.229000000
238.660378,32.230000000
238.669004,32.231000000
238.669051,32.232000000
238.688452,32.233000000
238.695452,32.234000000
238.718741,32.235000000
238.734794,32.236000000
238.736705,32.237000000
238.749198,32.238000000
238.762392,32.239000000
238.777169,32.240000000
238.779495,32.241000000
238.795660,32.242000000
238.808535,32.243000000
238.814547,32.244000000
238.823515,32.245000000
238.832178,32.246000000
238.837603,32.247000000
238.840175,32.248000000
238.847741,32.249000000
238.850065,32.250000000
238.869296,32.251000000
238.872710,32.252000000
238.877590,32.253000000
238.886132,32.254000000
238.888486,32.255000000
238.917163,32.256000000
238.922108,32.257000000
238.929971,32.258000000
238.935359,32.259000000
238.953319,32.260000000
238.955789,32.261000000
238.961890,32.262000000
238.968208,32.263000000
238.985187,32.264000000
239.006416,32.265000000
239.008843,32.266000000
239.034008,32.267000000
239.044051,32.268000000
239.050112,32.269000000
239.066108,32.270000000
239.101834,32.271000000
239.109143,32.272000000
239.129143,32.273000000
239.140858,32.274000000
239.151682,32.275000000
239.151749,32.276000000
239.172631,32.277000000
239.182243,32.278000000
239.191363,32.279000000
239.192243,32.280000000
239.204412,32.281000000
239.212859,32.282000000
239.231071,32.283000000
239.231921,32.284000000
239.237046,32.285000000
239.239279,32.286000000
239.244843,32.287000000
239.248137,32.288000000
239.252653,32.289000000
239.255378,32.290000000
239.268059,32.291000000
239.270895,32.292000000
239.274525,32.293000000
239.277502,32.294000000
239.283384,32.295000000
239.285882,32.296000000
239.289843,32.297000000
239.302682,32.298000000
239.326927,32.299000000
239.333393,32.300000000
239.340050,32.301000000
239.344682,32.302000000
239.346777,32.303000000
239.350401,32.304000000
239.362552,32.305000000
239.368735,32.306000000
239.372868,32.307000000
239.384412,32.308000000
239.384460,32.309000000
239.384470,32.310000000
239.414337,32.311000000
239.420188,32.312000000
239.424762,32.313000000
239.441513,32.314000000
239.455186,32.315000000
239.460494,32.316000000
239.495943,32.317000000
239.500735,32.318000000
239.522464,32.319000000
239.528130,32.320000000
239.537368,32.321000000
239.550744,32.322000000
239.568846,32.323000000
239.572688,32.324000000
239.577184,32.325000000
239.622847,32.326000000
239.627053,32.327000000
239.633132,32.328000000
239.640898,32.329000000
239.659873,32.330000000
239.659922,32.331000000
239.670597,32.332000000
239.678825,32.333000000
239.684735,32.334000000
239.688807,32.335000000
239.716043,32.336000000
239.722523,32.337000000
239.732650,32.338000000
239.739400,32.339000000
239.747201,32.340000000
239.761238,32.341000000
239.777438,32.342000000
239.777494,32.343000000
239.777508,32.344000000
239.780527,32.345000000
239.786653,32.346000000
239.795831,32.347000000
239.802148,32.348000000
239.827615,32.349000000
239.845092,32.350000000
239.849038,32.351000000
239.859210,32.352000000
239.866625,32.353000000
239.877794,32.354000000
239.904362,32.355000000
239.915175,32.356000000
239.937959,32.357000000
239.957030,32.358000000
239.957096,32.359000000
239.957139,32.360000000
239.957180,32.361000000
239.957219,32.362000000
239.957257,32.363000000
239.957294,32.364000000
239.957870,32.365000000
239.962447,32.366000000
239.962524,32.367000000
239.962849,32.368000000
239.969866,32.369000000
239.970294,32.370000000
239.981511,32.371000000
239.985307,32.372000000
239.989289,32.373000000
239.990902,32.374000000
239.999986,32.375000000
240.023775,32.376000000
240.023870,32.377000000
240.023913,32.378000000
240.023953,32.379000000
240.023992,32.380000000
240.024700,32.381000000
240.024760,32.382000000
240.025156,32.383000000
240.035853,32.384000000
240.035914,32.385000000
240.037814,32.386000000
240.041023,32.387000000
240.041089,32.388000000
240.055259,32.389000000
240.061379,32.390000000
240.061808,32.391000000
240.067437,32.392000000
240.067492,32.393000000
240.072459,32.394000000
240.088767,32.395000000
240.088834,32.396000000
240.097427,32.397000000
240.097818,32.398000000
240.123298,32.399000000
240.133905,32.400000000
240.146368,32.401000000
240.159122,32.402000000
240.174098,32.403000000
240.194201,32.404000000
240.215763,32.405000000
240.215834,32.406000000
240.215909,32.407000000
240.215949,32.408000000
240.215987,32.409000000
240.216024,32.410000000
240.216999,32.411000000
240.220423,32.412000000
240.220480,32.413000000
240.222780,32.414000000
240.234102,32.415000000
240.234166,32.416000000
240.234234,32.417000000
240.234274,32.418000000
240.234722,32.419000000
240.238615,32.420000000
240.238667,32.421000000
240.246365,32.422000000
240.246418,32.423000000
240.254649,32.424000000
240.254701,32.425000000
240.254740,32.426000000
240.254807,32.427000000
240.264248,32.428000000
240.264661,32.429000000
240.264709,32.430000000
240.274864,32.431000000
240.285141,32.432000000
240.285601,32.433000000
240.285657,32.434000000
240.285699,32.435000000
240.297684,32.436000000
240.298154,32.437000000
240.298207,32.438000000
240.306241,32.439000000
240.314011,32.440000000
240.316411,32.441000000
240.338443,32.442000000
240.342383,32.443000000
240.351439,32.444000000
240.351501,32.445000000
240.359565,32.446000000
240.364724,32.447000000
240.371341,32.448000000
240.379454,32.449000000
240.386023,32.450000000
240.388368,32.451000000
240.392425,32.452000000
240.394511,32.453000000
240.396653,32.454000000
240.403591,32.455000000
240.436105,32.456000000
240.438217,32.457000000
240.441382,32.458000000
240.446959,32.459000000
240.454214,32.460000000
240.456006,32.461000000
240.460812,32.462000000
240.475325,32.463000000
240.479884,32.464000000
240.486663,32.465000000
240.492796,32.466000000
240.496973,32.467000000
240.501032,32.468000000
240.505598,32.469000000
240.507488,32.470000000
240.540370,32.471000000
240.548894,32.472000000
240.564849,32.473000000
240.575656,32.474000000
240.586533,32.475000000
240.598226,32.476000000
240.604296,32.477000000
240.611958,32.478000000
240.622240,32.479000000
240.629655,32.480000000
240.633405,32.481000000
240.650745,32.482000000
240.656036,32.483000000
240.662001,32.484000000
240.668741,32.485000000
240.671980,32.486000000
240.680476,32.487000000
240.682802,32.488000000
240.686293,32.489000000
240.705625,32.490000000
240.709410,32.491000000
240.718879,32.492000000
240.720900,32.493000000
240.728415,32.494000000
240.732485,32.495000000
240.734331,32.496000000
240.736470,32.497000000
240.738612,32.498000000
240.760262,32.499000000
240.767622,32.500000000
240.771127,32.501000000
240.777181,32.502000000
240.780870,32.503000000
240.781794,32.504000000
240.783996,32.505000000
240.786021,32.506000000
240.789135,32.507000000
240.792900,32.508000000
240.797976,32.509000000
240.812924,32.510000000
240.817330,32.511000000
240.821012,32.512000000
240.831387,32.513000000
240.833441,32.514000000
240.836075,32.515000000
240.844639,32.516000000
240.858982,32.517000000
240.875518,32.518000000
240.883117,32.519000000
240.888653,32.520000000
240.891122,32.521000000
240.908013,32.522000000
240.909981,32.523000000
240.918005,32.524000000
240.936710,32.525000000
240.943305,32.526000000
240.950811,32.527000000
240.962843,32.528000000
240.978026,32.529000000
240.983315,32.530000000
240.992356,32.531000000
240.996142,32.532000000
241.000033,32.533000000
241.012259,32.534000000
241.017532,32.535000000
241.020668,32.536000000
241.026900,32.537000000
241.037462,32.538000000
241.048789,32.539000000
241.058273,32.540000000
241.071363,32.541000000
241.076354,32.542000000
241.080800,32.543000000
241.082799,32.544000000
241.086504,32.545000000
241.090362,32.546000000
241.094630,32.547000000
241.096333,32.548000000
241.117262,32.549000000
241.121652,32.550000000
241.126289,32.551000000
241.175607,32.552000000
241.176370,32.553000000
241.187901,32.554000000
241.200580,32.555000000
241.205354,32.556000000
241.217095,32.557000000
241.224884,32.558000000
241.236902,32.559000000
241.240572,32.560000000
241.273745,32.561000000
241.284290,32.562000000
241.296445,32.563000000
241.304473,32.564000000
241.316957,32.565000000
241.324498,32.566000000
241.337896,32.567000000
241.347958,32.568000000
241.356792,32.569000000
241.365708,32.570000000
241.379440,32.571000000
241.390315,32.572000000
241.396643,32.573000000
241.418418,32.574000000
241.427738,32.575000000
241.437149,32.576000000
241.441338,32.577000000
241.453565,32.578000000
241.459865,32.579000000
241.470755,32.580000000
241.477600,32.581000000
241.492128,32.582000000
241.524401,32.583000000
241.530844,32.584000000
241.534375,32.585000000
241.551129,32.586000000
241.558122,32.587000000
241.562012,32.588000000
241.573528,32.589000000
241.579770,32.590000000
241.583422,32.591000000
241.607670,32.592000000
241.618691,32.593000000
241.619378,32.594000000
241.629689,32.595000000
241.639625,32.596000000
241.644685,32.597000000
241.653053,32.598000000
241.660199,32.599000000
241.666255,32.600000000
241.673642,32.601000000
241.691944,32.602000000
241.693315,32.603000000
241.712765,32.604000000
241.713078,32.605000000
241.736721,32.606000000
241.736807,32.607000000
241.736820,32.608000000
241.750983,32.609000000
241.751036,32.610000000
241.751046,32.611000000
241.752376,32.612000000
241.757893,32.613000000
241.757953,32.614000000
241.766692,32.615000000
241.766735,32.616000000
241.768422,32.617000000
241.786892,32.618000000
241.786939,32.619000000
241.788904,32.620000000
241.796695,32.621000000
241.796742,32.622000000
241.796752,32.623000000
241.804821,32.624000000
241.804861,32.625000000
241.816280,32.626000000
241.857132,32.627000000
241.857993,32.628000000
241.862183,32.629000000
241.882278,32.630000000
241.914234,32.631000000
241.922295,32.632000000
241.936782,32.633000000
241.949236,32.634000000
241.961732,32.635000000
241.968675,32.636000000
241.982831,32.637000000
241.982875,32.638000000
241.986797,32.639000000
242.004704,32.640000000
242.011190,32.641000000
242.036766,32.642000000
242.040525,32.643000000
242.054031,32.644000000
242.084951,32.645000000
242.085009,32.646000000
242.085046,32.647000000
242.093233,32.648000000
242.098609,32.649000000
242.108907,32.650000000
242.108979,32.651000000
242.109010,32.652000000
242.129454,32.653000000
242.129503,32.654000000
242.137227,32.655000000
242.155483,32.656000000
242.155575,32.657000000
242.155586,32.658000000
242.161792,32.659000000
242.167615,32.660000000
242.172674,32.661000000
242.180765,32.662000000
242.182940,32.663000000
242.185476,32.664000000
242.190811,32.665000000
242.198830,32.666000000
242.201520,32.667000000
242.219296,32.668000000
242.223892,32.669000000
242.229073,32.670000000
242.242483,32.671000000
242.249331,32.672000000
242.253464,32.673000000
242.257692,32.674000000
242.263024,32.675000000
242.265444,32.676000000
242.273954,32.677000000
242.280221,32.678000000
242.282537,32.679000000
242.286117,32.680000000
242.288394,32.681000000
242.290542,32.682000000
242.292905,32.683000000
242.295051,32.684000000
242.302106,32.685000000
242.308312,32.686000000
242.315046,32.687000000
242.320781,32.688000000
242.331829,32.689000000
242.339236,32.690000000
242.347429,32.691000000
242.359454,32.692000000
242.384193,32.693000000
242.399513,32.694000000
242.416424,32.695000000
242.451015,32.696000000
242.472003,32.697000000
242.479351,32.698000000
242.487590,32.699000000
242.509963,32.700000000
242.524439,32.701000000
242.536510,32.702000000
242.541488,32.703000000
242.556759,32.704000000
242.560239,32.705000000
242.580068,32.706000000
242.594696,32.707000000
242.600415,32.708000000
242.608141,32.709000000
242.620644,32.710000000
242.638025,32.711000000
242.646978,32.712000000
242.652289,32.713000000
242.661526,32.714000000
242.668225,32.715000000
242.677745,32.716000000
242.689022,32.717000000
242.700209,32.718000000
242.709055,32.719000000
242.715818,32.720000000
242.737826,32.721000000
242.751655,32.722000000
242.765293,32.723000000
242.804150,32.724000000
242.824961,32.725000000
242.832412,32.726000000
242.851080,32.727000000
242.856432,32.728000000
242.868421,32.729000000
242.869125,32.730000000
242.882418,32.731000000
242.884713,32.732000000
242.898015,32.733000000
242.898516,32.734000000
242.921546,32.735000000
242.928860,32.736000000
242.937010,32.737000000
242.950575,32.738000000
242.959245,32.739000000
242.959294,32.740000000
242.981454,32.741000000
242.998203,32.742000000
243.005834,32.743000000
243.018226,32.744000000
243.031335,32.745000000
243.041008,32.746000000
243.056695,32.747000000
243.056742,32.748000000
243.069373,32.749000000
243.082913,32.750000000
243.082979,32.751000000
243.094360,32.752000000
243.106317,32.753000000
243.116614,32.754000000
243.116662,32.755000000
243.128155,32.756000000
243.143945,32.757000000
243.147701,32.758000000
243.159379,32.759000000
243.165740,32.760000000
243.166938,32.761000000
243.173239,32.762000000
243.193062,32.763000000
243.202709,32.764000000
243.202756,32.765000000
243.212837,32.766000000
243.212945,32.767000000
243.234087,32.768000000
243.234136,32.769000000
243.242724,32.770000000
243.242766,32.771000000
243.249148,32.772000000
243.273025,32.773000000
243.273077,32.774000000
243.282887,32.775000000
243.282934,32.776000000
243.290838,32.777000000
243.298793,32.778000000
243.305912,32.779000000
243.311540,32.780000000
243.317575,32.781000000
243.317635,32.782000000
243.351493,32.783000000
243.351541,32.784000000
243.379377,32.785000000
243.379425,32.786000000
243.397484,32.787000000
243.415720,32.788000000
243.428143,32.789000000
243.442337,32.790000000
243.450391,32.791000000
243.469106,32.792000000
243.475726,32.793000000
243.481187,32.794000000
243.490992,32.795000000
243.491047,32.796000000
243.502908,32.797000000
243.515239,32.798000000
243.520121,32.799000000
243.527240,32.800000000
243.535346,32.801000000
243.540027,32.802000000
243.562635,32.803000000
243.571337,32.804000000
243.577728,32.805000000
243.597909,32.806000000
243.607963,32.807000000
243.618669,32.808000000
243.624273,32.809000000
243.662895,32.810000000
243.670380,32.811000000
243.688671,32.812000000
243.694119,32.813000000
243.704003,32.814000000
243.733388,32.815000000
243.743397,32.816000000
243.750149,32.817000000
243.754828,32.818000000
243.758723,32.819000000
243.760282,32.820000000
243.765999,32.821000000
243.768146,32.822000000
243.771434,32.823000000
243.773591,32.824000000
243.775827,32.825000000
243.779693,32.826000000
243.781759,32.827000000
243.784251,32.828000000
243.786563,32.829000000
243.790618,32.830000000
243.793410,32.831000000
243.796620,32.832000000
243.808967,32.833000000
243.823620,32.834000000
243.834791,32.835000000
243.860970,32.836000000
243.868565,32.837000000
243.882284,32.838000000
243.882338,32.839000000
243.884013,32.840000000
243.889733,32.841000000
243.892529,32.842000000
243.897021,32.843000000
243.901002,32.844000000
243.911951,32.845000000
243.917442,32.846000000
243.926511,32.847000000
243.935317,32.848000000
243.935873,32.849000000
243.940590,32.850000000
243.943878,32.851000000
243.946103,32.852000000
243.948788,32.853000000
243.953091,32.854000000
243.954305,32.855000000
243.956972,32.856000000
243.959459,32.857000000
243.983011,32.858000000
243.992825,32.859000000
243.997929,32.860000000
244.006896,32.861000000
244.016704,32.862000000
244.023911,32.863000000
244.032420,32.864000000
244.044314,32.865000000
244.050129,32.866000000
244.057909,32.867000000
244.067640,32.868000000
244.080772,32.869000000
244.088537,32.870000000
244.097658,32.871000000
244.103618,32.872000000
244.115266,32.873000000
244.121594,32.874000000
244.130730,32.875000000
244.137811,32.876000000
244.153141,32.877000000
244.166948,32.878000000
244.203738,32.879000000
244.207472,32.880000000
244.212165,32.881000000
244.217282,32.882000000
244.217327,32.883000000
244.224108,32.884000000
244.225561,32.885000000
244.227747,32.886000000
244.230134,32.887000000
244.234950,32.888000000
244.240959,32.889000000
244.260207,32.890000000
244.273278,32.891000000
244.277677,32.892000000
244.280369,32.893000000
244.293049,32.894000000
244.296542,32.895000000
244.298679,32.896000000
244.318843,32.897000000
244.348503,32.898000000
244.359927,32.899000000
244.364227,32.900000000
244.379380,32.901000000
244.385537,32.902000000
244.396600,32.903000000
244.431979,32.904000000
244.442941,32.905000000
244.452067,32.906000000
244.462934,32.907000000
244.472684,32.908000000
244.478484,32.909000000
244.490626,32.910000000
244.494690,32.911000000
244.507706,32.912000000
244.513905,32.913000000
244.527014,32.914000000
244.547985,32.915000000
244.566978,32.916000000
244.572596,32.917000000
244.586872,32.918000000
244.590265,32.919000000
244.613615,32.920000000
244.618316,32.921000000
244.632306,32.922000000
244.636602,32.923000000
244.646580,32.924000000
244.653405,32.925000000
244.677063,32.926000000
244.684831,32.927000000
244.697747,32.928000000
244.702152,32.929000000
244.758522,32.930000000
244.766138,32.931000000
244.776414,32.932000000
244.792612,32.933000000
244.802638,32.934000000
244.810365,32.935000000
244.823422,32.936000000
244.834571,32.937000000
244.838946,32.938000000
244.854637,32.939000000
244.864364,32.940000000
244.870121,32.941000000
244.880800,32.942000000
244.885167,32.943000000
244.905827,32.944000000
244.917703,32.945000000
244.922479,32.946000000
244.946187,32.947000000
244.950231,32.948000000
244.965477,32.949000000
244.969719,32.950000000
244.981888,32.951000000
244.985168,32.952000000
245.007614,32.953000000
245.012299,32.954000000
245.016217,32.955000000
245.035319,32.956000000
245.042798,32.957000000
245.081403,32.958000000
245.081453,32.959000000
245.092882,32.960000000
245.102627,32.961000000
245.128719,32.962000000
245.149302,32.963000000
245.154869,32.964000000
245.162062,32.965000000
245.185773,32.966000000
245.189711,32.967000000
245.217847,32.968000000
245.217896,32.969000000
245.224565,32.970000000
245.224615,32.971000000
245.243790,32.972000000
245.243838,32.973000000
245.260777,32.974000000
245.266578,32.975000000
245.266623,32.976000000
245.285306,32.977000000
245.300941,32.978000000
245.300988,32.979000000
245.316075,32.980000000
245.320775,32.981000000
245.320818,32.982000000
245.339939,32.983000000
245.354337,32.984000000
245.354389,32.985000000
245.375173,32.986000000
245.375252,32.987000000
245.375263,32.988000000
245.389227,32.989000000
245.395518,32.990000000
245.395568,32.991000000
245.407254,32.992000000
245.416647,32.993000000
245.420672,32.994000000
245.420712,32.995000000
245.436299,32.996000000
245.443854,32.997000000
245.443904,32.998000000
245.462065,32.999000000
245.464326,33.000000000
245.473279,33.001000000
245.478081,33.002000000
245.494952,33.003000000
245.504312,33.004000000
245.504359,33.005000000
245.517262,33.006000000
245.541518,33.007000000
245.576796,33.008000000
245.576927,33.009000000
245.587525,33.010000000
245.609371,33.011000000
245.612509,33.012000000
245.624793,33.013000000
245.624842,33.014000000
245.636482,33.015000000
245.636528,33.016000000
245.649541,33.017000000
245.676367,33.018000000
245.684510,33.019000000
245.711480,33.020000000
245.713716,33.021000000
245.715878,33.022000000
245.725382,33.023000000
245.725429,33.024000000
245.738691,33.025000000
245.738737,33.026000000
245.744375,33.027000000
245.769958,33.028000000
245.772833,33.029000000
245.799377,33.030000000
245.799424,33.031000000
245.813461,33.032000000
245.819815,33.033000000
245.822222,33.034000000
245.832073,33.035000000
245.853981,33.036000000
245.865735,33.037000000
245.882096,33.038000000
245.890419,33.039000000
245.890469,33.040000000
245.914828,33.041000000
245.914875,33.042000000
245.924760,33.043000000
245.935040,33.044000000
245.939872,33.045000000
245.939914,33.046000000
245.960297,33.047000000
245.969605,33.048000000
245.995232,33.049000000
246.002515,33.050000000
246.002573,33.051000000
246.031464,33.052000000
246.033855,33.053000000
246.043237,33.054000000
246.043283,33.055000000
246.053222,33.056000000
246.053297,33.057000000
246.061369,33.058000000
246.109758,33.059000000
246.111950,33.060000000
246.114085,33.061000000
246.128061,33.062000000
246.137039,33.063000000
246.137094,33.064000000
246.137105,33.065000000
246.137115,33.066000000
246.190622,33.067000000
246.190680,33.068000000
246.195564,33.069000000
246.203795,33.070000000
246.210603,33.071000000
246.212819,33.072000000
246.253627,33.073000000
246.268863,33.074000000
246.308937,33.075000000
246.308984,33.076000000
246.316068,33.077000000
246.341737,33.078000000
246.370980,33.079000000
246.405263,33.080000000
246.407676,33.081000000
246.409900,33.082000000
246.414077,33.083000000
246.441747,33.084000000
246.454272,33.085000000
246.456656,33.086000000
246.458987,33.087000000
246.483278,33.088000000
246.488801,33.089000000
246.502607,33.090000000
246.502656,33.091000000
246.520344,33.092000000
246.540596,33.093000000
246.547523,33.094000000
246.547568,33.095000000
246.556213,33.096000000
246.569287,33.097000000
246.576327,33.098000000
246.576369,33.099000000
246.584826,33.100000000
246.584871,33.101000000
246.619817,33.102000000
246.619866,33.103000000
246.634498,33.104000000
246.652069,33.105000000
246.652115,33.106000000
246.670916,33.107000000
246.680619,33.108000000
246.686436,33.109000000
246.699991,33.110000000
246.716546,33.111000000
246.721816,33.112000000
246.731499,33.113000000
246.733822,33.114000000
246.743573,33.115000000
246.755789,33.116000000
246.766266,33.117000000
246.769797,33.118000000
246.777020,33.119000000
246.788721,33.120000000
246.788768,33.121000000
246.813815,33.122000000
246.823300,33.123000000
246.829966,33.124000000
246.837744,33.125000000
246.844386,33.126000000
246.859616,33.127000000
246.859670,33.128000000
246.886893,33.129000000
246.886944,33.130000000
246.889690,33.131000000
246.918094,33.132000000
246.920401,33.133000000
246.929600,33.134000000
246.929668,33.135000000
246.947697,33.136000000
246.955543,33.137000000
246.980183,33.138000000
246.995551,33.139000000
246.995598,33.140000000
247.012471,33.141000000
247.028433,33.142000000
247.034813,33.143000000
247.047185,33.144000000
247.061263,33.145000000
247.073759,33.146000000
247.082189,33.147000000
247.087676,33.148000000
247.094023,33.149000000
247.094065,33.150000000
247.109616,33.151000000
247.109685,33.152000000
247.132768,33.153000000
247.132821,33.154000000
247.132831,33.155000000
247.165000,33.156000000
247.167585,33.157000000
247.187262,33.158000000
247.189829,33.159000000
247.195670,33.160000000
247.209428,33.161000000
247.218292,33.162000000
247.218340,33.163000000
247.227203,33.164000000
247.252029,33.165000000
247.267711,33.166000000
247.267793,33.167000000
247.267804,33.168000000
247.285806,33.169000000
247.294596,33.170000000
247.298848,33.171000000
247.325748,33.172000000
247.339779,33.173000000
247.339826,33.174000000
247.349605,33.175000000
247.370454,33.176000000
247.378411,33.177000000
247.390486,33.178000000
247.390530,33.179000000
247.422194,33.180000000
247.422887,33.181000000
247.427561,33.182000000
247.436087,33.183000000
247.438267,33.184000000
247.457788,33.185000000
247.457841,33.186000000
247.466965,33.187000000
247.473293,33.188000000
247.488603,33.189000000
247.513187,33.190000000
247.522404,33.191000000
247.525770,33.192000000
247.548025,33.193000000
247.548075,33.194000000
247.572402,33.195000000
247.572455,33.196000000
247.572502,33.197000000
247.598180,33.198000000
247.605595,33.199000000
247.605643,33.200000000
247.625593,33.201000000
247.628005,33.202000000
247.636321,33.203000000
247.669072,33.204000000
247.685746,33.205000000
247.694704,33.206000000
247.709804,33.207000000
247.725011,33.208000000
247.725061,33.209000000
247.744620,33.210000000
247.752225,33.211000000
247.757824,33.212000000
247.764693,33.213000000
247.770367,33.214000000
247.779503,33.215000000
247.791179,33.216000000
247.798176,33.217000000
247.810267,33.218000000
247.810313,33.219000000
247.835694,33.220000000
247.835744,33.221000000
247.850028,33.222000000
247.850079,33.223000000
247.850088,33.224000000
247.860596,33.225000000
247.868972,33.226000000
247.874552,33.227000000
247.896127,33.228000000
247.922976,33.229000000
247.923023,33.230000000
247.937334,33.231000000
247.937388,33.232000000
247.959743,33.233000000
247.990620,33.234000000
247.999691,33.235000000
248.010583,33.236000000
248.030329,33.237000000
248.030378,33.238000000
248.046102,33.239000000
248.046146,33.240000000
248.064671,33.241000000
248.082687,33.242000000
248.082733,33.243000000
248.092378,33.244000000
248.099728,33.245000000
248.099773,33.246000000
248.110373,33.247000000
248.110417,33.248000000
248.124570,33.249000000
248.144036,33.250000000
248.154447,33.251000000
248.154495,33.252000000
248.180050,33.253000000
248.185741,33.254000000
248.194721,33.255000000
248.197206,33.256000000
248.214040,33.257000000
248.222359,33.258000000
248.230608,33.259000000
248.230655,33.260000000
248.238951,33.261000000
248.277833,33.262000000
248.279620,33.263000000
248.289968,33.264000000
248.290025,33.265000000
248.290037,33.266000000
248.299283,33.267000000
248.313848,33.268000000
248.321995,33.269000000
248.322051,33.270000000
248.329810,33.271000000
248.354910,33.272000000
248.366103,33.273000000
248.376579,33.274000000
248.396786,33.275000000
248.406340,33.276000000
248.406406,33.277000000
248.418640,33.278000000
248.435879,33.279000000
248.435925,33.280000000
248.444751,33.281000000
248.464676,33.282000000
248.464721,33.283000000
248.479143,33.284000000
248.486983,33.285000000
248.498973,33.286000000
248.499046,33.287000000
248.507056,33.288000000
248.521463,33.289000000
248.521518,33.290000000
248.539290,33.291000000
248.539339,33.292000000
248.552360,33.293000000
248.560426,33.294000000
248.570720,33.295000000
248.581307,33.296000000
248.581383,33.297000000
248.595501,33.298000000
248.604870,33.299000000
248.606973,33.300000000
248.624052,33.301000000
248.624102,33.302000000
248.646864,33.303000000
248.658216,33.304000000
248.676508,33.305000000
248.676561,33.306000000
248.683645,33.307000000
248.690230,33.308000000
248.690280,33.309000000
248.708968,33.310000000
248.709020,33.311000000
248.709030,33.312000000
248.712354,33.313000000
248.719375,33.314000000
248.719425,33.315000000
248.719435,33.316000000
248.719479,33.317000000
248.727736,33.318000000
248.727783,33.319000000
248.727794,33.320000000
248.731109,33.321000000
248.731262,33.322000000
248.741462,33.323000000
248.741890,33.324000000
248.745693,33.325000000
248.752362,33.326000000
248.759902,33.327000000
248.762366,33.328000000
248.765848,33.329000000
248.774105,33.330000000
248.776438,33.331000000
248.782850,33.332000000
248.788870,33.333000000
248.790999,33.334000000
248.797668,33.335000000
248.806745,33.336000000
248.813458,33.337000000
248.815805,33.338000000
248.823207,33.339000000
248.841754,33.340000000
248.850242,33.341000000
248.860625,33.342000000
248.871886,33.343000000
248.877246,33.344000000
248.885268,33.345000000
248.894030,33.346000000
248.902750,33.347000000
248.917738,33.348000000
248.927787,33.349000000
248.935390,33.350000000
248.943811,33.351000000
248.961520,33.352000000
248.975198,33.353000000
248.985684,33.354000000
248.994140,33.355000000
249.003368,33.356000000
249.014368,33.357000000
249.020305,33.358000000
249.031706,33.359000000
249.047076,33.360000000
249.059699,33.361000000
249.075496,33.362000000
249.086009,33.363000000
249.099880,33.364000000
249.112181,33.365000000
249.125545,33.366000000
249.137879,33.367000000
249.152441,33.368000000
249.164200,33.369000000
249.176883,33.370000000
249.186396,33.371000000
249.195860,33.372000000
249.198911,33.373000000
249.210510,33.374000000
249.221204,33.375000000
249.232116,33.376000000
249.239294,33.377000000
249.257061,33.378000000
249.257125,33.379000000
249.257168,33.380000000
249.267241,33.381000000
249.267305,33.382000000
249.283298,33.383000000
249.293069,33.384000000
249.293136,33.385000000
249.293178,33.386000000
249.294560,33.387000000
249.307499,33.388000000
249.318708,33.389000000
249.328963,33.390000000
249.334579,33.391000000
249.351796,33.392000000
249.359170,33.393000000
249.377373,33.394000000
249.390613,33.395000000
249.393611,33.396000000
249.414728,33.397000000
249.423509,33.398000000
249.434532,33.399000000
249.442099,33.400000000
249.448292,33.401000000
249.463096,33.402000000
249.472379,33.403000000
249.481926,33.404000000
249.488245,33.405000000
249.499885,33.406000000
249.507925,33.407000000
249.515963,33.408000000
249.523781,33.409000000
249.543099,33.410000000
249.543717,33.411000000
249.543770,33.412000000
249.547964,33.413000000
249.555729,33.414000000
249.555785,33.415000000
249.555827,33.416000000
249.561841,33.417000000
249.562501,33.418000000
249.565033,33.419000000
249.575433,33.420000000
249.577258,33.421000000
249.577797,33.422000000
249.581426,33.423000000
249.581485,33.424000000
249.585442,33.425000000
249.605947,33.426000000
249.610397,33.427000000
249.610975,33.428000000
249.612031,33.429000000
249.618535,33.430000000
249.625817,33.431000000
249.625875,33.432000000
249.633464,33.433000000
249.634625,33.434000000
249.659847,33.435000000
249.668451,33.436000000
249.679966,33.437000000
249.681166,33.438000000
249.683069,33.439000000
249.691825,33.440000000
249.724165,33.441000000
249.724233,33.443000000
249.724278,33.444000000
249.724318,33.445000000
249.724356,33.446000000
249.724395,33.447000000
249.724463,33.448000000
249.726847,33.449000000
249.726910,33.450000000
249.726951,33.451000000
249.726989,33.452000000
249.728281,33.453000000
249.728330,33.454000000
249.728367,33.455000000
249.728403,33.456000000
249.728440,33.457000000
249.732023,33.458000000
249.732075,33.459000000
249.738325,33.460000000
249.750731,33.461000000
249.750796,33.462000000
249.751421,33.463000000
249.751470,33.464000000
249.751510,33.465000000
249.751548,33.466000000
249.754810,33.467000000
249.754893,33.468000000
249.757200,33.469000000
249.761169,33.470000000
249.761554,33.471000000
249.762809,33.472000000
249.763555,33.473000000
249.771304,33.474000000
249.771357,33.475000000
249.771398,33.476000000
249.771846,33.477000000
249.781054,33.478000000
249.781110,33.479000000
249.781636,33.480000000
249.781683,33.481000000
249.781722,33.482000000
249.782119,33.483000000
249.787444,33.484000000
249.805099,33.485000000
249.806048,33.486000000
249.820999,33.487000000
249.823578,33.488000000
249.839021,33.489000000
249.854300,33.490000000
249.865677,33.491000000
249.874725,33.492000000
249.880823,33.493000000
249.883096,33.494000000
249.910630,33.495000000
249.919619,33.496000000
249.928507,33.497000000
249.935438,33.498000000
249.944190,33.499000000
249.956344,33.500000000
249.964087,33.501000000
249.972659,33.502000000
249.987689,33.503000000
249.995143,33.504000000
249.999688,33.505000000
250.006971,33.506000000
250.009346,33.507000000
250.011906,33.508000000
250.019994,33.509000000
250.024852,33.510000000
250.031917,33.511000000
250.040481,33.512000000
250.051576,33.513000000
250.056472,33.514000000
250.073694,33.515000000
250.074224,33.516000000
250.074278,33.517000000
250.110870,33.518000000
250.116868,33.519000000
250.116933,33.520000000
250.128929,33.521000000
250.128997,33.522000000
250.142806,33.523000000
250.142870,33.524000000
250.142911,33.525000000
250.143456,33.526000000
250.145699,33.527000000
250.159781,33.528000000
250.160212,33.529000000
250.166703,33.530000000
250.166768,33.531000000
250.176786,33.532000000
250.176879,33.533000000
250.176938,33.534000000
250.177708,33.535000000
250.181525,33.536000000
250.181585,33.537000000
250.182055,33.538000000
250.197768,33.539000000
250.199443,33.540000000
250.200787,33.541000000
250.215560,33.542000000
250.215616,33.543000000
250.215657,33.544000000
250.215694,33.545000000
250.223663,33.546000000
250.224147,33.547000000
250.224233,33.548000000
250.224273,33.549000000
250.241102,33.550000000
250.241164,33.551000000
250.241745,33.552000000
250.247764,33.553000000
250.247821,33.554000000
250.247862,33.555000000
250.256892,33.556000000
250.256955,33.557000000
250.259185,33.558000000
250.261191,33.559000000
250.261544,33.560000000
250.270959,33.561000000
250.271378,33.562000000
250.271426,33.563000000
250.307669,33.564000000
250.319304,33.565000000
250.333819,33.566000000
250.343490,33.567000000
250.355597,33.568000000
250.366850,33.569000000
250.395136,33.570000000
250.402352,33.571000000
250.402856,33.572000000
250.406667,33.573000000
250.415911,33.574000000
250.416015,33.575000000
250.420260,33.576000000
250.425694,33.577000000
250.427987,33.578000000
250.436378,33.579000000
250.439453,33.580000000
250.443213,33.581000000
250.443536,33.582000000
250.449638,33.583000000
250.451322,33.584000000
250.452784,33.585000000
250.455935,33.586000000
250.491462,33.587000000
250.510941,33.588000000
250.529191,33.589000000
250.539525,33.590000000
250.545698,33.591000000
250.565024,33.592000000
250.571149,33.593000000
250.582011,33.594000000
250.589889,33.595000000
250.601397,33.596000000
250.621542,33.597000000
250.630423,33.598000000
250.652291,33.599000000
250.665113,33.600000000
250.679880,33.601000000
250.700015,33.602000000
250.714197,33.603000000
250.729867,33.604000000
250.743929,33.605000000
250.749091,33.606000000
250.761736,33.607000000
250.796075,33.608000000
250.801958,33.609000000
250.823937,33.610000000
250.848899,33.611000000
250.865232,33.612000000
250.876689,33.613000000
250.904481,33.614000000
250.933550,33.615000000
250.948857,33.616000000
250.968829,33.617000000
251.006498,33.618000000
251.018980,33.619000000
251.034448,33.620000000
251.046967,33.621000000
251.062778,33.622000000
251.075176,33.623000000
251.085512,33.624000000
251.104784,33.625000000
251.114314,33.626000000
251.116797,33.627000000
251.123888,33.628000000
251.129926,33.629000000
251.145866,33.630000000
251.181317,33.631000000
251.188612,33.632000000
251.206366,33.633000000
251.209037,33.634000000
251.216904,33.635000000
251.223850,33.636000000
251.259575,33.637000000
251.264110,33.638000000
251.266681,33.639000000
251.286728,33.640000000
251.293219,33.641000000
251.348798,33.642000000
251.363753,33.643000000
251.380685,33.644000000
251.381247,33.645000000
251.396500,33.646000000
251.400449,33.647000000
251.408486,33.648000000
251.415272,33.649000000
251.423022,33.650000000
251.427502,33.651000000
251.433866,33.652000000
251.456719,33.653000000
251.457372,33.654000000
251.457422,33.655000000
251.464082,33.656000000
251.470798,33.657000000
251.478366,33.658000000
251.478853,33.659000000
251.486455,33.660000000
251.492218,33.661000000
251.503560,33.662000000
251.504038,33.663000000
251.514518,33.664000000
251.514995,33.665000000
251.521322,33.666000000
251.530746,33.667000000
251.535949,33.668000000
251.548591,33.669000000
251.548658,33.670000000
251.549844,33.671000000
251.557935,33.672000000
251.566856,33.673000000
251.581792,33.674000000
251.582236,33.675000000
251.593799,33.676000000
251.602162,33.677000000
251.602524,33.678000000
251.611134,33.679000000
251.624030,33.680000000
251.624091,33.681000000
251.624590,33.682000000
251.632320,33.683000000
251.644078,33.684000000
251.644545,33.685000000
251.650557,33.686000000
251.665574,33.687000000
251.665674,33.688000000
251.665715,33.689000000
251.666485,33.690000000
251.671917,33.691000000
251.671970,33.692000000
251.672545,33.693000000
251.677165,33.694000000
251.677621,33.695000000
251.678033,33.696000000
251.685279,33.697000000
251.685359,33.698000000
251.685399,33.699000000
251.685899,33.700000000
251.689182,33.701000000
251.689616,33.702000000
251.691138,33.703000000
251.698123,33.704000000
251.698180,33.705000000
251.698670,33.706000000
251.699050,33.707000000
251.702307,33.708000000
251.704432,33.709000000
251.704480,33.710000000
251.708437,33.711000000
251.710929,33.712000000
251.711318,33.713000000
251.714039,33.714000000
251.714445,33.715000000
251.716415,33.716000000
251.720411,33.717000000
251.720477,33.718000000
251.722643,33.719000000
251.724531,33.720000000
251.725988,33.721000000
251.730350,33.722000000
251.730401,33.723000000
251.736194,33.724000000
251.736246,33.725000000
251.736995,33.726000000
251.739028,33.727000000
251.752075,33.728000000
251.760212,33.729000000
251.765628,33.730000000
251.772099,33.731000000
251.776834,33.732000000
251.787513,33.733000000
251.795171,33.734000000
251.798159,33.735000000
251.804620,33.736000000
251.814126,33.737000000
251.816796,33.738000000
251.819558,33.739000000
251.822254,33.740000000
251.826803,33.741000000
251.852669,33.742000000
251.854717,33.743000000
251.859401,33.744000000
251.869998,33.745000000
251.871460,33.746000000
251.886785,33.747000000
251.886873,33.748000000
251.886914,33.749000000
251.886952,33.750000000
251.886989,33.751000000
251.887026,33.752000000
251.887063,33.753000000
251.887099,33.754000000
251.887825,33.755000000
251.890670,33.756000000
251.893843,33.757000000
251.894232,33.758000000
251.905670,33.759000000
251.905731,33.760000000
251.905772,33.761000000
251.906408,33.762000000
251.906458,33.763000000
251.906494,33.764000000
251.909344,33.765000000
251.920729,33.766000000
251.924182,33.767000000
251.938750,33.768000000
251.939811,33.769000000
251.947554,33.770000000
251.955327,33.771000000
251.985636,33.772000000
251.985695,33.773000000
251.985733,33.774000000
251.985769,33.775000000
251.985805,33.776000000
252.005772,33.777000000
252.018076,33.778000000
252.040396,33.779000000
252.056391,33.780000000
252.056437,33.781000000
252.081596,33.782000000
252.083266,33.783000000
252.090626,33.784000000
252.103483,33.785000000
252.113523,33.786000000
252.121523,33.787000000
252.129375,33.788000000
252.136896,33.789000000
252.151371,33.790000000
252.165130,33.791000000
252.180732,33.792000000
252.182957,33.793000000
252.185032,33.794000000
252.191491,33.795000000
252.193552,33.796000000
252.195714,33.797000000
252.197789,33.798000000
252.203842,33.799000000
252.217392,33.800000000
252.224169,33.801000000
252.233976,33.802000000
252.235893,33.803000000
252.238904,33.804000000
252.244364,33.805000000
252.248742,33.806000000
252.251146,33.807000000
252.259452,33.808000000
252.263127,33.809000000
252.267432,33.810000000
252.270707,33.811000000
252.275147,33.812000000
252.284307,33.813000000
252.288109,33.814000000
252.290760,33.815000000
252.299350,33.816000000
252.304032,33.817000000
252.304428,33.818000000
252.308934,33.819000000
252.312482,33.820000000
252.318760,33.821000000
252.348938,33.822000000
252.354416,33.823000000
252.358607,33.824000000
252.366553,33.825000000
252.379093,33.826000000
252.387295,33.827000000
252.394746,33.828000000
252.407684,33.829000000
252.424147,33.830000000
252.435252,33.831000000
252.441077,33.832000000
252.448275,33.833000000
252.474026,33.834000000
252.481746,33.835000000
252.504964,33.836000000
252.510947,33.837000000
252.524062,33.838000000
252.535429,33.839000000
252.542594,33.840000000
252.548617,33.841000000
252.553333,33.842000000
252.564610,33.843000000
252.581730,33.844000000
252.597831,33.845000000
252.598363,33.846000000
252.601040,33.847000000
252.621657,33.848000000
252.632402,33.849000000
252.634768,33.850000000
252.638453,33.851000000
252.642715,33.852000000
252.656694,33.853000000
252.659908,33.854000000
252.662427,33.855000000
252.670014,33.856000000
252.672851,33.857000000
252.700444,33.858000000
252.712463,33.859000000
252.732189,33.860000000
252.742128,33.861000000
252.765248,33.862000000
252.765309,33.863000000
252.771532,33.864000000
252.783079,33.865000000
252.783136,33.866000000
252.794736,33.867000000
252.795669,33.868000000
252.806617,33.869000000
252.819185,33.870000000
252.836124,33.871000000
252.853506,33.872000000
252.861851,33.873000000
252.882028,33.874000000
252.887862,33.875000000
252.927942,33.876000000
252.936877,33.877000000
252.948848,33.878000000
252.960283,33.879000000
252.972862,33.880000000
252.985727,33.881000000
253.011326,33.882000000
253.037295,33.883000000
253.069726,33.884000000
253.097440,33.885000000
253.103897,33.886000000
253.123771,33.887000000
253.128116,33.888000000
253.146824,33.889000000
253.160719,33.890000000
253.166463,33.891000000
253.174642,33.892000000
253.203691,33.893000000
253.211213,33.894000000
253.220854,33.895000000
253.225259,33.896000000
253.252726,33.897000000
253.262219,33.898000000
253.274406,33.899000000
253.282510,33.900000000
253.294062,33.901000000
253.303679,33.902000000
253.318781,33.903000000
253.327531,33.904000000
253.340138,33.905000000
253.354446,33.906000000
253.375887,33.907000000
253.390037,33.908000000
253.426381,33.909000000
253.460259,33.910000000
253.474785,33.911000000
253.484866,33.912000000
253.495024,33.913000000
253.500092,33.914000000
253.521013,33.915000000
253.552018,33.916000000
253.554380,33.917000000
253.563796,33.918000000
253.574396,33.919000000
253.576757,33.920000000
253.604399,33.921000000
253.612415,33.922000000
253.620872,33.923000000
253.631868,33.924000000
253.639838,33.925000000
253.650680,33.926000000
253.661651,33.927000000
253.672464,33.928000000
253.691745,33.929000000
253.697779,33.930000000
253.707340,33.931000000
253.730983,33.932000000
253.736536,33.933000000
253.738911,33.934000000
253.742634,33.935000000
253.758938,33.936000000
253.763662,33.937000000
253.772970,33.938000000
253.793696,33.939000000
253.799028,33.940000000
253.807992,33.941000000
253.810366,33.942000000
253.821024,33.943000000
253.824166,33.944000000
253.826935,33.945000000
253.829508,33.946000000
253.832217,33.947000000
253.834476,33.948000000
253.836735,33.949000000
253.862663,33.950000000
253.867686,33.951000000
253.871225,33.952000000
253.873735,33.953000000
253.876099,33.954000000
253.881563,33.955000000
253.901855,33.956000000
253.911890,33.957000000
253.926906,33.958000000
253.939505,33.959000000
253.949112,33.960000000
253.972815,33.961000000
253.991409,33.962000000
254.006786,33.963000000
254.014409,33.964000000
254.022460,33.965000000
254.032018,33.966000000
254.039415,33.967000000
254.048721,33.968000000
254.056404,33.969000000
254.068739,33.970000000
254.075327,33.971000000
254.085647,33.972000000
254.091985,33.973000000
254.101194,33.974000000
254.109356,33.975000000
254.120689,33.976000000
254.130680,33.977000000
254.138820,33.978000000
254.151890,33.979000000
254.159867,33.980000000
254.168538,33.981000000
254.178136,33.982000000
254.186018,33.983000000
254.195641,33.984000000
254.205489,33.985000000
254.215229,33.986000000
254.238596,33.987000000
254.248466,33.988000000
254.261509,33.989000000
254.270870,33.990000000
254.281972,33.991000000
254.290847,33.992000000
254.302750,33.993000000
254.308604,33.994000000
254.317805,33.995000000
254.323528,33.996000000
254.334428,33.997000000
254.341393,33.998000000
254.349390,33.999000000
254.356169,34.000000000
254.366261,34.001000000
254.375285,34.002000000
254.381934,34.003000000
254.391760,34.004000000
254.400725,34.005000000
254.407330,34.006000000
254.417264,34.007000000
254.426430,34.008000000
254.435141,34.009000000
254.445076,34.010000000
254.454031,34.011000000
254.462043,34.012000000
254.471859,34.013000000
254.481739,34.014000000
254.489442,34.015000000
254.499160,34.016000000
254.509394,34.017000000
254.513499,34.018000000
254.517531,34.019000000
254.532290,34.020000000
254.539039,34.021000000
254.550757,34.022000000
254.556324,34.023000000
254.563924,34.024000000
254.573232,34.025000000
254.583080,34.026000000
254.592524,34.027000000
254.604611,34.028000000
254.615275,34.029000000
254.621180,34.030000000
254.629719,34.031000000
254.639174,34.032000000
254.647030,34.033000000
254.655366,34.034000000
254.664719,34.035000000
254.679844,34.036000000
254.686964,34.037000000
254.692773,34.038000000
254.700816,34.039000000
254.721503,34.040000000
254.728891,34.041000000
254.736324,34.042000000
254.747164,34.043000000
254.752803,34.044000000
254.761143,34.045000000
254.786818,34.046000000
254.794088,34.047000000
254.807708,34.048000000
254.812177,34.049000000
254.841491,34.050000000
254.852311,34.051000000
254.864703,34.052000000
254.876480,34.053000000
254.894643,34.054000000
254.916205,34.055000000
254.931281,34.056000000
254.948943,34.057000000
254.956792,34.058000000
254.967851,34.059000000
254.985333,34.060000000
254.995928,34.061000000
255.019083,34.062000000
255.025707,34.063000000
255.033295,34.064000000
255.056978,34.065000000
255.062538,34.066000000
255.072680,34.067000000
255.094298,34.068000000
255.098718,34.069000000
255.114920,34.070000000
255.120789,34.071000000
255.155640,34.072000000
255.164843,34.073000000
255.177150,34.074000000
255.191544,34.075000000
255.210464,34.076000000
255.221912,34.077000000
255.233820,34.078000000
255.243365,34.079000000
255.252399,34.080000000
255.269259,34.081000000
255.274849,34.082000000
255.281644,34.083000000
255.298894,34.084000000
255.319748,34.085000000
255.319808,34.086000000
255.343665,34.087000000
255.349864,34.088000000
255.356089,34.089000000
255.357060,34.090000000
255.375142,34.091000000
255.379428,34.092000000
255.385569,34.093000000
255.401738,34.094000000
255.406732,34.095000000
255.432239,34.096000000
255.435546,34.097000000
255.448539,34.098000000
255.458384,34.099000000
255.465305,34.100000000
255.474377,34.101000000
255.483104,34.102000000
255.493407,34.103000000
255.500898,34.104000000
255.509847,34.105000000
255.518871,34.106000000
255.529178,34.107000000
255.538350,34.108000000
255.541768,34.109000000
255.562436,34.110000000
255.571090,34.111000000
255.575248,34.112000000
255.594849,34.113000000
255.605080,34.114000000
255.605128,34.115000000
255.627279,34.116000000
255.631468,34.117000000
255.637936,34.118000000
255.660556,34.119000000
255.666883,34.120000000
255.673661,34.121000000
255.680939,34.122000000
255.684055,34.123000000
255.693168,34.124000000
255.693224,34.125000000
255.695562,34.126000000
255.709376,34.127000000
255.715449,34.128000000
255.721928,34.129000000
255.727411,34.130000000
255.734058,34.131000000
255.739982,34.132000000
255.747591,34.133000000
255.754149,34.134000000
255.771441,34.135000000
255.781695,34.136000000
255.789367,34.137000000
255.802666,34.138000000
255.808815,34.139000000
255.816637,34.140000000
255.824749,34.141000000
255.832030,34.142000000
255.840005,34.143000000
255.847263,34.144000000
255.853288,34.145000000
255.860283,34.146000000
255.865683,34.147000000
255.873505,34.148000000
255.879617,34.149000000
255.886027,34.150000000
255.891652,34.151000000
255.903168,34.152000000
255.922379,34.153000000
255.929685,34.154000000
255.953681,34.155000000
255.957950,34.156000000
255.963567,34.157000000
255.969993,34.158000000
255.982969,34.159000000
255.999160,34.160000000
256.001285,34.161000000
256.001783,34.162000000
256.009730,34.163000000
256.011303,34.164000000
256.028696,34.165000000
256.042664,34.166000000
256.042723,34.167000000
256.046992,34.168000000
256.047132,34.169000000
256.079232,34.170000000
256.111205,34.171000000
256.111293,34.172000000
256.111349,34.173000000
256.111392,34.174000000
256.111432,34.175000000
256.137625,34.176000000
256.142864,34.177000000
256.148079,34.178000000
256.153595,34.179000000
256.193550,34.180000000
256.220608,34.181000000
256.234617,34.182000000
256.248296,34.183000000
256.261183,34.184000000
256.271485,34.185000000
256.278351,34.186000000
256.286296,34.187000000
256.294909,34.188000000
256.317613,34.189000000
256.323672,34.190000000
256.336359,34.191000000
256.346890,34.192000000
256.350093,34.193000000
256.358608,34.194000000
256.361645,34.195000000
256.366421,34.196000000
256.387396,34.197000000
256.396603,34.198000000
256.414487,34.199000000
256.419234,34.200000000
256.422111,34.201000000
256.441268,34.202000000
256.465889,34.203000000
256.472165,34.204000000
256.475806,34.205000000
256.501761,34.206000000
256.515371,34.207000000
256.533083,34.208000000
256.537348,34.209000000
256.549499,34.210000000
256.559825,34.211000000
256.575688,34.212000000
256.583242,34.213000000
256.611409,34.214000000
256.620162,34.215000000
256.626934,34.216000000
256.658334,34.217000000
256.666550,34.218000000
256.673666,34.219000000
256.684199,34.220000000
256.696504,34.221000000
256.696869,34.222000000
256.720731,34.223000000
256.727502,34.224000000
256.730561,34.225000000
256.746708,34.226000000
256.756357,34.227000000
256.776277,34.228000000
256.780207,34.229000000
256.787468,34.230000000
256.792305,34.231000000
256.806533,34.232000000
256.813254,34.233000000
256.821281,34.234000000
256.825336,34.235000000
256.837730,34.236000000
256.849300,34.237000000
256.856139,34.238000000
256.862660,34.239000000
256.866913,34.240000000
256.894185,34.241000000
256.906427,34.242000000
256.917502,34.243000000
256.940714,34.244000000
256.959217,34.245000000
256.969946,34.246000000
256.983377,34.247000000
256.997723,34.248000000
257.009800,34.249000000
257.023205,34.250000000
257.031401,34.251000000
257.041170,34.252000000
257.055875,34.253000000
257.061406,34.254000000
257.074507,34.255000000
257.090374,34.256000000
257.102297,34.257000000
257.115521,34.258000000
257.136852,34.259000000
257.152373,34.260000000
257.162882,34.261000000
257.173751,34.262000000
257.177061,34.263000000
257.184795,34.264000000
257.193182,34.265000000
257.198753,34.266000000
257.203993,34.267000000
257.206592,34.268000000
257.209279,34.269000000
257.213509,34.270000000
257.216828,34.271000000
257.220170,34.272000000
257.243069,34.273000000
257.246210,34.274000000
257.254646,34.275000000
257.274765,34.276000000
257.283610,34.277000000
257.304361,34.278000000
257.325779,34.279000000
257.325839,34.280000000
257.325849,34.281000000
257.329032,34.282000000
257.329072,34.283000000
257.329081,34.284000000
257.338961,34.285000000
257.339014,34.286000000
257.339025,34.287000000
257.339061,34.288000000
257.349238,34.289000000
257.356886,34.290000000
257.362947,34.291000000
257.365418,34.292000000
257.402718,34.293000000
257.405407,34.294000000
257.410871,34.295000000
257.415599,34.296000000
257.418478,34.297000000
257.435924,34.298000000
257.440747,34.299000000
257.449494,34.300000000
257.482943,34.301000000
257.490731,34.302000000
257.500897,34.303000000
257.512949,34.304000000
257.520017,34.305000000
257.525926,34.306000000
257.538008,34.307000000
257.544830,34.308000000
257.553813,34.309000000
257.564884,34.310000000
257.571722,34.311000000
257.582522,34.312000000
257.600743,34.313000000
257.607211,34.314000000
257.617746,34.315000000
257.621227,34.316000000
257.636799,34.317000000
257.645705,34.318000000
257.651731,34.319000000
257.657902,34.320000000
257.663626,34.321000000
257.675611,34.322000000
257.693107,34.323000000
257.703329,34.324000000
257.722999,34.325000000
257.726077,34.326000000
257.744751,34.327000000
257.752197,34.328000000
257.781391,34.329000000
257.786053,34.330000000
257.795714,34.331000000
257.803501,34.332000000
257.809520,34.333000000
257.816602,34.334000000
257.823051,34.335000000
257.829910,34.336000000
257.841728,34.337000000
257.854052,34.338000000
257.859717,34.339000000
257.871437,34.340000000
257.875878,34.341000000
257.881437,34.342000000
257.883719,34.343000000
257.891426,34.344000000
257.895343,34.345000000
257.899618,34.346000000
257.905243,34.347000000
257.913113,34.348000000
257.925427,34.349000000
257.930118,34.350000000
257.961666,34.351000000
257.966524,34.352000000
257.973438,34.353000000
257.978291,34.354000000
257.984860,34.355000000
257.989080,34.356000000
257.996605,34.357000000
258.015368,34.358000000
258.023356,34.359000000
258.033203,34.360000000
258.049875,34.361000000
258.056261,34.362000000
258.060883,34.363000000
258.066347,34.364000000
258.076669,34.365000000
258.080724,34.366000000
258.109756,34.367000000
258.131042,34.368000000
258.138288,34.369000000
258.144851,34.370000000
258.153208,34.371000000
258.159322,34.372000000
258.163936,34.373000000
258.169813,34.374000000
258.176394,34.375000000
258.181579,34.376000000
258.194901,34.377000000
258.198871,34.378000000
258.205403,34.379000000
258.210349,34.380000000
258.216951,34.381000000
258.222921,34.382000000
258.229398,34.383000000
258.233953,34.384000000
258.241001,34.385000000
258.247456,34.386000000
258.253441,34.387000000
258.259447,34.388000000
258.264826,34.389000000
258.270521,34.390000000
258.277007,34.391000000
258.282399,34.392000000
258.289798,34.393000000
258.296798,34.394000000
258.301095,34.395000000
258.317067,34.396000000
258.325430,34.397000000
258.348529,34.398000000
258.352857,34.399000000
258.361889,34.400000000
258.362720,34.401000000
258.369361,34.402000000
258.400937,34.403000000
258.405490,34.404000000
258.413874,34.405000000
258.459168,34.406000000
258.472565,34.407000000
258.488210,34.408000000
258.493546,34.409000000
258.499763,34.410000000
258.505370,34.411000000
258.548151,34.412000000
258.552735,34.413000000
258.557366,34.414000000
258.562056,34.415000000
258.580502,34.416000000
258.599840,34.417000000
258.634479,34.418000000
258.645819,34.419000000
258.652948,34.420000000
258.659251,34.421000000
258.667123,34.422000000
258.674683,34.423000000
258.681907,34.424000000
258.690966,34.425000000
258.698270,34.426000000
258.706829,34.427000000
258.716159,34.428000000
258.724614,34.429000000
258.734228,34.430000000
258.741117,34.431000000
258.752647,34.432000000
258.761030,34.433000000
258.769644,34.434000000
258.779152,34.435000000
258.785908,34.436000000
258.807477,34.437000000
258.821913,34.438000000
258.833919,34.439000000
258.844997,34.440000000
258.856565,34.441000000
258.865950,34.442000000
258.877031,34.443000000
258.885127,34.444000000
258.896505,34.445000000
258.907054,34.446000000
258.916465,34.447000000
258.925194,34.448000000
258.935786,34.449000000
258.944650,34.450000000
258.954664,34.451000000
258.966310,34.452000000
258.973876,34.453000000
258.982079,34.454000000
258.991816,34.455000000
259.002009,34.456000000
259.009661,34.457000000
259.022558,34.458000000
259.031876,34.459000000
259.050849,34.460000000
259.060339,34.461000000
259.070751,34.462000000
259.080840,34.463000000
259.089902,34.464000000
259.100708,34.465000000
259.109806,34.466000000
259.121319,34.467000000
259.129044,34.468000000
259.142598,34.469000000
259.149218,34.470000000
259.158321,34.471000000
259.168556,34.472000000
259.177537,34.473000000
259.186069,34.474000000
259.194808,34.475000000
259.204538,34.476000000
259.212970,34.477000000
259.221018,34.478000000
259.230297,34.479000000
259.253635,34.480000000
259.267693,34.481000000
259.288395,34.482000000
259.297674,34.483000000
259.307345,34.484000000
259.319606,34.485000000
259.329490,34.486000000
259.340546,34.487000000
259.350819,34.488000000
259.363252,34.489000000
259.379868,34.490000000
259.399294,34.491000000
259.409454,34.492000000
259.419301,34.493000000
259.437375,34.494000000
259.455432,34.495000000
259.470367,34.496000000
259.471511,34.497000000
259.481748,34.498000000
259.516004,34.499000000
259.528751,34.500000000
259.537425,34.501000000
259.537472,34.502000000
259.537482,34.503000000
259.547960,34.504000000
259.559309,34.505000000
259.565995,34.506000000
259.578357,34.507000000
259.595251,34.508000000
259.605986,34.509000000
259.618594,34.510000000
259.627720,34.511000000
259.638131,34.512000000
259.643339,34.513000000
259.653293,34.514000000
259.653335,34.515000000
259.664446,34.516000000
259.664496,34.517000000
259.676152,34.518000000
259.676249,34.519000000
259.684790,34.520000000
259.684829,34.521000000
259.697209,34.522000000
259.697256,34.523000000
259.708693,34.524000000
259.708736,34.525000000
259.725391,34.526000000
259.725435,34.527000000
259.732997,34.528000000
259.757705,34.529000000
259.757760,34.530000000
259.757770,34.531000000
259.757779,34.532000000
259.757787,34.533000000
259.766412,34.534000000
259.775050,34.535000000
259.789498,34.536000000
259.789541,34.537000000
259.790334,34.538000000
259.800586,34.539000000
259.808275,34.540000000
259.812029,34.541000000
259.822260,34.542000000
259.834668,34.543000000
259.834713,34.544000000
259.834723,34.545000000
259.849832,34.546000000
259.856668,34.547000000
259.868486,34.548000000
259.868524,34.549000000
259.878122,34.550000000
259.878165,34.551000000
259.889653,34.552000000
259.897497,34.553000000
259.897536,34.554000000
259.907579,34.555000000
259.907620,34.556000000
259.916430,34.557000000
259.922501,34.558000000
259.937823,34.559000000
259.937871,34.560000000
259.944466,34.561000000
259.944504,34.562000000
259.969822,34.563000000
259.969867,34.564000000
259.980074,34.565000000
259.994977,34.566000000
259.995020,34.567000000
260.003597,34.568000000
260.014689,34.569000000
260.021400,34.570000000
260.030318,34.571000000
260.036633,34.572000000
260.041578,34.573000000
260.049659,34.574000000
260.049700,34.575000000
260.062778,34.576000000
260.062825,34.577000000
260.069944,34.578000000
260.080746,34.579000000
260.080793,34.580000000
260.080803,34.581000000
260.088751,34.582000000
260.097002,34.583000000
260.101984,34.584000000
260.107421,34.585000000
260.117960,34.586000000
260.127665,34.587000000
260.127738,34.588000000
260.133668,34.589000000
260.141985,34.590000000
260.143444,34.591000000
260.161159,34.592000000
260.161208,34.593000000
260.161218,34.594000000
260.166398,34.595000000
260.186291,34.596000000
260.192176,34.597000000
260.197761,34.598000000
260.203413,34.599000000
260.212101,34.600000000
260.217841,34.601000000
260.224297,34.602000000
260.231419,34.603000000
260.236006,34.604000000
260.239778,34.605000000
260.261440,34.606000000
260.261489,34.607000000
260.284900,34.608000000
260.284958,34.609000000
260.284970,34.610000000
260.287327,34.611000000
260.290243,34.612000000
260.319057,34.613000000
260.328597,34.614000000
260.328667,34.615000000
260.339538,34.616000000
260.344358,34.617000000
260.372195,34.618000000
260.372240,34.619000000
260.375386,34.620000000
260.377536,34.621000000
260.379858,34.622000000
260.393376,34.623000000
260.396220,34.624000000
260.403526,34.625000000
260.411830,34.626000000
260.426363,34.627000000
260.453268,34.628000000
260.463738,34.629000000
260.471974,34.630000000
260.482444,34.631000000
260.490172,34.632000000
260.493445,34.633000000
260.506141,34.634000000
260.513972,34.635000000
260.518425,34.636000000
260.527657,34.637000000
260.533902,34.638000000
260.546725,34.639000000
260.560724,34.640000000
260.562470,34.641000000
260.584400,34.642000000
260.598738,34.643000000
260.618984,34.644000000
260.633790,34.645000000
260.643236,34.646000000
260.645511,34.647000000
260.658213,34.648000000
260.673121,34.649000000
260.684550,34.650000000
260.688884,34.651000000
260.691456,34.652000000
260.693587,34.653000000
260.723492,34.654000000
260.741179,34.655000000
260.751702,34.656000000
260.759823,34.657000000
260.769126,34.658000000
260.779860,34.659000000
260.790408,34.660000000
260.801144,34.661000000
260.809258,34.662000000
260.826643,34.663000000
260.832052,34.664000000
260.844936,34.665000000
260.855502,34.666000000
260.865556,34.667000000
260.870031,34.668000000
260.878227,34.669000000
260.899372,34.670000000
260.901664,34.671000000
260.908314,34.672000000
260.913648,34.673000000
260.922174,34.674000000
260.922222,34.675000000
260.953156,34.676000000
260.958949,34.677000000
260.972959,34.678000000
260.980903,34.679000000
261.010568,34.680000000
261.020192,34.681000000
261.048178,34.682000000
261.056773,34.683000000
261.081197,34.684000000
261.096786,34.685000000
261.111775,34.686000000
261.128807,34.687000000
261.137612,34.688000000
261.152618,34.689000000
261.168616,34.690000000
261.168663,34.691000000
261.181198,34.692000000
261.191675,34.693000000
261.191715,34.694000000
261.212909,34.695000000
261.212956,34.696000000
261.228404,34.697000000
261.238183,34.698000000
261.248919,34.699000000
261.260807,34.700000000
261.260853,34.701000000
261.286187,34.702000000
261.286234,34.703000000
261.299608,34.704000000
261.302097,34.705000000
261.312330,34.706000000
261.329611,34.707000000
261.346224,34.708000000
261.358938,34.709000000
261.362661,34.710000000
261.369144,34.711000000
261.384039,34.712000000
261.384095,34.713000000
261.399823,34.714000000
261.409641,34.715000000
261.429395,34.716000000
261.429443,34.717000000
261.443205,34.718000000
261.465080,34.719000000
261.483936,34.720000000
261.486443,34.721000000
261.521051,34.722000000
261.536885,34.723000000
261.536931,34.724000000
261.571717,34.725000000
261.587330,34.726000000
261.621533,34.727000000
261.636303,34.728000000
261.641205,34.729000000
261.673772,34.730000000
261.685966,34.731000000
261.694575,34.732000000
261.713446,34.733000000
261.721731,34.734000000
261.749032,34.735000000
261.749089,34.736000000
261.749099,34.737000000
261.778450,34.738000000
261.792525,34.739000000
261.818566,34.740000000
261.843893,34.741000000
261.856802,34.742000000
261.863673,34.743000000
261.880600,34.744000000
261.889974,34.745000000
261.896017,34.746000000
261.897412,34.747000000
261.901357,34.748000000
261.905034,34.749000000
261.936376,34.750000000
261.952337,34.751000000
261.962348,34.752000000
261.968663,34.753000000
261.990865,34.754000000
262.001183,34.755000000
262.022455,34.756000000
262.031076,34.757000000
262.037247,34.758000000
262.042327,34.759000000
262.067344,34.760000000
262.073682,34.761000000
262.077739,34.762000000
262.085376,34.763000000
262.101408,34.764000000
262.107793,34.765000000
262.117122,34.766000000
262.141894,34.767000000
262.149239,34.768000000
262.161978,34.769000000
262.162019,34.770000000
262.165763,34.771000000
262.172993,34.772000000
262.187379,34.773000000
262.188328,34.774000000
262.196610,34.775000000
262.202589,34.776000000
262.216147,34.777000000
262.217262,34.778000000
262.229304,34.779000000
262.252666,34.780000000
262.271735,34.781000000
262.281994,34.782000000
262.299454,34.783000000
262.306125,34.784000000
262.313563,34.785000000
262.327366,34.786000000
262.331592,34.787000000
262.335717,34.788000000
262.359873,34.789000000
262.366239,34.790000000
262.370896,34.791000000
262.386087,34.792000000
262.392547,34.793000000
262.422259,34.794000000
262.427723,34.795000000
262.441449,34.796000000
262.447354,34.797000000
262.455808,34.798000000
262.463605,34.799000000
262.474044,34.800000000
262.482440,34.801000000
262.501963,34.802000000
262.509069,34.803000000
262.520842,34.804000000
262.528175,34.805000000
262.546210,34.806000000
262.556971,34.807000000
262.562402,34.808000000
262.577913,34.809000000
262.586190,34.810000000
262.590258,34.811000000
262.601755,34.812000000
262.608518,34.813000000
262.614648,34.814000000
262.644618,34.815000000
262.652643,34.816000000
262.661655,34.817000000
262.672939,34.818000000
262.705446,34.819000000
262.713590,34.820000000
262.720020,34.821000000
262.725666,34.822000000
262.736580,34.823000000
262.748674,34.824000000
262.752749,34.825000000
262.757638,34.826000000
262.766811,34.827000000
262.775367,34.828000000
262.783949,34.829000000
262.791754,34.830000000
262.798252,34.831000000
262.804770,34.832000000
262.827115,34.833000000
262.834210,34.834000000
262.852692,34.835000000
262.860423,34.836000000
262.866443,34.837000000
262.879599,34.838000000
262.887058,34.839000000
262.891220,34.840000000
262.912287,34.841000000
262.918073,34.842000000
262.924457,34.843000000
262.939106,34.844000000
262.942321,34.845000000
262.949844,34.846000000
262.979918,34.847000000
262.987301,34.848000000
263.001435,34.849000000
263.005196,34.850000000
263.017903,34.851000000
263.034174,34.852000000
263.051324,34.853000000
263.067745,34.854000000
263.102818,34.855000000
263.112668,34.856000000
263.123204,34.857000000
263.154618,34.858000000
263.166857,34.859000000
263.199493,34.860000000
263.239160,34.861000000
263.260632,34.862000000
263.272967,34.863000000
263.277421,34.864000000
263.311768,34.865000000
263.318420,34.866000000
263.320498,34.867000000
263.325988,34.868000000
263.330216,34.869000000
263.332622,34.870000000
263.339448,34.871000000
263.343521,34.872000000
263.347350,34.873000000
263.351493,34.874000000
263.357899,34.875000000
263.359963,34.876000000
263.369986,34.877000000
263.375909,34.878000000
263.377891,34.879000000
263.385516,34.880000000
263.389834,34.881000000
263.419037,34.882000000
263.427536,34.883000000
263.435982,34.884000000
263.442609,34.885000000
263.452586,34.886000000
263.460567,34.887000000
263.472084,34.888000000
263.501937,34.889000000
263.509888,34.890000000
263.523606,34.891000000
263.535256,34.892000000
263.543869,34.893000000
263.548304,34.894000000
263.550518,34.895000000
263.568460,34.896000000
263.583647,34.897000000
263.589569,34.898000000
263.604871,34.899000000
263.628973,34.900000000
263.634659,34.901000000
263.650892,34.902000000
263.655086,34.903000000
263.674219,34.904000000
263.676589,34.905000000
263.679410,34.906000000
263.698810,34.907000000
263.719377,34.908000000
263.729835,34.909000000
263.733825,34.910000000
263.762101,34.911000000
263.768409,34.912000000
263.791546,34.913000000
263.800314,34.914000000
263.804650,34.915000000
263.810628,34.916000000
263.820068,34.917000000
263.824610,34.918000000
263.833045,34.919000000
263.841843,34.920000000
263.866024,34.921000000
263.874132,34.922000000
263.882295,34.923000000
263.892226,34.924000000
263.899448,34.925000000
263.905810,34.926000000
263.907882,34.927000000
263.912158,34.928000000
263.918006,34.929000000
263.924544,34.930000000
263.926849,34.931000000
263.929667,34.932000000
263.958171,34.933000000
263.974183,34.934000000
263.981474,34.935000000
263.994045,34.936000000
263.995460,34.937000000
264.003054,34.938000000
264.007946,34.939000000
264.010293,34.940000000
264.012516,34.941000000
264.023238,34.942000000
264.027642,34.943000000
264.037900,34.944000000
264.040189,34.945000000
264.067505,34.946000000
264.067563,34.947000000
264.089530,34.948000000
264.091182,34.949000000
264.132536,34.950000000
264.149103,34.951000000
264.170793,34.952000000
264.192128,34.953000000
264.207597,34.954000000
264.228694,34.955000000
264.249396,34.956000000
264.283587,34.957000000
264.304780,34.958000000
264.304831,34.959000000
264.309066,34.960000000
264.317457,34.961000000
264.321378,34.962000000
264.327771,34.963000000
264.331392,34.964000000
264.334895,34.965000000
264.335726,34.966000000
264.348352,34.967000000
264.348439,34.968000000
264.348451,34.969000000
264.348460,34.970000000
264.353446,34.971000000
264.353945,34.972000000
264.354416,34.973000000
264.358281,34.974000000
264.369125,34.975000000
264.369190,34.976000000
264.369201,34.977000000
264.369239,34.978000000
264.372583,34.979000000
264.385432,34.980000000
264.385482,34.981000000
264.403996,34.982000000
264.436137,34.983000000
264.448801,34.984000000
264.470435,34.985000000
264.482872,34.986000000
264.486732,34.987000000
264.494963,34.988000000
264.498351,34.989000000
264.513909,34.990000000
264.519277,34.991000000
264.530590,34.992000000
264.533930,34.993000000
264.540618,34.994000000
264.573632,34.995000000
264.584089,34.996000000
264.600005,34.997000000
264.611508,34.998000000
264.621785,34.999000000
264.634135,35.000000000
264.640491,35.001000000
264.647132,35.002000000
264.660228,35.003000000
264.668969,35.004000000
264.677465,35.005000000
264.681618,35.006000000
264.688994,35.007000000
264.723174,35.008000000
264.732512,35.009000000
264.759972,35.010000000
264.768068,35.011000000
264.781708,35.012000000
264.795628,35.013000000
264.804496,35.014000000
264.815280,35.015000000
264.843774,35.016000000
264.847810,35.017000000
264.851604,35.018000000
264.864923,35.019000000
264.867219,35.020000000
264.890110,35.021000000
264.898674,35.022000000
264.906577,35.023000000
264.913206,35.024000000
264.920422,35.025000000
264.929912,35.026000000
264.943395,35.027000000
264.955482,35.028000000
264.971750,35.029000000
264.987628,35.030000000
264.998842,35.031000000
265.008333,35.032000000
265.015646,35.033000000
265.022110,35.034000000
265.025847,35.035000000
265.028778,35.036000000
265.067682,35.037000000
265.093926,35.038000000
265.104966,35.039000000
265.128485,35.040000000
265.133753,35.041000000
265.155534,35.042000000
265.170811,35.043000000
265.176525,35.044000000
265.207715,35.045000000
265.219960,35.046000000
265.226403,35.047000000
265.231143,35.048000000
265.253765,35.049000000
265.285903,35.050000000
265.307668,35.051000000
265.329654,35.052000000
265.340949,35.053000000
265.356659,35.054000000
265.369293,35.055000000
265.387676,35.056000000
265.403131,35.057000000
265.417753,35.058000000
265.428631,35.059000000
265.437879,35.060000000
265.443611,35.061000000
265.471484,35.062000000
265.481652,35.063000000
265.504619,35.064000000
265.525755,35.065000000
265.545549,35.066000000
265.555813,35.067000000
265.581382,35.068000000
265.605141,35.069000000
265.609712,35.070000000
265.632526,35.071000000
265.647080,35.072000000
265.652445,35.073000000
265.657545,35.074000000
265.670406,35.075000000
265.680806,35.076000000
265.688698,35.077000000
265.695282,35.078000000
265.701865,35.079000000
265.709443,35.080000000
265.722487,35.081000000
265.731340,35.082000000
265.752143,35.083000000
265.765467,35.084000000
265.770870,35.085000000
265.795870,35.086000000
265.806812,35.087000000
265.812965,35.088000000
265.831481,35.089000000
265.835548,35.090000000
265.843313,35.091000000
265.869429,35.092000000
265.874479,35.093000000
265.887657,35.094000000
265.905690,35.095000000
265.909680,35.096000000
265.910265,35.097000000
265.914520,35.098000000
265.949980,35.099000000
265.967794,35.100000000
265.989220,35.101000000
265.992909,35.102000000
266.003598,35.103000000
266.007656,35.104000000
266.015567,35.105000000
266.025457,35.106000000
266.035219,35.107000000
266.045752,35.108000000
266.056622,35.109000000
266.068508,35.110000000
266.079432,35.111000000
266.090294,35.112000000
266.094133,35.113000000
266.096335,35.114000000
266.105784,35.115000000
266.107861,35.116000000
266.132807,35.117000000
266.136937,35.118000000
266.144453,35.119000000
266.174380,35.120000000
266.178546,35.121000000
266.185643,35.122000000
266.200383,35.123000000
266.205602,35.124000000
266.212760,35.125000000
266.238653,35.126000000
266.240909,35.127000000
266.251767,35.128000000
266.263706,35.129000000
266.275304,35.130000000
266.309347,35.131000000
266.313331,35.132000000
266.326394,35.133000000
266.334433,35.134000000
266.340801,35.135000000
266.358805,35.136000000
266.358867,35.137000000
266.358911,35.138000000
266.358921,35.139000000
266.358930,35.140000000
266.364510,35.141000000
266.370707,35.142000000
266.370752,35.143000000
266.377845,35.144000000
266.377911,35.145000000
266.383258,35.146000000
266.383541,35.147000000
266.385053,35.148000000
266.386808,35.149000000
266.392570,35.150000000
266.410178,35.151000000
266.410228,35.152000000
266.414058,35.153000000
266.419706,35.154000000
266.421612,35.155000000
266.423682,35.156000000
266.431807,35.157000000
266.447004,35.158000000
266.449156,35.159000000
266.454306,35.160000000
266.456848,35.161000000
266.459709,35.162000000
266.470207,35.163000000
266.472529,35.164000000
266.482000,35.165000000
266.494605,35.166000000
266.502650,35.167000000
266.510389,35.168000000
266.521870,35.169000000
266.527268,35.170000000
266.543458,35.171000000
266.555534,35.172000000
266.559415,35.173000000
266.563587,35.174000000
266.580639,35.175000000
266.593085,35.176000000
266.600501,35.177000000
266.612208,35.178000000
266.622956,35.179000000
266.636794,35.180000000
266.650982,35.181000000
266.659582,35.182000000
266.674849,35.183000000
266.675162,35.184000000
266.677904,35.185000000
266.680754,35.186000000
266.687330,35.187000000
266.704471,35.188000000
266.704528,35.189000000
266.712375,35.190000000
266.722309,35.191000000
266.727048,35.192000000
266.729437,35.193000000
266.747155,35.194000000
266.750056,35.195000000
266.769487,35.196000000
266.778781,35.197000000
266.791719,35.198000000
266.817770,35.199000000
266.823308,35.200000000
266.828773,35.201000000
266.833244,35.202000000
266.843585,35.203000000
266.847288,35.204000000
266.855455,35.205000000
266.861644,35.206000000
266.865446,35.207000000
266.869587,35.208000000
266.873116,35.209000000
266.877353,35.210000000
266.881541,35.211000000
266.886268,35.212000000
266.891601,35.213000000
266.900543,35.214000000
266.907872,35.215000000
266.912139,35.216000000
266.912535,35.217000000
266.916853,35.218000000
266.922194,35.219000000
266.926190,35.220000000
266.928285,35.221000000
266.930675,35.222000000
266.942525,35.223000000
266.947167,35.224000000
266.961650,35.225000000
266.969100,35.226000000
266.973127,35.227000000
266.980891,35.228000000
267.005102,35.229000000
267.010172,35.230000000
267.017135,35.231000000
267.022921,35.232000000
267.035527,35.233000000
267.047043,35.234000000
267.048991,35.235000000
267.066565,35.236000000
267.081876,35.237000000
267.090784,35.238000000
267.102376,35.239000000
267.110278,35.240000000
267.115883,35.241000000
267.121115,35.242000000
267.137046,35.243000000
267.157937,35.244000000
267.168485,35.245000000
267.179289,35.246000000
267.201438,35.247000000
267.214116,35.248000000
267.246988,35.249000000
267.253608,35.250000000
267.255445,35.251000000
267.257945,35.252000000
267.261641,35.253000000
267.268001,35.254000000
267.283210,35.255000000
267.286724,35.256000000
267.300015,35.257000000
267.301525,35.258000000
267.315871,35.259000000
267.331984,35.260000000
267.333424,35.261000000
267.338709,35.262000000
267.340237,35.263000000
267.343823,35.264000000
267.347972,35.265000000
267.355757,35.266000000
267.357424,35.267000000
267.364139,35.268000000
267.365552,35.269000000
267.367126,35.270000000
267.369452,35.271000000
267.373571,35.272000000
267.374950,35.273000000
267.381459,35.274000000
267.394658,35.275000000
267.396269,35.276000000
267.399095,35.277000000
267.400771,35.278000000
267.403170,35.279000000
267.405291,35.280000000
267.411503,35.281000000
267.415331,35.282000000
267.415730,35.283000000
267.419978,35.284000000
267.424444,35.285000000
267.425763,35.286000000
267.447754,35.287000000
267.449622,35.288000000
267.457127,35.289000000
267.461163,35.290000000
267.462677,35.291000000
267.464177,35.292000000
267.465461,35.293000000
267.467315,35.294000000
267.469539,35.295000000
267.470868,35.296000000
267.485524,35.297000000
267.487427,35.298000000
267.489471,35.299000000
267.491774,35.300000000
267.497260,35.301000000
267.500749,35.302000000
267.507294,35.303000000
267.509577,35.304000000
267.517541,35.305000000
267.539152,35.306000000
267.542762,35.307000000
267.552167,35.308000000
267.560756,35.309000000
267.567386,35.310000000
267.581822,35.311000000
267.587914,35.312000000
267.612461,35.313000000
267.615960,35.314000000
267.620773,35.315000000
267.633011,35.316000000
267.654020,35.317000000
267.663293,35.318000000
267.684606,35.319000000
267.684921,35.320000000
267.686176,35.321000000
267.693303,35.322000000
267.705951,35.323000000
267.707551,35.324000000
267.716164,35.325000000
267.724207,35.326000000
267.739339,35.327000000
267.753259,35.328000000
267.753338,35.329000000
267.753380,35.330000000
267.753420,35.331000000
267.758297,35.332000000
267.758654,35.333000000
267.764381,35.334000000
267.783229,35.335000000
267.809062,35.336000000
267.815128,35.337000000
267.823833,35.338000000
267.833374,35.339000000
267.842274,35.340000000
267.851372,35.341000000
267.855151,35.342000000
267.878280,35.343000000
267.882149,35.344000000
267.891704,35.345000000
267.894048,35.346000000
267.928684,35.347000000
267.931142,35.348000000
267.941754,35.349000000
267.959843,35.350000000
267.962564,35.351000000
267.982977,35.352000000
268.004630,35.353000000
268.013347,35.354000000
268.029126,35.355000000
268.038085,35.356000000
268.048330,35.357000000
268.065908,35.358000000
268.067066,35.359000000
268.069329,35.360000000
268.076531,35.361000000
268.086578,35.362000000
268.089024,35.363000000
268.100200,35.364000000
268.105564,35.365000000
268.116971,35.366000000
268.125675,35.367000000
268.133575,35.368000000
268.144486,35.369000000
268.153201,35.370000000
268.165809,35.371000000
268.168649,35.372000000
268.180280,35.373000000
268.205748,35.374000000
268.205820,35.375000000
268.205863,35.376000000
268.206396,35.377000000
268.228145,35.378000000
268.245532,35.379000000
268.245590,35.380000000
268.245749,35.381000000
268.245791,35.382000000
268.254083,35.383000000
268.254139,35.384000000
268.286654,35.385000000
268.300922,35.386000000
268.300977,35.387000000
268.301043,35.388000000
268.316119,35.389000000
268.331946,35.390000000
268.332004,35.391000000
268.332044,35.392000000
268.341519,35.393000000
268.341575,35.394000000
268.372602,35.395000000
268.386366,35.396000000
268.386421,35.397000000
268.386486,35.398000000
268.387712,35.399000000
268.406710,35.400000000
268.422407,35.401000000
268.433030,35.402000000
268.470960,35.403000000
268.477500,35.404000000
268.477557,35.405000000
268.488992,35.406000000
268.500495,35.407000000
268.508707,35.408000000
268.521465,35.409000000
268.521523,35.410000000
268.536545,35.411000000
268.537760,35.412000000
268.552708,35.413000000
268.553110,35.414000000
268.567672,35.415000000
268.570730,35.416000000
268.581737,35.417000000
268.582141,35.418000000
268.590854,35.419000000
268.600999,35.420000000
268.609675,35.421000000
268.610246,35.422000000
268.620675,35.423000000
268.621062,35.424000000
268.629292,35.425000000
268.636709,35.426000000
268.646326,35.427000000
268.672340,35.428000000
268.672406,35.429000000
268.673568,35.430000000
268.709419,35.431000000
268.722383,35.432000000
268.733730,35.433000000
268.753790,35.434000000
268.765085,35.435000000
268.774707,35.436000000
268.778525,35.437000000
268.805890,35.438000000
268.810606,35.439000000
268.822501,35.440000000
268.836838,35.441000000
268.840381,35.442000000
268.896063,35.443000000
268.905718,35.444000000
268.919787,35.445000000
268.919827,35.446000000
268.920678,35.447000000
268.930383,35.448000000
268.941571,35.449000000
268.946926,35.450000000
268.959219,35.451000000
268.959259,35.452000000
268.970543,35.453000000
268.976613,35.454000000
268.996744,35.455000000
268.997247,35.456000000
268.997295,35.457000000
269.010183,35.458000000
269.035774,35.459000000
269.049884,35.460000000
269.052695,35.461000000
269.088970,35.462000000
269.098711,35.463000000
269.104195,35.464000000
269.127493,35.465000000
269.147091,35.466000000
269.156571,35.467000000
269.171446,35.468000000
269.187580,35.469000000
269.194120,35.470000000
269.213979,35.471000000
269.229187,35.472000000
269.267542,35.473000000
269.270200,35.474000000
269.277724,35.475000000
269.295517,35.476000000
269.306648,35.477000000
269.319395,35.478000000
269.331491,35.479000000
269.346735,35.480000000
269.360915,35.481000000
269.370299,35.482000000
269.379999,35.483000000
269.382385,35.484000000
269.384530,35.485000000
269.388805,35.486000000
269.396001,35.487000000
269.398278,35.488000000
269.406550,35.489000000
269.408786,35.490000000
269.415826,35.491000000
269.418044,35.492000000
269.425875,35.493000000
269.428197,35.494000000
269.437833,35.495000000
269.440183,35.496000000
269.442455,35.497000000
269.451614,35.498000000
269.458053,35.499000000
269.469145,35.500000000
269.477792,35.501000000
269.500150,35.502000000
269.504051,35.503000000
269.516120,35.504000000
269.519246,35.505000000
269.540842,35.506000000
269.559653,35.507000000
269.577103,35.508000000
269.579988,35.509000000
269.613833,35.510000000
269.619751,35.511000000
269.626637,35.512000000
269.626704,35.513000000
269.626746,35.514000000
269.631156,35.515000000
269.631536,35.516000000
269.634587,35.517000000
269.647367,35.518000000
269.653419,35.519000000
269.661185,35.520000000
269.669348,35.521000000
269.672224,35.522000000
269.680999,35.523000000
269.681047,35.524000000
269.687716,35.525000000
269.696792,35.526000000
269.696845,35.527000000
269.710946,35.528000000
269.724221,35.529000000
269.732487,35.530000000
269.752644,35.531000000
269.763105,35.532000000
269.769970,35.533000000
269.783279,35.534000000
269.794122,35.535000000
269.796449,35.536000000
269.799802,35.537000000
269.806407,35.538000000
269.822307,35.539000000
269.826151,35.540000000
269.836501,35.541000000
269.841819,35.542000000
269.845956,35.543000000
269.874508,35.544000000
269.882724,35.545000000
269.889842,35.546000000
269.896104,35.547000000
269.917584,35.548000000
269.922078,35.549000000
269.929439,35.550000000
269.940035,35.551000000
269.946686,35.552000000
269.952001,35.553000000
269.968982,35.554000000
269.973466,35.555000000
269.978043,35.556000000
269.982260,35.557000000
270.009918,35.558000000
270.013712,35.559000000
270.035170,35.560000000
270.044831,35.561000000
270.048769,35.562000000
270.062083,35.563000000
270.072385,35.564000000
270.074605,35.565000000
270.100088,35.566000000
270.104513,35.567000000
270.108448,35.568000000
270.122430,35.569000000
270.129743,35.570000000
270.157926,35.571000000
270.163717,35.572000000
270.176800,35.573000000
270.181545,35.574000000
270.191912,35.575000000
270.197986,35.576000000
270.205220,35.577000000
270.212672,35.578000000
270.224000,35.579000000
270.230541,35.580000000
270.241279,35.581000000
270.248437,35.582000000
270.265619,35.583000000
270.277436,35.584000000
270.282012,35.585000000
270.308637,35.586000000
270.315395,35.587000000
270.322653,35.588000000
270.333912,35.589000000
270.339424,35.590000000
270.341831,35.591000000
270.347161,35.592000000
270.370739,35.593000000
270.375772,35.594000000
270.391155,35.595000000
270.395701,35.596000000
270.405177,35.597000000
270.428243,35.598000000
270.440676,35.599000000
270.444285,35.600000000
270.456712,35.601000000
270.464021,35.602000000
270.473115,35.603000000
270.485832,35.604000000
270.492639,35.605000000
270.500304,35.606000000
270.511969,35.607000000
270.519922,35.608000000
270.532537,35.609000000
270.537468,35.610000000
270.558221,35.611000000
270.567594,35.612000000
270.571895,35.613000000
270.592440,35.614000000
270.596557,35.615000000
270.602628,35.616000000
270.607815,35.617000000
270.616613,35.618000000
270.621168,35.619000000
270.630014,35.620000000
270.652689,35.621000000
270.670544,35.622000000
270.674496,35.623000000
270.677935,35.624000000
270.713607,35.625000000
270.722646,35.626000000
270.727019,35.627000000
270.732324,35.628000000
270.746205,35.629000000
270.754165,35.630000000
270.760099,35.631000000
270.766644,35.632000000
270.779771,35.633000000
270.786192,35.634000000
270.797479,35.635000000
270.803805,35.636000000
270.808752,35.637000000
270.815719,35.638000000
270.842524,35.639000000
270.850160,35.640000000
270.873518,35.641000000
270.875834,35.642000000
270.882134,35.643000000
270.896604,35.644000000
270.900666,35.645000000
270.908415,35.646000000
270.912015,35.647000000
270.936147,35.648000000
270.943338,35.649000000
270.955807,35.650000000
270.962604,35.651000000
270.968642,35.652000000
270.992697,35.653000000
271.000134,35.654000000
271.005706,35.655000000
271.019767,35.656000000
271.029536,35.657000000
271.035906,35.658000000
271.046416,35.659000000
271.053066,35.660000000
271.061557,35.661000000
271.066029,35.662000000
271.080115,35.663000000
271.094412,35.664000000
271.111054,35.665000000
271.129923,35.666000000
271.134927,35.667000000
271.154542,35.668000000
271.167526,35.669000000
271.169930,35.670000000
271.178542,35.671000000
271.191013,35.672000000
271.197865,35.673000000
271.222991,35.674000000
271.228325,35.675000000
271.241891,35.676000000
271.246299,35.677000000
271.254378,35.678000000
271.285995,35.679000000
271.292762,35.680000000
271.304842,35.681000000
271.320734,35.682000000
271.325435,35.683000000
271.336142,35.684000000
271.346457,35.685000000
271.356675,35.686000000
271.371407,35.687000000
271.379465,35.688000000
271.389994,35.689000000
271.398945,35.690000000
271.410363,35.691000000
271.436182,35.692000000
271.439708,35.693000000
271.448013,35.694000000
271.454235,35.695000000
271.466808,35.696000000
271.475699,35.697000000
271.476521,35.698000000
271.483849,35.699000000
271.498987,35.700000000
271.504572,35.701000000
271.539766,35.702000000
271.544696,35.703000000
271.565295,35.704000000
271.569581,35.705000000
271.586866,35.706000000
271.586936,35.707000000
271.587016,35.708000000
271.587056,35.709000000
271.587538,35.710000000
271.592285,35.711000000
271.592688,35.712000000
271.592743,35.713000000
271.617947,35.714000000
271.620271,35.715000000
271.634931,35.716000000
271.647621,35.717000000
271.653530,35.718000000
271.669447,35.719000000
271.681494,35.720000000
271.687882,35.721000000
271.697196,35.722000000
271.712179,35.723000000
271.716494,35.724000000
271.727062,35.725000000
271.733472,35.726000000
271.750862,35.727000000
271.751259,35.728000000
271.764247,35.729000000
271.765827,35.730000000
271.777614,35.731000000
271.781739,35.732000000
271.804389,35.733000000
271.807024,35.734000000
271.817355,35.735000000
271.825516,35.736000000
271.827825,35.737000000
271.836019,35.738000000
271.838291,35.739000000
271.855735,35.740000000
271.856704,35.741000000
271.868802,35.742000000
271.875350,35.743000000
271.878779,35.744000000
271.913670,35.745000000
271.924989,35.746000000
271.943517,35.747000000
271.947061,35.748000000
271.955456,35.749000000
271.959383,35.750000000
271.979579,35.751000000
271.996027,35.752000000
272.010935,35.753000000
272.019469,35.754000000
272.026929,35.755000000
272.038526,35.756000000
272.046328,35.757000000
272.056324,35.758000000
272.080465,35.759000000
272.080530,35.760000000
272.085190,35.761000000
272.091627,35.762000000
272.117476,35.763000000
272.131663,35.764000000
272.139333,35.765000000
272.146543,35.766000000
272.148712,35.767000000
272.154909,35.768000000
272.178929,35.769000000
272.183202,35.770000000
272.193210,35.771000000
272.204522,35.772000000
272.216712,35.773000000
272.252631,35.774000000
272.255011,35.775000000
272.266260,35.776000000
272.272295,35.777000000
272.281368,35.778000000
272.294981,35.779000000
272.305995,35.780000000
272.315017,35.781000000
272.330833,35.782000000
272.333292,35.783000000
272.335773,35.784000000
272.347633,35.785000000
272.354023,35.786000000
272.360724,35.787000000
272.363352,35.788000000
272.368802,35.789000000
272.384870,35.790000000
272.388997,35.791000000
272.394403,35.792000000
272.397666,35.793000000
272.404058,35.794000000
272.408659,35.795000000
272.412896,35.796000000
272.424048,35.797000000
272.427800,35.798000000
272.430627,35.799000000
272.439158,35.800000000
272.441421,35.801000000
272.443733,35.802000000
272.447047,35.803000000
272.449762,35.804000000
272.458011,35.805000000
272.462670,35.806000000
272.464912,35.807000000
272.470015,35.808000000
272.472332,35.809000000
272.474553,35.810000000
272.476964,35.811000000
272.479153,35.812000000
272.486569,35.813000000
272.493361,35.814000000
272.516396,35.815000000
272.528192,35.816000000
272.538787,35.817000000
272.544458,35.818000000
272.567150,35.819000000
272.592701,35.820000000
272.614787,35.821000000
272.619489,35.822000000
272.641055,35.823000000
272.657522,35.824000000
272.657635,35.825000000
272.674868,35.826000000
272.681169,35.827000000
272.697014,35.828000000
272.706173,35.829000000
272.706232,35.830000000
272.713884,35.831000000
272.718450,35.832000000
272.739387,35.833000000
272.748311,35.834000000
272.752882,35.835000000
272.774994,35.836000000
272.780795,35.837000000
272.791774,35.838000000
272.819056,35.839000000
272.824464,35.840000000
272.826811,35.841000000
272.829066,35.842000000
272.835544,35.843000000
272.864587,35.844000000
272.870219,35.845000000
272.875907,35.846000000
272.908593,35.847000000
272.917135,35.848000000
272.941529,35.849000000
272.951251,35.850000000
272.957042,35.851000000
272.989655,35.852000000
273.000171,35.853000000
273.005932,35.854000000
273.017552,35.855000000
273.021161,35.856000000
273.025918,35.857000000
273.029100,35.858000000
273.033311,35.859000000
273.037767,35.860000000
273.045213,35.861000000
273.047546,35.862000000
273.051742,35.863000000
273.056957,35.864000000
273.062542,35.865000000
273.073209,35.866000000
273.077492,35.867000000
273.089664,35.868000000
273.098574,35.869000000
273.113052,35.870000000
273.119908,35.871000000
273.124436,35.872000000
273.143889,35.873000000
273.150043,35.874000000
273.156269,35.875000000
273.159032,35.876000000
273.162652,35.877000000
273.165078,35.878000000
273.167644,35.879000000
273.169887,35.880000000
273.171995,35.881000000
273.174287,35.882000000
273.192814,35.883000000
273.195160,35.884000000
273.197389,35.885000000
273.200209,35.886000000
273.203156,35.887000000
273.205425,35.888000000
273.213392,35.889000000
273.215671,35.890000000
273.217873,35.891000000
273.220165,35.892000000
273.250645,35.893000000
273.262221,35.894000000
273.264505,35.895000000
273.267964,35.896000000
273.279415,35.897000000
273.284368,35.898000000
273.297206,35.899000000
273.299518,35.900000000
273.303642,35.901000000
273.311613,35.902000000
273.317914,35.903000000
273.321465,35.904000000
273.331517,35.905000000
273.337693,35.906000000
273.340221,35.907000000
273.342678,35.908000000
273.349321,35.909000000
273.351616,35.910000000
273.353726,35.911000000
273.357704,35.912000000
273.359846,35.913000000
273.378009,35.914000000
273.380338,35.915000000
273.385851,35.916000000
273.388510,35.917000000
273.394875,35.918000000
273.397147,35.919000000
273.412149,35.920000000
273.426524,35.921000000
273.428884,35.922000000
273.433519,35.923000000
273.441661,35.924000000
273.444013,35.925000000
273.454312,35.926000000
273.456615,35.927000000
273.462923,35.928000000
273.467632,35.929000000
273.472578,35.930000000
273.493098,35.931000000
273.500705,35.932000000
273.503324,35.933000000
273.523140,35.934000000
273.525548,35.935000000
273.527849,35.936000000
273.531043,35.937000000
273.538065,35.938000000
273.586124,35.939000000
273.592325,35.940000000
273.609449,35.941000000
273.615901,35.942000000
273.634513,35.943000000
273.650316,35.944000000
273.652654,35.945000000
273.669238,35.946000000
273.671618,35.947000000
273.680855,35.948000000
273.685437,35.949000000
273.698318,35.950000000
273.704370,35.951000000
273.706822,35.952000000
273.709012,35.953000000
273.717032,35.954000000
273.719683,35.955000000
273.721853,35.956000000
273.724036,35.957000000
273.726202,35.958000000
273.733383,35.959000000
273.737718,35.960000000
273.750739,35.961000000
273.758819,35.962000000
273.762144,35.963000000
273.770360,35.964000000
273.798778,35.965000000
273.798837,35.966000000
273.816785,35.967000000
273.833658,35.968000000
273.833714,35.969000000
273.833754,35.970000000
273.857980,35.971000000
273.884235,35.972000000
273.895785,35.973000000
273.895855,35.974000000
273.895900,35.975000000
273.895938,35.976000000
273.896794,35.977000000
273.920703,35.978000000
273.927814,35.979000000
273.946121,35.980000000
273.954177,35.981000000
273.971248,35.982000000
273.984794,35.983000000
273.992647,35.984000000
274.004693,35.985000000
274.017316,35.986000000
274.026610,35.987000000
274.039625,35.988000000
274.044086,35.989000000
274.062334,35.990000000
274.075644,35.991000000
274.084630,35.992000000
274.107311,35.993000000
274.121787,35.994000000
274.145722,35.995000000
274.153125,35.996000000
274.163742,35.997000000
274.176027,35.998000000
274.185275,35.999000000
274.192164,36.000000000
274.198211,36.001000000
274.226593,36.002000000
274.234289,36.003000000
274.253521,36.004000000
274.258648,36.005000000
274.265432,36.006000000
274.309472,36.007000000
274.321385,36.008000000
274.333794,36.009000000
274.344483,36.010000000
274.356538,36.011000000
274.368194,36.012000000
274.376880,36.013000000
274.387560,36.014000000
274.397479,36.015000000
274.408489,36.016000000
274.419499,36.017000000
274.430953,36.018000000
274.437158,36.019000000
274.459847,36.020000000
274.473755,36.021000000
274.497621,36.022000000
274.507049,36.023000000
274.518170,36.024000000
274.533858,36.025000000
274.543485,36.026000000
274.549579,36.027000000
274.577277,36.028000000
274.586209,36.029000000
274.599825,36.030000000
274.605178,36.031000000
274.645584,36.032000000
274.659649,36.033000000
274.668413,36.034000000
274.682752,36.035000000
274.698290,36.036000000
274.701882,36.037000000
274.706290,36.038000000
274.709822,36.039000000
274.722249,36.040000000
274.724512,36.041000000
274.728760,36.042000000
274.733166,36.043000000
274.740858,36.044000000
274.745955,36.045000000
274.755619,36.046000000
274.766457,36.047000000
274.769366,36.048000000
274.784533,36.049000000
274.795483,36.050000000
274.810730,36.051000000
274.815085,36.052000000
274.831991,36.053000000
274.834574,36.054000000
274.850485,36.055000000
274.854135,36.056000000
274.868846,36.057000000
274.875390,36.058000000
274.895260,36.059000000
274.908879,36.060000000
274.914453,36.061000000
274.923320,36.062000000
274.928349,36.063000000
274.942374,36.064000000
274.956352,36.065000000
274.967571,36.066000000
274.979799,36.067000000
274.989739,36.068000000
274.999218,36.069000000
275.002934,36.070000000
275.016181,36.071000000
275.025070,36.072000000
275.034815,36.073000000
275.050674,36.074000000
275.056888,36.075000000
275.062611,36.076000000
275.075692,36.077000000
275.079158,36.078000000
275.081506,36.079000000
275.101060,36.080000000
275.101768,36.081000000
275.112749,36.082000000
275.127224,36.083000000
275.132298,36.084000000
275.137890,36.085000000
275.166785,36.086000000
275.175449,36.087000000
275.185716,36.088000000
275.188284,36.089000000
275.202126,36.090000000
275.211248,36.091000000
275.219741,36.092000000
275.235687,36.093000000
275.236129,36.094000000
275.245872,36.095000000
275.281991,36.096000000
275.284538,36.097000000
275.306168,36.098000000
275.316492,36.099000000
275.329791,36.100000000
275.330905,36.101000000
275.339931,36.102000000
275.363133,36.103000000
275.363479,36.104000000
275.366420,36.105000000
275.380028,36.106000000
275.382919,36.107000000
275.404941,36.108000000
275.405003,36.109000000
275.426428,36.110000000
275.426950,36.111000000
275.430013,36.112000000
275.434825,36.113000000
275.439178,36.114000000
275.497631,36.115000000
275.507270,36.116000000
275.511711,36.117000000
275.516790,36.118000000
275.519872,36.119000000
275.522776,36.120000000
275.526727,36.121000000
275.527083,36.122000000
275.529295,36.123000000
275.532129,36.124000000
275.536218,36.125000000
275.538342,36.126000000
275.540604,36.127000000
275.544688,36.128000000
275.565480,36.129000000
275.574912,36.130000000
275.591046,36.131000000
275.600651,36.132000000
275.608823,36.133000000
275.614474,36.134000000
275.621805,36.135000000
275.629528,36.136000000
275.630055,36.137000000
275.641716,36.138000000
275.657038,36.139000000
275.676350,36.140000000
275.678703,36.141000000
275.681242,36.142000000
275.685711,36.143000000
275.694570,36.144000000
275.694606,36.145000000
275.697788,36.146000000
275.702570,36.147000000
275.708659,36.148000000
275.713166,36.149000000
275.714179,36.150000000
275.719177,36.151000000
275.725507,36.152000000
275.729510,36.153000000
275.733702,36.154000000
275.739666,36.155000000
275.746343,36.156000000
275.746840,36.157000000
275.758293,36.158000000
275.769779,36.159000000
275.776327,36.160000000
275.776369,36.161000000
275.777910,36.162000000
275.820735,36.163000000
275.830869,36.164000000
275.838072,36.165000000
275.860324,36.166000000
275.865666,36.167000000
275.869876,36.168000000
275.879220,36.169000000
275.884643,36.170000000
275.893561,36.171000000
275.916710,36.172000000
275.920795,36.173000000
275.928301,36.174000000
275.940234,36.175000000
275.948240,36.176000000
275.980000,36.177000000
275.991374,36.178000000
275.999664,36.179000000
276.009810,36.180000000
276.018997,36.181000000
276.028819,36.182000000
276.041424,36.183000000
276.045108,36.184000000
276.055172,36.185000000
276.069889,36.186000000
276.075001,36.187000000
276.080174,36.188000000
276.087709,36.189000000
276.091635,36.190000000
276.098316,36.191000000
276.113662,36.192000000
276.115676,36.193000000
276.120679,36.194000000
276.136583,36.195000000
276.142391,36.196000000
276.149710,36.197000000
276.153960,36.198000000
276.160114,36.199000000
276.164086,36.200000000
276.185359,36.201000000
276.191911,36.202000000
276.195661,36.203000000
276.210815,36.204000000
276.214829,36.205000000
276.258143,36.206000000
276.283566,36.207000000
276.300595,36.208000000
276.302461,36.209000000
276.318012,36.210000000
276.330260,36.211000000
276.336959,36.212000000
276.352691,36.213000000
276.362926,36.214000000
276.376397,36.215000000
276.382343,36.216000000
276.394490,36.217000000
276.398452,36.218000000
276.420170,36.219000000
276.433514,36.220000000
276.443766,36.221000000
276.445924,36.222000000
276.476292,36.223000000
276.479341,36.224000000
276.495514,36.225000000
276.501850,36.226000000
276.509761,36.227000000
276.512116,36.228000000
276.516223,36.229000000
276.547668,36.230000000
276.565735,36.231000000
276.573204,36.232000000
276.576122,36.233000000
276.614884,36.234000000
276.620718,36.235000000
276.634866,36.236000000
276.635226,36.237000000
276.637934,36.238000000
276.639856,36.239000000
276.642137,36.240000000
276.644682,36.241000000
276.646713,36.242000000
276.648806,36.243000000
276.650830,36.244000000
276.652909,36.245000000
276.654904,36.246000000
276.657464,36.247000000
276.665680,36.248000000
276.675297,36.249000000
276.685641,36.250000000
276.701797,36.251000000
276.702591,36.252000000
276.713924,36.253000000
276.730037,36.254000000
276.733621,36.255000000
276.745766,36.256000000
276.753521,36.257000000
276.769353,36.258000000
276.779068,36.259000000
276.779118,36.260000000
276.799371,36.261000000
276.799425,36.262000000
276.810694,36.263000000
276.824166,36.264000000
276.824216,36.265000000
276.836522,36.266000000
276.845216,36.267000000
276.864498,36.268000000
276.864554,36.269000000
276.875260,36.270000000
276.875315,36.271000000
276.894551,36.272000000
276.894620,36.273000000
276.904269,36.274000000
276.915576,36.275000000
276.924513,36.276000000
276.924558,36.277000000
276.937804,36.278000000
276.949455,36.279000000
276.957184,36.280000000
276.957229,36.281000000
276.975737,36.282000000
276.976346,36.283000000
276.989096,36.284000000
276.989145,36.285000000
277.015479,36.286000000
277.015547,36.287000000
277.031206,36.288000000
277.031254,36.289000000
277.045088,36.290000000
277.061164,36.291000000
277.068960,36.292000000
277.076875,36.293000000
277.084762,36.294000000
277.094531,36.295000000
277.104125,36.296000000
277.113965,36.297000000
277.116275,36.298000000
277.126682,36.299000000
277.126731,36.300000000
277.146817,36.301000000
277.146866,36.302000000
277.156355,36.303000000
277.156398,36.304000000
277.172075,36.305000000
277.187353,36.306000000
277.187400,36.307000000
277.197646,36.308000000
277.211876,36.309000000
277.211922,36.310000000
277.226818,36.311000000
277.226865,36.312000000
277.248071,36.313000000
277.248123,36.314000000
277.255703,36.315000000
277.261642,36.316000000
277.269835,36.317000000
277.283040,36.318000000
277.289164,36.319000000
277.289207,36.320000000
277.301985,36.321000000
277.310401,36.322000000
277.324330,36.323000000
277.324379,36.324000000
277.335566,36.325000000
277.345145,36.326000000
277.357158,36.327000000
277.376751,36.328000000
277.376810,36.329000000
277.376821,36.330000000
277.390037,36.331000000
277.390085,36.332000000
277.405161,36.333000000
277.405210,36.334000000
277.421631,36.335000000
277.433348,36.336000000
277.441150,36.337000000
277.448407,36.338000000
277.459029,36.339000000
277.471768,36.340000000
277.479055,36.341000000
277.492967,36.342000000
277.493022,36.343000000
277.506142,36.344000000
277.516415,36.345000000
277.516479,36.346000000
277.534200,36.347000000
277.534277,36.348000000
277.555362,36.349000000
277.557253,36.350000000
277.564500,36.351000000
277.583255,36.352000000
277.589715,36.353000000
277.596485,36.354000000
277.616292,36.355000000
277.623256,36.356000000
277.625334,36.357000000
277.630480,36.358000000
277.638355,36.359000000
277.640308,36.360000000
277.648400,36.361000000
277.650546,36.362000000
277.652429,36.363000000
277.670788,36.364000000
277.691345,36.365000000
277.696570,36.366000000
277.698614,36.367000000
277.703870,36.368000000
277.708357,36.369000000
277.713306,36.370000000
277.715519,36.371000000
277.728782,36.372000000
277.738538,36.373000000
277.744452,36.374000000
277.750608,36.375000000
277.751926,36.376000000
277.756567,36.377000000
277.760724,36.378000000
277.764934,36.379000000
277.770316,36.380000000
277.773587,36.381000000
277.777928,36.382000000
277.795348,36.383000000
277.798763,36.384000000
277.813628,36.385000000
277.817180,36.386000000
277.828939,36.387000000
277.834752,36.388000000
277.869124,36.389000000
277.869180,36.390000000
277.869191,36.391000000
277.871108,36.392000000
277.873179,36.393000000
277.875079,36.394000000
277.877123,36.395000000
277.898081,36.396000000
277.914406,36.397000000
277.918447,36.398000000
277.919296,36.399000000
277.921420,36.400000000
277.923462,36.401000000
277.925477,36.402000000
277.927718,36.403000000
277.938479,36.404000000
277.944320,36.405000000
277.957963,36.406000000
277.967037,36.407000000
277.969370,36.408000000
277.971678,36.409000000
277.974770,36.410000000
277.996941,36.411000000
277.999466,36.412000000
278.001397,36.413000000
278.003551,36.414000000
278.008081,36.415000000
278.042273,36.416000000
278.054382,36.417000000
278.060695,36.418000000
278.070795,36.419000000
278.081864,36.420000000
278.091407,36.421000000
278.095436,36.422000000
278.111397,36.423000000
278.124902,36.424000000
278.133180,36.425000000
278.142888,36.426000000
278.144998,36.427000000
278.151546,36.428000000
278.161510,36.429000000
278.180131,36.430000000
278.187847,36.431000000
278.194507,36.432000000
278.211103,36.433000000
278.220537,36.434000000
278.226429,36.435000000
278.236132,36.436000000
278.236178,36.437000000
278.243449,36.438000000
278.245527,36.439000000
278.251079,36.440000000
278.253577,36.441000000
278.264988,36.442000000
278.267127,36.443000000
278.269387,36.444000000
278.271475,36.445000000
278.288342,36.446000000
278.293882,36.447000000
278.299623,36.448000000
278.318265,36.449000000
278.330067,36.450000000
278.334313,36.451000000
278.356999,36.452000000
278.371496,36.453000000
278.424304,36.454000000
278.444532,36.455000000
278.453909,36.456000000
278.474344,36.457000000
278.493818,36.458000000
278.497338,36.459000000
278.517620,36.460000000
278.530159,36.461000000
278.532548,36.462000000
278.547796,36.463000000
278.570867,36.464000000
278.582257,36.465000000
278.587975,36.466000000
278.601401,36.467000000
278.604898,36.468000000
278.625528,36.469000000
278.629948,36.470000000
278.638599,36.471000000
278.648549,36.472000000
278.652073,36.473000000
278.660931,36.474000000
278.669150,36.475000000
278.672034,36.476000000
278.682180,36.477000000
278.690047,36.478000000
278.694744,36.479000000
278.707194,36.480000000
278.717467,36.481000000
278.721624,36.482000000
278.730932,36.483000000
278.738930,36.484000000
278.747318,36.485000000
278.756234,36.486000000
278.769490,36.487000000
278.791001,36.488000000
278.807612,36.489000000
278.809736,36.490000000
278.823205,36.491000000
278.848574,36.492000000
278.852295,36.493000000
278.856784,36.494000000
278.858860,36.495000000
278.864014,36.496000000
278.866121,36.497000000
278.868259,36.498000000
278.870529,36.499000000
278.876813,36.500000000
278.878684,36.501000000
278.882281,36.502000000
278.885991,36.503000000
278.892380,36.504000000
278.894426,36.505000000
278.901308,36.506000000
278.917142,36.507000000
278.919487,36.508000000
278.925535,36.509000000
278.933039,36.510000000
278.936501,36.511000000
278.938198,36.512000000
278.953261,36.513000000
278.955456,36.514000000
278.961673,36.515000000
278.977397,36.516000000
279.016253,36.517000000
279.016321,36.518000000
279.021405,36.519000000
279.034077,36.520000000
279.042236,36.521000000
279.054069,36.522000000
279.054111,36.523000000
279.057418,36.524000000
279.064256,36.525000000
279.071808,36.526000000
279.074587,36.527000000
279.076822,36.528000000
279.080263,36.529000000
279.082346,36.530000000
279.084405,36.531000000
279.086561,36.532000000
279.088883,36.533000000
279.090935,36.534000000
279.093252,36.535000000
279.099826,36.536000000
279.105692,36.537000000
279.107912,36.538000000
279.116786,36.539000000
279.122501,36.540000000
279.129707,36.541000000
279.135800,36.542000000
279.140147,36.543000000
279.156055,36.544000000
279.159792,36.545000000
279.171927,36.546000000
279.191884,36.547000000
279.199893,36.548000000
279.206027,36.549000000
279.221223,36.550000000
279.240613,36.551000000
279.243860,36.552000000
279.252467,36.553000000
279.269665,36.554000000
279.275881,36.555000000
279.309409,36.556000000
279.317819,36.557000000
279.330342,36.558000000
279.334408,36.559000000
279.347823,36.560000000
279.355874,36.561000000
279.372215,36.562000000
279.391409,36.563000000
279.398947,36.564000000
279.416903,36.565000000
279.425769,36.566000000
279.435259,36.567000000
279.440515,36.568000000
279.444553,36.569000000
279.452466,36.570000000
279.452526,36.571000000
279.452537,36.572000000
279.452546,36.573000000
279.454567,36.574000000
279.456671,36.575000000
279.458634,36.576000000
279.462798,36.577000000
279.464926,36.578000000
279.466953,36.579000000
279.469089,36.580000000
279.472775,36.581000000
279.473271,36.582000000
279.475553,36.583000000
279.484388,36.584000000
279.487703,36.585000000
279.491414,36.586000000
279.493393,36.587000000
279.495475,36.588000000
279.500530,36.589000000
279.502716,36.590000000
279.504752,36.591000000
279.511318,36.592000000
279.513386,36.593000000
279.515585,36.594000000
279.517648,36.595000000
279.520837,36.596000000
279.522935,36.597000000
279.526945,36.598000000
279.529106,36.599000000
279.531525,36.600000000
279.535393,36.601000000
279.553626,36.602000000
279.554959,36.603000000
279.557140,36.604000000
279.576527,36.605000000
279.582354,36.606000000
279.585228,36.607000000
279.598921,36.608000000
279.606897,36.609000000
279.610506,36.610000000
279.631327,36.611000000
279.634444,36.612000000
279.640042,36.613000000
279.642678,36.614000000
279.656859,36.615000000
279.664736,36.616000000
279.688379,36.617000000
279.696421,36.618000000
279.701412,36.619000000
279.709961,36.620000000
279.716726,36.621000000
279.725357,36.622000000
279.736097,36.623000000
279.743243,36.624000000
279.750791,36.625000000
279.759931,36.626000000
279.765005,36.627000000
279.772416,36.628000000
279.780679,36.629000000
279.788365,36.630000000
279.805079,36.631000000
279.812427,36.632000000
279.819606,36.633000000
279.838060,36.634000000
279.844112,36.635000000
279.847913,36.636000000
279.857647,36.637000000
279.863163,36.638000000
279.867937,36.639000000
279.888179,36.640000000
279.892410,36.641000000
279.895879,36.642000000
279.910197,36.643000000
279.915671,36.644000000
279.944687,36.645000000
279.952233,36.646000000
279.964035,36.647000000
279.968854,36.648000000
279.975192,36.649000000
279.983531,36.650000000
279.994164,36.651000000
280.002266,36.652000000
280.010075,36.653000000
280.013186,36.654000000
280.019971,36.655000000
280.029604,36.656000000
280.041971,36.657000000
280.044846,36.658000000
280.049331,36.659000000
280.069240,36.660000000
280.084990,36.661000000
280.101832,36.662000000
280.109097,36.663000000
280.125140,36.664000000
280.129969,36.665000000
280.135696,36.666000000
280.161335,36.667000000
280.166601,36.668000000
280.176879,36.669000000
280.183434,36.670000000
280.210208,36.671000000
280.217860,36.672000000
280.224261,36.673000000
280.229933,36.674000000
280.237115,36.675000000
280.244155,36.676000000
280.249953,36.677000000
280.257303,36.678000000
280.263760,36.679000000
280.273465,36.680000000
280.281588,36.681000000
280.289352,36.682000000
280.296826,36.683000000
280.302242,36.684000000
280.319765,36.685000000
280.337247,36.686000000
280.342685,36.687000000
280.360951,36.688000000
280.365996,36.689000000
280.370984,36.690000000
280.384654,36.691000000
280.390092,36.692000000
280.396058,36.693000000
280.400212,36.694000000
280.422497,36.695000000
280.428003,36.696000000
280.439988,36.697000000
280.443940,36.698000000
280.449881,36.699000000
280.477344,36.700000000
280.487610,36.701000000
280.496790,36.702000000
280.502265,36.703000000
280.510699,36.704000000
280.522148,36.705000000
280.528075,36.706000000
280.537180,36.707000000
280.547615,36.708000000
280.551798,36.709000000
280.569702,36.710000000
280.575077,36.711000000
280.580436,36.712000000
280.599278,36.713000000
280.605679,36.714000000
280.611099,36.715000000
280.629205,36.716000000
280.633954,36.717000000
280.643407,36.718000000
280.649403,36.719000000
280.651484,36.720000000
280.653555,36.721000000
280.655618,36.722000000
280.657948,36.723000000
280.661605,36.724000000
280.663673,36.725000000
280.665791,36.726000000
280.668166,36.727000000
280.675751,36.728000000
280.675792,36.729000000
280.691364,36.730000000
280.705638,36.731000000
280.707695,36.732000000
280.712124,36.733000000
280.719886,36.734000000
280.729581,36.735000000
280.739572,36.736000000
280.746131,36.737000000
280.748293,36.738000000
280.750551,36.739000000
280.752878,36.740000000
280.782388,36.741000000
280.793111,36.742000000
280.805821,36.743000000
280.818959,36.744000000
280.823696,36.745000000
280.830864,36.746000000
280.845227,36.747000000
280.859267,36.748000000
280.866164,36.749000000
280.877893,36.750000000
280.886491,36.751000000
280.894652,36.752000000
280.906440,36.753000000
280.913284,36.754000000
280.916374,36.755000000
280.920121,36.756000000
280.925680,36.757000000
280.928942,36.758000000
280.931134,36.759000000
280.933903,36.760000000
280.936071,36.761000000
280.939478,36.762000000
280.942796,36.763000000
280.948624,36.764000000
280.950742,36.765000000
280.953253,36.766000000
280.966809,36.767000000
280.976907,36.768000000
281.010506,36.769000000
281.017129,36.770000000
281.029173,36.771000000
281.031312,36.772000000
281.033496,36.773000000
281.035782,36.774000000
281.037588,36.775000000
281.039763,36.776000000
281.041708,36.777000000
281.043827,36.778000000
281.045935,36.779000000
281.047964,36.780000000
281.050167,36.781000000
281.054212,36.782000000
281.056605,36.783000000
281.058712,36.784000000
281.060783,36.785000000
281.062908,36.786000000
281.065002,36.787000000
281.067312,36.788000000
281.069368,36.789000000
281.093359,36.790000000
281.096767,36.791000000
281.098829,36.792000000
281.106189,36.793000000
281.109031,36.794000000
281.122971,36.795000000
281.125152,36.796000000
281.132456,36.797000000
281.137591,36.798000000
281.172108,36.799000000
281.182484,36.800000000
281.195686,36.801000000
281.207984,36.802000000
281.215712,36.803000000
281.221763,36.804000000
281.229728,36.805000000
281.237570,36.806000000
281.241813,36.807000000
281.251625,36.808000000
281.260133,36.809000000
281.267053,36.810000000
281.276636,36.811000000
281.284227,36.812000000
281.287669,36.813000000
281.291199,36.814000000
281.293876,36.815000000
281.296194,36.816000000
281.298303,36.817000000
281.307769,36.818000000
281.314529,36.819000000
281.338569,36.820000000
281.343607,36.821000000
281.355255,36.822000000
281.370823,36.823000000
281.383979,36.824000000
281.391792,36.825000000
281.409194,36.826000000
281.421597,36.827000000
281.429801,36.828000000
281.439715,36.829000000
281.451921,36.830000000
281.471404,36.831000000
281.473836,36.832000000
281.496227,36.833000000
281.509474,36.834000000
281.543673,36.835000000
281.543721,36.836000000
281.574266,36.837000000
281.582924,36.838000000
281.582981,36.839000000
281.582992,36.840000000
281.585577,36.841000000
281.594705,36.842000000
281.612118,36.843000000
281.629581,36.844000000
281.629628,36.845000000
281.632456,36.846000000
281.657934,36.847000000
281.660709,36.848000000
281.674328,36.849000000
281.678298,36.850000000
281.682775,36.851000000
281.700881,36.852000000
281.705148,36.853000000
281.721084,36.854000000
281.724318,36.855000000
281.745117,36.856000000
281.749294,36.857000000
281.755321,36.858000000
281.761003,36.859000000
281.767260,36.860000000
281.774699,36.861000000
281.779153,36.862000000
281.784506,36.863000000
281.790544,36.864000000
281.796581,36.865000000
281.801899,36.866000000
281.812550,36.867000000
281.816305,36.868000000
281.819698,36.869000000
281.823908,36.870000000
281.842375,36.871000000
281.846403,36.872000000
281.872620,36.873000000
281.876714,36.874000000
281.880990,36.875000000
281.893984,36.876000000
281.902851,36.877000000
281.909610,36.878000000
281.928046,36.879000000
281.932862,36.880000000
281.942544,36.881000000
281.959161,36.882000000
281.962559,36.883000000
281.990817,36.884000000
282.003090,36.885000000
282.014249,36.886000000
282.024968,36.887000000
282.043331,36.888000000
282.050021,36.889000000
282.082835,36.890000000
282.091980,36.891000000
282.103921,36.892000000
282.112398,36.893000000
282.118577,36.894000000
282.142089,36.895000000
282.153958,36.896000000
282.160695,36.897000000
282.164290,36.898000000
282.190332,36.899000000
282.198658,36.900000000
282.211054,36.901000000
282.213908,36.902000000
282.223506,36.903000000
282.228414,36.904000000
282.252880,36.905000000
282.262019,36.906000000
282.269353,36.907000000
282.280131,36.908000000
282.289803,36.909000000
282.295542,36.910000000
282.328357,36.911000000
282.340880,36.912000000
282.346848,36.913000000
282.355019,36.914000000
282.368716,36.915000000
282.376767,36.916000000
282.389294,36.917000000
282.399310,36.918000000
282.415485,36.919000000
282.425183,36.920000000
282.437796,36.921000000
282.445024,36.922000000
282.472184,36.923000000
282.492321,36.924000000
282.522058,36.925000000
282.526675,36.926000000
282.535681,36.927000000
282.549847,36.928000000
282.561890,36.929000000
282.566316,36.930000000
282.594979,36.931000000
282.598744,36.932000000
282.613984,36.933000000
282.624084,36.934000000
282.664343,36.935000000
282.668547,36.936000000
282.683556,36.937000000
282.693945,36.938000000
282.709433,36.939000000
282.713596,36.940000000
282.720962,36.941000000
282.732690,36.942000000
282.740417,36.943000000
282.750059,36.944000000
282.760464,36.945000000
282.765563,36.946000000
282.775380,36.947000000
282.805237,36.948000000
282.812061,36.949000000
282.829734,36.950000000
282.846401,36.951000000
282.851557,36.952000000
282.862247,36.953000000
282.864316,36.954000000
282.874859,36.955000000
282.877678,36.956000000
282.893389,36.957000000
282.902081,36.958000000
282.906402,36.959000000
282.918224,36.960000000
282.922389,36.961000000
282.953281,36.962000000
282.955392,36.963000000
282.966048,36.964000000
282.976012,36.965000000
282.986103,36.966000000
282.996411,36.967000000
283.002000,36.968000000
283.013168,36.969000000
283.023119,36.970000000
283.033560,36.971000000
283.043024,36.972000000
283.051112,36.973000000
283.065712,36.974000000
283.069746,36.975000000
283.094719,36.976000000
283.106916,36.977000000
283.112326,36.978000000
283.135338,36.979000000
283.140719,36.980000000
283.146760,36.981000000
283.155456,36.982000000
283.159402,36.983000000
283.165303,36.984000000
283.184094,36.985000000
283.189270,36.986000000
283.196680,36.987000000
283.202379,36.988000000
283.214171,36.989000000
283.235978,36.990000000
283.236027,36.991000000
283.245852,36.992000000
283.256299,36.993000000
283.285585,36.994000000
283.285631,36.995000000
283.313450,36.996000000
283.323496,36.997000000
283.352978,36.998000000
283.360671,36.999000000
283.360718,37.000000000
283.382585,37.001000000
283.397764,37.002000000
283.398984,37.003000000
283.415496,37.004000000
283.422664,37.005000000
283.424730,37.006000000
283.452781,37.007000000
283.462964,37.008000000
283.465823,37.009000000
283.479305,37.010000000
283.483330,37.011000000
283.515041,37.012000000
283.524774,37.013000000
283.542635,37.014000000
283.553061,37.015000000
283.564598,37.016000000
283.573935,37.017000000
283.584033,37.018000000
283.589458,37.019000000
283.595435,37.020000000
283.601742,37.021000000
283.609731,37.022000000
283.618091,37.023000000
283.621674,37.024000000
283.643434,37.025000000
283.647788,37.026000000
283.669848,37.027000000
283.676003,37.028000000
283.683110,37.029000000
283.702753,37.030000000
283.706328,37.031000000
283.710956,37.032000000
283.715291,37.033000000
283.735846,37.034000000
283.745135,37.035000000
283.745194,37.036000000
283.759212,37.037000000
283.774052,37.038000000
283.790428,37.039000000
283.804497,37.040000000
283.818156,37.041000000
283.831901,37.042000000
283.847778,37.043000000
283.864680,37.044000000
283.864727,37.045000000
283.881917,37.046000000
283.898908,37.047000000
283.902321,37.048000000
283.935764,37.049000000
283.938808,37.050000000
283.955564,37.051000000
283.969217,37.052000000
283.989534,37.053000000
283.997767,37.054000000
284.000971,37.055000000
284.013651,37.056000000
284.017483,37.057000000
284.021051,37.058000000
284.051911,37.059000000
284.057277,37.060000000
284.066857,37.061000000
284.078504,37.062000000
284.085339,37.063000000
284.102400,37.064000000
284.108912,37.065000000
284.120415,37.066000000
284.126830,37.067000000
284.137799,37.068000000
284.143004,37.069000000
284.156839,37.070000000
284.161427,37.071000000
284.180410,37.072000000
284.189771,37.073000000
284.208342,37.074000000
284.217384,37.075000000
284.236358,37.076000000
284.238380,37.077000000
284.243740,37.078000000
284.249789,37.079000000
284.254175,37.080000000
284.284158,37.081000000
284.288002,37.082000000
284.302316,37.083000000
284.309652,37.084000000
284.336779,37.085000000
284.347393,37.086000000
284.357562,37.087000000
284.367361,37.088000000
284.379779,37.089000000
284.392121,37.090000000
284.397071,37.091000000
284.404781,37.092000000
284.412833,37.093000000
284.418560,37.094000000
284.423279,37.095000000
284.432441,37.096000000
284.436972,37.097000000
284.454884,37.098000000
284.467148,37.099000000
284.475810,37.100000000
284.480667,37.101000000
284.487616,37.102000000
284.503610,37.103000000
284.516081,37.104000000
284.520542,37.105000000
284.534559,37.106000000
284.538422,37.107000000
284.560515,37.108000000
284.566633,37.109000000
284.572003,37.110000000
284.601909,37.111000000
284.610552,37.112000000
284.623902,37.113000000
284.652785,37.114000000
284.652830,37.115000000
284.666803,37.116000000
284.681746,37.117000000
284.689538,37.118000000
284.723999,37.119000000
284.752946,37.120000000
284.768091,37.121000000
284.797174,37.122000000
284.806588,37.123000000
284.815407,37.124000000
284.821123,37.125000000
284.832048,37.126000000
284.832466,37.127000000
284.838932,37.128000000
284.855871,37.129000000
284.860156,37.130000000
284.866201,37.131000000
284.871513,37.132000000
284.926361,37.133000000
284.946926,37.134000000
284.969872,37.135000000
284.992962,37.136000000
285.007569,37.137000000
285.021999,37.138000000
285.036707,37.139000000
285.048115,37.140000000
285.059445,37.141000000
285.067680,37.142000000
285.101958,37.143000000
285.118109,37.144000000
285.136920,37.145000000
285.146591,37.146000000
285.186994,37.147000000
285.196044,37.148000000
285.212662,37.149000000
285.226884,37.150000000
285.232147,37.151000000
285.244653,37.152000000
285.253738,37.153000000
285.262730,37.154000000
285.274667,37.155000000
285.281523,37.156000000
285.286643,37.157000000
285.310312,37.158000000
285.318949,37.159000000
285.335814,37.160000000
285.352006,37.161000000
285.361137,37.162000000
285.368345,37.163000000
285.375253,37.164000000
285.387011,37.165000000
285.401917,37.166000000
285.411940,37.167000000
285.423666,37.168000000
285.434388,37.169000000
285.442836,37.170000000
285.454412,37.171000000
285.465341,37.172000000
285.476247,37.173000000
285.486671,37.174000000
285.495024,37.175000000
285.504460,37.176000000
285.515696,37.177000000
285.541172,37.178000000
285.563049,37.179000000
285.575742,37.180000000
285.577964,37.181000000
285.580324,37.182000000
285.582488,37.183000000
285.584708,37.184000000
285.587552,37.185000000
285.589901,37.186000000
285.592111,37.187000000
285.607932,37.188000000
285.619572,37.189000000
285.625888,37.190000000
285.639204,37.191000000
285.651236,37.192000000
285.668881,37.193000000
285.681473,37.194000000
285.683833,37.195000000
285.686493,37.196000000
285.692824,37.197000000
285.696092,37.198000000
285.704124,37.199000000
285.711545,37.200000000
285.750560,37.201000000
285.750629,37.202000000
285.750672,37.203000000
285.751164,37.204000000
285.772237,37.205000000
285.772616,37.206000000
285.812404,37.207000000
285.812495,37.208000000
285.812506,37.209000000
285.812516,37.210000000
285.812543,37.211000000
285.850529,37.212000000
285.882790,37.213000000
285.887856,37.214000000
285.889016,37.215000000
285.893694,37.216000000
285.897039,37.217000000
285.900635,37.218000000
285.906435,37.219000000
285.908401,37.220000000
285.910415,37.221000000
285.912705,37.222000000
285.915453,37.223000000
285.917856,37.224000000
285.921275,37.225000000
285.925868,37.226000000
285.928393,37.227000000
285.930346,37.228000000
285.934061,37.229000000
285.936136,37.230000000
285.943231,37.231000000
285.949004,37.232000000
285.952416,37.233000000
285.955279,37.234000000
285.957430,37.235000000
285.959484,37.236000000
285.961421,37.237000000
285.963416,37.238000000
285.966861,37.239000000
285.972381,37.240000000
285.981373,37.241000000
285.993217,37.242000000
286.002484,37.243000000
286.010157,37.244000000
286.023739,37.245000000
286.033821,37.246000000
286.039724,37.247000000
286.047069,37.248000000
286.072911,37.249000000
286.097296,37.250000000
286.102989,37.251000000
286.126141,37.252000000
286.135768,37.253000000
286.140645,37.254000000
286.154183,37.255000000
286.165736,37.256000000
286.193826,37.257000000
286.198899,37.258000000
286.203644,37.259000000
286.221193,37.260000000
286.228660,37.261000000
286.233567,37.262000000
286.267440,37.263000000
286.272409,37.264000000
286.286634,37.265000000
286.295031,37.266000000
286.303429,37.267000000
286.314919,37.268000000
286.322044,37.269000000
286.330238,37.270000000
286.341541,37.271000000
286.351914,37.272000000
286.363834,37.273000000
286.371814,37.274000000
286.374930,37.275000000
286.397279,37.276000000
286.410698,37.277000000
286.418994,37.278000000
286.445524,37.279000000
286.447856,37.280000000
286.452195,37.281000000
286.467435,37.282000000
286.473469,37.283000000
286.481509,37.284000000
286.521648,37.285000000
286.528056,37.286000000
286.546754,37.287000000
286.562029,37.288000000
286.582500,37.289000000
286.582547,37.290000000
286.585372,37.291000000
286.599294,37.292000000
286.599336,37.293000000
286.604918,37.294000000
286.604964,37.295000000
286.622516,37.296000000
286.626842,37.297000000
286.635998,37.298000000
286.640794,37.299000000
286.647299,37.300000000
286.662282,37.301000000
286.662333,37.302000000
286.672758,37.303000000
286.691728,37.304000000
286.705121,37.305000000
286.729424,37.306000000
286.729519,37.307000000
286.729566,37.308000000
286.733073,37.309000000
286.752278,37.310000000
286.761308,37.311000000
286.768376,37.312000000
286.786224,37.313000000
286.795706,37.314000000
286.795751,37.315000000
286.795761,37.316000000
286.809560,37.317000000
286.821249,37.318000000
286.839501,37.319000000
286.847171,37.320000000
286.847211,37.321000000
286.865952,37.322000000
286.865994,37.323000000
286.868578,37.324000000
286.885733,37.325000000
286.900888,37.326000000
286.911501,37.327000000
286.935300,37.328000000
286.948821,37.329000000
286.948874,37.330000000
286.948884,37.331000000
286.986314,37.332000000
286.986371,37.333000000
286.986383,37.334000000
286.998819,37.335000000
287.037860,37.336000000
287.037960,37.337000000
287.052833,37.338000000
287.101250,37.339000000
287.113312,37.340000000
287.125566,37.341000000
287.137915,37.342000000
287.145350,37.343000000
287.177474,37.344000000
287.177529,37.345000000
287.177540,37.346000000
287.193733,37.347000000
287.193806,37.348000000
287.202675,37.349000000
287.221905,37.350000000
287.246349,37.351000000
287.276850,37.352000000
287.294735,37.353000000
287.316485,37.354000000
287.323524,37.355000000
287.351932,37.356000000
287.368767,37.357000000
287.373521,37.358000000
287.375665,37.359000000
287.394762,37.360000000
287.396588,37.361000000
287.398499,37.362000000
287.405538,37.363000000
287.419228,37.364000000
287.429398,37.365000000
287.436817,37.366000000
287.444842,37.367000000
287.453752,37.368000000
287.463198,37.369000000
287.487201,37.370000000
287.504433,37.371000000
287.507277,37.372000000
287.511488,37.373000000
287.514385,37.374000000
287.523216,37.375000000
287.525784,37.376000000
287.527869,37.377000000
287.539689,37.378000000
287.545228,37.379000000
287.573586,37.380000000
287.587601,37.381000000
287.599589,37.382000000
287.613861,37.383000000
287.636210,37.384000000
287.648293,37.385000000
287.688649,37.386000000
287.702695,37.387000000
287.719698,37.388000000
287.723290,37.389000000
287.744408,37.390000000
287.755605,37.391000000
287.774295,37.392000000
287.786642,37.393000000
287.796027,37.394000000
287.808240,37.395000000
287.813402,37.396000000
287.831748,37.397000000
287.847478,37.398000000
287.847526,37.399000000
287.881356,37.400000000
287.899639,37.401000000
287.912566,37.402000000
287.921118,37.403000000
287.927162,37.404000000
287.960236,37.405000000
287.967183,37.406000000
287.984195,37.407000000
287.994556,37.408000000
288.024157,37.409000000
288.031837,37.410000000
288.036671,37.411000000
