wall_time,ros_time
0.016785,7.007000000
0.025877,7.008000000
0.035981,7.009000000
0.045187,7.010000000
0.055980,7.011000000
0.068366,7.012000000
0.070359,7.013000000
0.082782,7.014000000
0.091194,7.015000000
0.099683,7.016000000
0.109208,7.017000000
0.114316,7.018000000
0.138535,7.019000000
0.144861,7.020000000
0.155266,7.021000000
0.176956,7.022000000
0.190836,7.023000000
0.200886,7.024000000
0.204688,7.025000000
0.212923,7.026000000
0.244543,7.027000000
0.248542,7.028000000
0.272708,7.029000000
0.286777,7.030000000
0.291035,7.031000000
0.316957,7.032000000
0.323193,7.033000000
0.328806,7.034000000
0.341184,7.035000000
0.345500,7.036000000
0.355611,7.037000000
0.364903,7.038000000
0.371764,7.039000000
0.379694,7.040000000
0.386986,7.041000000
0.387044,7.042000000
0.397205,7.043000000
0.397257,7.044000000
0.397267,7.045000000
0.413691,7.046000000
0.413770,7.047000000
0.413781,7.048000000
0.413808,7.049000000
0.442521,7.050000000
0.463045,7.051000000
0.463109,7.052000000
0.463120,7.053000000
0.463129,7.054000000
0.463137,7.055000000
0.481605,7.056000000
0.481679,7.057000000
0.526610,7.058000000
0.526700,7.059000000
0.526711,7.060000000
0.534788,7.061000000
0.549297,7.062000000
0.560909,7.063000000
0.560950,7.064000000
0.570399,7.065000000
0.570448,7.066000000
0.581589,7.067000000
0.581631,7.068000000
0.607634,7.069000000
0.617459,7.070000000
0.619601,7.071000000
0.626680,7.072000000
0.634554,7.073000000
0.642736,7.074000000
0.670870,7.075000000
0.687039,7.076000000
0.699436,7.077000000
0.718339,7.078000000
0.732825,7.079000000
0.751524,7.080000000
0.789554,7.081000000
0.803197,7.082000000
0.828856,7.083000000
0.828966,7.084000000
0.829552,7.085000000
0.857746,7.086000000
0.857837,7.087000000
0.857849,7.088000000
0.857859,7.089000000
0.890155,7.090000000
0.890197,7.091000000
0.890847,7.092000000
0.897507,7.093000000
0.897705,7.094000000
0.897736,7.095000000
0.917435,7.096000000
0.917563,7.097000000
0.917573,7.098000000
0.917582,7.099000000
0.917590,7.100000000
0.917598,7.101000000
0.917606,7.102000000
0.917636,7.103000000
0.917670,7.104000000
0.917679,7.105000000
0.917686,7.106000000
0.921081,7.107000000
0.921296,7.108000000
0.932337,7.109000000
0.932400,7.110000000
0.932410,7.111000000
0.937365,7.112000000
0.937437,7.113000000
0.942369,7.114000000
0.942409,7.115000000
0.942419,7.116000000
0.956796,7.117000000
0.966388,7.118000000
0.975229,7.119000000
1.011713,7.120000000
1.023908,7.121000000
1.034530,7.122000000
1.050865,7.123000000
1.064806,7.124000000
1.078469,7.125000000
1.090397,7.126000000
1.104492,7.127000000
1.108809,7.128000000
1.124379,7.129000000
1.135561,7.130000000
1.154119,7.131000000
1.165641,7.132000000
1.193794,7.133000000
1.204151,7.134000000
1.226053,7.135000000
1.243765,7.136000000
1.255056,7.137000000
1.296627,7.138000000
1.314151,7.139000000
1.324204,7.140000000
1.331713,7.141000000
1.373098,7.142000000
1.386001,7.143000000
1.395078,7.144000000
1.410520,7.145000000
1.421807,7.146000000
1.433800,7.147000000
1.449044,7.148000000
1.475797,7.149000000
1.496749,7.150000000
1.507883,7.151000000
1.522552,7.152000000
1.531758,7.153000000
1.543209,7.154000000
1.564303,7.155000000
1.578899,7.156000000
1.603934,7.157000000
1.611762,7.158000000
1.625761,7.159000000
1.667323,7.160000000
1.696684,7.161000000
1.701351,7.162000000
1.708125,7.163000000
1.709337,7.164000000
1.717207,7.165000000
1.727278,7.166000000
1.739168,7.167000000
1.749413,7.168000000
1.762590,7.169000000
1.764870,7.170000000
1.787317,7.171000000
1.799604,7.172000000
1.823025,7.173000000
1.839663,7.174000000
1.853132,7.175000000
1.871018,7.176000000
1.881852,7.177000000
1.899828,7.178000000
1.924225,7.179000000
1.945887,7.180000000
1.954321,7.181000000
2.007317,7.182000000
2.007359,7.183000000
2.027195,7.184000000
2.037687,7.185000000
2.037755,7.186000000
2.062375,7.187000000
2.076260,7.188000000
2.076306,7.189000000
2.114778,7.190000000
2.114829,7.191000000
2.114840,7.192000000
2.126498,7.193000000
2.126537,7.194000000
2.142130,7.195000000
2.142174,7.196000000
2.151330,7.197000000
2.161665,7.198000000
2.161713,7.199000000
2.174088,7.200000000
2.200699,7.201000000
2.200740,7.202000000
2.209108,7.203000000
2.223840,7.204000000
2.223886,7.205000000
2.244224,7.206000000
2.254555,7.207000000
2.265523,7.208000000
2.276338,7.209000000
2.308606,7.210000000
2.325749,7.211000000
2.332405,7.212000000
2.378621,7.213000000
2.381189,7.214000000
2.390564,7.215000000
2.397802,7.216000000
2.399843,7.217000000
2.410269,7.218000000
2.412184,7.219000000
2.414232,7.220000000
2.419497,7.221000000
2.423244,7.222000000
2.426613,7.223000000
2.428993,7.224000000
2.430715,7.225000000
2.432814,7.226000000
2.485018,7.227000000
2.494917,7.228000000
2.513099,7.229000000
2.524195,7.230000000
2.525256,7.231000000
2.525648,7.232000000
2.535043,7.233000000
2.547854,7.234000000
2.550663,7.235000000
2.551116,7.236000000
2.551197,7.237000000
2.566445,7.238000000
2.566495,7.239000000
2.567914,7.240000000
2.581131,7.241000000
2.602202,7.242000000
2.612401,7.243000000
2.627387,7.244000000
2.644484,7.245000000
2.654980,7.246000000
2.670903,7.247000000
2.684058,7.248000000
2.697402,7.249000000
2.713695,7.250000000
2.718080,7.251000000
2.735780,7.252000000
2.750040,7.253000000
2.758831,7.254000000
2.774763,7.255000000
2.785965,7.256000000
2.788053,7.257000000
2.802644,7.258000000
2.839847,7.259000000
2.870015,7.260000000
2.891343,7.261000000
2.905143,7.262000000
2.911408,7.263000000
2.943329,7.264000000
2.949999,7.265000000
2.952165,7.266000000
2.968873,7.267000000
2.977557,7.268000000
3.026053,7.269000000
3.075196,7.270000000
3.107821,7.271000000
3.123972,7.272000000
3.141758,7.273000000
3.159401,7.274000000
3.167995,7.275000000
3.190561,7.276000000
3.202716,7.277000000
3.219467,7.278000000
3.232032,7.279000000
3.244400,7.280000000
3.258518,7.281000000
3.258562,7.282000000
3.267934,7.283000000
3.283432,7.284000000
3.300059,7.285000000
3.318367,7.286000000
3.329141,7.287000000
3.370776,7.288000000
3.378869,7.289000000
3.382579,7.290000000
3.388639,7.291000000
3.396865,7.292000000
3.408241,7.293000000
3.413918,7.294000000
3.423218,7.295000000
3.429686,7.296000000
3.435068,7.297000000
3.443782,7.298000000
3.447144,7.299000000
3.453809,7.300000000
3.463419,7.301000000
3.465603,7.302000000
3.470527,7.303000000
3.494258,7.304000000
3.508466,7.305000000
3.515235,7.306000000
3.520011,7.307000000
3.524930,7.308000000
3.530194,7.309000000
3.535153,7.310000000
3.538702,7.311000000
3.558681,7.312000000
3.571378,7.313000000
3.589025,7.314000000
3.609560,7.315000000
3.613225,7.316000000
3.625556,7.317000000
3.636216,7.318000000
3.644163,7.319000000
3.652844,7.320000000
3.676464,7.321000000
3.686030,7.322000000
3.696958,7.323000000
3.706039,7.324000000
3.718024,7.325000000
3.729212,7.326000000
3.734293,7.327000000
3.747659,7.328000000
3.757297,7.329000000
3.765214,7.330000000
3.776276,7.331000000
3.781080,7.332000000
3.784328,7.333000000
3.791036,7.334000000
3.797669,7.335000000
3.801873,7.336000000
3.827536,7.337000000
3.831912,7.338000000
3.841207,7.339000000
3.860725,7.340000000
3.864996,7.341000000
3.877262,7.342000000
3.929016,7.343000000
3.935222,7.344000000
3.946537,7.345000000
3.957068,7.346000000
3.965367,7.347000000
3.970696,7.348000000
3.978076,7.349000000
3.988672,7.350000000
3.996174,7.351000000
4.011149,7.352000000
4.011204,7.353000000
4.020468,7.354000000
4.037503,7.355000000
4.046640,7.356000000
4.060549,7.357000000
4.060618,7.358000000
4.060631,7.359000000
4.091178,7.360000000
4.110148,7.361000000
4.110210,7.362000000
4.110220,7.363000000
4.110229,7.364000000
4.110237,7.365000000
4.129700,7.366000000
4.129793,7.367000000
4.129805,7.368000000
4.129814,7.369000000
4.129822,7.370000000
4.154372,7.371000000
4.163267,7.372000000
4.163318,7.373000000
4.170722,7.374000000
4.170774,7.375000000
4.170784,7.376000000
4.184497,7.377000000
4.185869,7.378000000
4.203864,7.379000000
4.203929,7.380000000
4.203939,7.381000000
4.203948,7.382000000
4.203956,7.383000000
4.211110,7.384000000
4.224205,7.385000000
4.224259,7.386000000
4.224301,7.387000000
4.224336,7.388000000
4.224364,7.389000000
4.236417,7.390000000
4.236467,7.391000000
4.236477,7.392000000
4.259771,7.393000000
4.266250,7.394000000
4.276418,7.395000000
4.286387,7.396000000
4.301170,7.397000000
4.320053,7.398000000
4.337733,7.399000000
4.350491,7.400000000
4.356118,7.401000000
4.356169,7.402000000
4.375418,7.403000000
4.375496,7.404000000
4.375512,7.405000000
4.383927,7.406000000
4.384183,7.407000000
4.435604,7.408000000
4.439605,7.409000000
4.459432,7.410000000
4.459486,7.411000000
4.459497,7.412000000
4.469794,7.413000000
4.474501,7.414000000
4.490437,7.415000000
4.490487,7.416000000
4.495911,7.417000000
4.553772,7.418000000
4.553831,7.419000000
4.553862,7.420000000
4.581046,7.421000000
4.581097,7.422000000
4.588983,7.423000000
4.631274,7.424000000
4.637227,7.425000000
4.637275,7.426000000
4.647282,7.427000000
4.653760,7.428000000
4.662006,7.429000000
4.669875,7.430000000
4.678956,7.431000000
4.688157,7.432000000
4.703760,7.433000000
4.711254,7.434000000
4.726547,7.435000000
4.742878,7.436000000
4.759507,7.437000000
4.775734,7.438000000
4.789677,7.439000000
4.792357,7.440000000
4.794947,7.441000000
4.808891,7.442000000
4.823855,7.443000000
4.849374,7.444000000
4.855043,7.445000000
4.869304,7.446000000
4.889545,7.447000000
4.894222,7.448000000
4.896498,7.449000000
4.898731,7.450000000
4.901570,7.451000000
4.903709,7.452000000
4.908334,7.453000000
4.913164,7.454000000
4.915516,7.455000000
4.917663,7.456000000
4.919828,7.457000000
4.921878,7.458000000
4.924091,7.459000000
4.926236,7.460000000
4.928887,7.461000000
4.931199,7.462000000
4.933633,7.463000000
4.935640,7.464000000
4.937853,7.465000000
4.941215,7.466000000
4.943324,7.467000000
4.946467,7.468000000
4.949968,7.469000000
4.973287,7.470000000
4.979113,7.471000000
4.988243,7.472000000
5.000369,7.473000000
5.003417,7.474000000
5.006135,7.475000000
5.017559,7.476000000
5.028890,7.477000000
5.048795,7.478000000
5.052403,7.479000000
5.093768,7.480000000
5.120870,7.481000000
5.140135,7.482000000
5.161334,7.483000000
5.178856,7.484000000
5.204385,7.485000000
5.213393,7.486000000
5.242332,7.487000000
5.251687,7.488000000
5.257837,7.489000000
5.268505,7.490000000
5.270968,7.491000000
5.285810,7.492000000
5.292555,7.493000000
5.318131,7.494000000
5.344532,7.495000000
5.356628,7.496000000
5.363171,7.497000000
5.372616,7.498000000
5.381939,7.499000000
5.408314,7.500000000
5.431066,7.501000000
5.440925,7.502000000
5.453196,7.503000000
5.457226,7.504000000
5.464864,7.505000000
5.489460,7.506000000
5.498550,7.507000000
5.506794,7.508000000
5.519474,7.509000000
5.529835,7.510000000
5.537860,7.511000000
5.538071,7.512000000
5.559078,7.513000000
5.592800,7.514000000
5.592851,7.515000000
5.623801,7.516000000
5.630924,7.517000000
5.654851,7.518000000
5.675786,7.519000000
5.698792,7.520000000
5.721216,7.521000000
5.732730,7.522000000
5.759185,7.523000000
5.770001,7.524000000
5.772825,7.525000000
5.775212,7.526000000
5.782792,7.527000000
5.787383,7.528000000
5.809320,7.529000000
5.854405,7.530000000
5.866484,7.531000000
5.888501,7.532000000
5.905486,7.533000000
5.923028,7.534000000
5.930062,7.535000000
5.941977,7.536000000
5.958032,7.537000000
5.966843,7.538000000
5.977866,7.539000000
5.992400,7.540000000
6.003377,7.541000000
6.014122,7.542000000
6.023518,7.543000000
6.034528,7.544000000
6.072582,7.545000000
6.102870,7.546000000
6.121740,7.547000000
6.121802,7.548000000
6.124403,7.549000000
6.133477,7.550000000
6.139905,7.551000000
6.139958,7.552000000
6.172143,7.553000000
6.175889,7.554000000
6.221470,7.555000000
6.221528,7.556000000
6.232911,7.557000000
6.232964,7.558000000
6.240703,7.559000000
6.248400,7.560000000
6.248450,7.561000000
6.261145,7.562000000
6.261193,7.563000000
6.278219,7.564000000
6.278282,7.565000000
6.278294,7.566000000
6.278363,7.567000000
6.279065,7.568000000
6.292675,7.569000000
6.292736,7.570000000
6.292746,7.571000000
6.292755,7.572000000
6.313944,7.573000000
6.314002,7.574000000
6.314033,7.575000000
6.336667,7.576000000
6.336746,7.577000000
6.379488,7.578000000
6.390874,7.579000000
6.400878,7.580000000
6.400937,7.581000000
6.407215,7.582000000
6.433382,7.583000000
6.433433,7.584000000
6.465007,7.585000000
6.472705,7.586000000
6.485185,7.587000000
6.485237,7.588000000
6.490940,7.589000000
6.490988,7.590000000
6.490998,7.591000000
6.523475,7.592000000
6.523537,7.593000000
6.523548,7.594000000
6.523558,7.595000000
6.574773,7.596000000
6.591240,7.597000000
6.610884,7.598000000
6.621500,7.599000000
6.634398,7.600000000
6.640986,7.601000000
6.648942,7.602000000
6.656955,7.603000000
6.660794,7.604000000
6.668270,7.605000000
6.681238,7.606000000
6.685721,7.607000000
6.689297,7.608000000
6.689759,7.609000000
6.699596,7.610000000
6.707043,7.611000000
6.707089,7.612000000
6.708511,7.613000000
6.723667,7.614000000
6.728986,7.615000000
6.737542,7.616000000
6.757718,7.617000000
6.757775,7.618000000
6.757786,7.619000000
6.798035,7.620000000
6.804579,7.621000000
6.805024,7.622000000
6.805062,7.623000000
6.816666,7.624000000
6.816739,7.625000000
6.816750,7.626000000
6.816788,7.627000000
6.831949,7.628000000
6.842662,7.629000000
6.842728,7.630000000
6.842740,7.631000000
6.849041,7.632000000
6.849393,7.633000000
6.849436,7.634000000
6.849446,7.635000000
6.860583,7.636000000
6.860667,7.637000000
6.860677,7.638000000
6.894885,7.639000000
6.894944,7.640000000
6.894974,7.641000000
6.913012,7.642000000
6.915214,7.643000000
6.922137,7.644000000
6.929456,7.645000000
6.965593,7.646000000
6.969612,7.647000000
7.001456,7.648000000
7.035485,7.649000000
7.035535,7.650000000
7.054071,7.651000000
7.054117,7.652000000
7.069614,7.653000000
7.069659,7.654000000
7.076188,7.655000000
7.083634,7.656000000
7.099452,7.657000000
7.099510,7.658000000
7.099520,7.659000000
7.099529,7.660000000
7.104183,7.661000000
7.104231,7.662000000
7.104241,7.663000000
7.105958,7.664000000
7.114326,7.665000000
7.114382,7.666000000
7.114416,7.667000000
7.114426,7.668000000
7.117860,7.669000000
7.118147,7.670000000
7.126584,7.671000000
7.126626,7.672000000
7.131279,7.673000000
7.131324,7.674000000
7.131351,7.675000000
7.138621,7.676000000
7.138695,7.677000000
7.138705,7.678000000
7.138734,7.679000000
7.145149,7.680000000
7.155513,7.681000000
7.156366,7.682000000
7.178569,7.683000000
7.178621,7.684000000
7.189163,7.685000000
7.195692,7.686000000
7.209463,7.687000000
7.218429,7.688000000
7.244076,7.689000000
7.262147,7.690000000
7.276956,7.691000000
7.290287,7.692000000
7.326313,7.693000000
7.328594,7.694000000
7.338493,7.695000000
7.349862,7.696000000
7.359379,7.697000000
7.363914,7.698000000
7.370583,7.699000000
7.374393,7.700000000
7.392305,7.701000000
7.414773,7.702000000
7.418445,7.703000000
7.467754,7.704000000
7.478739,7.705000000
7.478883,7.706000000
7.495127,7.707000000
7.513830,7.708000000
7.513895,7.709000000
7.519287,7.710000000
7.530593,7.711000000
7.538705,7.712000000
7.562814,7.713000000
7.563609,7.714000000
7.571903,7.715000000
7.577786,7.716000000
7.591098,7.717000000
7.617749,7.718000000
7.635380,7.719000000
7.640720,7.720000000
7.648248,7.721000000
7.662891,7.722000000
7.670937,7.723000000
7.683235,7.724000000
7.695916,7.725000000
7.708468,7.726000000
7.708617,7.727000000
7.715230,7.728000000
7.715335,7.729000000
7.715382,7.730000000
7.749868,7.731000000
7.762156,7.732000000
7.764691,7.733000000
7.767152,7.734000000
7.775931,7.735000000
7.811169,7.736000000
7.814079,7.737000000
7.820582,7.738000000
7.824046,7.739000000
7.828515,7.740000000
7.830723,7.741000000
7.839669,7.742000000
7.862566,7.743000000
7.873847,7.744000000
7.881349,7.745000000
7.889575,7.746000000
7.894986,7.747000000
7.895046,7.748000000
7.907476,7.749000000
7.924866,7.750000000
7.945763,7.751000000
7.957756,7.752000000
7.957895,7.753000000
7.977254,7.754000000
7.997908,7.755000000
8.007563,7.756000000
8.022142,7.757000000
8.032450,7.758000000
8.032869,7.759000000
8.035885,7.760000000
8.037924,7.761000000
8.049067,7.762000000
8.055548,7.763000000
8.075198,7.764000000
8.095010,7.765000000
8.107493,7.766000000
8.109915,7.767000000
8.136344,7.768000000
8.145918,7.769000000
8.148536,7.770000000
8.179984,7.771000000
8.180074,7.772000000
8.180110,7.773000000
8.206134,7.774000000
8.206203,7.775000000
8.206214,7.776000000
8.206249,7.777000000
8.241611,7.778000000
8.250315,7.779000000
8.254200,7.780000000
8.270763,7.781000000
8.270813,7.782000000
8.270824,7.783000000
8.285432,7.784000000
8.288497,7.785000000
8.312375,7.786000000
8.312450,7.787000000
8.326201,7.788000000
8.333700,7.789000000
8.348748,7.790000000
8.390964,7.791000000
8.403217,7.792000000
8.406461,7.793000000
8.409300,7.794000000
8.413617,7.795000000
8.415832,7.796000000
8.418879,7.797000000
8.421637,7.798000000
8.426553,7.799000000
8.429301,7.800000000
8.436182,7.801000000
8.444712,7.802000000
8.449033,7.803000000
8.460813,7.804000000
8.469173,7.805000000
8.485310,7.806000000
8.495659,7.807000000
8.500087,7.808000000
8.547780,7.809000000
8.560992,7.810000000
8.565057,7.811000000
8.567437,7.812000000
8.569532,7.813000000
8.573611,7.814000000
8.579001,7.815000000
8.587161,7.816000000
8.589498,7.817000000
8.598153,7.818000000
8.603976,7.819000000
8.627579,7.820000000
8.629738,7.821000000
8.639659,7.822000000
8.649663,7.823000000
8.658011,7.824000000
8.700395,7.825000000
8.714909,7.826000000
8.724290,7.827000000
8.742263,7.828000000
8.750879,7.829000000
8.764700,7.830000000
8.778519,7.831000000
8.789083,7.832000000
8.797731,7.833000000
8.805324,7.834000000
8.810957,7.835000000
8.826957,7.836000000
8.832271,7.837000000
8.838253,7.838000000
8.844890,7.839000000
8.856022,7.840000000
8.873929,7.841000000
8.879845,7.842000000
8.906409,7.843000000
8.915626,7.844000000
8.945715,7.845000000
8.955816,7.846000000
8.962720,7.847000000
8.976337,7.848000000
8.983937,7.849000000
8.989386,7.850000000
9.015598,7.851000000
9.028558,7.852000000
9.040721,7.853000000
9.052375,7.854000000
9.067445,7.855000000
9.073187,7.856000000
9.088905,7.857000000
9.099409,7.858000000
9.111243,7.859000000
9.120792,7.860000000
9.127995,7.861000000
9.134605,7.862000000
9.140883,7.863000000
9.157964,7.864000000
9.162310,7.865000000
9.167996,7.866000000
9.173343,7.867000000
9.205353,7.868000000
9.227566,7.869000000
9.233743,7.870000000
9.241132,7.871000000
9.247982,7.872000000
9.267414,7.873000000
9.275745,7.874000000
9.281885,7.875000000
9.305339,7.876000000
9.314771,7.877000000
9.357320,7.878000000
9.367397,7.879000000
9.380144,7.880000000
9.391745,7.881000000
9.407185,7.882000000
9.418482,7.883000000
9.434646,7.884000000
9.446659,7.885000000
9.459585,7.886000000
9.476554,7.887000000
9.500844,7.888000000
9.513452,7.889000000
9.523311,7.890000000
9.529838,7.891000000
9.551425,7.892000000
9.555581,7.893000000
9.562247,7.894000000
9.572473,7.895000000
9.580772,7.896000000
9.585319,7.897000000
9.592017,7.898000000
9.599085,7.899000000
9.624171,7.900000000
9.629718,7.901000000
9.636354,7.902000000
9.653419,7.903000000
9.660591,7.904000000
9.688500,7.905000000
9.704168,7.906000000
9.727009,7.907000000
9.747591,7.908000000
9.769473,7.909000000
9.795920,7.910000000
9.802234,7.911000000
9.818882,7.912000000
9.818931,7.913000000
9.830789,7.914000000
9.835113,7.915000000
9.864969,7.916000000
9.871342,7.917000000
9.878169,7.918000000
9.884296,7.919000000
9.889313,7.920000000
9.925760,7.921000000
9.930919,7.922000000
9.935915,7.923000000
9.954594,7.924000000
9.959318,7.925000000
9.967443,7.926000000
10.000458,7.927000000
10.004820,7.928000000
10.010859,7.929000000
10.030123,7.930000000
10.035946,7.931000000
10.054851,7.932000000
10.056665,7.933000000
10.056709,7.934000000
10.062478,7.935000000
10.070321,7.936000000
10.074960,7.937000000
10.080430,7.938000000
10.081266,7.939000000
10.102609,7.940000000
10.102671,7.941000000
10.102682,7.942000000
10.102691,7.943000000
10.111541,7.944000000
10.120208,7.945000000
10.120257,7.946000000
10.141198,7.947000000
10.141250,7.948000000
10.141279,7.949000000
10.161995,7.950000000
10.162062,7.951000000
10.162074,7.952000000
10.172539,7.953000000
10.172591,7.954000000
10.187172,7.955000000
10.187221,7.956000000
10.197361,7.957000000
10.201581,7.958000000
10.207624,7.959000000
10.214245,7.960000000
10.219517,7.961000000
10.239500,7.962000000
10.254215,7.963000000
10.266247,7.964000000
10.281499,7.965000000
10.291847,7.966000000
10.308632,7.967000000
10.308673,7.968000000
10.352655,7.969000000
10.370473,7.970000000
10.388132,7.971000000
10.398398,7.972000000
10.409238,7.973000000
10.429137,7.974000000
10.439505,7.975000000
10.448136,7.976000000
10.453369,7.977000000
10.498148,7.978000000
10.510199,7.979000000
10.535974,7.980000000
10.536027,7.981000000
10.544757,7.982000000
10.555690,7.983000000
10.563194,7.984000000
10.574828,7.985000000
10.577452,7.986000000
10.593334,7.987000000
10.609512,7.988000000
10.626694,7.989000000
10.636801,7.990000000
10.654834,7.991000000
10.671875,7.992000000
10.673976,7.993000000
10.700716,7.994000000
10.704358,7.995000000
10.717847,7.996000000
10.730349,7.997000000
10.750458,7.998000000
10.760208,7.999000000
10.771033,8.000000000
10.784780,8.001000000
10.784829,8.002000000
10.808178,8.003000000
10.818029,8.004000000
10.818081,8.005000000
10.842622,8.006000000
10.846919,8.007000000
10.867923,8.008000000
10.891733,8.009000000
10.891787,8.010000000
10.924307,8.011000000
10.950052,8.012000000
10.959241,8.013000000
10.980302,8.014000000
10.984799,8.015000000
10.991820,8.016000000
11.001638,8.017000000
11.004899,8.018000000
11.009181,8.019000000
11.012556,8.020000000
11.038669,8.021000000
11.045981,8.022000000
11.058746,8.023000000
11.064122,8.024000000
11.073559,8.025000000
11.081181,8.026000000
11.114512,8.027000000
11.124063,8.028000000
11.133825,8.029000000
11.145528,8.030000000
11.151790,8.031000000
11.163635,8.032000000
11.172332,8.033000000
11.183841,8.034000000
11.193962,8.035000000
11.200060,8.036000000
11.211507,8.037000000
11.216717,8.038000000
11.232435,8.039000000
11.237417,8.040000000
11.257428,8.041000000
11.277531,8.042000000
11.297995,8.043000000
11.309133,8.044000000
11.316352,8.045000000
11.318777,8.046000000
11.321409,8.047000000
11.341986,8.048000000
11.353289,8.049000000
11.361073,8.050000000
11.375668,8.051000000
11.384022,8.052000000
11.394384,8.053000000
11.398127,8.054000000
11.416905,8.055000000
11.422646,8.056000000
11.441267,8.057000000
11.457384,8.058000000
11.470410,8.059000000
11.483149,8.060000000
11.489116,8.061000000
11.489401,8.062000000
11.502298,8.063000000
11.507756,8.064000000
11.532868,8.065000000
11.545178,8.066000000
11.557649,8.067000000
11.559200,8.068000000
11.579132,8.069000000
11.585564,8.070000000
11.585628,8.071000000
11.585672,8.072000000
11.587449,8.073000000
11.590442,8.074000000
11.592401,8.075000000
11.612985,8.076000000
11.622473,8.077000000
11.633599,8.078000000
11.653198,8.079000000
11.659324,8.080000000
11.676415,8.081000000
11.689155,8.082000000
11.690167,8.083000000
11.712595,8.084000000
11.721846,8.085000000
11.731762,8.086000000
11.740408,8.087000000
11.747341,8.088000000
11.772784,8.089000000
11.776727,8.090000000
11.784781,8.091000000
11.791069,8.092000000
11.796479,8.093000000
11.801432,8.094000000
11.808937,8.095000000
11.815251,8.096000000
11.821468,8.097000000
11.827867,8.098000000
11.836620,8.099000000
11.841846,8.100000000
11.847561,8.101000000
11.853462,8.102000000
11.858835,8.103000000
11.878400,8.104000000
11.888890,8.105000000
11.894155,8.106000000
11.903156,8.107000000
11.910220,8.108000000
11.919986,8.109000000
11.936135,8.110000000
11.938585,8.111000000
11.948607,8.112000000
11.957288,8.113000000
11.971908,8.114000000
11.972034,8.115000000
11.978887,8.116000000
11.987392,8.117000000
11.997394,8.118000000
12.009010,8.119000000
12.019454,8.120000000
12.019502,8.121000000
12.021048,8.122000000
12.033592,8.123000000
12.071654,8.124000000
12.101217,8.125000000
12.123487,8.126000000
12.123564,8.127000000
12.143897,8.128000000
12.172943,8.129000000
12.173018,8.130000000
12.201438,8.131000000
12.201491,8.132000000
12.214550,8.133000000
12.214594,8.134000000
12.230923,8.135000000
12.237251,8.136000000
12.246083,8.137000000
12.246131,8.138000000
12.282923,8.139000000
12.282971,8.140000000
12.297021,8.141000000
12.306808,8.142000000
12.306857,8.143000000
12.335143,8.144000000
12.347594,8.145000000
12.355870,8.146000000
12.366432,8.147000000
12.372020,8.148000000
12.399837,8.149000000
12.415169,8.150000000
12.430313,8.151000000
12.441412,8.152000000
12.449848,8.153000000
12.469888,8.154000000
12.471007,8.155000000
12.507848,8.156000000
12.518025,8.157000000
12.524176,8.158000000
12.529749,8.159000000
12.539905,8.160000000
12.556134,8.161000000
12.561847,8.162000000
12.565518,8.163000000
12.593149,8.164000000
12.606379,8.165000000
12.606454,8.166000000
12.622266,8.167000000
12.635954,8.168000000
12.645292,8.169000000
12.670503,8.170000000
12.679297,8.171000000
12.693602,8.172000000
12.707715,8.173000000
12.716062,8.174000000
12.732122,8.175000000
12.760536,8.176000000
12.778058,8.177000000
12.787938,8.178000000
12.800476,8.179000000
12.808298,8.180000000
12.829455,8.181000000
12.849371,8.182000000
12.862364,8.183000000
12.873592,8.184000000
12.884346,8.185000000
12.906472,8.186000000
12.909999,8.187000000
12.945115,8.188000000
12.945166,8.189000000
12.967823,8.190000000
12.972197,8.191000000
12.990813,8.192000000
12.995914,8.193000000
13.002292,8.194000000
13.008371,8.195000000
13.023291,8.196000000
13.025856,8.197000000
13.036756,8.198000000
13.039192,8.199000000
13.065290,8.200000000
13.066687,8.201000000
13.076403,8.202000000
13.080216,8.203000000
13.092422,8.204000000
13.095544,8.205000000
13.106892,8.206000000
13.110833,8.207000000
13.117349,8.208000000
13.144806,8.209000000
13.158219,8.210000000
13.173931,8.211000000
13.199014,8.212000000
13.217788,8.213000000
13.228600,8.214000000
13.235793,8.215000000
13.258140,8.216000000
13.263305,8.217000000
13.277023,8.218000000
13.280375,8.219000000
13.288306,8.220000000
13.294444,8.221000000
13.311038,8.222000000
13.316229,8.223000000
13.319278,8.224000000
13.326208,8.225000000
13.337494,8.226000000
13.359810,8.227000000
13.368223,8.228000000
13.374378,8.229000000
13.387896,8.230000000
13.399447,8.231000000
13.402838,8.232000000
13.419101,8.233000000
13.450258,8.234000000
13.459760,8.235000000
13.468916,8.236000000
13.493059,8.237000000
13.516316,8.238000000
13.557680,8.239000000
13.572609,8.240000000
13.572658,8.241000000
13.575667,8.242000000
13.582699,8.243000000
13.590847,8.244000000
13.600424,8.245000000
13.600473,8.246000000
13.612179,8.247000000
13.612219,8.248000000
13.622988,8.249000000
13.628429,8.250000000
13.630603,8.251000000
13.642418,8.252000000
13.649694,8.253000000
13.652133,8.254000000
13.662042,8.255000000
13.662081,8.256000000
13.669858,8.257000000
13.681879,8.258000000
13.689805,8.259000000
13.691556,8.260000000
13.702929,8.261000000
13.709882,8.262000000
13.731059,8.263000000
13.740633,8.264000000
13.763169,8.265000000
13.768599,8.266000000
13.776180,8.267000000
13.780518,8.268000000
13.788544,8.269000000
13.795931,8.270000000
13.799602,8.271000000
13.817576,8.272000000
13.821976,8.273000000
13.830011,8.274000000
13.843594,8.275000000
13.867929,8.276000000
13.870644,8.277000000
13.881745,8.278000000
13.890122,8.279000000
13.895190,8.280000000
13.895237,8.281000000
13.897523,8.282000000
13.903987,8.283000000
13.908283,8.284000000
13.910702,8.285000000
13.914050,8.286000000
13.918526,8.287000000
13.920812,8.288000000
13.923629,8.289000000
13.926693,8.290000000
13.932918,8.291000000
13.935120,8.292000000
13.937242,8.293000000
13.939336,8.294000000
13.941532,8.295000000
13.944417,8.296000000
13.947843,8.297000000
13.954890,8.298000000
13.956908,8.299000000
13.959038,8.300000000
13.969966,8.301000000
13.976789,8.302000000
13.981447,8.303000000
13.986534,8.304000000
14.000853,8.305000000
14.021346,8.306000000
14.028900,8.307000000
14.040011,8.308000000
14.047192,8.309000000
14.063866,8.310000000
14.071336,8.311000000
14.079817,8.312000000
14.100067,8.313000000
14.100972,8.314000000
14.115763,8.315000000
14.118727,8.316000000
14.135072,8.317000000
14.137764,8.318000000
14.137808,8.319000000
14.145247,8.320000000
14.148777,8.321000000
14.148823,8.322000000
14.151574,8.323000000
14.159141,8.324000000
14.159192,8.325000000
14.161684,8.326000000
14.173777,8.327000000
14.178004,8.328000000
14.180225,8.329000000
14.183353,8.330000000
14.186815,8.331000000
14.193959,8.332000000
14.200109,8.333000000
14.245014,8.334000000
14.245076,8.335000000
14.246078,8.336000000
14.272022,8.337000000
14.274710,8.338000000
14.281288,8.339000000
14.281818,8.340000000
14.303782,8.341000000
14.310453,8.342000000
14.310840,8.343000000
14.311508,8.344000000
14.320231,8.345000000
14.320333,8.346000000
14.327472,8.347000000
14.327901,8.348000000
14.337014,8.349000000
14.337471,8.350000000
14.346851,8.351000000
14.346919,8.352000000
14.348638,8.353000000
14.356088,8.354000000
14.380338,8.355000000
14.391960,8.356000000
14.409643,8.357000000
14.419516,8.358000000
14.427929,8.359000000
14.436799,8.360000000
14.448365,8.361000000
14.458217,8.362000000
14.468057,8.363000000
14.475189,8.364000000
14.488928,8.365000000
14.500324,8.366000000
14.507213,8.367000000
14.515403,8.368000000
14.527567,8.369000000
14.540550,8.370000000
14.548370,8.371000000
14.557319,8.372000000
14.569289,8.373000000
14.574757,8.374000000
14.595889,8.375000000
14.595936,8.376000000
14.617779,8.377000000
14.640501,8.378000000
14.658239,8.379000000
14.684194,8.380000000
14.695848,8.381000000
14.722237,8.382000000
14.737368,8.383000000
14.754604,8.384000000
14.785573,8.385000000
14.802171,8.386000000
14.816041,8.387000000
14.842500,8.388000000
14.858529,8.389000000
14.889908,8.390000000
14.903629,8.391000000
14.938329,8.392000000
14.956709,8.393000000
14.977819,8.394000000
14.997903,8.395000000
15.013353,8.396000000
15.025250,8.397000000
15.034727,8.398000000
15.069885,8.399000000
15.085845,8.400000000
15.106245,8.401000000
15.117344,8.402000000
15.124548,8.403000000
15.166740,8.404000000
15.176147,8.405000000
15.186597,8.406000000
15.199019,8.407000000
15.211890,8.408000000
15.226689,8.409000000
15.232984,8.410000000
15.245501,8.411000000
15.257893,8.412000000
15.267828,8.413000000
15.286000,8.414000000
15.291543,8.415000000
15.306481,8.416000000
15.317063,8.417000000
15.325396,8.418000000
15.351201,8.419000000
15.365358,8.420000000
15.399148,8.421000000
15.408521,8.422000000
15.422344,8.423000000
15.440015,8.424000000
15.458874,8.425000000
15.485392,8.426000000
15.485474,8.427000000
15.523953,8.428000000
15.535698,8.429000000
15.559833,8.430000000
15.576979,8.431000000
15.590622,8.432000000
15.597431,8.433000000
15.610162,8.434000000
15.624378,8.435000000
15.641327,8.436000000
15.659044,8.437000000
15.672422,8.438000000
15.672475,8.439000000
15.721145,8.440000000
15.765560,8.441000000
15.777013,8.442000000
15.810199,8.443000000
15.821389,8.444000000
15.836707,8.445000000
15.852862,8.446000000
15.852955,8.447000000
15.869776,8.448000000
15.869821,8.449000000
15.890551,8.450000000
15.923946,8.451000000
15.942223,8.452000000
15.954155,8.453000000
16.006012,8.454000000
16.006909,8.455000000
16.030935,8.456000000
16.058461,8.457000000
16.076473,8.458000000
16.092736,8.459000000
16.112437,8.460000000
16.148929,8.461000000
16.159987,8.462000000
16.160037,8.463000000
16.194092,8.464000000
16.200705,8.465000000
16.216028,8.466000000
16.216116,8.467000000
16.271954,8.468000000
16.285883,8.469000000
16.291856,8.470000000
16.304283,8.471000000
16.304519,8.472000000
16.317503,8.473000000
16.330968,8.474000000
16.343378,8.475000000
16.369698,8.476000000
16.377547,8.477000000
16.386279,8.478000000
16.413980,8.479000000
16.419924,8.480000000
16.422154,8.481000000
16.461101,8.482000000
16.474675,8.483000000
16.490505,8.484000000
16.503742,8.485000000
16.512187,8.486000000
16.524574,8.487000000
16.534242,8.488000000
16.548194,8.489000000
16.562681,8.490000000
16.570418,8.491000000
16.579735,8.492000000
16.601843,8.493000000
16.608130,8.494000000
16.627315,8.495000000
16.631943,8.496000000
16.648196,8.497000000
16.654388,8.498000000
16.660195,8.499000000
16.666125,8.500000000
16.690973,8.501000000
16.695489,8.502000000
16.701448,8.503000000
16.704453,8.504000000
16.706794,8.505000000
16.720788,8.506000000
16.723845,8.507000000
16.732945,8.508000000
16.752913,8.509000000
16.759437,8.510000000
16.780311,8.511000000
16.791436,8.512000000
16.795490,8.513000000
16.800787,8.514000000
16.804263,8.515000000
16.806873,8.516000000
16.809807,8.517000000
16.814018,8.518000000
16.848282,8.519000000
16.855489,8.520000000
16.859860,8.521000000
16.866359,8.522000000
16.875398,8.523000000
16.879530,8.524000000
16.884996,8.525000000
16.890311,8.526000000
16.897571,8.527000000
16.903171,8.528000000
16.907351,8.529000000
16.913575,8.530000000
16.920653,8.531000000
16.929384,8.532000000
16.946284,8.533000000
16.960332,8.534000000
16.963868,8.535000000
16.977636,8.536000000
16.989057,8.537000000
16.993021,8.538000000
16.995976,8.539000000
17.000218,8.540000000
17.002943,8.541000000
17.006284,8.542000000
17.008816,8.543000000
17.015801,8.544000000
17.018680,8.545000000
17.020714,8.546000000
17.023199,8.547000000
17.026796,8.548000000
17.029498,8.549000000
17.037160,8.550000000
17.063679,8.551000000
17.073549,8.552000000
17.084384,8.553000000
17.109429,8.554000000
17.121261,8.555000000
17.139548,8.556000000
17.147006,8.557000000
17.162500,8.558000000
17.173718,8.559000000
17.196142,8.560000000
17.221359,8.561000000
17.232944,8.562000000
17.247808,8.563000000
17.262720,8.564000000
17.288777,8.565000000
17.299272,8.566000000
17.311214,8.567000000
17.329132,8.568000000
17.333131,8.569000000
17.344263,8.570000000
17.350708,8.571000000
17.356101,8.572000000
17.365361,8.573000000
17.380797,8.574000000
17.391518,8.575000000
17.401653,8.576000000
17.408220,8.577000000
17.413888,8.578000000
17.434462,8.579000000
17.444549,8.580000000
17.456086,8.581000000
17.463126,8.582000000
17.479836,8.583000000
17.487512,8.584000000
17.512264,8.585000000
17.525732,8.586000000
17.541927,8.587000000
17.552590,8.588000000
17.558556,8.589000000
17.567071,8.590000000
17.582765,8.591000000
17.596760,8.592000000
17.610563,8.593000000
17.631444,8.594000000
17.640029,8.595000000
17.652146,8.596000000
17.659922,8.597000000
17.668080,8.598000000
17.676310,8.599000000
17.710925,8.600000000
17.710979,8.601000000
17.734016,8.602000000
17.737796,8.603000000
17.747317,8.604000000
17.759396,8.605000000
17.770902,8.606000000
17.774812,8.607000000
17.802134,8.608000000
17.802729,8.609000000
17.811046,8.610000000
17.821110,8.611000000
17.837967,8.612000000
17.840491,8.613000000
17.844667,8.614000000
17.851446,8.615000000
17.859962,8.616000000
17.878683,8.617000000
17.898521,8.618000000
17.920390,8.619000000
17.930764,8.620000000
17.931114,8.621000000
17.938536,8.622000000
17.951385,8.623000000
17.967685,8.624000000
17.979223,8.625000000
17.993353,8.626000000
18.006986,8.627000000
18.013865,8.628000000
18.026898,8.629000000
18.035090,8.630000000
18.045362,8.631000000
18.055356,8.632000000
18.065657,8.633000000
18.077526,8.634000000
18.085050,8.635000000
18.085097,8.636000000
18.090127,8.637000000
18.092143,8.638000000
18.094078,8.639000000
18.098389,8.640000000
18.102141,8.641000000
18.102450,8.642000000
18.110201,8.643000000
18.110546,8.644000000
18.118532,8.645000000
18.118587,8.646000000
18.118653,8.647000000
18.134275,8.648000000
18.139559,8.649000000
18.149116,8.650000000
18.149551,8.651000000
18.149602,8.652000000
18.158744,8.653000000
18.159136,8.654000000
18.163506,8.655000000
18.187411,8.656000000
18.207707,8.657000000
18.218150,8.658000000
18.223305,8.659000000
18.230529,8.660000000
18.249082,8.661000000
18.258979,8.662000000
18.262624,8.663000000
18.277173,8.664000000
18.294817,8.665000000
18.302059,8.666000000
18.306214,8.667000000
18.308614,8.668000000
18.313044,8.669000000
18.323387,8.670000000
18.328705,8.671000000
18.337692,8.672000000
18.348079,8.673000000
18.361040,8.674000000
18.368371,8.675000000
18.373791,8.676000000
18.386455,8.677000000
18.388647,8.678000000
18.393723,8.679000000
18.400729,8.680000000
18.406985,8.681000000
18.410649,8.682000000
18.412678,8.683000000
18.439208,8.684000000
18.451725,8.685000000
18.457996,8.686000000
18.482884,8.687000000
18.493003,8.688000000
18.500333,8.689000000
18.510936,8.690000000
18.516643,8.691000000
18.527559,8.692000000
18.551963,8.693000000
18.557971,8.694000000
18.565377,8.695000000
18.579872,8.696000000
18.579946,8.697000000
18.592282,8.698000000
18.608419,8.699000000
18.621728,8.700000000
18.632363,8.701000000
18.639462,8.702000000
18.650557,8.703000000
18.659835,8.704000000
18.665736,8.705000000
18.673342,8.706000000
18.676985,8.707000000
18.687267,8.708000000
18.695969,8.709000000
18.702188,8.710000000
18.707862,8.711000000
18.711686,8.712000000
18.725197,8.713000000
18.734171,8.714000000
18.745640,8.715000000
18.745686,8.716000000
18.763804,8.717000000
18.777381,8.718000000
18.783222,8.719000000
18.790132,8.720000000
18.795313,8.721000000
18.802105,8.722000000
18.820953,8.723000000
18.821029,8.724000000
18.821061,8.725000000
18.831950,8.726000000
18.835616,8.727000000
18.853013,8.728000000
18.867278,8.729000000
18.867327,8.730000000
18.896063,8.731000000
18.903487,8.732000000
18.918421,8.733000000
18.918470,8.734000000
18.927031,8.735000000
18.927101,8.736000000
18.942417,8.737000000
18.974483,8.738000000
18.997935,8.739000000
19.002526,8.740000000
19.031124,8.741000000
19.051357,8.742000000
19.064336,8.743000000
19.074896,8.744000000
19.100240,8.745000000
19.109985,8.746000000
19.123606,8.747000000
19.132910,8.748000000
19.139026,8.749000000
19.150377,8.750000000
19.160761,8.751000000
19.174048,8.752000000
19.185456,8.753000000
19.196913,8.754000000
19.207314,8.755000000
19.219046,8.756000000
19.242710,8.757000000
19.248895,8.758000000
19.270708,8.759000000
19.288754,8.760000000
19.294241,8.761000000
19.311849,8.762000000
19.321987,8.763000000
19.326049,8.764000000
19.350920,8.765000000
19.351829,8.766000000
19.373264,8.767000000
19.390274,8.768000000
19.393249,8.769000000
19.420070,8.770000000
19.432622,8.771000000
19.436543,8.772000000
19.441776,8.773000000
19.449345,8.774000000
19.453108,8.775000000
19.455306,8.776000000
19.457433,8.777000000
19.474955,8.778000000
19.478366,8.779000000
19.483590,8.780000000
19.487947,8.781000000
19.505139,8.782000000
19.522685,8.783000000
19.539827,8.784000000
19.551654,8.785000000
19.565869,8.786000000
19.585289,8.787000000
19.595854,8.788000000
19.608311,8.789000000
19.617923,8.790000000
19.650640,8.791000000
19.658262,8.792000000
19.670725,8.793000000
19.680984,8.794000000
19.687850,8.795000000
19.694007,8.796000000
19.703305,8.797000000
19.715816,8.798000000
19.717790,8.799000000
19.722281,8.800000000
19.728175,8.801000000
19.730216,8.802000000
19.740505,8.803000000
19.742522,8.804000000
19.759839,8.805000000
19.762033,8.806000000
19.778176,8.807000000
19.808080,8.808000000
19.810309,8.809000000
19.819713,8.810000000
19.822676,8.811000000
19.827604,8.812000000
19.835238,8.813000000
19.839227,8.814000000
19.843519,8.815000000
19.851394,8.816000000
19.859021,8.817000000
19.863397,8.818000000
19.863439,8.819000000
19.870009,8.820000000
19.873529,8.821000000
19.878011,8.822000000
19.885404,8.823000000
19.887326,8.824000000
19.891264,8.825000000
19.897117,8.826000000
19.903251,8.827000000
19.905463,8.828000000
19.907629,8.829000000
19.915924,8.830000000
19.921592,8.831000000
19.923599,8.832000000
19.929748,8.833000000
19.931571,8.834000000
19.933640,8.835000000
19.941038,8.836000000
19.945033,8.837000000
19.947124,8.838000000
19.954391,8.839000000
19.959999,8.840000000
19.962045,8.841000000
19.967198,8.842000000
19.969317,8.843000000
19.976492,8.844000000
19.982774,8.845000000
19.984951,8.846000000
19.989064,8.847000000
19.991181,8.848000000
19.998271,8.849000000
20.003970,8.850000000
20.005927,8.851000000
20.007946,8.852000000
20.016092,8.853000000
20.018042,8.854000000
20.024482,8.855000000
20.026610,8.856000000
20.033985,8.857000000
20.038006,8.858000000
20.041328,8.859000000
20.043417,8.860000000
20.045926,8.861000000
20.048172,8.862000000
20.050426,8.863000000
20.052382,8.864000000
20.054358,8.865000000
20.056396,8.866000000
20.058404,8.867000000
20.060410,8.868000000
20.062495,8.869000000
20.064948,8.870000000
20.067256,8.871000000
20.069414,8.872000000
20.071915,8.873000000
20.074062,8.874000000
20.076024,8.875000000
20.078092,8.876000000
20.080264,8.877000000
20.083513,8.878000000
20.085646,8.879000000
20.087541,8.880000000
20.089472,8.881000000
20.091620,8.882000000
20.093696,8.883000000
20.096426,8.884000000
20.110154,8.885000000
20.112000,8.886000000
20.132639,8.887000000
20.134854,8.888000000
20.139609,8.889000000
20.141721,8.890000000
20.143752,8.891000000
20.148867,8.892000000
20.151061,8.893000000
20.153318,8.894000000
20.182177,8.895000000
20.182239,8.896000000
20.182274,8.897000000
20.206890,8.898000000
20.219409,8.899000000
20.224303,8.900000000
20.233460,8.901000000
20.241099,8.902000000
20.250225,8.903000000
20.274471,8.904000000
20.278585,8.905000000
20.286961,8.906000000
20.301338,8.907000000
20.305714,8.908000000
20.314278,8.909000000
20.346949,8.910000000
20.357461,8.911000000
20.377521,8.912000000
20.384273,8.913000000
20.419345,8.914000000
20.445288,8.915000000
20.449323,8.916000000
20.465227,8.917000000
20.482008,8.918000000
20.496013,8.919000000
20.497573,8.920000000
20.503439,8.921000000
20.508866,8.922000000
20.518608,8.923000000
20.534968,8.924000000
20.540301,8.925000000
20.556395,8.926000000
20.562447,8.927000000
20.570510,8.928000000
20.602304,8.929000000
20.614249,8.930000000
20.633034,8.931000000
20.638459,8.932000000
20.644503,8.933000000
20.655987,8.934000000
20.661820,8.935000000
20.674790,8.936000000
20.675276,8.937000000
20.677411,8.938000000
20.679523,8.939000000
20.681675,8.940000000
20.684263,8.941000000
20.703288,8.942000000
20.710901,8.943000000
20.714829,8.944000000
20.715665,8.945000000
20.717665,8.946000000
20.719798,8.947000000
20.723047,8.948000000
20.725056,8.949000000
20.727208,8.950000000
20.729219,8.951000000
20.731276,8.952000000
20.741286,8.953000000
20.750945,8.954000000
20.757471,8.955000000
20.767899,8.956000000
20.770274,8.957000000
20.793468,8.958000000
20.808768,8.959000000
20.818075,8.960000000
20.822980,8.961000000
20.825717,8.962000000
20.845244,8.963000000
20.862774,8.964000000
20.874893,8.965000000
20.881478,8.966000000
20.900966,8.967000000
20.902995,8.968000000
20.905090,8.969000000
20.926097,8.970000000
20.928113,8.971000000
20.940375,8.972000000
20.947672,8.973000000
20.958839,8.974000000
20.965368,8.975000000
20.969656,8.976000000
20.973161,8.977000000
20.977747,8.978000000
20.980985,8.979000000
20.985742,8.980000000
20.988825,8.981000000
20.995385,8.982000000
20.999219,8.983000000
21.005283,8.984000000
21.015176,8.985000000
21.025077,8.986000000
21.032540,8.987000000
21.040020,8.988000000
21.050763,8.989000000
21.055015,8.990000000
21.076136,8.991000000
21.084695,8.992000000
21.093301,8.993000000
21.111276,8.994000000
21.123156,8.995000000
21.128064,8.996000000
21.146667,8.997000000
21.154252,8.998000000
21.156360,8.999000000
21.173489,9.000000000
21.181066,9.001000000
21.184551,9.002000000
21.212889,9.003000000
21.216683,9.004000000
21.225728,9.005000000
21.237731,9.006000000
21.245967,9.007000000
21.253878,9.008000000
21.284143,9.009000000
21.295337,9.010000000
21.310514,9.011000000
21.321103,9.012000000
21.334236,9.013000000
21.338449,9.014000000
21.351197,9.015000000
21.361451,9.016000000
21.371398,9.017000000
21.381786,9.018000000
21.388422,9.019000000
21.395365,9.020000000
21.401618,9.021000000
21.407581,9.022000000
21.412957,9.023000000
21.429660,9.024000000
21.440182,9.025000000
21.460554,9.026000000
21.480555,9.027000000
21.488539,9.028000000
21.488592,9.029000000
21.517882,9.030000000
21.532053,9.031000000
21.551411,9.032000000
21.551461,9.033000000
21.578232,9.034000000
21.578279,9.035000000
21.600781,9.036000000
21.613956,9.037000000
21.631632,9.038000000
21.631677,9.039000000
21.664846,9.040000000
21.664894,9.041000000
21.693411,9.042000000
21.697234,9.043000000
21.717402,9.044000000
21.717449,9.045000000
21.746178,9.046000000
21.759708,9.047000000
21.779361,9.048000000
21.795196,9.049000000
21.808772,9.050000000
21.817104,9.051000000
21.834271,9.052000000
21.858110,9.053000000
21.873728,9.054000000
21.890294,9.055000000
21.903009,9.056000000
21.930800,9.057000000
21.950813,9.058000000
21.960624,9.059000000
21.976151,9.060000000
21.997654,9.061000000
21.997702,9.062000000
22.020743,9.063000000
22.034960,9.064000000
22.053958,9.065000000
22.071836,9.066000000
22.071916,9.067000000
22.090843,9.068000000
22.110740,9.069000000
22.123134,9.070000000
22.137223,9.071000000
22.154249,9.072000000
22.154297,9.073000000
22.188369,9.074000000
22.196954,9.075000000
22.213771,9.076000000
22.237989,9.077000000
22.238039,9.078000000
22.247103,9.079000000
22.248990,9.080000000
22.257092,9.081000000
22.268982,9.082000000
22.279821,9.083000000
22.283079,9.084000000
22.285162,9.085000000
22.287168,9.086000000
22.289576,9.087000000
22.296481,9.088000000
22.298373,9.089000000
22.300744,9.090000000
22.302800,9.091000000
22.314915,9.092000000
22.319089,9.093000000
22.328093,9.094000000
22.340477,9.095000000
22.342841,9.096000000
22.356414,9.097000000
22.366654,9.098000000
22.373649,9.099000000
22.382622,9.100000000
22.391973,9.101000000
22.398772,9.102000000
22.412067,9.103000000
22.419172,9.104000000
22.429335,9.105000000
22.436749,9.106000000
22.453012,9.107000000
22.456106,9.108000000
22.470810,9.109000000
22.475272,9.110000000
22.486048,9.111000000
22.491373,9.112000000
22.499167,9.113000000
22.526614,9.114000000
22.537811,9.115000000
22.539943,9.116000000
22.549740,9.117000000
22.559654,9.118000000
22.568677,9.119000000
22.571271,9.120000000
22.574334,9.121000000
22.576388,9.122000000
22.578433,9.123000000
22.580509,9.124000000
22.582574,9.125000000
22.584559,9.126000000
22.587146,9.127000000
22.590452,9.128000000
22.594072,9.129000000
22.597248,9.130000000
22.601228,9.131000000
22.603286,9.132000000
22.606614,9.133000000
22.608973,9.134000000
22.615055,9.135000000
22.617152,9.136000000
22.620361,9.137000000
22.623800,9.138000000
22.626698,9.139000000
22.630745,9.140000000
22.634361,9.141000000
22.651238,9.142000000
22.662230,9.143000000
22.662294,9.144000000
22.662305,9.145000000
22.662314,9.146000000
22.662347,9.147000000
22.662355,9.148000000
22.672600,9.149000000
22.672653,9.150000000
22.672663,9.151000000
22.672673,9.152000000
22.679920,9.153000000
22.686953,9.154000000
22.686999,9.155000000
22.695725,9.156000000
22.695793,9.157000000
22.695803,9.158000000
22.709131,9.159000000
22.719608,9.160000000
22.725693,9.161000000
22.725734,9.162000000
22.735214,9.163000000
22.746158,9.164000000
22.758247,9.165000000
22.758292,9.166000000
22.765213,9.167000000
22.786560,9.168000000
22.787258,9.169000000
22.796402,9.170000000
22.804585,9.171000000
22.814165,9.172000000
22.825922,9.173000000
22.834038,9.174000000
22.834083,9.175000000
22.854793,9.176000000
22.858706,9.177000000
22.868978,9.178000000
22.886373,9.179000000
22.887058,9.180000000
22.894368,9.181000000
22.932539,9.182000000
22.946114,9.183000000
22.959493,9.184000000
22.971744,9.185000000
22.983672,9.186000000
22.993604,9.187000000
23.004848,9.188000000
23.019424,9.189000000
23.025610,9.190000000
23.039644,9.191000000
23.039694,9.192000000
23.053040,9.193000000
23.082597,9.194000000
23.082658,9.195000000
23.082669,9.196000000
23.095397,9.197000000
23.099179,9.198000000
23.107356,9.199000000
23.125952,9.200000000
23.146267,9.201000000
23.146311,9.202000000
23.162310,9.203000000
23.162378,9.204000000
23.176898,9.205000000
23.188577,9.206000000
23.188653,9.207000000
23.205349,9.208000000
23.210903,9.209000000
23.223837,9.210000000
23.223879,9.211000000
23.236609,9.212000000
23.243583,9.213000000
23.252705,9.214000000
23.278351,9.215000000
23.291723,9.216000000
23.302175,9.217000000
23.311383,9.218000000
23.321568,9.219000000
23.331838,9.220000000
23.346134,9.221000000
23.355823,9.222000000
23.367613,9.223000000
23.378624,9.224000000
23.389654,9.225000000
23.400572,9.226000000
23.418698,9.227000000
23.441280,9.228000000
23.441326,9.229000000
23.476848,9.230000000
23.487759,9.231000000
23.491968,9.232000000
23.498402,9.233000000
23.510347,9.234000000
23.519110,9.235000000
23.525099,9.236000000
23.532585,9.237000000
23.539319,9.238000000
23.561547,9.239000000
23.567641,9.240000000
23.574196,9.241000000
23.589719,9.242000000
23.591673,9.243000000
23.598470,9.244000000
23.625988,9.245000000
23.638408,9.246000000
23.652241,9.247000000
23.663234,9.248000000
23.674251,9.249000000
23.689991,9.250000000
23.701640,9.251000000
23.705823,9.252000000
23.724786,9.253000000
23.727811,9.254000000
23.732195,9.255000000
23.734681,9.256000000
23.736796,9.257000000
23.782419,9.258000000
23.797837,9.259000000
23.802224,9.260000000
23.808662,9.261000000
23.819254,9.262000000
23.819297,9.263000000
23.825079,9.264000000
23.839220,9.265000000
23.839264,9.266000000
23.840429,9.267000000
23.866238,9.268000000
23.876055,9.269000000
23.876098,9.270000000
23.905265,9.271000000
23.905308,9.272000000
23.917478,9.273000000
23.917519,9.274000000
23.918240,9.275000000
23.929866,9.276000000
23.929926,9.277000000
23.934410,9.278000000
23.934770,9.279000000
23.942127,9.280000000
23.958763,9.281000000
23.958833,9.282000000
23.958872,9.283000000
23.958882,9.284000000
23.958890,9.285000000
23.987206,9.286000000
23.987283,9.287000000
23.987293,9.288000000
23.987302,9.289000000
24.003016,9.290000000
24.028143,9.291000000
24.030331,9.292000000
24.043665,9.293000000
24.055143,9.294000000
24.066063,9.295000000
24.075767,9.296000000
24.085129,9.297000000
24.095240,9.298000000
24.105636,9.299000000
24.116626,9.300000000
24.127480,9.301000000
24.133973,9.302000000
24.159209,9.303000000
24.169683,9.304000000
24.177227,9.305000000
24.180188,9.306000000
24.217616,9.307000000
24.220335,9.308000000
24.222488,9.309000000
24.250226,9.310000000
24.258034,9.311000000
24.269233,9.312000000
24.274623,9.313000000
24.283597,9.314000000
24.287325,9.315000000
24.315786,9.316000000
24.327509,9.317000000
24.342185,9.318000000
24.351676,9.319000000
24.357026,9.320000000
24.372632,9.321000000
24.372946,9.322000000
24.374991,9.323000000
24.377008,9.324000000
24.379127,9.325000000
24.384659,9.326000000
24.388314,9.327000000
24.392074,9.328000000
24.393222,9.329000000
24.395066,9.330000000
24.397231,9.331000000
24.399256,9.332000000
24.401335,9.333000000
24.403397,9.334000000
24.408624,9.335000000
24.409659,9.336000000
24.411797,9.337000000
24.413893,9.338000000
24.420286,9.339000000
24.424316,9.340000000
24.426476,9.341000000
24.434571,9.342000000
24.436685,9.343000000
24.441464,9.344000000
24.444520,9.345000000
24.447611,9.346000000
24.449970,9.347000000
24.471080,9.348000000
24.473205,9.349000000
24.487056,9.350000000
24.489620,9.351000000
24.497430,9.352000000
24.503998,9.353000000
24.512520,9.354000000
24.512572,9.355000000
24.512583,9.356000000
24.512619,9.357000000
24.520468,9.358000000
24.520523,9.359000000
24.520534,9.360000000
24.520542,9.361000000
24.522573,9.362000000
24.530099,9.363000000
24.542182,9.364000000
24.544293,9.365000000
24.550601,9.366000000
24.555028,9.367000000
24.558297,9.368000000
24.577726,9.369000000
24.581910,9.370000000
24.584721,9.371000000
24.587887,9.372000000
24.589857,9.373000000
24.594489,9.374000000
24.597572,9.375000000
24.600071,9.376000000
24.605103,9.377000000
24.607573,9.378000000
24.611025,9.379000000
24.618745,9.380000000
24.622847,9.381000000
24.631475,9.382000000
24.633451,9.383000000
24.636216,9.384000000
24.640152,9.385000000
24.642309,9.386000000
24.644390,9.387000000
24.660510,9.388000000
24.662282,9.389000000
24.666067,9.390000000
24.669144,9.391000000
24.685117,9.392000000
24.693198,9.393000000
24.725954,9.394000000
24.737557,9.395000000
24.745067,9.396000000
24.747162,9.397000000
24.767548,9.398000000
24.777371,9.399000000
24.784363,9.400000000
24.788601,9.401000000
24.799675,9.402000000
24.811275,9.403000000
24.818472,9.404000000
24.826014,9.405000000
24.837464,9.406000000
24.844226,9.407000000
24.850475,9.408000000
24.872283,9.409000000
24.887994,9.410000000
24.903171,9.411000000
24.909648,9.412000000
24.925225,9.413000000
24.937349,9.414000000
24.956307,9.415000000
24.962416,9.416000000
24.979389,9.417000000
24.987184,9.418000000
25.001329,9.419000000
25.015067,9.420000000
25.018855,9.421000000
25.029022,9.422000000
25.046953,9.423000000
25.049113,9.424000000
25.054720,9.425000000
25.075243,9.426000000
25.087599,9.427000000
25.089875,9.428000000
25.109867,9.429000000
25.131573,9.430000000
25.140489,9.431000000
25.147966,9.432000000
25.155599,9.433000000
25.159224,9.434000000
25.165060,9.435000000
25.177829,9.436000000
25.186971,9.437000000
25.195701,9.438000000
25.201841,9.439000000
25.213781,9.440000000
25.218812,9.441000000
25.229379,9.442000000
25.233556,9.443000000
25.235843,9.444000000
25.253753,9.445000000
25.280978,9.446000000
25.303033,9.447000000
25.309148,9.448000000
25.326540,9.449000000
25.342453,9.450000000
25.353881,9.451000000
25.372454,9.452000000
25.380156,9.453000000
25.386241,9.454000000
25.407736,9.455000000
25.409888,9.456000000
25.428018,9.457000000
25.435497,9.458000000
25.448107,9.459000000
25.459492,9.460000000
25.480483,9.461000000
25.491055,9.462000000
25.501604,9.463000000
25.517934,9.464000000
25.525077,9.465000000
25.538139,9.466000000
25.547770,9.467000000
25.559096,9.468000000
25.570268,9.469000000
25.581350,9.470000000
25.590562,9.471000000
25.601784,9.472000000
25.629456,9.473000000
25.637256,9.474000000
25.657214,9.475000000
25.676426,9.476000000
25.682259,9.477000000
25.689883,9.478000000
25.713944,9.479000000
25.721610,9.480000000
25.723898,9.481000000
25.726620,9.482000000
25.729189,9.483000000
25.731271,9.484000000
25.733420,9.485000000
25.735307,9.486000000
25.737375,9.487000000
25.739582,9.488000000
25.741512,9.489000000
25.744219,9.490000000
25.746306,9.491000000
25.748895,9.492000000
25.754799,9.493000000
25.773141,9.494000000
25.773423,9.495000000
25.775496,9.496000000
25.777645,9.497000000
25.779661,9.498000000
25.786056,9.499000000
25.799856,9.500000000
25.806070,9.501000000
25.815718,9.502000000
25.844052,9.503000000
25.854175,9.504000000
25.863341,9.505000000
25.871763,9.506000000
25.884251,9.507000000
25.895701,9.508000000
25.902363,9.509000000
25.911680,9.510000000
25.919644,9.511000000
25.929447,9.512000000
25.937382,9.513000000
25.946836,9.514000000
25.956521,9.515000000
25.962746,9.516000000
25.968971,9.517000000
25.994660,9.518000000
26.002354,9.519000000
26.024094,9.520000000
26.032338,9.521000000
26.037262,9.522000000
26.054864,9.523000000
26.058933,9.524000000
26.076335,9.525000000
26.108633,9.526000000
26.118600,9.527000000
26.124324,9.528000000
26.137371,9.529000000
26.137931,9.530000000
26.153044,9.531000000
26.166072,9.532000000
26.180202,9.533000000
26.188287,9.534000000
26.205955,9.535000000
26.206164,9.536000000
26.221588,9.537000000
26.230162,9.538000000
26.243079,9.539000000
26.262915,9.540000000
26.273901,9.541000000
26.280713,9.542000000
26.302065,9.543000000
26.309387,9.544000000
26.325129,9.545000000
26.339821,9.546000000
26.348365,9.547000000
26.356016,9.548000000
26.371497,9.549000000
26.380494,9.550000000
26.386309,9.551000000
26.394154,9.552000000
26.402426,9.553000000
26.414536,9.554000000
26.422309,9.555000000
26.422359,9.556000000
26.442183,9.557000000
26.449753,9.558000000
26.471267,9.559000000
26.491940,9.560000000
26.508078,9.561000000
26.524087,9.562000000
26.530188,9.563000000
26.540065,9.564000000
26.552937,9.565000000
26.563694,9.566000000
26.574355,9.567000000
26.584259,9.568000000
26.592204,9.569000000
26.600444,9.570000000
26.623285,9.571000000
26.629420,9.572000000
26.648225,9.573000000
26.652313,9.574000000
26.663487,9.575000000
26.679585,9.576000000
26.685952,9.577000000
26.691155,9.578000000
26.715643,9.579000000
26.721858,9.580000000
26.727911,9.581000000
26.741303,9.582000000
26.747591,9.583000000
26.753174,9.584000000
26.783565,9.585000000
26.797042,9.586000000
26.805221,9.587000000
26.811332,9.588000000
26.840772,9.589000000
26.855747,9.590000000
26.865074,9.591000000
26.877161,9.592000000
26.885385,9.593000000
26.903212,9.594000000
26.911318,9.595000000
26.919592,9.596000000
26.928058,9.597000000
26.933125,9.598000000
26.952343,9.599000000
26.961224,9.600000000
26.972623,9.601000000
26.978248,9.602000000
26.986633,9.603000000
26.995688,9.604000000
26.999955,9.605000000
27.004552,9.606000000
27.019565,9.607000000
27.023514,9.608000000
27.027809,9.609000000
27.035500,9.610000000
27.043571,9.611000000
27.047068,9.612000000
27.078071,9.613000000
27.084530,9.614000000
27.095620,9.615000000
27.105174,9.616000000
27.113563,9.617000000
27.123666,9.618000000
27.130992,9.619000000
27.138633,9.620000000
27.143134,9.621000000
27.149248,9.622000000
27.157324,9.623000000
27.163256,9.624000000
27.171984,9.625000000
27.180045,9.626000000
27.186581,9.627000000
27.189667,9.628000000
27.194292,9.629000000
27.209564,9.630000000
27.215007,9.631000000
27.217786,9.632000000
27.227021,9.633000000
27.254276,9.634000000
27.265608,9.635000000
27.298105,9.636000000
27.307045,9.637000000
27.317855,9.638000000
27.323586,9.639000000
27.329430,9.640000000
27.333790,9.641000000
27.339713,9.642000000
27.344410,9.643000000
27.350006,9.644000000
27.355561,9.645000000
27.364157,9.646000000
27.367468,9.647000000
27.375354,9.648000000
27.391095,9.649000000
27.397686,9.650000000
27.407392,9.651000000
27.446955,9.652000000
27.462253,9.653000000
27.479670,9.654000000
27.495338,9.655000000
27.513085,9.656000000
27.525478,9.657000000
27.536353,9.658000000
27.549910,9.659000000
27.559662,9.660000000
27.574460,9.661000000
27.585206,9.662000000
27.596169,9.663000000
27.606455,9.664000000
27.627594,9.665000000
27.627645,9.666000000
27.633284,9.667000000
27.640098,9.668000000
27.658057,9.669000000
27.658104,9.670000000
27.685483,9.671000000
27.699481,9.672000000
27.711528,9.673000000
27.727105,9.674000000
27.744537,9.675000000
27.756558,9.676000000
27.766536,9.677000000
27.779215,9.678000000
27.820978,9.679000000
27.830255,9.680000000
27.843760,9.681000000
27.865998,9.682000000
27.880614,9.683000000
27.897260,9.684000000
27.897986,9.685000000
27.908463,9.686000000
27.927889,9.687000000
27.937038,9.688000000
27.946198,9.689000000
27.950033,9.690000000
27.954917,9.691000000
27.962782,9.692000000
27.975157,9.693000000
27.988611,9.694000000
27.988662,9.695000000
27.992035,9.696000000
28.012478,9.697000000
28.012534,9.698000000
28.012567,9.699000000
28.038432,9.700000000
28.045440,9.701000000
28.065695,9.702000000
28.065752,9.703000000
28.065762,9.704000000
28.085618,9.705000000
28.101310,9.706000000
28.101394,9.707000000
28.104814,9.708000000
28.128969,9.709000000
28.138955,9.710000000
28.150149,9.711000000
28.163380,9.712000000
28.163432,9.713000000
28.171482,9.714000000
28.197548,9.715000000
28.208190,9.716000000
28.215985,9.717000000
28.233419,9.718000000
28.248124,9.719000000
28.258169,9.720000000
28.269038,9.721000000
28.278769,9.722000000
28.300045,9.723000000
28.310074,9.724000000
28.310120,9.725000000
28.316934,9.726000000
28.325395,9.727000000
28.337068,9.728000000
28.342784,9.729000000
28.350785,9.730000000
28.364940,9.731000000
28.376941,9.732000000
28.402678,9.733000000
28.426431,9.734000000
28.448562,9.735000000
28.456571,9.736000000
28.474611,9.737000000
28.496138,9.738000000
28.504044,9.739000000
28.504303,9.740000000
28.519809,9.741000000
28.534664,9.742000000
28.534721,9.743000000
28.562090,9.744000000
28.566297,9.745000000
28.575080,9.746000000
28.582642,9.747000000
28.593475,9.748000000
28.600180,9.749000000
28.610688,9.750000000
28.616705,9.751000000
28.634521,9.752000000
28.638458,9.753000000
28.648706,9.754000000
28.655777,9.755000000
28.656111,9.756000000
28.660147,9.757000000
28.676576,9.758000000
28.683243,9.759000000
28.689510,9.760000000
28.714947,9.761000000
28.719603,9.762000000
28.724941,9.763000000
28.750311,9.764000000
28.750363,9.765000000
28.750374,9.766000000
28.770734,9.767000000
28.770785,9.768000000
28.770796,9.769000000
28.774462,9.770000000
28.779858,9.771000000
28.803886,9.772000000
28.821112,9.773000000
28.830637,9.774000000
28.849011,9.775000000
28.862633,9.776000000
28.874298,9.777000000
28.877598,9.778000000
28.908570,9.779000000
28.924430,9.780000000
28.931041,9.781000000
28.947285,9.782000000
28.948556,9.783000000
28.961990,9.784000000
28.971705,9.785000000
28.982711,9.786000000
28.992666,9.787000000
28.998713,9.788000000
29.009290,9.789000000
29.014071,9.790000000
29.028611,9.791000000
29.037437,9.792000000
29.055163,9.793000000
29.066486,9.794000000
29.083148,9.795000000
29.103839,9.796000000
29.124204,9.797000000
29.140375,9.798000000
29.159219,9.799000000
29.177042,9.800000000
29.185404,9.801000000
29.198645,9.802000000
29.208731,9.803000000
29.220631,9.804000000
29.232131,9.805000000
29.245466,9.806000000
29.255624,9.807000000
29.269107,9.808000000
29.294954,9.809000000
29.312905,9.810000000
29.327752,9.811000000
29.342560,9.812000000
29.353351,9.813000000
29.364644,9.814000000
29.376117,9.815000000
29.388363,9.816000000
29.400934,9.817000000
29.413749,9.818000000
29.425158,9.819000000
29.437804,9.820000000
29.466526,9.821000000
29.488046,9.822000000
29.508599,9.823000000
29.515246,9.824000000
29.527557,9.825000000
29.539440,9.826000000
29.553176,9.827000000
29.560555,9.828000000
29.569468,9.829000000
29.581597,9.830000000
29.593582,9.831000000
29.601215,9.832000000
29.609756,9.833000000
29.635499,9.834000000
29.641079,9.835000000
29.671425,9.836000000
29.679989,9.837000000
29.694359,9.838000000
29.700306,9.839000000
29.707895,9.840000000
29.717787,9.841000000
29.739807,9.842000000
29.753786,9.843000000
29.760742,9.844000000
29.764033,9.845000000
29.766495,9.846000000
29.769991,9.847000000
29.775618,9.848000000
29.810654,9.849000000
29.821578,9.850000000
29.831475,9.851000000
29.837258,9.852000000
29.845193,9.853000000
29.857549,9.854000000
29.864383,9.855000000
29.879730,9.856000000
29.899107,9.857000000
29.907542,9.858000000
29.921319,9.859000000
29.924165,9.860000000
29.942322,9.861000000
29.948961,9.862000000
29.957084,9.863000000
29.974583,9.864000000
29.995748,9.865000000
30.004901,9.866000000
30.010738,9.867000000
30.017709,9.868000000
30.032681,9.869000000
30.040516,9.870000000
30.049287,9.871000000
30.074336,9.872000000
30.083468,9.873000000
30.088022,9.874000000
30.103647,9.875000000
30.113616,9.876000000
30.122274,9.877000000
30.151123,9.878000000
30.162220,9.879000000
30.173790,9.880000000
30.185264,9.881000000
30.199415,9.882000000
30.211408,9.883000000
30.218332,9.884000000
30.227285,9.885000000
30.238927,9.886000000
30.241426,9.887000000
30.254896,9.888000000
30.266897,9.889000000
30.276883,9.890000000
30.281651,9.891000000
30.291345,9.892000000
30.300081,9.893000000
30.303888,9.894000000
30.307992,9.895000000
30.329374,9.896000000
30.331687,9.897000000
30.334047,9.898000000
30.338936,9.899000000
30.342159,9.900000000
30.345913,9.901000000
30.355775,9.902000000
30.363829,9.903000000
30.398654,9.904000000
30.402189,9.905000000
30.418362,9.906000000
30.426492,9.907000000
30.435180,9.908000000
30.440502,9.909000000
30.443110,9.910000000
30.467324,9.911000000
30.479525,9.912000000
30.484386,9.913000000
30.499204,9.914000000
30.499249,9.915000000
30.509692,9.916000000
30.509780,9.917000000
30.524443,9.918000000
30.525725,9.919000000
30.535614,9.920000000
30.543348,9.921000000
30.545461,9.922000000
30.549017,9.923000000
30.549737,9.924000000
30.551788,9.925000000
30.553805,9.926000000
30.555826,9.927000000
30.558386,9.928000000
30.560547,9.929000000
30.562673,9.930000000
30.566883,9.931000000
30.569727,9.932000000
30.572024,9.933000000
30.587566,9.934000000
30.592528,9.935000000
30.598213,9.936000000
30.602614,9.937000000
30.611361,9.938000000
30.613564,9.939000000
30.638192,9.940000000
30.644405,9.941000000
30.652953,9.942000000
30.672606,9.943000000
30.675322,9.944000000
30.680086,9.945000000
30.682410,9.946000000
30.685551,9.947000000
30.688955,9.948000000
30.694427,9.949000000
30.698598,9.950000000
30.701610,9.951000000
30.711877,9.952000000
30.713835,9.953000000
30.715986,9.954000000
30.730864,9.955000000
30.738900,9.956000000
30.741471,9.957000000
30.745065,9.958000000
30.753153,9.959000000
30.757481,9.960000000
30.759700,9.961000000
30.766400,9.962000000
30.768812,9.963000000
30.808924,9.964000000
30.814304,9.965000000
30.856738,9.966000000
30.868376,9.967000000
30.876766,9.968000000
30.888596,9.969000000
30.897490,9.970000000
30.904810,9.971000000
30.918446,9.972000000
30.923158,9.973000000
30.931274,9.974000000
30.937377,9.975000000
30.943202,9.976000000
30.951342,9.977000000
30.956830,9.978000000
30.967838,9.979000000
30.985269,9.980000000
31.007511,9.981000000
31.013385,9.982000000
31.030611,9.983000000
31.042708,9.984000000
31.054315,9.985000000
31.064531,9.986000000
31.089302,9.987000000
31.099631,9.988000000
31.108350,9.989000000
31.123724,9.990000000
31.130116,9.991000000
31.137797,9.992000000
31.168675,9.993000000
31.178309,9.994000000
31.188158,9.995000000
31.196417,9.996000000
31.206805,9.997000000
31.224176,9.998000000
31.235950,9.999000000
31.243925,10.000000000
31.253237,10.001000000
31.263511,10.002000000
31.274801,10.003000000
31.283113,10.004000000
31.295655,10.005000000
31.302068,10.006000000
31.310660,10.007000000
31.333755,10.008000000
31.338830,10.009000000
31.354521,10.010000000
31.364454,10.011000000
31.378037,10.012000000
31.381684,10.013000000
31.389284,10.014000000
31.410597,10.015000000
31.424216,10.016000000
31.432383,10.017000000
31.453240,10.018000000
31.458949,10.019000000
31.469333,10.020000000
31.500123,10.021000000
31.508744,10.022000000
31.508788,10.023000000
31.517924,10.024000000
31.517974,10.025000000
31.522847,10.026000000
31.522918,10.027000000
31.538067,10.028000000
31.538117,10.029000000
31.538127,10.030000000
31.554526,10.031000000
31.554619,10.032000000
31.554902,10.033000000
31.554943,10.034000000
31.573441,10.035000000
31.573498,10.036000000
31.573536,10.037000000
31.574402,10.038000000
31.585871,10.039000000
31.596101,10.040000000
31.606403,10.041000000
31.606447,10.042000000
31.619985,10.043000000
31.627224,10.044000000
31.640077,10.045000000
31.667636,10.046000000
31.667724,10.047000000
31.689488,10.048000000
31.709131,10.049000000
31.723438,10.050000000
31.737366,10.051000000
31.751530,10.052000000
31.760985,10.053000000
31.791857,10.054000000
31.794409,10.055000000
31.801399,10.056000000
31.806780,10.057000000
31.826349,10.058000000
31.840058,10.059000000
31.865650,10.060000000
31.865701,10.061000000
31.876137,10.062000000
31.886215,10.063000000
31.893499,10.064000000
31.899270,10.065000000
31.899317,10.066000000
31.922538,10.067000000
31.933756,10.068000000
31.933804,10.069000000
31.941131,10.070000000
31.948173,10.071000000
31.964002,10.072000000
31.972207,10.073000000
31.988947,10.074000000
31.997041,10.075000000
32.013199,10.076000000
32.022357,10.077000000
32.034880,10.078000000
32.038776,10.079000000
32.047710,10.080000000
32.056803,10.081000000
32.068103,10.082000000
32.076165,10.083000000
32.087949,10.084000000
32.095925,10.085000000
32.106282,10.086000000
32.113933,10.087000000
32.123345,10.088000000
32.131510,10.089000000
32.139364,10.090000000
32.150704,10.091000000
32.159287,10.092000000
32.168269,10.093000000
32.177774,10.094000000
32.187646,10.095000000
32.195325,10.096000000
32.219316,10.097000000
32.226819,10.098000000
32.254413,10.099000000
32.263029,10.100000000
32.277703,10.101000000
32.295185,10.102000000
32.295235,10.103000000
32.300667,10.104000000
32.301002,10.105000000
32.317083,10.106000000
32.317395,10.107000000
32.330948,10.108000000
32.330996,10.109000000
32.340143,10.110000000
32.365291,10.111000000
32.365357,10.112000000
32.377884,10.113000000
32.391735,10.114000000
32.424080,10.115000000
32.424132,10.116000000
32.436829,10.117000000
32.436890,10.118000000
32.436927,10.119000000
32.436937,10.120000000
32.454782,10.121000000
32.464871,10.122000000
32.474082,10.123000000
32.500276,10.124000000
32.500336,10.125000000
32.500347,10.126000000
32.516465,10.127000000
32.518678,10.128000000
32.529844,10.129000000
32.537775,10.130000000
32.555241,10.131000000
32.566437,10.132000000
32.574925,10.133000000
32.574975,10.134000000
32.577749,10.135000000
32.581606,10.136000000
32.596192,10.137000000
32.596252,10.138000000
32.596262,10.139000000
32.596272,10.140000000
32.601879,10.141000000
32.612913,10.142000000
32.612952,10.143000000
32.619100,10.144000000
32.619139,10.145000000
32.628808,10.146000000
32.628873,10.147000000
32.634887,10.148000000
32.634938,10.149000000
32.657631,10.150000000
32.674988,10.151000000
32.694171,10.152000000
32.706397,10.153000000
32.721229,10.154000000
32.723820,10.155000000
32.726568,10.156000000
32.729924,10.157000000
32.732455,10.158000000
32.753945,10.159000000
32.758731,10.160000000
32.768123,10.161000000
32.781436,10.162000000
32.785655,10.163000000
32.804123,10.164000000
32.826087,10.165000000
32.830532,10.166000000
32.834468,10.167000000
32.875252,10.168000000
32.875319,10.169000000
32.892866,10.170000000
32.892970,10.171000000
32.912070,10.172000000
32.932623,10.173000000
32.949650,10.174000000
32.969864,10.175000000
32.984091,10.176000000
32.990037,10.177000000
33.001588,10.178000000
33.001657,10.179000000
33.015086,10.180000000
33.015152,10.181000000
33.029785,10.182000000
33.030267,10.183000000
33.030320,10.184000000
33.044348,10.185000000
33.048003,10.186000000
33.066105,10.187000000
33.085146,10.188000000
33.098442,10.189000000
33.100295,10.190000000
33.102762,10.191000000
33.104583,10.192000000
33.106737,10.193000000
33.108768,10.194000000
33.110830,10.195000000
33.113422,10.196000000
33.115518,10.197000000
33.118602,10.198000000
33.120578,10.199000000
33.122746,10.200000000
33.125942,10.201000000
33.127946,10.202000000
33.129982,10.203000000
33.137030,10.204000000
33.138907,10.205000000
33.141175,10.206000000
33.147152,10.207000000
33.149555,10.208000000
33.151286,10.209000000
33.153550,10.210000000
33.155537,10.211000000
33.159715,10.212000000
33.161992,10.213000000
33.164058,10.214000000
33.166164,10.215000000
33.168139,10.216000000
33.170587,10.217000000
33.172408,10.218000000
33.174481,10.219000000
33.176518,10.220000000
33.182963,10.221000000
33.186060,10.222000000
33.191583,10.223000000
33.193501,10.224000000
33.197485,10.225000000
33.207493,10.226000000
33.218426,10.227000000
33.220584,10.228000000
33.229251,10.229000000
33.250134,10.230000000
33.254279,10.231000000
33.265883,10.232000000
33.269575,10.233000000
33.281448,10.234000000
33.285723,10.235000000
33.297229,10.236000000
33.301292,10.237000000
33.310652,10.238000000
33.325157,10.239000000
33.332726,10.240000000
33.340080,10.241000000
33.348475,10.242000000
33.350973,10.243000000
33.354914,10.244000000
33.365703,10.245000000
33.373004,10.246000000
33.375722,10.247000000
33.383250,10.248000000
33.387673,10.249000000
33.399805,10.250000000
33.403924,10.251000000
33.406705,10.252000000
33.408509,10.253000000
33.425332,10.254000000
33.429031,10.255000000
33.430990,10.256000000
33.443715,10.257000000
33.449157,10.258000000
33.461287,10.259000000
33.463660,10.260000000
33.487172,10.261000000
33.497818,10.262000000
33.505406,10.263000000
33.507758,10.264000000
33.509897,10.265000000
33.555556,10.266000000
33.565233,10.267000000
33.569882,10.268000000
33.576245,10.269000000
33.580799,10.270000000
33.584194,10.271000000
33.601470,10.272000000
33.610723,10.273000000
33.638752,10.274000000
33.653805,10.275000000
33.664849,10.276000000
33.674900,10.277000000
33.687495,10.278000000
33.698136,10.279000000
33.711747,10.280000000
33.721032,10.281000000
33.729401,10.282000000
33.749876,10.283000000
33.766100,10.284000000
33.782506,10.285000000
33.794908,10.286000000
33.808631,10.287000000
33.824377,10.288000000
33.837442,10.289000000
33.849959,10.290000000
33.861660,10.291000000
33.869464,10.292000000
33.871981,10.293000000
33.879497,10.294000000
33.885439,10.295000000
33.889474,10.296000000
33.891973,10.297000000
33.894218,10.298000000
33.897105,10.299000000
33.899441,10.300000000
33.910241,10.301000000
33.917684,10.302000000
33.937496,10.303000000
33.944304,10.304000000
33.961367,10.305000000
33.977629,10.306000000
34.007234,10.307000000
34.022224,10.308000000
34.027614,10.309000000
34.034760,10.310000000
34.038455,10.311000000
34.041244,10.312000000
34.043546,10.313000000
34.048035,10.314000000
34.052765,10.315000000
34.089191,10.316000000
34.097750,10.317000000
34.101243,10.318000000
34.124486,10.319000000
34.124819,10.320000000
34.128302,10.321000000
34.128723,10.322000000
34.135792,10.323000000
34.135852,10.324000000
34.135897,10.325000000
34.143639,10.326000000
34.147170,10.327000000
34.147223,10.328000000
34.147660,10.329000000
34.153358,10.330000000
34.153408,10.331000000
34.153882,10.332000000
34.167413,10.333000000
34.169239,10.334000000
34.181081,10.335000000
34.187730,10.336000000
34.215422,10.337000000
34.215486,10.338000000
34.215531,10.339000000
34.216272,10.340000000
34.236940,10.341000000
34.242851,10.342000000
34.244685,10.343000000
34.262053,10.344000000
34.276424,10.345000000
34.283532,10.346000000
34.298443,10.347000000
34.298511,10.348000000
34.308494,10.349000000
34.324868,10.350000000
34.330984,10.351000000
34.348695,10.352000000
34.351087,10.353000000
34.374817,10.354000000
34.388846,10.355000000
34.398958,10.356000000
34.408659,10.357000000
34.424906,10.358000000
34.426733,10.359000000
34.433712,10.360000000
34.443422,10.361000000
34.469888,10.362000000
34.499363,10.363000000
34.506032,10.364000000
34.527213,10.365000000
34.538232,10.366000000
34.553907,10.367000000
34.561608,10.368000000
34.583888,10.369000000
34.605780,10.370000000
34.608639,10.371000000
34.615203,10.372000000
34.617396,10.373000000
34.619820,10.374000000
34.626100,10.375000000
34.630312,10.376000000
34.633977,10.377000000
34.638720,10.378000000
34.640906,10.379000000
34.664301,10.380000000
34.675144,10.381000000
34.685063,10.382000000
34.695567,10.383000000
34.705839,10.384000000
34.723634,10.385000000
34.738362,10.386000000
34.744070,10.387000000
34.755041,10.388000000
34.764220,10.389000000
34.768898,10.390000000
34.783116,10.391000000
34.788133,10.392000000
34.795954,10.393000000
34.799551,10.394000000
34.804240,10.395000000
34.818578,10.396000000
34.821025,10.397000000
34.837692,10.398000000
34.841429,10.399000000
34.848861,10.400000000
34.851013,10.401000000
34.856429,10.402000000
34.859648,10.403000000
34.875777,10.404000000
34.887918,10.405000000
34.898498,10.406000000
34.908878,10.407000000
34.916171,10.408000000
34.932677,10.409000000
34.937814,10.410000000
34.940093,10.411000000
34.956074,10.412000000
34.959367,10.413000000
34.972296,10.414000000
34.988219,10.415000000
34.994129,10.416000000
35.000524,10.417000000
35.004780,10.418000000
35.015398,10.419000000
35.023863,10.420000000
35.026164,10.421000000
35.035675,10.422000000
35.042431,10.423000000
35.051596,10.424000000
35.059716,10.425000000
35.066911,10.426000000
35.072508,10.427000000
35.078676,10.428000000
35.083171,10.429000000
35.106109,10.430000000
35.114375,10.431000000
35.117082,10.432000000
35.130096,10.433000000
35.148001,10.434000000
35.158998,10.435000000
35.163620,10.436000000
35.188405,10.437000000
35.199386,10.438000000
35.205383,10.439000000
35.219299,10.440000000
35.226812,10.441000000
35.232836,10.442000000
35.238811,10.443000000
35.261510,10.444000000
35.269722,10.445000000
35.285922,10.446000000
35.289873,10.447000000
35.294191,10.448000000
35.323554,10.449000000
35.333459,10.450000000
35.337799,10.451000000
35.350183,10.452000000
35.354797,10.453000000
35.367757,10.454000000
35.375180,10.455000000
35.384329,10.456000000
35.393836,10.457000000
35.403028,10.458000000
35.413375,10.459000000
35.421090,10.460000000
35.423519,10.461000000
35.427855,10.462000000
35.438557,10.463000000
35.443138,10.464000000
35.445316,10.465000000
35.453161,10.466000000
35.460103,10.467000000
35.462602,10.468000000
35.474017,10.469000000
35.481356,10.470000000
35.483704,10.471000000
35.486153,10.472000000
35.488347,10.473000000
35.491087,10.474000000
35.493306,10.475000000
35.495504,10.476000000
35.498910,10.477000000
35.529868,10.478000000
35.536539,10.479000000
35.555831,10.480000000
35.560648,10.481000000
35.574224,10.482000000
35.578788,10.483000000
35.591851,10.484000000
35.595726,10.485000000
35.623675,10.486000000
35.631354,10.487000000
35.649061,10.488000000
35.652834,10.489000000
35.666119,10.490000000
35.679324,10.491000000
35.685368,10.492000000
35.701581,10.493000000
35.714172,10.494000000
35.722520,10.495000000
35.740003,10.496000000
35.756967,10.497000000
35.771403,10.498000000
35.780942,10.499000000
35.787959,10.500000000
35.802039,10.501000000
35.804970,10.502000000
35.809049,10.503000000
35.811479,10.504000000
35.842119,10.505000000
35.847386,10.506000000
35.867776,10.507000000
35.870795,10.508000000
35.875581,10.509000000
35.892538,10.510000000
35.898000,10.511000000
35.913692,10.512000000
35.931795,10.513000000
35.935581,10.514000000
35.945115,10.515000000
35.961945,10.516000000
35.996588,10.517000000
36.009616,10.518000000
36.025774,10.519000000
36.032748,10.520000000
36.042614,10.521000000
36.049331,10.522000000
36.055253,10.523000000
36.062572,10.524000000
36.069681,10.525000000
36.076217,10.526000000
36.082064,10.527000000
36.090101,10.528000000
36.095375,10.529000000
36.101262,10.530000000
36.106823,10.531000000
36.133114,10.532000000
36.150865,10.533000000
36.155596,10.534000000
36.180435,10.535000000
36.190375,10.536000000
36.199185,10.537000000
36.213774,10.538000000
36.223002,10.539000000
36.230061,10.540000000
36.239792,10.541000000
36.277667,10.542000000
36.282032,10.543000000
36.290641,10.544000000
36.291591,10.545000000
36.293970,10.546000000
36.296407,10.547000000
36.299444,10.548000000
36.301720,10.549000000
36.308858,10.550000000
36.316010,10.551000000
36.319044,10.552000000
36.326216,10.553000000
36.329009,10.554000000
36.331418,10.555000000
36.335275,10.556000000
36.337623,10.557000000
36.339904,10.558000000
36.342386,10.559000000
36.344759,10.560000000
36.361986,10.561000000
36.380321,10.562000000
36.394197,10.563000000
36.404320,10.564000000
36.418664,10.565000000
36.428629,10.566000000
36.441286,10.567000000
36.454085,10.568000000
36.462554,10.569000000
36.478996,10.570000000
36.491643,10.571000000
36.495869,10.572000000
36.509135,10.573000000
36.529563,10.574000000
36.534299,10.575000000
36.543409,10.576000000
36.547395,10.577000000
36.560623,10.578000000
36.574963,10.579000000
36.578465,10.580000000
36.587524,10.581000000
36.596355,10.582000000
36.601521,10.583000000
36.606517,10.584000000
36.622353,10.585000000
36.641400,10.586000000
36.646782,10.587000000
36.669305,10.588000000
36.676080,10.589000000
36.681829,10.590000000
36.688230,10.591000000
36.691843,10.592000000
36.705604,10.593000000
36.721064,10.594000000
36.726053,10.595000000
36.730968,10.596000000
36.735677,10.597000000
36.741416,10.598000000
36.749081,10.599000000
36.752899,10.600000000
36.759392,10.601000000
36.769417,10.602000000
36.775094,10.603000000
36.781947,10.604000000
36.787246,10.605000000
36.793859,10.606000000
36.799377,10.607000000
36.805283,10.608000000
36.811834,10.609000000
36.817367,10.610000000
36.845478,10.611000000
36.858461,10.612000000
36.875151,10.613000000
36.882081,10.614000000
36.899254,10.615000000
36.908544,10.616000000
36.936486,10.617000000
36.939469,10.618000000
36.939870,10.619000000
36.940683,10.620000000
36.956542,10.621000000
36.957702,10.622000000
36.964671,10.623000000
36.967135,10.624000000
36.969434,10.625000000
36.972007,10.626000000
36.974310,10.627000000
36.976711,10.628000000
36.985129,10.629000000
36.992545,10.630000000
37.027790,10.631000000
37.030918,10.632000000
37.034030,10.633000000
37.048294,10.634000000
37.058419,10.635000000
37.062234,10.636000000
37.073454,10.637000000
37.076352,10.638000000
37.080415,10.639000000
37.083574,10.640000000
37.088573,10.641000000
37.097657,10.642000000
37.106649,10.643000000
37.112123,10.644000000
37.116352,10.645000000
37.120293,10.646000000
37.126755,10.647000000
37.129797,10.648000000
37.136822,10.649000000
37.139411,10.650000000
37.141887,10.651000000
37.154523,10.652000000
37.158789,10.653000000
37.174026,10.654000000
37.174096,10.655000000
37.183360,10.656000000
37.189529,10.657000000
37.199373,10.658000000
37.207536,10.659000000
37.211738,10.660000000
37.224800,10.661000000
37.244863,10.662000000
37.257462,10.663000000
37.267921,10.664000000
37.283889,10.665000000
37.293802,10.666000000
37.301120,10.667000000
37.326114,10.668000000
37.334558,10.669000000
37.359961,10.670000000
37.362929,10.671000000
37.373811,10.672000000
37.391968,10.673000000
37.395925,10.674000000
37.423863,10.675000000
37.429136,10.676000000
37.443340,10.677000000
37.455033,10.678000000
37.464541,10.679000000
37.497760,10.680000000
37.516463,10.681000000
37.530541,10.682000000
37.540987,10.683000000
37.552378,10.684000000
37.568935,10.685000000
37.578532,10.686000000
37.584305,10.687000000
37.609506,10.688000000
37.625488,10.689000000
37.628040,10.690000000
37.642879,10.691000000
37.648268,10.692000000
37.660438,10.693000000
37.660500,10.694000000
37.664977,10.695000000
37.665335,10.696000000
37.671917,10.697000000
37.671978,10.698000000
37.682563,10.699000000
37.682697,10.700000000
37.706990,10.701000000
37.707491,10.702000000
37.707547,10.703000000
37.714386,10.704000000
37.724154,10.705000000
37.724217,10.706000000
37.725552,10.707000000
37.749646,10.708000000
37.757167,10.709000000
37.759311,10.710000000
37.776381,10.711000000
37.780250,10.712000000
37.812680,10.713000000
37.822777,10.714000000
37.833802,10.715000000
37.839464,10.716000000
37.847015,10.717000000
37.867887,10.718000000
37.883098,10.719000000
37.889059,10.720000000
37.908257,10.721000000
37.927482,10.722000000
37.939339,10.723000000
37.946996,10.724000000
37.955368,10.725000000
37.966509,10.726000000
37.993353,10.727000000
37.997279,10.728000000
38.022383,10.729000000
38.032344,10.730000000
38.036302,10.731000000
38.049439,10.732000000
38.055310,10.733000000
38.059568,10.734000000
38.065858,10.735000000
38.071316,10.736000000
38.097186,10.737000000
38.101083,10.738000000
38.117234,10.739000000
38.122841,10.740000000
38.124409,10.741000000
38.154250,10.742000000
38.163339,10.743000000
38.171893,10.744000000
38.181002,10.745000000
38.192148,10.746000000
38.201574,10.747000000
38.216928,10.748000000
38.222899,10.749000000
38.231509,10.750000000
38.249238,10.751000000
38.268544,10.752000000
38.270416,10.753000000
38.285301,10.754000000
38.333168,10.755000000
38.340460,10.756000000
38.343055,10.757000000
38.345307,10.758000000
38.347895,10.759000000
38.355472,10.760000000
38.364930,10.761000000
38.364998,10.762000000
38.365685,10.763000000
38.375817,10.764000000
38.375901,10.765000000
38.376413,10.766000000
38.381827,10.767000000
38.381882,10.768000000
38.381923,10.769000000
38.388418,10.770000000
38.392635,10.771000000
38.413847,10.772000000
38.414086,10.773000000
38.414142,10.774000000
38.421761,10.775000000
38.425497,10.776000000
38.430866,10.777000000
38.439339,10.778000000
38.439973,10.779000000
38.469763,10.780000000
38.481318,10.781000000
38.481391,10.782000000
38.484691,10.783000000
38.491115,10.784000000
38.499589,10.785000000
38.505659,10.786000000
38.557766,10.787000000
38.558904,10.788000000
38.574313,10.789000000
38.583971,10.790000000
38.591544,10.791000000
38.599743,10.792000000
38.612197,10.793000000
38.617338,10.794000000
38.638800,10.795000000
38.643718,10.796000000
38.655361,10.797000000
38.660388,10.798000000
38.665325,10.799000000
38.673856,10.800000000
38.677917,10.801000000
38.684556,10.802000000
38.687830,10.803000000
38.698344,10.804000000
38.706275,10.805000000
38.714779,10.806000000
38.717872,10.807000000
38.720642,10.808000000
38.723687,10.809000000
38.729437,10.810000000
38.738792,10.811000000
38.759807,10.812000000
38.760283,10.813000000
38.762804,10.814000000
38.765188,10.815000000
38.771847,10.816000000
38.775173,10.817000000
38.777415,10.818000000
38.779581,10.819000000
38.800272,10.820000000
38.800336,10.821000000
38.805833,10.822000000
38.805883,10.823000000
38.805923,10.824000000
38.806867,10.825000000
38.806916,10.826000000
38.806981,10.827000000
38.807020,10.828000000
38.807057,10.829000000
38.823564,10.830000000
38.849420,10.831000000
38.849494,10.832000000
38.849538,10.833000000
38.849579,10.834000000
38.870056,10.835000000
38.870767,10.836000000
38.879724,10.837000000
38.898521,10.838000000
38.908092,10.839000000
38.908655,10.840000000
38.921344,10.841000000
38.927793,10.842000000
38.946563,10.843000000
38.952610,10.844000000
38.981446,10.845000000
38.997950,10.846000000
39.000432,10.847000000
39.033358,10.848000000
39.046079,10.849000000
39.050304,10.850000000
39.082660,10.851000000
39.100412,10.852000000
39.109816,10.853000000
39.110464,10.854000000
39.121700,10.855000000
39.132033,10.856000000
39.143033,10.857000000
39.152335,10.858000000
39.158971,10.859000000
39.185982,10.860000000
39.205108,10.861000000
39.220571,10.862000000
39.237970,10.863000000
39.243342,10.864000000
39.247510,10.865000000
39.251631,10.866000000
39.261142,10.867000000
39.267156,10.868000000
39.270926,10.869000000
39.276631,10.870000000
39.281067,10.871000000
39.287019,10.872000000
39.307349,10.873000000
39.313962,10.874000000
39.341848,10.875000000
39.345873,10.876000000
39.354086,10.877000000
39.365681,10.878000000
39.369656,10.879000000
39.376750,10.880000000
39.395575,10.881000000
39.404673,10.882000000
39.412178,10.883000000
39.433074,10.884000000
39.436982,10.885000000
39.464087,10.886000000
39.477774,10.887000000
39.486001,10.888000000
39.492001,10.889000000
39.503567,10.890000000
39.514768,10.891000000
39.521811,10.892000000
39.525831,10.893000000
39.533669,10.894000000
39.539160,10.895000000
39.543324,10.896000000
39.549559,10.897000000
39.565336,10.898000000
39.581095,10.899000000
39.594308,10.900000000
39.596343,10.901000000
39.618763,10.902000000
39.622750,10.903000000
39.626835,10.904000000
39.643837,10.905000000
39.652289,10.906000000
39.656220,10.907000000
39.668124,10.908000000
39.671654,10.909000000
39.690415,10.910000000
39.690888,10.911000000
39.694099,10.912000000
39.711103,10.913000000
39.715722,10.914000000
39.717507,10.915000000
39.725746,10.916000000
39.732663,10.917000000
39.736661,10.918000000
39.752999,10.919000000
39.761938,10.920000000
39.766689,10.921000000
39.779488,10.922000000
39.790854,10.923000000
39.795326,10.924000000
39.811331,10.925000000
39.811402,10.926000000
39.812292,10.927000000
39.826406,10.928000000
39.831148,10.929000000
39.844503,10.930000000
39.845022,10.931000000
39.845115,10.932000000
39.849130,10.933000000
39.859618,10.934000000
39.869517,10.935000000
39.869628,10.936000000
39.869804,10.937000000
39.882080,10.938000000
39.894802,10.939000000
39.895001,10.940000000
39.895071,10.941000000
39.897574,10.942000000
39.932396,10.943000000
39.942619,10.944000000
39.944444,10.945000000
39.957237,10.946000000
39.966718,10.947000000
39.970438,10.948000000
39.970494,10.949000000
39.985804,10.950000000
39.985870,10.951000000
39.985916,10.952000000
39.985957,10.953000000
39.986634,10.954000000
40.002026,10.955000000
40.020153,10.956000000
40.028984,10.957000000
40.033930,10.958000000
40.047945,10.959000000
40.048009,10.960000000
40.048052,10.961000000
40.048091,10.962000000
40.049703,10.963000000
40.054197,10.964000000
40.056424,10.965000000
40.083963,10.966000000
40.094179,10.967000000
40.108851,10.968000000
40.111878,10.969000000
40.124372,10.970000000
40.130758,10.971000000
40.141912,10.972000000
40.148783,10.973000000
40.163379,10.974000000
40.167775,10.975000000
40.178053,10.976000000
40.188542,10.977000000
40.200358,10.978000000
40.207888,10.979000000
40.212455,10.980000000
40.221993,10.981000000
40.250352,10.982000000
40.253803,10.983000000
40.265836,10.984000000
40.280558,10.985000000
40.296428,10.986000000
40.301349,10.987000000
40.305468,10.988000000
40.310615,10.989000000
40.325824,10.990000000
40.330709,10.991000000
40.335064,10.992000000
40.346402,10.993000000
40.350390,10.994000000
40.354044,10.995000000
40.372892,10.996000000
40.381217,10.997000000
40.388555,10.998000000
40.395996,10.999000000
40.400048,11.000000000
40.407705,11.001000000
40.415628,11.002000000
40.422800,11.003000000
40.426164,11.004000000
40.435527,11.005000000
40.440392,11.006000000
40.447331,11.007000000
40.455669,11.008000000
40.460561,11.009000000
40.465447,11.010000000
40.477070,11.011000000
40.485319,11.012000000
40.490997,11.013000000
40.507060,11.014000000
40.511704,11.015000000
40.516025,11.016000000
40.525181,11.017000000
40.530302,11.018000000
40.546845,11.019000000
40.569142,11.020000000
40.573311,11.021000000
40.578341,11.022000000
40.588676,11.023000000
40.592537,11.024000000
40.597231,11.025000000
40.615393,11.026000000
40.622139,11.027000000
40.628958,11.028000000
40.636773,11.029000000
40.642161,11.030000000
40.649816,11.031000000
40.656653,11.032000000
40.664102,11.033000000
40.670410,11.034000000
40.675327,11.035000000
40.682225,11.036000000
40.688609,11.037000000
40.696121,11.038000000
40.699819,11.039000000
40.705186,11.040000000
40.717613,11.041000000
40.729842,11.042000000
40.750984,11.043000000
40.763854,11.044000000
40.769439,11.045000000
40.782875,11.046000000
40.792966,11.047000000
40.796844,11.048000000
40.824010,11.049000000
40.827746,11.050000000
40.838775,11.051000000
40.850369,11.052000000
40.854963,11.053000000
40.866519,11.054000000
40.872480,11.055000000
40.905313,11.056000000
40.909328,11.057000000
40.928248,11.058000000
40.936218,11.059000000
40.947441,11.060000000
40.950707,11.061000000
40.959583,11.062000000
40.966471,11.063000000
40.990857,11.064000000
41.000646,11.065000000
41.008459,11.066000000
41.019163,11.067000000
41.027789,11.068000000
41.037410,11.069000000
41.047171,11.070000000
41.052048,11.071000000
41.072963,11.072000000
41.075380,11.073000000
41.077667,11.074000000
41.079891,11.075000000
41.097475,11.076000000
41.112061,11.077000000
41.114787,11.078000000
41.117192,11.079000000
41.119496,11.080000000
41.121906,11.081000000
41.124151,11.082000000
41.126557,11.083000000
41.129183,11.084000000
41.131730,11.085000000
41.134104,11.086000000
41.136450,11.087000000
41.138726,11.088000000
41.141202,11.089000000
41.143577,11.090000000
41.146026,11.091000000
41.148545,11.092000000
41.151194,11.093000000
41.155419,11.094000000
41.161069,11.095000000
41.175093,11.096000000
41.178787,11.097000000
41.182065,11.098000000
41.185710,11.099000000
41.212013,11.100000000
41.217427,11.101000000
41.226992,11.102000000
41.229585,11.103000000
41.235985,11.104000000
41.248915,11.105000000
41.253324,11.106000000
41.260846,11.107000000
41.274832,11.108000000
41.293815,11.109000000
41.302179,11.110000000
41.303570,11.111000000
41.317875,11.112000000
41.327553,11.113000000
41.339656,11.114000000
41.350643,11.115000000
41.373439,11.116000000
41.382551,11.117000000
41.407935,11.118000000
41.421252,11.119000000
41.421319,11.120000000
41.421806,11.121000000
41.425336,11.122000000
41.427222,11.123000000
41.429898,11.124000000
41.439244,11.125000000
41.457968,11.126000000
41.459648,11.127000000
41.468525,11.128000000
41.479332,11.129000000
41.488419,11.130000000
41.501058,11.131000000
41.509281,11.132000000
41.523633,11.133000000
41.532482,11.134000000
41.537645,11.135000000
41.545208,11.136000000
41.557402,11.137000000
41.573887,11.138000000
41.584731,11.139000000
41.594246,11.140000000
41.625650,11.141000000
41.632430,11.142000000
41.651131,11.143000000
41.658706,11.144000000
41.679158,11.145000000
41.704185,11.146000000
41.707807,11.147000000
41.711419,11.148000000
41.721497,11.149000000
41.725142,11.150000000
41.732872,11.151000000
41.732924,11.152000000
41.736104,11.153000000
41.739045,11.154000000
41.753255,11.155000000
41.760839,11.156000000
41.762296,11.157000000
41.766968,11.158000000
41.768879,11.159000000
41.798188,11.160000000
41.810056,11.161000000
41.815926,11.162000000
41.834539,11.163000000
41.847813,11.164000000
41.852553,11.165000000
41.857399,11.166000000
41.878679,11.167000000
41.884042,11.168000000
41.889734,11.169000000
41.912256,11.170000000
41.921183,11.171000000
41.930440,11.172000000
41.955755,11.173000000
41.968886,11.174000000
41.978256,11.175000000
41.986887,11.176000000
42.000438,11.177000000
42.010373,11.178000000
42.025427,11.179000000
42.041208,11.180000000
42.059961,11.181000000
42.064171,11.182000000
42.097567,11.183000000
42.117910,11.184000000
42.128176,11.185000000
42.132087,11.186000000
42.182489,11.187000000
42.198366,11.188000000
42.203011,11.189000000
42.223646,11.190000000
42.226430,11.191000000
42.228230,11.192000000
42.230179,11.193000000
42.257957,11.194000000
42.260140,11.195000000
42.282983,11.196000000
42.295877,11.197000000
42.308445,11.198000000
42.312336,11.199000000
42.349622,11.200000000
42.359137,11.201000000
42.365094,11.202000000
42.375909,11.203000000
42.395382,11.204000000
42.410194,11.205000000
42.424659,11.206000000
42.430173,11.207000000
42.443071,11.208000000
42.455219,11.209000000
42.483292,11.210000000
42.483346,11.211000000
42.522203,11.212000000
42.545364,11.213000000
42.562039,11.214000000
42.569707,11.215000000
42.588112,11.216000000
42.599093,11.217000000
42.616380,11.218000000
42.626016,11.219000000
42.640841,11.220000000
42.647669,11.221000000
42.657494,11.222000000
42.692007,11.223000000
42.711352,11.224000000
42.720655,11.225000000
42.731746,11.226000000
42.751792,11.227000000
42.768189,11.228000000
42.784456,11.229000000
42.789417,11.230000000
42.798520,11.231000000
42.815729,11.232000000
42.823598,11.233000000
42.836939,11.234000000
42.867719,11.235000000
42.872348,11.236000000
42.883877,11.237000000
42.903666,11.238000000
42.909055,11.239000000
42.928333,11.240000000
42.943824,11.241000000
42.960392,11.242000000
42.966742,11.243000000
43.004204,11.244000000
43.021481,11.245000000
43.034157,11.246000000
43.051907,11.247000000
43.080284,11.248000000
43.086376,11.249000000
43.090600,11.250000000
43.098246,11.251000000
43.128856,11.252000000
43.132822,11.253000000
43.156914,11.254000000
43.166897,11.255000000
43.180320,11.256000000
43.184709,11.257000000
43.212994,11.258000000
43.225077,11.259000000
43.229120,11.260000000
43.238559,11.261000000
43.238645,11.262000000
43.238680,11.263000000
43.247015,11.264000000
43.247064,11.265000000
43.265594,11.266000000
43.270927,11.267000000
43.273474,11.268000000
43.277650,11.269000000
43.281339,11.270000000
43.306501,11.271000000
43.314547,11.272000000
43.318658,11.273000000
43.325967,11.274000000
43.334733,11.275000000
43.341246,11.276000000
43.345630,11.277000000
43.354623,11.278000000
43.360674,11.279000000
43.365268,11.280000000
43.376839,11.281000000
43.381406,11.282000000
43.393845,11.283000000
43.400018,11.284000000
43.405333,11.285000000
43.408492,11.286000000
43.417928,11.287000000
43.425713,11.288000000
43.436688,11.289000000
43.447768,11.290000000
43.464089,11.291000000
43.472735,11.292000000
43.482553,11.293000000
43.487705,11.294000000
43.500183,11.295000000
43.537880,11.296000000
43.541277,11.297000000
43.577230,11.298000000
43.598609,11.299000000
43.615461,11.300000000
43.620195,11.301000000
43.624030,11.302000000
43.628365,11.303000000
43.653790,11.304000000
43.659672,11.305000000
43.666082,11.306000000
43.681117,11.307000000
43.693242,11.308000000
43.699903,11.309000000
43.713914,11.310000000
43.713977,11.311000000
43.729667,11.312000000
43.729733,11.313000000
43.747499,11.314000000
43.747558,11.315000000
43.763353,11.316000000
43.763963,11.317000000
43.784819,11.318000000
43.805689,11.319000000
43.822765,11.320000000
43.826582,11.321000000
43.843620,11.322000000
43.845313,11.323000000
43.856645,11.324000000
43.861180,11.325000000
43.865236,11.326000000
43.867935,11.327000000
43.875057,11.328000000
43.879730,11.329000000
43.887568,11.330000000
43.890032,11.331000000
43.915599,11.332000000
43.916296,11.333000000
43.935687,11.334000000
43.939542,11.335000000
43.944144,11.336000000
43.953390,11.337000000
43.953457,11.338000000
43.976155,11.339000000
43.982597,11.340000000
43.987656,11.341000000
43.994251,11.342000000
44.006598,11.343000000
44.012875,11.344000000
44.018841,11.345000000
44.020817,11.346000000
44.023755,11.347000000
44.027358,11.348000000
44.039915,11.349000000
44.044669,11.350000000
44.052322,11.351000000
44.069735,11.352000000
44.074164,11.353000000
44.079296,11.354000000
44.093106,11.355000000
44.121580,11.356000000
44.129172,11.357000000
44.148815,11.358000000
44.158947,11.359000000
44.170063,11.360000000
44.189157,11.361000000
44.194057,11.362000000
44.194098,11.363000000
44.214086,11.364000000
44.226550,11.365000000
44.227211,11.366000000
44.232892,11.367000000
44.265389,11.368000000
44.270742,11.369000000
44.285506,11.370000000
44.296449,11.371000000
44.302487,11.372000000
44.305431,11.373000000
44.318895,11.374000000
44.323341,11.375000000
44.333550,11.376000000
44.363138,11.377000000
44.365362,11.378000000
44.367329,11.379000000
44.391328,11.380000000
44.403111,11.381000000
44.407104,11.382000000
44.414926,11.383000000
44.425685,11.384000000
44.434432,11.385000000
44.450744,11.386000000
44.464410,11.387000000
44.477899,11.388000000
44.487549,11.389000000
44.503552,11.390000000
44.509557,11.391000000
44.513711,11.392000000
44.543213,11.393000000
44.557093,11.394000000
44.557162,11.395000000
44.599068,11.396000000
44.601798,11.397000000
44.616354,11.398000000
44.619971,11.399000000
44.646204,11.400000000
44.651704,11.401000000
44.659768,11.402000000
44.670688,11.403000000
44.705262,11.404000000
44.721187,11.405000000
44.727901,11.406000000
44.740093,11.407000000
44.762196,11.408000000
44.785567,11.409000000
44.804229,11.410000000
44.804769,11.411000000
44.817948,11.412000000
44.831245,11.413000000
44.845345,11.414000000
44.851368,11.415000000
44.863276,11.416000000
44.874891,11.417000000
44.891284,11.418000000
44.898052,11.419000000
44.914291,11.420000000
44.946427,11.421000000
44.954056,11.422000000
44.959999,11.423000000
45.003632,11.424000000
45.020139,11.425000000
45.043805,11.426000000
45.051133,11.427000000
45.062930,11.428000000
45.074695,11.429000000
45.100608,11.430000000
45.109813,11.431000000
45.120999,11.432000000
45.134877,11.433000000
45.153417,11.434000000
45.153922,11.435000000
45.171779,11.436000000
45.172389,11.437000000
45.200905,11.438000000
45.200978,11.439000000
45.219143,11.440000000
45.220840,11.441000000
45.232409,11.442000000
45.238246,11.443000000
45.240293,11.444000000
45.245308,11.445000000
45.247375,11.446000000
45.256083,11.447000000
45.265362,11.448000000
45.277009,11.449000000
45.277547,11.450000000
45.283836,11.451000000
45.289385,11.452000000
45.301005,11.453000000
45.309213,11.454000000
45.330115,11.455000000
45.332044,11.456000000
45.336113,11.457000000
45.344427,11.458000000
45.349128,11.459000000
45.369428,11.460000000
45.371504,11.461000000
45.378075,11.462000000
45.386725,11.463000000
45.390884,11.464000000
45.419232,11.465000000
45.427583,11.466000000
45.441285,11.467000000
45.456766,11.468000000
45.463566,11.469000000
45.473856,11.470000000
45.503264,11.471000000
45.517594,11.472000000
45.539564,11.473000000
45.551562,11.474000000
45.559798,11.475000000
45.571622,11.476000000
45.587703,11.477000000
45.591201,11.478000000
45.599477,11.479000000
45.612534,11.480000000
45.621336,11.481000000
45.624329,11.482000000
45.644557,11.483000000
45.644608,11.484000000
45.659545,11.485000000
45.677743,11.486000000
45.695143,11.487000000
45.696194,11.488000000
45.705808,11.489000000
45.715453,11.490000000
45.721836,11.491000000
45.729787,11.492000000
45.737865,11.493000000
45.750045,11.494000000
45.752322,11.495000000
45.767211,11.496000000
45.775119,11.497000000
45.787911,11.498000000
45.798324,11.499000000
45.831381,11.500000000
45.835613,11.501000000
45.849226,11.502000000
45.869960,11.503000000
45.876090,11.504000000
45.882628,11.505000000
45.888321,11.506000000
45.898942,11.507000000
45.898983,11.508000000
45.898993,11.509000000
45.902075,11.510000000
45.907673,11.511000000
45.913042,11.512000000
45.916636,11.513000000
45.924990,11.514000000
45.962712,11.515000000
45.980557,11.516000000
45.984277,11.517000000
46.032350,11.518000000
46.039370,11.519000000
46.042183,11.520000000
46.065959,11.521000000
46.077544,11.522000000
46.084063,11.523000000
46.115943,11.524000000
46.124604,11.525000000
46.130655,11.526000000
46.144070,11.527000000
46.144114,11.528000000
46.186608,11.529000000
46.201991,11.530000000
46.208222,11.531000000
46.219829,11.532000000
46.230494,11.533000000
46.252799,11.534000000
46.257507,11.535000000
46.286203,11.536000000
46.305679,11.537000000
46.331728,11.538000000
46.342883,11.539000000
46.345899,11.540000000
46.362397,11.541000000
46.371583,11.542000000
46.371629,11.543000000
46.387750,11.544000000
46.405214,11.545000000
46.411741,11.546000000
46.432684,11.547000000
46.432738,11.548000000
46.432748,11.549000000
46.465571,11.550000000
46.470799,11.551000000
46.473808,11.552000000
46.476167,11.553000000
46.512560,11.554000000
46.521854,11.555000000
46.535775,11.556000000
46.545026,11.557000000
46.573497,11.558000000
46.573549,11.559000000
46.582332,11.560000000
46.594946,11.561000000
46.605392,11.562000000
46.626369,11.563000000
46.652980,11.564000000
46.653031,11.565000000
46.679993,11.566000000
46.698335,11.567000000
46.712386,11.568000000
46.712450,11.569000000
46.712461,11.570000000
46.723651,11.571000000
46.727860,11.572000000
46.733739,11.573000000
46.746272,11.574000000
46.746338,11.575000000
46.746351,11.576000000
46.751340,11.577000000
46.762431,11.578000000
46.772344,11.579000000
46.789484,11.580000000
46.789538,11.581000000
46.789567,11.582000000
46.797325,11.583000000
46.802742,11.584000000
46.806185,11.585000000
46.816345,11.586000000
46.824550,11.587000000
46.838605,11.588000000
46.838657,11.589000000
46.838668,11.590000000
46.850654,11.591000000
46.856820,11.592000000
46.872142,11.593000000
46.872189,11.594000000
46.879359,11.595000000
46.888698,11.596000000
46.894885,11.597000000
46.901320,11.598000000
46.908340,11.599000000
46.916314,11.600000000
46.926384,11.601000000
46.928596,11.602000000
46.936996,11.603000000
46.945421,11.604000000
46.951410,11.605000000
46.957961,11.606000000
46.967979,11.607000000
46.968022,11.608000000
46.971789,11.609000000
46.990509,11.610000000
47.001441,11.611000000
47.022325,11.612000000
47.028961,11.613000000
47.042068,11.614000000
47.046404,11.615000000
47.057431,11.616000000
47.070519,11.617000000
47.080846,11.618000000
47.092945,11.619000000
47.092999,11.620000000
47.104527,11.621000000
47.120728,11.622000000
47.133669,11.623000000
47.145760,11.624000000
47.189922,11.625000000
47.198032,11.626000000
47.210618,11.627000000
47.230975,11.628000000
47.244634,11.629000000
47.250355,11.630000000
47.282415,11.631000000
47.284269,11.632000000
47.300980,11.633000000
47.312802,11.634000000
47.329405,11.635000000
47.338706,11.636000000
47.360063,11.637000000
47.371892,11.638000000
47.386426,11.639000000
47.388103,11.640000000
47.404399,11.641000000
47.404483,11.642000000
47.404494,11.643000000
47.424894,11.644000000
47.441618,11.645000000
47.463992,11.646000000
47.488909,11.647000000
47.496074,11.648000000
47.506942,11.649000000
47.526376,11.650000000
47.526425,11.651000000
47.538680,11.652000000
47.540918,11.653000000
47.563271,11.654000000
47.571715,11.655000000
47.573621,11.656000000
47.578866,11.657000000
47.596934,11.658000000
47.601708,11.659000000
47.637504,11.660000000
47.649640,11.661000000
47.670642,11.662000000
47.688683,11.663000000
47.694660,11.664000000
47.705292,11.665000000
47.722132,11.666000000
47.746275,11.667000000
47.753687,11.668000000
47.776318,11.669000000
47.787290,11.670000000
47.800454,11.671000000
47.827626,11.672000000
47.849381,11.673000000
47.855482,11.674000000
47.880615,11.675000000
47.893020,11.676000000
47.904692,11.677000000
47.905503,11.678000000
47.933754,11.679000000
47.945172,11.680000000
47.947674,11.681000000
47.959399,11.682000000
47.984576,11.683000000
47.984623,11.684000000
48.001714,11.685000000
48.001783,11.686000000
48.001819,11.687000000
48.005099,11.688000000
48.026360,11.689000000
48.026410,11.690000000
48.039587,11.691000000
48.039646,11.692000000
48.039658,11.693000000
48.049468,11.694000000
48.058076,11.695000000
48.058119,11.696000000
48.072093,11.697000000
48.072139,11.698000000
48.081067,11.699000000
48.089673,11.700000000
48.094118,11.701000000
48.100669,11.702000000
48.114211,11.703000000
48.118617,11.704000000
48.120983,11.705000000
48.123333,11.706000000
48.126656,11.707000000
48.129265,11.708000000
48.133061,11.709000000
48.169250,11.710000000
48.177001,11.711000000
48.187803,11.712000000
48.197151,11.713000000
48.200797,11.714000000
48.228881,11.715000000
48.228948,11.716000000
48.229019,11.717000000
48.229063,11.718000000
48.271491,11.719000000
48.271559,11.720000000
48.271602,11.721000000
48.271643,11.722000000
48.292490,11.723000000
48.293464,11.724000000
48.304517,11.725000000
48.304576,11.726000000
48.310645,11.727000000
48.358218,11.728000000
48.388822,11.729000000
48.397192,11.730000000
48.413593,11.731000000
48.419847,11.732000000
48.428698,11.733000000
48.439713,11.734000000
48.447252,11.735000000
48.458095,11.736000000
48.465531,11.737000000
48.474374,11.738000000
48.485087,11.739000000
48.495324,11.740000000
48.498630,11.741000000
48.503675,11.742000000
48.506035,11.743000000
48.515049,11.744000000
48.515118,11.745000000
48.527108,11.746000000
48.527200,11.747000000
48.557469,11.748000000
48.562746,11.749000000
48.580143,11.750000000
48.580689,11.751000000
48.581574,11.752000000
48.590377,11.753000000
48.590455,11.754000000
48.615301,11.755000000
48.617304,11.756000000
48.622003,11.757000000
48.635149,11.758000000
48.635212,11.759000000
48.635254,11.760000000
48.635293,11.761000000
48.648806,11.762000000
48.654311,11.763000000
48.654659,11.764000000
48.666674,11.765000000
48.669625,11.766000000
48.673580,11.767000000
48.677447,11.768000000
48.689806,11.769000000
48.692092,11.770000000
48.720551,11.771000000
48.724346,11.772000000
48.727574,11.773000000
48.752194,11.774000000
48.757956,11.775000000
48.767103,11.776000000
48.769974,11.777000000
48.780617,11.778000000
48.796877,11.779000000
48.805905,11.780000000
48.812469,11.781000000
48.829473,11.782000000
48.844383,11.783000000
48.860826,11.784000000
48.864849,11.785000000
48.888402,11.786000000
48.893134,11.787000000
48.923260,11.788000000
48.930988,11.789000000
48.936215,11.790000000
48.961936,11.791000000
48.974401,11.792000000
48.979277,11.793000000
48.981698,11.794000000
48.996891,11.795000000
48.996962,11.796000000
48.997046,11.797000000
49.002503,11.798000000
49.002557,11.799000000
49.003173,11.800000000
49.003228,11.801000000
49.003270,11.802000000
49.005537,11.803000000
49.020573,11.804000000
49.042600,11.805000000
49.043023,11.806000000
49.051622,11.807000000
49.078637,11.808000000
49.090728,11.809000000
49.094811,11.810000000
49.111504,11.811000000
49.124201,11.812000000
49.145055,11.813000000
49.151543,11.814000000
49.166347,11.815000000
49.176331,11.816000000
49.191306,11.817000000
49.194368,11.818000000
49.201343,11.819000000
49.214063,11.820000000
49.223413,11.821000000
49.234683,11.822000000
49.237404,11.823000000
49.245374,11.824000000
49.247671,11.825000000
49.249892,11.826000000
49.253498,11.827000000
49.257274,11.828000000
49.274300,11.829000000
49.279586,11.830000000
49.285194,11.831000000
49.292708,11.832000000
49.322069,11.833000000
49.325101,11.834000000
49.334590,11.835000000
49.334657,11.836000000
49.339550,11.837000000
49.353792,11.838000000
49.353860,11.839000000
49.353905,11.840000000
49.353947,11.841000000
49.369188,11.842000000
49.369817,11.843000000
49.369875,11.844000000
49.369918,11.845000000
49.369959,11.846000000
49.379137,11.847000000
49.384302,11.848000000
49.393540,11.849000000
49.394187,11.850000000
49.394268,11.851000000
49.399395,11.852000000
49.411083,11.853000000
49.411175,11.854000000
49.411218,11.855000000
49.411257,11.856000000
49.413275,11.857000000
49.421065,11.858000000
49.442008,11.859000000
49.449871,11.860000000
49.451488,11.861000000
49.457319,11.862000000
49.480564,11.863000000
49.480626,11.864000000
49.480669,11.865000000
49.497180,11.866000000
49.497272,11.867000000
49.499014,11.868000000
49.512146,11.869000000
49.512295,11.870000000
49.512798,11.871000000
49.538313,11.872000000
49.538372,11.873000000
49.538415,11.874000000
49.539026,11.875000000
49.556488,11.876000000
49.556607,11.877000000
49.565930,11.878000000
49.565991,11.879000000
49.569906,11.880000000
49.570362,11.881000000
49.577788,11.882000000
49.577844,11.883000000
49.598325,11.884000000
49.598419,11.885000000
49.598432,11.886000000
49.598467,11.887000000
49.598476,11.888000000
49.598484,11.889000000
49.598517,11.890000000
49.603712,11.891000000
49.611463,11.892000000
49.621403,11.893000000
49.623688,11.894000000
49.627809,11.895000000
49.629927,11.896000000
49.635358,11.897000000
49.659204,11.898000000
49.663539,11.899000000
49.677821,11.900000000
49.683995,11.901000000
49.689507,11.902000000
49.706324,11.903000000
49.719933,11.904000000
49.737108,11.905000000
49.743294,11.906000000
49.752422,11.907000000
49.755160,11.908000000
49.758691,11.909000000
49.771346,11.910000000
49.809355,11.911000000
49.811997,11.912000000
49.847490,11.913000000
49.847541,11.914000000
49.857814,11.915000000
49.857857,11.916000000
49.887891,11.917000000
49.920775,11.918000000
49.923071,11.919000000
49.934191,11.920000000
49.934626,11.921000000
49.940478,11.922000000
49.955876,11.923000000
49.964346,11.924000000
49.977920,11.925000000
49.977975,11.926000000
49.999767,11.927000000
50.009120,11.928000000
50.016183,11.929000000
50.016252,11.930000000
50.048754,11.931000000
50.048814,11.932000000
50.048825,11.933000000
50.055721,11.934000000
50.083199,11.935000000
50.094515,11.936000000
50.094594,11.937000000
50.099434,11.938000000
50.112394,11.939000000
50.131401,11.940000000
50.168703,11.941000000
50.193272,11.942000000
50.225507,11.943000000
50.236921,11.944000000
50.254941,11.945000000
50.267349,11.946000000
50.283161,11.947000000
50.290701,11.948000000
50.310950,11.949000000
50.320378,11.950000000
50.324055,11.951000000
50.350725,11.952000000
50.362431,11.953000000
50.367114,11.954000000
50.387461,11.955000000
50.390083,11.956000000
50.420649,11.957000000
50.422854,11.958000000
50.444314,11.959000000
50.446597,11.960000000
50.480419,11.961000000
50.493544,11.962000000
50.501998,11.963000000
50.524185,11.964000000
50.559543,11.965000000
50.566804,11.966000000
50.590196,11.967000000
50.614962,11.968000000
50.635890,11.969000000
50.636563,11.970000000
50.667024,11.971000000
50.692091,11.972000000
50.701587,11.973000000
50.726241,11.974000000
50.729806,11.975000000
50.742265,11.976000000
50.742356,11.977000000
50.742370,11.978000000
50.766468,11.979000000
50.793270,11.980000000
50.793339,11.981000000
50.793350,11.982000000
50.793360,11.983000000
50.793369,11.984000000
50.793377,11.985000000
50.795013,11.986000000
50.809684,11.987000000
50.813570,11.988000000
50.822501,11.989000000
50.828116,11.990000000
50.857533,11.991000000
50.866267,11.992000000
50.879475,11.993000000
50.887410,11.994000000
50.897790,11.995000000
50.907070,11.996000000
50.913187,11.997000000
50.920994,11.998000000
50.931271,11.999000000
50.937495,12.000000000
50.944314,12.001000000
50.968547,12.002000000
50.978690,12.003000000
50.989544,12.004000000
50.998504,12.005000000
51.002460,12.006000000
51.008408,12.007000000
51.029028,12.008000000
51.034091,12.009000000
51.050882,12.010000000
51.075527,12.011000000
51.091217,12.012000000
51.099496,12.013000000
51.105989,12.014000000
51.119924,12.015000000
51.123248,12.016000000
51.140110,12.017000000
51.153947,12.018000000
51.164193,12.019000000
51.166487,12.020000000
51.179615,12.021000000
51.190971,12.022000000
51.208451,12.023000000
51.215624,12.024000000
51.223705,12.025000000
51.230191,12.026000000
51.236703,12.027000000
51.256455,12.028000000
51.261409,12.029000000
51.271120,12.030000000
51.284984,12.031000000
51.294407,12.032000000
51.305647,12.033000000
51.314059,12.034000000
51.316569,12.035000000
51.321113,12.036000000
51.338632,12.037000000
51.346399,12.038000000
51.351868,12.039000000
51.365380,12.040000000
51.389735,12.041000000
51.397410,12.042000000
51.417145,12.043000000
51.418965,12.044000000
51.425181,12.045000000
51.440874,12.046000000
51.443268,12.047000000
51.458343,12.048000000
51.465369,12.049000000
51.485969,12.050000000
51.505442,12.051000000
51.517292,12.052000000
51.520710,12.053000000
51.527861,12.054000000
51.545420,12.055000000
51.549433,12.056000000
51.560953,12.057000000
51.565699,12.058000000
51.574261,12.059000000
51.580576,12.060000000
51.586239,12.061000000
51.594141,12.062000000
51.602026,12.063000000
51.606546,12.064000000
51.614007,12.065000000
51.617874,12.066000000
51.628949,12.067000000
51.633241,12.068000000
51.638272,12.069000000
51.649703,12.070000000
51.658736,12.071000000
51.666441,12.072000000
51.684294,12.073000000
51.688938,12.074000000
51.708168,12.075000000
51.716482,12.076000000
51.731424,12.077000000
51.740716,12.078000000
51.742923,12.079000000
51.760805,12.080000000
51.771691,12.081000000
51.777804,12.082000000
51.785490,12.083000000
51.802842,12.084000000
51.814127,12.085000000
51.819309,12.086000000
51.824952,12.087000000
51.839475,12.088000000
51.845809,12.089000000
51.861984,12.090000000
51.869596,12.091000000
51.877352,12.092000000
51.888179,12.093000000
51.890342,12.094000000
51.901588,12.095000000
51.908521,12.096000000
51.916013,12.097000000
51.926642,12.098000000
51.932897,12.099000000
51.941306,12.100000000
51.950362,12.101000000
51.955317,12.102000000
51.963908,12.103000000
51.980901,12.104000000
51.989675,12.105000000
51.999176,12.106000000
52.008905,12.107000000
52.024578,12.108000000
52.035673,12.109000000
52.047439,12.110000000
52.068605,12.111000000
52.089968,12.112000000
52.094599,12.113000000
52.098861,12.114000000
52.105475,12.115000000
52.112797,12.116000000
52.120623,12.117000000
52.127197,12.118000000
52.133057,12.119000000
52.140620,12.120000000
52.146278,12.121000000
52.173056,12.122000000
52.177690,12.123000000
52.183629,12.124000000
52.192493,12.125000000
52.201166,12.126000000
52.206863,12.127000000
52.211766,12.128000000
52.217330,12.129000000
52.221621,12.130000000
52.245751,12.131000000
52.255671,12.132000000
52.260669,12.133000000
52.275158,12.134000000
52.285117,12.135000000
52.300583,12.136000000
52.317002,12.137000000
52.328994,12.138000000
52.339899,12.139000000
52.351625,12.140000000
52.363455,12.141000000
52.390600,12.142000000
52.390669,12.143000000
52.393763,12.144000000
52.409954,12.145000000
52.410394,12.146000000
52.417944,12.147000000
52.424932,12.148000000
52.426375,12.149000000
52.443273,12.150000000
52.444405,12.151000000
52.444920,12.152000000
52.446898,12.153000000
52.450885,12.154000000
52.455102,12.155000000
52.469520,12.156000000
52.469614,12.157000000
52.469659,12.158000000
52.469700,12.159000000
52.473359,12.160000000
52.473740,12.161000000
52.481181,12.162000000
52.521327,12.163000000
52.530917,12.164000000
52.537361,12.165000000
52.541126,12.166000000
52.566601,12.167000000
52.574088,12.168000000
52.581059,12.169000000
52.584544,12.170000000
52.586942,12.171000000
52.594888,12.172000000
52.599176,12.173000000
52.602638,12.174000000
52.604924,12.175000000
52.617851,12.176000000
52.629580,12.177000000
52.636959,12.178000000
52.645287,12.179000000
52.656433,12.180000000
52.667203,12.181000000
52.681468,12.182000000
52.687139,12.183000000
52.701535,12.184000000
52.711657,12.185000000
52.743752,12.186000000
52.748874,12.187000000
52.760864,12.188000000
52.769182,12.189000000
52.778807,12.190000000
52.800355,12.191000000
52.815341,12.192000000
52.819601,12.193000000
52.831390,12.194000000
52.841392,12.195000000
52.844465,12.196000000
52.871012,12.197000000
52.876950,12.198000000
52.885094,12.199000000
52.896716,12.200000000
52.905870,12.201000000
52.910852,12.202000000
52.928652,12.203000000
52.942993,12.204000000
52.954467,12.205000000
52.964458,12.206000000
52.988942,12.207000000
53.007836,12.208000000
53.023366,12.209000000
53.037325,12.210000000
53.047163,12.211000000
53.048821,12.212000000
53.055877,12.213000000
53.069803,12.214000000
53.077856,12.215000000
53.087269,12.216000000
53.099248,12.217000000
53.107963,12.218000000
53.109891,12.219000000
53.124851,12.220000000
53.134699,12.221000000
53.142339,12.222000000
53.149704,12.223000000
53.155112,12.224000000
53.163807,12.225000000
53.171605,12.226000000
53.183070,12.227000000
53.183120,12.228000000
53.191538,12.229000000
53.199160,12.230000000
53.206405,12.231000000
53.218713,12.232000000
53.218758,12.233000000
53.227125,12.234000000
53.233386,12.235000000
53.242470,12.236000000
53.250727,12.237000000
53.252663,12.238000000
53.264696,12.239000000
53.274567,12.240000000
53.274613,12.241000000
53.284425,12.242000000
53.284465,12.243000000
53.292717,12.244000000
53.296412,12.245000000
53.305610,12.246000000
53.318874,12.247000000
53.319251,12.248000000
53.326869,12.249000000
53.335029,12.250000000
53.345150,12.251000000
53.352851,12.252000000
53.376766,12.253000000
53.388508,12.254000000
53.391089,12.255000000
53.403143,12.256000000
53.409155,12.257000000
53.428033,12.258000000
53.430111,12.259000000
53.442402,12.260000000
53.442457,12.261000000
53.453522,12.262000000
53.454588,12.263000000
53.467890,12.264000000
53.486343,12.265000000
53.499560,12.266000000
53.499634,12.267000000
53.525460,12.268000000
53.533057,12.269000000
53.533268,12.270000000
53.548817,12.271000000
53.548865,12.272000000
53.550949,12.273000000
53.562703,12.274000000
53.563072,12.275000000
53.573771,12.276000000
53.584268,12.277000000
53.584996,12.278000000
53.592984,12.279000000
53.600141,12.280000000
53.608448,12.281000000
53.608494,12.282000000
53.618264,12.283000000
53.628047,12.284000000
53.633135,12.285000000
53.641677,12.286000000
53.644186,12.287000000
53.654864,12.288000000
53.663941,12.289000000
53.664503,12.290000000
53.673711,12.291000000
53.679815,12.292000000
53.687959,12.293000000
53.689013,12.294000000
53.712290,12.295000000
53.712352,12.296000000
53.712408,12.297000000
53.712418,12.298000000
53.717461,12.299000000
53.717518,12.300000000
53.723812,12.301000000
53.754230,12.302000000
53.754284,12.303000000
53.793380,12.304000000
53.803612,12.305000000
53.818344,12.306000000
53.826582,12.307000000
53.845127,12.308000000
53.854732,12.309000000
53.884079,12.310000000
53.889904,12.311000000
53.902164,12.312000000
53.915107,12.313000000
53.915188,12.314000000
53.935993,12.315000000
53.970739,12.316000000
53.979948,12.317000000
53.979994,12.318000000
53.994763,12.319000000
54.002884,12.320000000
54.017317,12.321000000
54.030223,12.322000000
54.031882,12.323000000
54.053630,12.324000000
54.069086,12.325000000
54.069144,12.326000000
54.082448,12.327000000
54.086619,12.328000000
54.124652,12.329000000
54.140126,12.330000000
54.148581,12.331000000
54.180816,12.332000000
54.181329,12.333000000
54.191874,12.334000000
54.193984,12.335000000
54.215770,12.336000000
54.233229,12.337000000
54.237979,12.338000000
54.244146,12.339000000
54.264792,12.340000000
54.281428,12.341000000
54.306782,12.342000000
54.319862,12.343000000
54.334153,12.344000000
54.343936,12.345000000
54.382153,12.346000000
54.390016,12.347000000
54.398972,12.348000000
54.410280,12.349000000
54.423652,12.350000000
54.423702,12.351000000
54.447739,12.352000000
54.456884,12.353000000
54.470047,12.354000000
54.489431,12.355000000
54.489483,12.356000000
54.496233,12.357000000
54.504293,12.358000000
54.508496,12.359000000
54.529851,12.360000000
54.530263,12.361000000
54.541364,12.362000000
54.542145,12.363000000
54.548669,12.364000000
54.556187,12.365000000
54.583504,12.366000000
54.583585,12.367000000
54.590347,12.368000000
54.598927,12.369000000
54.612524,12.370000000
54.612826,12.371000000
54.621375,12.372000000
54.642950,12.373000000
54.643008,12.374000000
54.653797,12.375000000
54.659410,12.376000000
54.669935,12.377000000
54.679546,12.378000000
54.683177,12.379000000
54.687001,12.380000000
54.721866,12.381000000
54.729502,12.382000000
54.742419,12.383000000
54.742466,12.384000000
54.769886,12.385000000
54.779995,12.386000000
54.791768,12.387000000
54.797667,12.388000000
54.810376,12.389000000
54.833783,12.390000000
54.833830,12.391000000
54.845469,12.392000000
54.845770,12.393000000
54.845839,12.394000000
54.861508,12.395000000
54.861559,12.396000000
54.875598,12.397000000
54.893262,12.398000000
54.893313,12.399000000
54.907586,12.400000000
54.907638,12.401000000
54.915322,12.402000000
54.938289,12.403000000
54.946256,12.404000000
54.946307,12.405000000
54.955813,12.406000000
54.966474,12.407000000
54.970224,12.408000000
54.980076,12.409000000
54.989906,12.410000000
54.990730,12.411000000
55.011868,12.412000000
55.026113,12.413000000
55.026163,12.414000000
55.037843,12.415000000
55.046971,12.416000000
55.073260,12.417000000
55.084364,12.418000000
55.094241,12.419000000
55.108222,12.420000000
55.118343,12.421000000
55.130298,12.422000000
55.144626,12.423000000
55.160403,12.424000000
55.169003,12.425000000
55.185153,12.426000000
55.208066,12.427000000
55.243104,12.428000000
55.260733,12.429000000
55.267008,12.430000000
55.290366,12.431000000
55.303627,12.432000000
55.314366,12.433000000
55.337610,12.434000000
55.349692,12.435000000
55.352414,12.436000000
55.379487,12.437000000
55.390237,12.438000000
55.398735,12.439000000
55.409989,12.440000000
55.418260,12.441000000
55.426284,12.442000000
55.437274,12.443000000
55.457580,12.444000000
55.470243,12.445000000
55.479039,12.446000000
55.490059,12.447000000
55.497785,12.448000000
55.507179,12.449000000
55.516254,12.450000000
55.524357,12.451000000
55.532996,12.452000000
55.549098,12.453000000
55.569673,12.454000000
55.581758,12.455000000
55.601065,12.456000000
55.626822,12.457000000
55.644033,12.458000000
55.659634,12.459000000
55.663110,12.460000000
55.691245,12.461000000
55.699069,12.462000000
55.717228,12.463000000
55.746704,12.464000000
55.758256,12.465000000
55.764263,12.466000000
55.773963,12.467000000
55.783494,12.468000000
55.793407,12.469000000
55.801462,12.470000000
55.812352,12.471000000
55.824240,12.472000000
55.839769,12.473000000
55.849788,12.474000000
55.858192,12.475000000
55.868011,12.476000000
55.872696,12.477000000
55.903402,12.478000000
55.908207,12.479000000
55.910286,12.480000000
55.914673,12.481000000
55.917373,12.482000000
55.939876,12.483000000
55.953751,12.484000000
55.989622,12.485000000
55.997362,12.486000000
56.042048,12.487000000
56.063454,12.488000000
56.074944,12.489000000
56.092543,12.490000000
56.106879,12.491000000
56.115849,12.492000000
56.126499,12.493000000
56.148662,12.494000000
56.162362,12.495000000
56.172034,12.496000000
56.180962,12.497000000
56.198278,12.498000000
56.206622,12.499000000
56.206668,12.500000000
56.228063,12.501000000
56.235421,12.502000000
56.241923,12.503000000
56.264379,12.504000000
56.272458,12.505000000
56.285107,12.506000000
56.298565,12.507000000
56.298876,12.508000000
56.326995,12.509000000
56.352541,12.510000000
56.362369,12.511000000
56.376636,12.512000000
56.397890,12.513000000
56.415114,12.514000000
56.432547,12.515000000
56.441447,12.516000000
56.458527,12.517000000
56.468391,12.518000000
56.476940,12.519000000
56.491511,12.520000000
56.508356,12.521000000
56.530696,12.522000000
56.533780,12.523000000
56.547289,12.524000000
56.547343,12.525000000
56.574131,12.526000000
56.588247,12.527000000
56.598800,12.528000000
56.618965,12.529000000
56.635801,12.530000000
56.644955,12.531000000
56.665074,12.532000000
56.686011,12.533000000
56.701772,12.534000000
56.714988,12.535000000
56.728330,12.536000000
56.739121,12.537000000
56.742224,12.538000000
56.750160,12.539000000
56.759889,12.540000000
56.761977,12.541000000
56.769310,12.542000000
56.797469,12.543000000
56.804567,12.544000000
56.816074,12.545000000
56.822432,12.546000000
56.830283,12.547000000
56.838369,12.548000000
56.846683,12.549000000
56.853116,12.550000000
56.859237,12.551000000
56.869025,12.552000000
56.878579,12.553000000
56.889284,12.554000000
56.911083,12.555000000
56.915153,12.556000000
56.918902,12.557000000
56.925558,12.558000000
56.933031,12.559000000
56.944875,12.560000000
56.955448,12.561000000
56.965429,12.562000000
56.965478,12.563000000
56.981065,12.564000000
56.987030,12.565000000
56.995141,12.566000000
56.996450,12.567000000
57.004236,12.568000000
57.046720,12.569000000
57.046778,12.570000000
57.046789,12.571000000
57.064701,12.572000000
57.064750,12.573000000
57.068893,12.574000000
57.089945,12.575000000
57.094893,12.576000000
57.101431,12.577000000
57.107314,12.578000000
57.113070,12.579000000
57.127486,12.580000000
57.135078,12.581000000
57.154472,12.582000000
57.166147,12.583000000
57.166208,12.584000000
57.177306,12.585000000
57.181808,12.586000000
57.187753,12.587000000
57.193600,12.588000000
57.215916,12.589000000
57.222337,12.590000000
57.227832,12.591000000
57.233880,12.592000000
57.239915,12.593000000
57.244876,12.594000000
57.265669,12.595000000
57.270531,12.596000000
57.274429,12.597000000
57.280379,12.598000000
57.302713,12.599000000
57.305892,12.600000000
57.311906,12.601000000
57.316041,12.602000000
57.322655,12.603000000
57.328513,12.604000000
57.349120,12.605000000
57.353246,12.606000000
57.359906,12.607000000
57.370390,12.608000000
57.376519,12.609000000
57.384508,12.610000000
57.388686,12.611000000
57.392804,12.612000000
57.398946,12.613000000
57.403747,12.614000000
57.412572,12.615000000
57.418127,12.616000000
57.424254,12.617000000
57.430346,12.618000000
57.441114,12.619000000
57.448774,12.620000000
57.453113,12.621000000
57.460340,12.622000000
57.465745,12.623000000
57.470315,12.624000000
57.479980,12.625000000
57.483777,12.626000000
57.490221,12.627000000
57.495546,12.628000000
57.513022,12.629000000
57.523072,12.630000000
57.529006,12.631000000
57.546905,12.632000000
57.567422,12.633000000
57.580673,12.634000000
57.608870,12.635000000
57.611338,12.636000000
57.614753,12.637000000
57.616768,12.638000000
57.634613,12.639000000
57.636790,12.640000000
57.638924,12.641000000
57.642807,12.642000000
57.645727,12.643000000
57.649628,12.644000000
57.653960,12.645000000
57.657030,12.646000000
57.661294,12.647000000
57.669077,12.648000000
57.673165,12.649000000
57.675254,12.650000000
57.680479,12.651000000
57.684838,12.652000000
57.687038,12.653000000
57.690308,12.654000000
57.699053,12.655000000
57.703422,12.656000000
57.732984,12.657000000
57.740880,12.658000000
57.740926,12.659000000
57.754600,12.660000000
57.758861,12.661000000
57.762703,12.662000000
57.767290,12.663000000
57.772137,12.664000000
57.774935,12.665000000
57.777327,12.666000000
57.782575,12.667000000
57.782619,12.668000000
57.783848,12.669000000
57.786024,12.670000000
57.788132,12.671000000
57.790658,12.672000000
57.796343,12.673000000
57.796708,12.674000000
57.798773,12.675000000
57.801053,12.676000000
57.807121,12.677000000
57.810622,12.678000000
57.814638,12.679000000
57.818709,12.680000000
57.823880,12.681000000
57.826040,12.682000000
57.830250,12.683000000
57.834271,12.684000000
57.837031,12.685000000
57.843618,12.686000000
57.855044,12.687000000
57.864380,12.688000000
57.872827,12.689000000
57.877228,12.690000000
57.879353,12.691000000
57.883217,12.692000000
57.890122,12.693000000
57.903753,12.694000000
57.903811,12.695000000
57.913804,12.696000000
57.917791,12.697000000
57.925395,12.698000000
57.950968,12.699000000
57.956395,12.700000000
57.970758,12.701000000
57.983204,12.702000000
57.990493,12.703000000
58.010368,12.704000000
58.021343,12.705000000
58.029601,12.706000000
58.039322,12.707000000
58.069020,12.708000000
58.079557,12.709000000
58.089538,12.710000000
58.103333,12.711000000
58.110804,12.712000000
58.125972,12.713000000
58.130917,12.714000000
58.136540,12.715000000
58.140769,12.716000000
58.144013,12.717000000
58.149457,12.718000000
58.152608,12.719000000
58.156785,12.720000000
58.160952,12.721000000
58.169242,12.722000000
58.173753,12.723000000
58.177033,12.724000000
58.181122,12.725000000
58.186506,12.726000000
58.188717,12.727000000
58.190829,12.728000000
58.192927,12.729000000
58.195274,12.730000000
58.233745,12.731000000
58.247272,12.732000000
58.257626,12.733000000
58.269060,12.734000000
58.272928,12.735000000
58.279092,12.736000000
58.281471,12.737000000
58.311649,12.738000000
58.315695,12.739000000
58.322865,12.740000000
58.333610,12.741000000
58.351180,12.742000000
58.355934,12.743000000
58.364370,12.744000000
58.372398,12.745000000
58.381059,12.746000000
58.387891,12.747000000
58.398258,12.748000000
58.402163,12.749000000
58.410064,12.750000000
58.417739,12.751000000
58.422048,12.752000000
58.434650,12.753000000
58.437078,12.754000000
58.443269,12.755000000
58.451348,12.756000000
58.472775,12.757000000
58.483638,12.758000000
58.488384,12.759000000
58.490787,12.760000000
58.494018,12.761000000
58.497528,12.762000000
58.516077,12.763000000
58.535375,12.764000000
58.538209,12.765000000
58.541945,12.766000000
58.575240,12.767000000
58.578354,12.768000000
58.585809,12.769000000
58.595033,12.770000000
58.614718,12.771000000
58.622042,12.772000000
58.633376,12.773000000
58.645846,12.774000000
58.645902,12.775000000
58.648885,12.776000000
58.654099,12.777000000
58.656755,12.778000000
58.657005,12.779000000
58.658028,12.780000000
58.661970,12.781000000
58.665390,12.782000000
58.666621,12.783000000
58.673532,12.784000000
58.682704,12.785000000
58.687047,12.786000000
58.693028,12.787000000
58.709169,12.788000000
58.722503,12.789000000
58.737311,12.790000000
58.750701,12.791000000
58.770677,12.792000000
58.770730,12.793000000
58.779608,12.794000000
58.799287,12.795000000
58.799352,12.796000000
58.799389,12.797000000
58.799398,12.798000000
58.806527,12.799000000
58.813289,12.800000000
58.842865,12.801000000
58.849614,12.802000000
58.853494,12.803000000
58.872401,12.804000000
58.879086,12.805000000
58.881529,12.806000000
58.902385,12.807000000
58.911888,12.808000000
58.911932,12.809000000
58.914991,12.810000000
58.924508,12.811000000
58.938504,12.812000000
58.940972,12.813000000
58.944982,12.814000000
58.978501,12.815000000
58.999983,12.816000000
59.017681,12.817000000
59.027642,12.818000000
59.044131,12.819000000
59.048434,12.820000000
59.056225,12.821000000
59.087180,12.822000000
59.098287,12.823000000
59.098337,12.824000000
59.098348,12.825000000
59.101632,12.826000000
59.112492,12.827000000
59.152892,12.828000000
59.157267,12.829000000
59.161546,12.830000000
59.163830,12.831000000
59.171654,12.832000000
59.185027,12.833000000
59.194344,12.834000000
59.201910,12.835000000
59.207336,12.836000000
59.226477,12.837000000
59.235997,12.838000000
59.239881,12.839000000
59.244696,12.840000000
59.250544,12.841000000
59.255159,12.842000000
59.260512,12.843000000
59.315686,12.844000000
59.322906,12.845000000
59.327771,12.846000000
59.335183,12.847000000
59.340069,12.848000000
59.346300,12.849000000
59.350514,12.850000000
59.362728,12.851000000
59.368635,12.852000000
59.377617,12.853000000
59.382905,12.854000000
59.389998,12.855000000
59.396314,12.856000000
59.402351,12.857000000
59.414700,12.858000000
59.417161,12.859000000
59.422719,12.860000000
59.429434,12.861000000
59.434493,12.862000000
59.441298,12.863000000
59.446024,12.864000000
59.451732,12.865000000
59.458167,12.866000000
59.464065,12.867000000
59.469295,12.868000000
59.476874,12.869000000
59.483416,12.870000000
59.488936,12.871000000
59.495935,12.872000000
59.502926,12.873000000
59.508822,12.874000000
59.515242,12.875000000
59.519834,12.876000000
59.525890,12.877000000
59.544818,12.878000000
59.551429,12.879000000
59.556971,12.880000000
59.563389,12.881000000
59.567214,12.882000000
59.569647,12.883000000
59.588895,12.884000000
59.599669,12.885000000
59.607673,12.886000000
59.614588,12.887000000
59.621815,12.888000000
59.628061,12.889000000
59.636376,12.890000000
59.655519,12.891000000
59.663682,12.892000000
59.674972,12.893000000
59.689769,12.894000000
59.716452,12.895000000
59.724168,12.896000000
59.741041,12.897000000
59.748631,12.898000000
59.761249,12.899000000
59.772581,12.900000000
59.799097,12.901000000
59.811397,12.902000000
59.811460,12.903000000
59.839407,12.904000000
59.839469,12.905000000
59.860192,12.906000000
59.876219,12.907000000
59.876295,12.908000000
59.892625,12.909000000
59.897434,12.910000000
59.918108,12.911000000
59.920831,12.912000000
59.925035,12.913000000
59.958475,12.914000000
59.964155,12.915000000
59.972169,12.916000000
60.013628,12.917000000
60.020774,12.918000000
60.023201,12.919000000
60.031182,12.920000000
60.035747,12.921000000
60.043290,12.922000000
60.046376,12.923000000
60.049980,12.924000000
60.052749,12.925000000
60.056490,12.926000000
60.095892,12.927000000
60.104713,12.928000000
60.121311,12.929000000
60.128750,12.930000000
60.139379,12.931000000
60.147367,12.932000000
60.154857,12.933000000
60.164348,12.934000000
60.178603,12.935000000
60.188250,12.936000000
60.204011,12.937000000
60.214060,12.938000000
60.221229,12.939000000
60.235075,12.940000000
60.242821,12.941000000
60.248058,12.942000000
60.263121,12.943000000
60.269322,12.944000000
60.272808,12.945000000
60.275539,12.946000000
60.280873,12.947000000
60.286412,12.948000000
60.288708,12.949000000
60.290967,12.950000000
60.294110,12.951000000
60.298314,12.952000000
60.303074,12.953000000
60.307262,12.954000000
60.344795,12.955000000
60.351766,12.956000000
60.354441,12.957000000
60.356830,12.958000000
60.361532,12.959000000
60.375787,12.960000000
60.381334,12.961000000
60.383684,12.962000000
60.387259,12.963000000
60.391402,12.964000000
60.396307,12.965000000
60.400810,12.966000000
60.404715,12.967000000
60.407741,12.968000000
60.410098,12.969000000
60.463358,12.970000000
60.467772,12.971000000
60.476119,12.972000000
60.483221,12.973000000
60.487931,12.974000000
60.491976,12.975000000
60.504998,12.976000000
60.541589,12.977000000
60.545483,12.978000000
60.562549,12.979000000
60.574520,12.980000000
60.580770,12.981000000
60.583890,12.982000000
60.591450,12.983000000
60.598321,12.984000000
60.606014,12.985000000
60.614148,12.986000000
60.621596,12.987000000
60.627562,12.988000000
60.631670,12.989000000
60.645540,12.990000000
60.659517,12.991000000
60.667564,12.992000000
60.679240,12.993000000
60.687497,12.994000000
60.697250,12.995000000
60.706688,12.996000000
60.709749,12.997000000
60.728896,12.998000000
60.732116,12.999000000
60.742590,13.000000000
60.748091,13.001000000
60.750642,13.002000000
60.767767,13.003000000
60.780173,13.004000000
60.787148,13.005000000
60.792796,13.006000000
60.803992,13.007000000
60.810921,13.008000000
60.819809,13.009000000
60.822876,13.010000000
60.851528,13.011000000
60.857171,13.012000000
60.881778,13.013000000
60.892710,13.014000000
60.917887,13.015000000
60.932944,13.016000000
60.945321,13.017000000
60.962633,13.018000000
60.976375,13.019000000
60.990570,13.020000000
61.005213,13.021000000
61.018684,13.022000000
61.031852,13.023000000
61.046168,13.024000000
61.061322,13.025000000
61.073344,13.026000000
61.079807,13.027000000
61.116366,13.028000000
61.119351,13.029000000
61.130561,13.030000000
61.139713,13.031000000
61.154259,13.032000000
61.165095,13.033000000
61.172927,13.034000000
61.181265,13.035000000
61.189463,13.036000000
61.194033,13.037000000
61.222052,13.038000000
61.231743,13.039000000
61.247435,13.040000000
61.255911,13.041000000
61.270947,13.042000000
61.283019,13.043000000
61.292933,13.044000000
61.299411,13.045000000
61.303092,13.046000000
61.307217,13.047000000
61.313766,13.048000000
61.324275,13.049000000
61.329820,13.050000000
61.332663,13.051000000
61.341345,13.052000000
61.362070,13.053000000
61.373849,13.054000000
61.373903,13.055000000
61.393070,13.056000000
61.405126,13.057000000
61.405175,13.058000000
61.406983,13.059000000
61.409187,13.060000000
61.412388,13.061000000
61.443874,13.062000000
61.472699,13.063000000
61.481552,13.064000000
61.501271,13.065000000
61.504339,13.066000000
61.522234,13.067000000
61.530049,13.068000000
61.532448,13.069000000
61.540176,13.070000000
61.542588,13.071000000
61.552304,13.072000000
61.599781,13.073000000
61.619516,13.074000000
61.619575,13.075000000
61.643018,13.076000000
61.650255,13.077000000
61.667903,13.078000000
61.685427,13.079000000
61.694518,13.080000000
61.699233,13.081000000
61.719094,13.082000000
61.719174,13.083000000
61.736974,13.084000000
61.737034,13.085000000
61.758880,13.086000000
61.763044,13.087000000
61.780376,13.088000000
61.792318,13.089000000
61.792411,13.090000000
61.824342,13.091000000
61.824406,13.092000000
61.855700,13.093000000
61.873091,13.094000000
61.881982,13.095000000
61.893184,13.096000000
61.899430,13.097000000
61.913814,13.098000000
61.913877,13.099000000
61.933658,13.100000000
61.934630,13.101000000
61.960942,13.102000000
61.972721,13.103000000
61.981676,13.104000000
61.994373,13.105000000
62.004956,13.106000000
62.025873,13.107000000
62.025934,13.108000000
62.038270,13.109000000
62.042487,13.110000000
62.067696,13.111000000
62.075986,13.112000000
62.095931,13.113000000
62.106617,13.114000000
62.110285,13.115000000
62.126154,13.116000000
62.128871,13.117000000
62.134791,13.118000000
62.142411,13.119000000
62.165532,13.120000000
62.170162,13.121000000
62.175922,13.122000000
62.188612,13.123000000
62.196696,13.124000000
62.199820,13.125000000
62.232145,13.126000000
62.243363,13.127000000
62.248685,13.128000000
62.255589,13.129000000
62.277820,13.130000000
62.288348,13.131000000
62.297865,13.132000000
62.320960,13.133000000
62.328450,13.134000000
62.335529,13.135000000
62.344988,13.136000000
62.355468,13.137000000
62.360519,13.138000000
62.366805,13.139000000
62.397550,13.140000000
62.405020,13.141000000
62.432369,13.142000000
62.443209,13.143000000
62.449209,13.144000000
62.463425,13.145000000
62.469987,13.146000000
62.477117,13.147000000
62.510745,13.148000000
62.517527,13.149000000
62.526145,13.150000000
62.540193,13.151000000
62.546926,13.152000000
62.553338,13.153000000
62.558612,13.154000000
62.587211,13.155000000
62.596088,13.156000000
62.601881,13.157000000
62.609212,13.158000000
62.617637,13.159000000
62.626357,13.160000000
62.637465,13.161000000
62.644670,13.162000000
62.655358,13.163000000
62.660365,13.164000000
62.671151,13.165000000
62.675931,13.166000000
62.694696,13.167000000
62.701312,13.168000000
62.724382,13.169000000
62.737504,13.170000000
62.741881,13.171000000
62.758079,13.172000000
62.765144,13.173000000
62.779464,13.174000000
62.786713,13.175000000
62.794086,13.176000000
62.798139,13.177000000
62.817606,13.178000000
62.826367,13.179000000
62.832589,13.180000000
62.844807,13.181000000
62.851127,13.182000000
62.858171,13.183000000
62.887948,13.184000000
62.893192,13.185000000
62.907055,13.186000000
62.911482,13.187000000
62.922296,13.188000000
62.933721,13.189000000
62.943841,13.190000000
62.958584,13.191000000
62.969943,13.192000000
62.977220,13.193000000
62.987543,13.194000000
62.994478,13.195000000
63.000927,13.196000000
63.018821,13.197000000
63.023941,13.198000000
63.046645,13.199000000
63.054032,13.200000000
63.061355,13.201000000
63.070875,13.202000000
63.074843,13.203000000
63.089410,13.204000000
63.096142,13.205000000
63.121722,13.206000000
63.127726,13.207000000
63.135546,13.208000000
63.149144,13.209000000
63.153933,13.210000000
63.158607,13.211000000
63.195434,13.212000000
63.204899,13.213000000
63.214285,13.214000000
63.225744,13.215000000
63.230247,13.216000000
63.244075,13.217000000
63.250944,13.218000000
63.260198,13.219000000
63.268172,13.220000000
63.279864,13.221000000
63.286781,13.222000000
63.294635,13.223000000
63.307625,13.224000000
63.315243,13.225000000
63.320521,13.226000000
63.324219,13.227000000
63.348176,13.228000000
63.355279,13.229000000
63.376950,13.230000000
63.383806,13.231000000
63.388390,13.232000000
63.397881,13.233000000
63.404850,13.234000000
63.409101,13.235000000
63.426651,13.236000000
63.436370,13.237000000
63.438718,13.238000000
63.455069,13.239000000
63.462171,13.240000000
63.464487,13.241000000
63.501998,13.242000000
63.511265,13.243000000
63.522987,13.244000000
63.528965,13.245000000
63.536486,13.246000000
63.546413,13.247000000
63.550130,13.248000000
63.555207,13.249000000
63.560065,13.250000000
63.566973,13.251000000
63.569557,13.252000000
63.571901,13.253000000
63.574168,13.254000000
63.579349,13.255000000
63.582159,13.256000000
63.588536,13.257000000
63.591183,13.258000000
63.594604,13.259000000
63.598684,13.260000000
63.610007,13.261000000
63.616575,13.262000000
63.633898,13.263000000
63.666408,13.264000000
63.666473,13.265000000
63.667717,13.266000000
63.685212,13.267000000
63.692154,13.268000000
63.692611,13.269000000
63.692668,13.270000000
63.693321,13.271000000
63.697295,13.272000000
63.703963,13.273000000
63.704933,13.274000000
63.708647,13.275000000
63.710971,13.276000000
63.711669,13.277000000
63.716990,13.278000000
63.718907,13.279000000
63.719745,13.280000000
63.730586,13.281000000
63.766420,13.282000000
63.766481,13.283000000
63.772884,13.284000000
63.777594,13.285000000
63.809925,13.286000000
63.823253,13.287000000
63.823315,13.288000000
63.838192,13.289000000
63.838252,13.290000000
63.838293,13.291000000
63.848118,13.292000000
63.848169,13.293000000
63.865865,13.294000000
63.871044,13.295000000
63.880840,13.296000000
63.885353,13.297000000
63.894729,13.298000000
63.920197,13.299000000
63.927378,13.300000000
63.934341,13.301000000
63.955120,13.302000000
63.967404,13.303000000
63.977241,13.304000000
63.985005,13.305000000
63.997741,13.306000000
64.007471,13.307000000
64.017394,13.308000000
64.025607,13.309000000
64.041001,13.310000000
64.051651,13.311000000
64.061711,13.312000000
64.085024,13.313000000
64.099643,13.314000000
64.108244,13.315000000
64.133554,13.316000000
64.146379,13.317000000
64.153113,13.318000000
64.158234,13.319000000
64.169417,13.320000000
64.175567,13.321000000
64.180644,13.322000000
64.185801,13.323000000
64.190242,13.324000000
64.194553,13.325000000
64.221747,13.326000000
64.225711,13.327000000
64.230940,13.328000000
64.239085,13.329000000
64.251432,13.330000000
64.259199,13.331000000
64.265312,13.332000000
64.271887,13.333000000
64.298441,13.334000000
64.310574,13.335000000
64.319757,13.336000000
64.326236,13.337000000
64.334254,13.338000000
64.343713,13.339000000
64.354012,13.340000000
64.365222,13.341000000
64.374312,13.342000000
64.379502,13.343000000
64.400388,13.344000000
64.406465,13.345000000
64.423486,13.346000000
64.431215,13.347000000
64.437637,13.348000000
64.463104,13.349000000
64.472479,13.350000000
64.475585,13.351000000
64.495520,13.352000000
64.496108,13.353000000
64.496160,13.354000000
64.505475,13.355000000
64.506869,13.356000000
64.521488,13.357000000
64.540677,13.358000000
64.540735,13.359000000
64.552454,13.360000000
64.555273,13.361000000
64.570339,13.362000000
64.570412,13.363000000
64.570466,13.364000000
64.617368,13.365000000
64.617760,13.366000000
64.630087,13.367000000
64.640337,13.368000000
64.640397,13.369000000
64.645025,13.370000000
64.655840,13.371000000
64.659859,13.372000000
64.667871,13.373000000
64.681321,13.374000000
64.690605,13.375000000
64.691144,13.376000000
64.694796,13.377000000
64.707599,13.378000000
64.721051,13.379000000
64.721211,13.380000000
64.740479,13.381000000
64.756781,13.382000000
64.762604,13.383000000
64.766177,13.384000000
64.772156,13.385000000
64.777166,13.386000000
64.782027,13.387000000
64.787983,13.388000000
64.792389,13.389000000
64.810508,13.390000000
64.815996,13.391000000
64.829636,13.392000000
64.837686,13.393000000
64.848483,13.394000000
64.867167,13.395000000
64.903150,13.396000000
64.907338,13.397000000
64.913810,13.398000000
64.936493,13.399000000
64.938612,13.400000000
64.952065,13.401000000
64.982892,13.402000000
64.987032,13.403000000
64.995409,13.404000000
64.997345,13.405000000
65.013130,13.406000000
65.019107,13.407000000
65.079441,13.408000000
65.081277,13.409000000
65.083425,13.410000000
65.112667,13.411000000
65.120524,13.412000000
65.137988,13.413000000
65.145430,13.414000000
65.155742,13.415000000
65.161530,13.416000000
65.169338,13.417000000
65.176627,13.418000000
65.183775,13.419000000
65.191159,13.420000000
65.197807,13.421000000
65.203306,13.422000000
65.210292,13.423000000
65.214797,13.424000000
65.227789,13.425000000
65.233923,13.426000000
65.244145,13.427000000
65.260051,13.428000000
65.280130,13.429000000
65.282634,13.430000000
65.302827,13.431000000
65.315948,13.432000000
65.319847,13.433000000
65.329390,13.434000000
65.338355,13.435000000
65.341410,13.436000000
65.351317,13.437000000
65.354203,13.438000000
65.356588,13.439000000
65.358970,13.440000000
65.361431,13.441000000
65.363741,13.442000000
65.366282,13.443000000
65.368707,13.444000000
65.372511,13.445000000
65.380550,13.446000000
65.390423,13.447000000
65.397456,13.448000000
65.404323,13.449000000
65.406489,13.450000000
65.414734,13.451000000
65.462260,13.452000000
65.462310,13.453000000
65.473763,13.454000000
65.486954,13.455000000
65.488189,13.456000000
65.501779,13.457000000
65.513500,13.458000000
65.519715,13.459000000
65.533465,13.460000000
65.546417,13.461000000
65.559148,13.462000000
65.576578,13.463000000
65.576632,13.464000000
65.595642,13.465000000
65.598389,13.466000000
65.600372,13.467000000
65.602493,13.468000000
65.619501,13.469000000
65.627077,13.470000000
65.632377,13.471000000
65.636672,13.472000000
65.642234,13.473000000
65.644113,13.474000000
65.652479,13.475000000
65.657765,13.476000000
65.678165,13.477000000
65.684372,13.478000000
65.689481,13.479000000
65.718759,13.480000000
65.726655,13.481000000
65.736761,13.482000000
65.742795,13.483000000
65.750356,13.484000000
65.755757,13.485000000
65.766792,13.486000000
65.777998,13.487000000
65.786079,13.488000000
65.794058,13.489000000
65.806918,13.490000000
65.812255,13.491000000
65.820800,13.492000000
65.830701,13.493000000
65.837645,13.494000000
65.855193,13.495000000
65.857435,13.496000000
65.887079,13.497000000
65.905839,13.498000000
65.923322,13.499000000
65.937901,13.500000000
65.956120,13.501000000
65.967651,13.502000000
65.980705,13.503000000
65.991116,13.504000000
66.003137,13.505000000
66.015987,13.506000000
66.021844,13.507000000
66.027500,13.508000000
66.035012,13.509000000
66.059507,13.510000000
66.065773,13.511000000
66.072559,13.512000000
66.082652,13.513000000
66.101734,13.514000000
66.115224,13.515000000
66.115862,13.516000000
66.135363,13.517000000
66.136445,13.518000000
66.144257,13.519000000
66.170002,13.520000000
66.195362,13.521000000
66.203052,13.522000000
66.247961,13.523000000
66.265706,13.524000000
66.305709,13.525000000
66.317505,13.526000000
66.317585,13.527000000
66.317596,13.528000000
66.321502,13.529000000
66.321553,13.530000000
66.324257,13.531000000
66.332356,13.532000000
66.335582,13.533000000
66.350593,13.534000000
66.363779,13.535000000
66.376220,13.536000000
66.383431,13.537000000
66.386838,13.538000000
66.395780,13.539000000
66.405983,13.540000000
66.417938,13.541000000
66.427513,13.542000000
66.433396,13.543000000
66.444476,13.544000000
66.450774,13.545000000
66.461050,13.546000000
66.470448,13.547000000
66.482156,13.548000000
66.486133,13.549000000
66.496069,13.550000000
66.503528,13.551000000
66.512424,13.552000000
66.520393,13.553000000
66.529000,13.554000000
66.539039,13.555000000
66.547745,13.556000000
66.574282,13.557000000
66.583500,13.558000000
66.594691,13.559000000
66.610924,13.560000000
66.614689,13.561000000
66.622422,13.562000000
66.630246,13.563000000
66.652453,13.564000000
66.661424,13.565000000
66.663261,13.566000000
66.669932,13.567000000
66.683676,13.568000000
66.695268,13.569000000
66.729851,13.570000000
66.741402,13.571000000
66.765552,13.572000000
66.772580,13.573000000
66.784953,13.574000000
66.794446,13.575000000
66.815230,13.576000000
66.821946,13.577000000
66.823933,13.578000000
66.825370,13.579000000
66.830225,13.580000000
66.841779,13.581000000
66.841808,13.582000000
66.846464,13.583000000
66.847868,13.584000000
66.875153,13.585000000
66.887885,13.586000000
66.897562,13.587000000
66.917361,13.588000000
66.939488,13.589000000
66.954584,13.590000000
66.961764,13.591000000
66.982989,13.592000000
66.983052,13.593000000
67.003857,13.594000000
67.006919,13.595000000
67.014153,13.596000000
67.022798,13.597000000
67.037492,13.598000000
67.055593,13.599000000
67.059052,13.600000000
67.086061,13.601000000
67.091957,13.602000000
67.099564,13.603000000
67.135766,13.604000000
67.138278,13.605000000
67.140578,13.606000000
67.149084,13.607000000
67.162038,13.608000000
67.167183,13.609000000
67.177590,13.610000000
67.189666,13.611000000
67.208646,13.612000000
67.221914,13.613000000
67.264607,13.614000000
67.267251,13.615000000
67.272890,13.616000000
67.275032,13.617000000
67.286737,13.618000000
67.294865,13.619000000
67.306262,13.620000000
67.315778,13.621000000
67.327642,13.622000000
67.337767,13.623000000
67.339048,13.624000000
67.341320,13.625000000
67.343037,13.626000000
67.357682,13.627000000
67.365950,13.628000000
67.374717,13.629000000
67.387967,13.630000000
67.395474,13.631000000
67.400731,13.632000000
67.408884,13.633000000
67.414245,13.634000000
67.420171,13.635000000
67.428462,13.636000000
67.433976,13.637000000
67.441657,13.638000000
67.449816,13.639000000
67.461516,13.640000000
67.467556,13.641000000
67.477717,13.642000000
67.483675,13.643000000
67.490042,13.644000000
67.499110,13.645000000
67.505674,13.646000000
67.513839,13.647000000
67.521943,13.648000000
67.527648,13.649000000
67.536384,13.650000000
67.542997,13.651000000
67.551213,13.652000000
67.559582,13.653000000
67.566961,13.654000000
67.578580,13.655000000
67.588004,13.656000000
67.594412,13.657000000
67.602790,13.658000000
67.610713,13.659000000
67.617074,13.660000000
67.625315,13.661000000
67.633390,13.662000000
67.639607,13.663000000
67.649770,13.664000000
67.657444,13.665000000
67.676792,13.666000000
67.701285,13.667000000
67.708589,13.668000000
67.735528,13.669000000
67.744696,13.670000000
67.751522,13.671000000
67.762222,13.672000000
67.793267,13.673000000
67.800548,13.674000000
67.803618,13.675000000
67.817890,13.676000000
67.826258,13.677000000
67.831660,13.678000000
67.855732,13.679000000
67.867821,13.680000000
67.885215,13.681000000
67.899571,13.682000000
67.911718,13.683000000
67.926070,13.684000000
67.937779,13.685000000
67.948193,13.686000000
67.968873,13.687000000
67.982943,13.688000000
67.993651,13.689000000
68.010345,13.690000000
68.019816,13.691000000
68.040265,13.692000000
68.052130,13.693000000
68.066142,13.694000000
68.080775,13.695000000
68.106555,13.696000000
68.120017,13.697000000
68.136884,13.698000000
68.142783,13.699000000
68.162899,13.700000000
68.167641,13.701000000
68.173098,13.702000000
68.193974,13.703000000
68.201112,13.704000000
68.222607,13.705000000
68.228756,13.706000000
68.233180,13.707000000
68.253985,13.708000000
68.258030,13.709000000
68.261788,13.710000000
68.269307,13.711000000
68.301507,13.712000000
68.307546,13.713000000
68.323811,13.714000000
68.326905,13.715000000
68.335167,13.716000000
68.367278,13.717000000
68.371705,13.718000000
68.383634,13.719000000
68.392674,13.720000000
68.410392,13.721000000
68.420202,13.722000000
68.427642,13.723000000
68.433539,13.724000000
68.439177,13.725000000
68.446294,13.726000000
68.454384,13.727000000
68.465748,13.728000000
68.474108,13.729000000
68.479313,13.730000000
68.501945,13.731000000
68.509272,13.732000000
68.524326,13.733000000
68.550082,13.734000000
68.556225,13.735000000
68.562931,13.736000000
68.569675,13.737000000
68.577436,13.738000000
68.585696,13.739000000
68.604589,13.740000000
68.616712,13.741000000
68.632061,13.742000000
68.635507,13.743000000
68.644278,13.744000000
68.672308,13.745000000
68.680578,13.746000000
68.694551,13.747000000
68.704044,13.748000000
68.714705,13.749000000
68.720079,13.750000000
68.727907,13.751000000
68.734685,13.752000000
68.739676,13.753000000
68.747007,13.754000000
68.752048,13.755000000
68.758107,13.756000000
68.763557,13.757000000
68.772067,13.758000000
68.784893,13.759000000
68.792165,13.760000000
68.796182,13.761000000
68.832192,13.762000000
68.838629,13.763000000
68.846121,13.764000000
68.854647,13.765000000
68.860204,13.766000000
68.864382,13.767000000
68.872406,13.768000000
68.898763,13.769000000
68.909247,13.770000000
68.920727,13.771000000
68.925847,13.772000000
68.935255,13.773000000
68.973165,13.774000000
68.986171,13.775000000
68.989529,13.776000000
68.991725,13.777000000
68.993979,13.778000000
69.001271,13.779000000
69.003364,13.780000000
69.005541,13.781000000
69.007562,13.782000000
69.009750,13.783000000
69.011883,13.784000000
69.013912,13.785000000
69.020254,13.786000000
69.022608,13.787000000
69.030702,13.788000000
69.032828,13.789000000
69.036787,13.790000000
69.040409,13.791000000
69.044308,13.792000000
69.049009,13.793000000
69.053189,13.794000000
69.057186,13.795000000
69.061165,13.796000000
69.065480,13.797000000
69.071337,13.798000000
69.076666,13.799000000
69.082767,13.800000000
69.086605,13.801000000
69.100571,13.802000000
69.113481,13.803000000
69.131219,13.804000000
69.138923,13.805000000
69.144382,13.806000000
69.150971,13.807000000
69.154949,13.808000000
69.159015,13.809000000
69.164588,13.810000000
69.178158,13.811000000
69.182211,13.812000000
69.187837,13.813000000
69.192204,13.814000000
69.198090,13.815000000
69.203282,13.816000000
69.225163,13.817000000
69.227410,13.818000000
69.232826,13.819000000
69.236948,13.820000000
69.250897,13.821000000
69.254697,13.822000000
69.258766,13.823000000
69.263364,13.824000000
69.269101,13.825000000
69.288255,13.826000000
69.292366,13.827000000
69.298097,13.828000000
69.307425,13.829000000
69.315595,13.830000000
69.332375,13.831000000
69.342938,13.832000000
69.348436,13.833000000
69.359854,13.834000000
69.403741,13.835000000
69.414189,13.836000000
69.414268,13.837000000
69.425866,13.838000000
69.432030,13.839000000
69.440986,13.840000000
69.449992,13.841000000
69.458537,13.842000000
69.466134,13.843000000
69.474596,13.844000000
69.482007,13.845000000
69.492046,13.846000000
69.500836,13.847000000
69.505467,13.848000000
69.514102,13.849000000
69.531488,13.850000000
69.541712,13.851000000
69.548238,13.852000000
69.579639,13.853000000
69.589346,13.854000000
69.614281,13.855000000
69.624636,13.856000000
69.632481,13.857000000
69.637515,13.858000000
69.644643,13.859000000
69.652603,13.860000000
69.659771,13.861000000
69.688142,13.862000000
69.702253,13.863000000
69.725816,13.864000000
69.735574,13.865000000
69.741810,13.866000000
69.746459,13.867000000
69.753319,13.868000000
69.763110,13.869000000
69.769016,13.870000000
69.791852,13.871000000
69.805624,13.872000000
69.817543,13.873000000
69.823543,13.874000000
69.830233,13.875000000
69.836189,13.876000000
69.848137,13.877000000
69.862554,13.878000000
69.868941,13.879000000
69.874801,13.880000000
69.884260,13.881000000
69.891394,13.882000000
69.898561,13.883000000
69.904347,13.884000000
69.914314,13.885000000
69.921511,13.886000000
69.932147,13.887000000
69.941982,13.888000000
69.951279,13.889000000
69.961460,13.890000000
69.966513,13.891000000
69.977166,13.892000000
70.009240,13.893000000
70.025560,13.894000000
70.060732,13.895000000
70.068892,13.896000000
70.078123,13.897000000
70.083045,13.898000000
70.095834,13.899000000
70.096524,13.900000000
70.120412,13.901000000
70.139849,13.902000000
70.164501,13.903000000
70.171430,13.904000000
70.181241,13.905000000
70.187053,13.906000000
70.187740,13.907000000
70.192906,13.908000000
70.204509,13.909000000
70.225608,13.910000000
70.229803,13.911000000
70.253968,13.912000000
70.259545,13.913000000
70.265509,13.914000000
70.274374,13.915000000
70.278342,13.916000000
70.287292,13.917000000
70.294507,13.918000000
70.299975,13.919000000
70.312767,13.920000000
70.318790,13.921000000
70.322491,13.922000000
70.332476,13.923000000
70.337054,13.924000000
70.365458,13.925000000
70.379605,13.926000000
70.387211,13.927000000
70.395902,13.928000000
70.408330,13.929000000
70.416627,13.930000000
70.423143,13.931000000
70.433336,13.932000000
70.441170,13.933000000
70.447563,13.934000000
70.476434,13.935000000
70.488502,13.936000000
70.508839,13.937000000
70.519381,13.938000000
70.531142,13.939000000
70.531189,13.940000000
70.541003,13.941000000
70.541662,13.942000000
70.582798,13.943000000
70.589009,13.944000000
70.600162,13.945000000
70.604219,13.946000000
70.612226,13.947000000
70.612278,13.948000000
70.621953,13.949000000
70.628246,13.950000000
70.651429,13.951000000
70.651498,13.952000000
70.693159,13.953000000
70.700463,13.954000000
70.708481,13.955000000
70.710385,13.956000000
70.719362,13.957000000
70.724135,13.958000000
70.733370,13.959000000
70.739188,13.960000000
70.744954,13.961000000
70.760778,13.962000000
70.774549,13.963000000
70.779802,13.964000000
70.789397,13.965000000
70.804803,13.966000000
70.805667,13.967000000
70.818136,13.968000000
70.821385,13.969000000
70.835371,13.970000000
70.845875,13.971000000
70.855343,13.972000000
70.862350,13.973000000
70.870789,13.974000000
70.878387,13.975000000
70.891936,13.976000000
70.924287,13.977000000
70.937145,13.978000000
70.945998,13.979000000
70.958080,13.980000000
70.964264,13.981000000
70.968822,13.982000000
70.974319,13.983000000
70.995221,13.984000000
71.005439,13.985000000
71.036958,13.986000000
71.048774,13.987000000
71.056820,13.988000000
71.060996,13.989000000
71.070840,13.990000000
71.092811,13.991000000
71.098304,13.992000000
71.120562,13.993000000
71.125026,13.994000000
71.135622,13.995000000
71.139208,13.996000000
71.143585,13.997000000
71.150326,13.998000000
71.159991,13.999000000
71.164740,14.000000000
71.176258,14.001000000
71.180255,14.002000000
71.195571,14.003000000
71.203770,14.004000000
71.213493,14.005000000
71.224723,14.006000000
71.234239,14.007000000
71.237837,14.008000000
71.248342,14.009000000
71.259461,14.010000000
71.263979,14.011000000
71.271901,14.012000000
71.281705,14.013000000
71.295468,14.014000000
71.342974,14.015000000
71.363223,14.016000000
71.379201,14.017000000
71.383595,14.018000000
71.389659,14.019000000
71.405601,14.020000000
71.407641,14.021000000
71.411116,14.022000000
71.416472,14.023000000
71.416518,14.024000000
71.420821,14.025000000
71.420866,14.026000000
71.427996,14.027000000
71.432138,14.028000000
71.447802,14.029000000
71.451976,14.030000000
71.456122,14.031000000
71.477762,14.032000000
71.487017,14.033000000
71.493438,14.034000000
71.509898,14.035000000
71.521944,14.036000000
71.538244,14.037000000
71.548602,14.038000000
71.555869,14.039000000
71.566695,14.040000000
71.587679,14.041000000
71.595461,14.042000000
71.601532,14.043000000
71.611776,14.044000000
71.623431,14.045000000
71.631594,14.046000000
71.641243,14.047000000
71.650651,14.048000000
71.661398,14.049000000
71.670696,14.050000000
71.677752,14.051000000
71.683160,14.052000000
71.695270,14.053000000
71.705511,14.054000000
71.708519,14.055000000
71.731453,14.056000000
71.740408,14.057000000
71.743331,14.058000000
71.755685,14.059000000
71.760539,14.060000000
71.775170,14.061000000
71.803368,14.062000000
71.808603,14.063000000
71.816349,14.064000000
71.824119,14.065000000
71.831355,14.066000000
71.838622,14.067000000
71.862972,14.068000000
71.873044,14.069000000
71.880115,14.070000000
71.890744,14.071000000
71.898043,14.072000000
71.903798,14.073000000
71.910704,14.074000000
71.915985,14.075000000
71.921469,14.076000000
71.930328,14.077000000
71.935716,14.078000000
71.944256,14.079000000
71.951156,14.080000000
71.959137,14.081000000
71.965385,14.082000000
71.972995,14.083000000
71.978417,14.084000000
71.983847,14.085000000
72.012584,14.086000000
72.014707,14.087000000
72.018703,14.088000000
72.022357,14.089000000
72.027689,14.090000000
72.033007,14.091000000
72.038948,14.092000000
72.061648,14.093000000
72.066896,14.094000000
72.069035,14.095000000
72.072527,14.096000000
72.074712,14.097000000
72.076999,14.098000000
72.079095,14.099000000
72.089396,14.100000000
72.093108,14.101000000
72.095412,14.102000000
72.097525,14.103000000
72.109633,14.104000000
72.143411,14.105000000
72.157723,14.106000000
72.177799,14.107000000
72.190918,14.108000000
72.199783,14.109000000
72.205484,14.110000000
72.212160,14.111000000
72.218086,14.112000000
72.223814,14.113000000
72.231044,14.114000000
72.236336,14.115000000
72.242535,14.116000000
72.255576,14.117000000
72.266640,14.118000000
72.280551,14.119000000
72.286436,14.120000000
72.298710,14.121000000
72.308452,14.122000000
72.312527,14.123000000
72.324271,14.124000000
72.342211,14.125000000
72.359447,14.126000000
72.363049,14.127000000
72.385473,14.128000000
72.396591,14.129000000
72.402236,14.130000000
72.420003,14.131000000
72.422072,14.132000000
72.426390,14.133000000
72.434673,14.134000000
72.442433,14.135000000
72.466915,14.136000000
72.471346,14.137000000
72.485030,14.138000000
72.488926,14.139000000
72.501868,14.140000000
72.534948,14.141000000
72.545804,14.142000000
72.558236,14.143000000
72.572106,14.144000000
72.574999,14.145000000
72.588516,14.146000000
72.596284,14.147000000
72.600513,14.148000000
72.609006,14.149000000
72.609080,14.150000000
72.621620,14.151000000
72.621674,14.152000000
72.621685,14.153000000
72.623606,14.154000000
72.625821,14.155000000
72.628910,14.156000000
72.637204,14.157000000
72.649130,14.158000000
72.649183,14.159000000
72.649194,14.160000000
72.668086,14.161000000
72.681308,14.162000000
72.703691,14.163000000
72.714296,14.164000000
72.727233,14.165000000
72.739138,14.166000000
72.751854,14.167000000
72.770528,14.168000000
72.770576,14.169000000
72.782456,14.170000000
72.786544,14.171000000
72.793182,14.172000000
72.798572,14.173000000
72.804543,14.174000000
72.811822,14.175000000
72.817411,14.176000000
72.823557,14.177000000
72.827398,14.178000000
72.843681,14.179000000
72.850744,14.180000000
72.857494,14.181000000
72.880810,14.182000000
72.894752,14.183000000
72.906151,14.184000000
72.933142,14.185000000
72.947708,14.186000000
72.959228,14.187000000
72.965287,14.188000000
72.996039,14.189000000
73.020547,14.190000000
73.039320,14.191000000
73.039369,14.192000000
73.085993,14.193000000
73.104125,14.194000000
73.113707,14.195000000
73.122763,14.196000000
73.132004,14.197000000
73.139709,14.198000000
73.155609,14.199000000
73.155660,14.200000000
73.162754,14.201000000
73.189432,14.202000000
73.198671,14.203000000
73.215593,14.204000000
73.224787,14.205000000
73.234519,14.206000000
73.253313,14.207000000
73.267550,14.208000000
73.267591,14.209000000
73.293756,14.210000000
73.295866,14.211000000
73.301632,14.212000000
73.338368,14.213000000
73.338416,14.214000000
73.371780,14.215000000
73.371826,14.216000000
73.393827,14.217000000
73.419692,14.218000000
73.430459,14.219000000
73.449879,14.220000000
73.457536,14.221000000
73.463913,14.222000000
73.482842,14.223000000
73.490439,14.224000000
73.498585,14.225000000
73.522710,14.226000000
73.533770,14.227000000
73.545825,14.228000000
73.552226,14.229000000
73.560381,14.230000000
73.581821,14.231000000
73.591373,14.232000000
73.608709,14.233000000
73.619734,14.234000000
73.650186,14.235000000
73.671252,14.236000000
73.682770,14.237000000
73.686521,14.238000000
73.699154,14.239000000
73.715312,14.240000000
73.734327,14.241000000
73.740983,14.242000000
73.753504,14.243000000
73.769383,14.244000000
73.771480,14.245000000
73.788562,14.246000000
73.804780,14.247000000
73.825033,14.248000000
73.834846,14.249000000
73.850758,14.250000000
73.863845,14.251000000
73.873641,14.252000000
73.885515,14.253000000
73.894726,14.254000000
73.920400,14.255000000
73.926721,14.256000000
73.941927,14.257000000
73.958128,14.258000000
73.958185,14.259000000
73.958195,14.260000000
73.976001,14.261000000
74.005242,14.262000000
74.014407,14.263000000
74.029709,14.264000000
74.039946,14.265000000
74.052685,14.266000000
74.063310,14.267000000
74.071498,14.268000000
74.084197,14.269000000
74.097583,14.270000000
74.118187,14.271000000
74.129176,14.272000000
74.172511,14.273000000
74.172561,14.274000000
74.192367,14.275000000
74.219165,14.276000000
74.233107,14.277000000
74.244453,14.278000000
74.249058,14.279000000
74.267622,14.280000000
74.269579,14.281000000
74.278402,14.282000000
74.305291,14.283000000
74.310563,14.284000000
74.323970,14.285000000
74.326020,14.286000000
74.336077,14.287000000
74.345935,14.288000000
74.374060,14.289000000
74.375962,14.290000000
74.389705,14.291000000
74.402779,14.292000000
74.414006,14.293000000
74.421927,14.294000000
74.445660,14.295000000
74.463840,14.296000000
74.472740,14.297000000
74.493130,14.298000000
74.503554,14.299000000
74.510195,14.300000000
74.512796,14.301000000
74.524993,14.302000000
74.527194,14.303000000
74.530365,14.304000000
74.554891,14.305000000
74.559032,14.306000000
74.569417,14.307000000
74.592052,14.308000000
74.605875,14.309000000
74.611984,14.310000000
74.628645,14.311000000
74.632348,14.312000000
74.639815,14.313000000
74.648255,14.314000000
74.650915,14.315000000
74.669455,14.316000000
74.671284,14.317000000
74.673385,14.318000000
74.694256,14.319000000
74.706385,14.320000000
74.722574,14.321000000
74.733878,14.322000000
74.736004,14.323000000
74.746688,14.324000000
74.756059,14.325000000
74.764812,14.326000000
74.774294,14.327000000
74.785363,14.328000000
74.789863,14.329000000
74.800055,14.330000000
74.802364,14.331000000
74.809357,14.332000000
74.821674,14.333000000
74.843202,14.334000000
74.852064,14.335000000
74.861146,14.336000000
74.868572,14.337000000
74.877962,14.338000000
74.898875,14.339000000
74.905988,14.340000000
74.908003,14.341000000
74.926474,14.342000000
74.943497,14.343000000
74.945783,14.344000000
74.952986,14.345000000
74.955136,14.346000000
74.962739,14.347000000
74.972629,14.348000000
74.976425,14.349000000
74.978513,14.350000000
74.998939,14.351000000
75.003690,14.352000000
75.018922,14.353000000
75.021520,14.354000000
75.024431,14.355000000
75.040519,14.356000000
75.057313,14.357000000
75.069875,14.358000000
75.091801,14.359000000
75.103364,14.360000000
75.111978,14.361000000
75.115845,14.362000000
75.132304,14.363000000
75.136771,14.364000000
75.148597,14.365000000
75.158690,14.366000000
75.169012,14.367000000
75.174371,14.368000000
75.189613,14.369000000
75.215757,14.370000000
75.233792,14.371000000
75.250048,14.372000000
75.256100,14.373000000
75.271917,14.374000000
75.271972,14.375000000
75.271984,14.376000000
75.288488,14.377000000
75.303079,14.378000000
75.303128,14.379000000
75.312881,14.380000000
75.312926,14.381000000
75.345307,14.382000000
75.357496,14.383000000
75.357543,14.384000000
75.378089,14.385000000
75.378137,14.386000000
75.411862,14.387000000
75.422312,14.388000000
75.423703,14.389000000
75.447165,14.390000000
75.447213,14.391000000
75.456384,14.392000000
75.510454,14.393000000
75.528534,14.394000000
75.540261,14.395000000
75.551735,14.396000000
75.568213,14.397000000
75.579428,14.398000000
75.585706,14.399000000
75.597656,14.400000000
75.619807,14.401000000
75.624955,14.402000000
75.637275,14.403000000
75.642650,14.404000000
75.654007,14.405000000
75.668752,14.406000000
75.668859,14.407000000
75.677576,14.408000000
75.687155,14.409000000
75.715915,14.410000000
75.725909,14.411000000
75.742201,14.412000000
75.753476,14.413000000
75.775128,14.414000000
75.789587,14.415000000
75.789635,14.416000000
75.805298,14.417000000
75.813309,14.418000000
75.855339,14.419000000
75.879276,14.420000000
75.889765,14.421000000
75.900942,14.422000000
75.917738,14.423000000
75.933244,14.424000000
75.943802,14.425000000
75.956370,14.426000000
75.967017,14.427000000
75.971245,14.428000000
75.979606,14.429000000
75.994965,14.430000000
76.005982,14.431000000
76.026565,14.432000000
76.035250,14.433000000
76.048409,14.434000000
76.056617,14.435000000
76.094543,14.436000000
76.104837,14.437000000
76.119476,14.438000000
76.119521,14.439000000
76.156755,14.440000000
76.174207,14.441000000
76.187819,14.442000000
76.219510,14.443000000
76.227617,14.444000000
76.249265,14.445000000
76.261442,14.446000000
76.274859,14.447000000
76.285859,14.448000000
76.296858,14.449000000
76.310681,14.450000000
76.317871,14.451000000
76.336145,14.452000000
76.336192,14.453000000
76.342115,14.454000000
76.354449,14.455000000
76.354496,14.456000000
76.379936,14.457000000
76.379985,14.458000000
76.387615,14.459000000
76.388845,14.460000000
76.426360,14.461000000
76.436656,14.462000000
76.436706,14.463000000
76.450690,14.464000000
76.461472,14.465000000
76.461519,14.466000000
76.473217,14.467000000
76.526081,14.468000000
76.526129,14.469000000
76.528362,14.470000000
76.540148,14.471000000
76.540217,14.472000000
76.540353,14.473000000
76.544281,14.474000000
76.544343,14.475000000
76.549997,14.476000000
76.550479,14.477000000
76.550531,14.478000000
76.554278,14.479000000
76.554872,14.480000000
76.559040,14.481000000
76.559383,14.482000000
76.559998,14.483000000
76.564403,14.484000000
76.564455,14.485000000
76.581754,14.486000000
76.582386,14.487000000
76.582438,14.488000000
76.600667,14.489000000
76.604608,14.490000000
76.614647,14.491000000
76.627485,14.492000000
76.641722,14.493000000
76.642134,14.494000000
76.655038,14.495000000
76.666500,14.496000000
76.678898,14.497000000
76.690114,14.498000000
76.705346,14.499000000
76.712971,14.500000000
76.733507,14.501000000
76.745235,14.502000000
76.761499,14.503000000
76.785334,14.504000000
76.790659,14.505000000
76.794881,14.506000000
76.803277,14.507000000
76.822836,14.508000000
76.829998,14.509000000
76.855204,14.510000000
76.862502,14.511000000
76.887127,14.512000000
76.897953,14.513000000
76.928960,14.514000000
76.940906,14.515000000
76.945660,14.516000000
76.950226,14.517000000
76.956924,14.518000000
76.963554,14.519000000
76.968927,14.520000000
76.978074,14.521000000
76.982616,14.522000000
76.988101,14.523000000
76.994312,14.524000000
77.000101,14.525000000
77.007895,14.526000000
77.012141,14.527000000
77.018094,14.528000000
77.024080,14.529000000
77.027337,14.530000000
77.039910,14.531000000
77.044250,14.532000000
77.049945,14.533000000
77.058243,14.534000000
77.076899,14.535000000
77.080565,14.536000000
77.086212,14.537000000
77.091896,14.538000000
77.125399,14.539000000
77.130681,14.540000000
77.137470,14.541000000
77.154432,14.542000000
77.160767,14.543000000
77.166549,14.544000000
77.192252,14.545000000
77.221815,14.546000000
77.229618,14.547000000
77.234327,14.548000000
77.251250,14.549000000
77.257105,14.550000000
77.264084,14.551000000
77.295650,14.552000000
77.320687,14.553000000
77.320750,14.554000000
77.320793,14.555000000
77.328555,14.556000000
77.329049,14.557000000
77.338790,14.558000000
77.348566,14.559000000
77.348625,14.560000000
77.361846,14.561000000
77.361908,14.562000000
77.373245,14.563000000
77.385954,14.564000000
77.386012,14.565000000
77.395530,14.566000000
77.408713,14.567000000
77.408772,14.568000000
77.422917,14.569000000
77.423002,14.570000000
77.429602,14.571000000
77.461821,14.572000000
77.462450,14.573000000
77.473455,14.574000000
77.479159,14.575000000
77.479219,14.576000000
77.491445,14.577000000
77.503266,14.578000000
77.514212,14.579000000
77.546681,14.580000000
77.557627,14.581000000
77.566712,14.582000000
77.582050,14.583000000
77.592643,14.584000000
77.596673,14.585000000
77.603426,14.586000000
77.629331,14.587000000
77.631131,14.588000000
77.642339,14.589000000
77.646902,14.590000000
77.650612,14.591000000
77.655813,14.592000000
77.663371,14.593000000
77.667605,14.594000000
77.683538,14.595000000
77.693666,14.596000000
77.703624,14.597000000
77.708071,14.598000000
77.711880,14.599000000
77.716255,14.600000000
77.719445,14.601000000
77.724392,14.602000000
77.729044,14.603000000
77.732168,14.604000000
77.736372,14.605000000
77.741069,14.606000000
77.746500,14.607000000
77.750729,14.608000000
77.755006,14.609000000
77.758729,14.610000000
77.761564,14.611000000
77.774830,14.612000000
77.788608,14.613000000
77.796122,14.614000000
77.803783,14.615000000
77.809989,14.616000000
77.848101,14.617000000
77.852732,14.618000000
77.863852,14.619000000
77.878573,14.620000000
77.885458,14.621000000
77.891639,14.622000000
77.914643,14.623000000
77.919601,14.624000000
77.925580,14.625000000
77.931604,14.626000000
77.946189,14.627000000
77.953828,14.628000000
77.976750,14.629000000
77.987295,14.630000000
78.001417,14.631000000
78.010660,14.632000000
78.019131,14.633000000
78.032492,14.634000000
78.046177,14.635000000
78.059064,14.636000000
78.066811,14.637000000
78.077583,14.638000000
78.089504,14.639000000
78.097933,14.640000000
78.109463,14.641000000
78.113427,14.642000000
78.121013,14.643000000
78.135109,14.644000000
78.141443,14.645000000
78.146551,14.646000000
78.190467,14.647000000
78.203522,14.648000000
78.206565,14.649000000
78.229782,14.650000000
78.242288,14.651000000
78.249390,14.652000000
78.275995,14.653000000
78.284237,14.654000000
78.291724,14.655000000
78.307393,14.656000000
78.310576,14.657000000
78.323257,14.658000000
78.370231,14.659000000
78.385602,14.660000000
78.387541,14.661000000
78.400935,14.662000000
78.409976,14.663000000
78.422268,14.664000000
78.431223,14.665000000
78.436721,14.666000000
78.448198,14.667000000
78.454200,14.668000000
78.464255,14.669000000
78.478602,14.670000000
78.482501,14.671000000
78.487815,14.672000000
78.505532,14.673000000
78.512797,14.674000000
78.514520,14.675000000
78.527165,14.676000000
78.534031,14.677000000
78.543625,14.678000000
78.552890,14.679000000
78.556445,14.680000000
78.565380,14.681000000
78.582370,14.682000000
78.587631,14.683000000
78.609081,14.684000000
78.620216,14.685000000
78.629727,14.686000000
78.631549,14.687000000
78.663938,14.688000000
78.670499,14.689000000
78.680600,14.690000000
78.691868,14.691000000
78.695470,14.692000000
78.701171,14.693000000
78.708646,14.694000000
78.715549,14.695000000
78.717569,14.696000000
78.727515,14.697000000
78.729390,14.698000000
78.736172,14.699000000
78.742582,14.700000000
78.746944,14.701000000
78.753142,14.702000000
78.756695,14.703000000
78.769747,14.704000000
78.777638,14.705000000
78.787785,14.706000000
78.795957,14.707000000
78.801093,14.708000000
78.804021,14.709000000
78.812143,14.710000000
78.816186,14.711000000
78.820796,14.712000000
78.824369,14.713000000
78.842034,14.714000000
78.849272,14.715000000
78.852160,14.716000000
78.867057,14.717000000
78.870885,14.718000000
78.901677,14.719000000
78.909505,14.720000000
78.911307,14.721000000
78.919503,14.722000000
78.931928,14.723000000
78.937261,14.724000000
78.947124,14.725000000
78.954083,14.726000000
78.971798,14.727000000
78.982893,14.728000000
78.990500,14.729000000
79.000320,14.730000000
79.011873,14.731000000
79.025740,14.732000000
79.028232,14.733000000
79.047858,14.734000000
79.058584,14.735000000
79.071053,14.736000000
79.102303,14.737000000
79.114872,14.738000000
79.123457,14.739000000
79.133507,14.740000000
79.140345,14.741000000
79.144265,14.742000000
79.173999,14.743000000
79.177552,14.744000000
79.197905,14.745000000
79.199479,14.746000000
79.205091,14.747000000
79.233867,14.748000000
79.240035,14.749000000
79.243827,14.750000000
79.259162,14.751000000
79.262641,14.752000000
79.273591,14.753000000
79.277546,14.754000000
79.290327,14.755000000
79.298072,14.756000000
79.302093,14.757000000
79.308880,14.758000000
79.316761,14.759000000
79.326408,14.760000000
79.336241,14.761000000
79.338003,14.762000000
79.345027,14.763000000
79.361471,14.764000000
79.372603,14.765000000
79.391277,14.766000000
79.394439,14.767000000
79.409554,14.768000000
79.421071,14.769000000
79.427877,14.770000000
79.431845,14.771000000
79.471626,14.772000000
79.480676,14.773000000
79.483795,14.774000000
79.503696,14.775000000
79.508850,14.776000000
79.543124,14.777000000
79.561431,14.778000000
79.571092,14.779000000
79.576582,14.780000000
79.590585,14.781000000
79.599788,14.782000000
79.616580,14.783000000
79.623932,14.784000000
79.639510,14.785000000
79.641315,14.786000000
79.655861,14.787000000
79.665948,14.788000000
79.673870,14.789000000
79.718698,14.790000000
79.727810,14.791000000
79.745235,14.792000000
79.747334,14.793000000
79.750118,14.794000000
79.766749,14.795000000
79.769736,14.796000000
79.771846,14.797000000
79.804416,14.798000000
79.804481,14.799000000
79.804523,14.800000000
79.804563,14.801000000
79.804601,14.802000000
79.804643,14.803000000
79.804680,14.804000000
79.804716,14.805000000
79.804752,14.806000000
79.804816,14.807000000
79.819152,14.808000000
79.821640,14.809000000
79.837251,14.810000000
79.844636,14.811000000
79.847133,14.812000000
79.862205,14.813000000
79.880454,14.814000000
79.919044,14.815000000
79.929138,14.816000000
79.939343,14.817000000
79.945343,14.818000000
79.949419,14.819000000
79.953983,14.820000000
79.959536,14.821000000
79.961957,14.822000000
79.967300,14.823000000
79.971643,14.824000000
79.983063,14.825000000
79.992582,14.826000000
80.001212,14.827000000
80.009889,14.828000000
80.020808,14.829000000
80.031822,14.830000000
80.052829,14.831000000
80.057300,14.832000000
80.086317,14.833000000
80.107671,14.834000000
80.114618,14.835000000
80.135565,14.836000000
80.140379,14.837000000
80.149875,14.838000000
80.157916,14.839000000
80.174293,14.840000000
80.180064,14.841000000
80.192898,14.842000000
80.195902,14.843000000
80.200429,14.844000000
80.208645,14.845000000
80.217671,14.846000000
80.223137,14.847000000
80.228552,14.848000000
80.232970,14.849000000
80.238632,14.850000000
80.247287,14.851000000
80.256720,14.852000000
80.264585,14.853000000
80.274348,14.854000000
80.285013,14.855000000
80.306649,14.856000000
80.315195,14.857000000
80.325442,14.858000000
80.334335,14.859000000
80.342516,14.860000000
80.349034,14.861000000
80.357463,14.862000000
80.373609,14.863000000
80.381408,14.864000000
80.389974,14.865000000
80.411982,14.866000000
80.419390,14.867000000
80.431550,14.868000000
80.440174,14.869000000
80.448951,14.870000000
80.454944,14.871000000
80.480721,14.872000000
80.488688,14.873000000
80.500702,14.874000000
80.508301,14.875000000
80.514525,14.876000000
80.546113,14.877000000
80.556666,14.878000000
80.566331,14.879000000
80.576563,14.880000000
80.583806,14.881000000
80.589610,14.882000000
80.595045,14.883000000
80.603607,14.884000000
80.607319,14.885000000
80.615065,14.886000000
80.621105,14.887000000
80.631031,14.888000000
80.639774,14.889000000
80.650085,14.890000000
80.656088,14.891000000
80.685658,14.892000000
80.698013,14.893000000
80.724951,14.894000000
80.731350,14.895000000
80.736694,14.896000000
80.751055,14.897000000
80.755716,14.898000000
80.764131,14.899000000
80.779288,14.900000000
80.784907,14.901000000
80.796325,14.902000000
80.809958,14.903000000
80.814376,14.904000000
80.822292,14.905000000
80.854510,14.906000000
80.861838,14.907000000
80.875707,14.908000000
80.885300,14.909000000
80.895452,14.910000000
80.902472,14.911000000
80.913410,14.912000000
80.923399,14.913000000
80.932775,14.914000000
80.943117,14.915000000
80.952452,14.916000000
80.959964,14.917000000
80.966258,14.918000000
80.972179,14.919000000
80.976500,14.920000000
80.981096,14.921000000
80.996264,14.922000000
81.001172,14.923000000
81.020708,14.924000000
81.024991,14.925000000
81.028900,14.926000000
81.037724,14.927000000
81.043879,14.928000000
81.047863,14.929000000
81.062899,14.930000000
81.071048,14.931000000
81.077520,14.932000000
81.090097,14.933000000
81.096329,14.934000000
81.102953,14.935000000
81.141022,14.936000000
81.153066,14.937000000
81.159976,14.938000000
81.169873,14.939000000
81.179946,14.940000000
81.189775,14.941000000
81.194760,14.942000000
81.204890,14.943000000
81.215274,14.944000000
81.225836,14.945000000
81.235936,14.946000000
81.242313,14.947000000
81.252699,14.948000000
81.261274,14.949000000
81.270335,14.950000000
81.292441,14.951000000
81.301128,14.952000000
81.319224,14.953000000
81.322999,14.954000000
81.337192,14.955000000
81.343046,14.956000000
81.358595,14.957000000
81.371061,14.958000000
81.371142,14.959000000
81.394435,14.960000000
81.403867,14.961000000
81.416775,14.962000000
81.421900,14.963000000
81.425725,14.964000000
81.448797,14.965000000
81.453475,14.966000000
81.462585,14.967000000
81.474337,14.968000000
81.484316,14.969000000
81.491227,14.970000000
81.520394,14.971000000
81.529039,14.972000000
81.534902,14.973000000
81.543604,14.974000000
81.555312,14.975000000
81.561200,14.976000000
81.567974,14.977000000
81.578708,14.978000000
81.589622,14.979000000
81.605597,14.980000000
81.610117,14.981000000
81.634336,14.982000000
81.655524,14.983000000
81.662673,14.984000000
81.666945,14.985000000
81.698359,14.986000000
81.709733,14.987000000
81.719253,14.988000000
81.729286,14.989000000
81.738954,14.990000000
81.749499,14.991000000
81.761528,14.992000000
81.767726,14.993000000
81.777215,14.994000000
81.787669,14.995000000
81.801403,14.996000000
81.811228,14.997000000
81.820953,14.998000000
81.826079,14.999000000
81.830062,15.000000000
81.847300,15.001000000
81.853277,15.002000000
81.872004,15.003000000
81.881872,15.004000000
81.897017,15.005000000
81.903727,15.006000000
81.906913,15.007000000
81.913561,15.008000000
81.940887,15.009000000
81.946259,15.010000000
81.957964,15.011000000
81.974527,15.012000000
81.978559,15.013000000
81.986492,15.014000000
82.012450,15.015000000
82.027142,15.016000000
82.036029,15.017000000
82.048837,15.018000000
82.053195,15.019000000
82.057540,15.020000000
82.063165,15.021000000
82.068491,15.022000000
82.075340,15.023000000
82.082404,15.024000000
82.086426,15.025000000
82.093818,15.026000000
82.098255,15.027000000
82.105229,15.028000000
82.109608,15.029000000
82.113943,15.030000000
82.118222,15.031000000
82.124904,15.032000000
82.128373,15.033000000
82.133118,15.034000000
82.138762,15.035000000
82.144098,15.036000000
82.149298,15.037000000
82.153631,15.038000000
82.157957,15.039000000
82.162390,15.040000000
82.168311,15.041000000
82.171769,15.042000000
82.178134,15.043000000
82.181500,15.044000000
82.185771,15.045000000
82.191242,15.046000000
82.201619,15.047000000
82.216136,15.048000000
82.221478,15.049000000
82.244033,15.050000000
82.248600,15.051000000
82.253987,15.052000000
82.258497,15.053000000
82.262002,15.054000000
82.264751,15.055000000
82.267655,15.056000000
82.269994,15.057000000
82.272342,15.058000000
82.274646,15.059000000
82.277239,15.060000000
82.279588,15.061000000
82.281991,15.062000000
82.284710,15.063000000
82.292909,15.064000000
82.295430,15.065000000
82.297760,15.066000000
82.300186,15.067000000
82.311718,15.068000000
82.314284,15.069000000
82.317029,15.070000000
82.319577,15.071000000
82.322029,15.072000000
82.329108,15.073000000
82.334761,15.074000000
82.339121,15.075000000
82.344992,15.076000000
82.349936,15.077000000
82.367351,15.078000000
82.372919,15.079000000
82.398368,15.080000000
82.403507,15.081000000
82.406715,15.082000000
82.410183,15.083000000
82.413099,15.084000000
82.415636,15.085000000
82.419935,15.086000000
82.422509,15.087000000
82.425097,15.088000000
82.428105,15.089000000
82.430617,15.090000000
82.441035,15.091000000
82.443715,15.092000000
82.446048,15.093000000
82.449181,15.094000000
82.458057,15.095000000
82.474094,15.096000000
82.482523,15.097000000
82.488518,15.098000000
82.490956,15.099000000
82.495498,15.100000000
82.501792,15.101000000
82.512262,15.102000000
82.525091,15.103000000
82.531876,15.104000000
82.542694,15.105000000
82.558252,15.106000000
82.567434,15.107000000
82.577621,15.108000000
82.600050,15.109000000
82.614848,15.110000000
82.634074,15.111000000
82.637402,15.112000000
82.639710,15.113000000
82.644441,15.114000000
82.653462,15.115000000
82.657730,15.116000000
82.660418,15.117000000
82.662756,15.118000000
82.665122,15.119000000
82.678800,15.120000000
82.683295,15.121000000
82.687542,15.122000000
82.698497,15.123000000
82.702961,15.124000000
82.711075,15.125000000
82.715434,15.126000000
82.717786,15.127000000
82.720700,15.128000000
82.756478,15.129000000
82.762988,15.130000000
82.771197,15.131000000
82.777811,15.132000000
82.785582,15.133000000
82.789986,15.134000000
82.798596,15.135000000
82.805245,15.136000000
82.820083,15.137000000
82.833995,15.138000000
82.845352,15.139000000
82.853269,15.140000000
82.864390,15.141000000
82.878344,15.142000000
82.881869,15.143000000
82.910718,15.144000000
82.921636,15.145000000
82.933151,15.146000000
82.950138,15.147000000
82.963221,15.148000000
82.972418,15.149000000
82.980711,15.150000000
82.986535,15.151000000
82.999679,15.152000000
83.007585,15.153000000
83.027597,15.154000000
83.035554,15.155000000
83.041781,15.156000000
83.062894,15.157000000
83.066833,15.158000000
83.104778,15.159000000
83.112486,15.160000000
83.123584,15.161000000
83.133282,15.162000000
83.142534,15.163000000
83.153815,15.164000000
83.164235,15.165000000
83.170676,15.166000000
83.181680,15.167000000
83.191216,15.168000000
83.201000,15.169000000
83.207748,15.170000000
83.215346,15.171000000
83.219907,15.172000000
83.224332,15.173000000
83.245900,15.174000000
83.248709,15.175000000
83.270130,15.176000000
83.280372,15.177000000
83.285873,15.178000000
83.296394,15.179000000
83.301336,15.180000000
83.318494,15.181000000
83.344494,15.182000000
83.349632,15.183000000
83.353261,15.184000000
83.367560,15.185000000
83.374628,15.186000000
83.379159,15.187000000
83.406463,15.188000000
83.414490,15.189000000
83.425541,15.190000000
83.435290,15.191000000
83.444168,15.192000000
83.454097,15.193000000
83.462114,15.194000000
83.471054,15.195000000
83.482027,15.196000000
83.489519,15.197000000
83.500718,15.198000000
83.511460,15.199000000
83.522184,15.200000000
83.526854,15.201000000
83.547837,15.202000000
83.558349,15.203000000
83.565140,15.204000000
83.588613,15.205000000
83.595767,15.206000000
83.602903,15.207000000
83.613507,15.208000000
83.617286,15.209000000
83.621491,15.210000000
83.638974,15.211000000
83.642845,15.212000000
83.650724,15.213000000
83.665939,15.214000000
83.671096,15.215000000
83.686766,15.216000000
83.724230,15.217000000
83.731191,15.218000000
83.746227,15.219000000
83.753018,15.220000000
83.757794,15.221000000
83.769814,15.222000000
83.780776,15.223000000
83.787876,15.224000000
83.804600,15.225000000
83.814832,15.226000000
83.824649,15.227000000
83.834614,15.228000000
83.841424,15.229000000
83.863763,15.230000000
83.873060,15.231000000
83.880551,15.232000000
83.903734,15.233000000
83.911707,15.234000000
83.918718,15.235000000
83.934125,15.236000000
83.940827,15.237000000
83.948081,15.238000000
83.967278,15.239000000
83.967681,15.240000000
83.978434,15.241000000
83.992439,15.242000000
83.997401,15.243000000
84.009675,15.244000000
84.026926,15.245000000
84.041187,15.246000000
84.053841,15.247000000
84.059596,15.248000000
84.074736,15.249000000
84.082430,15.250000000
84.092704,15.251000000
84.097801,15.252000000
84.128263,15.253000000
84.140380,15.254000000
84.147525,15.255000000
84.162659,15.256000000
84.174705,15.257000000
84.179817,15.258000000
84.189267,15.259000000
84.194670,15.260000000
84.198213,15.261000000
84.206401,15.262000000
84.229266,15.263000000
84.235807,15.264000000
84.249314,15.265000000
84.257128,15.266000000
84.259509,15.267000000
84.300308,15.268000000
84.309702,15.269000000
84.319777,15.270000000
84.336461,15.271000000
84.346242,15.272000000
84.350181,15.273000000
84.357599,15.274000000
84.372007,15.275000000
84.380447,15.276000000
84.386695,15.277000000
84.392532,15.278000000
84.397230,15.279000000
84.418519,15.280000000
84.424379,15.281000000
84.444840,15.282000000
84.455725,15.283000000
84.459913,15.284000000
84.478659,15.285000000
84.487407,15.286000000
84.493733,15.287000000
84.516695,15.288000000
84.520353,15.289000000
84.528725,15.290000000
84.540328,15.291000000
84.544792,15.292000000
84.550044,15.293000000
84.552897,15.294000000
84.580822,15.295000000
84.595677,15.296000000
84.601967,15.297000000
84.609834,15.298000000
84.620854,15.299000000
84.630461,15.300000000
84.639055,15.301000000
84.647024,15.302000000
84.657542,15.303000000
84.667724,15.304000000
84.677305,15.305000000
84.684761,15.306000000
84.695023,15.307000000
84.701340,15.308000000
84.706953,15.309000000
84.730979,15.310000000
84.738724,15.311000000
84.744737,15.312000000
84.766469,15.313000000
84.771550,15.314000000
84.775257,15.315000000
84.785238,15.316000000
84.789906,15.317000000
84.793872,15.318000000
84.813704,15.319000000
84.824045,15.320000000
84.837330,15.321000000
84.845474,15.322000000
84.850667,15.323000000
84.883293,15.324000000
84.899334,15.325000000
84.905822,15.326000000
84.912294,15.327000000
84.922760,15.328000000
84.932373,15.329000000
84.947799,15.330000000
84.952796,15.331000000
84.964538,15.332000000
84.975533,15.333000000
84.981929,15.334000000
84.991081,15.335000000
85.002631,15.336000000
85.010668,15.337000000
85.030741,15.338000000
85.043093,15.339000000
85.050739,15.340000000
85.073302,15.341000000
85.085088,15.342000000
85.100370,15.343000000
85.105738,15.344000000
85.111119,15.345000000
85.119876,15.346000000
85.142585,15.347000000
85.150820,15.348000000
85.157823,15.349000000
85.175844,15.350000000
85.180787,15.351000000
85.184059,15.352000000
85.205445,15.353000000
85.211427,15.354000000
85.228766,15.355000000
85.238075,15.356000000
85.242476,15.357000000
85.251349,15.358000000
85.266063,15.359000000
85.276531,15.360000000
85.278816,15.361000000
85.295328,15.362000000
85.304292,15.363000000
85.308692,15.364000000
85.317169,15.365000000
85.322082,15.366000000
85.334033,15.367000000
85.358602,15.368000000
85.368193,15.369000000
85.374308,15.370000000
85.392499,15.371000000
85.405413,15.372000000
85.412340,15.373000000
85.428440,15.374000000
85.436390,15.375000000
85.446646,15.376000000
85.454938,15.377000000
85.497277,15.378000000
85.503633,15.379000000
85.503696,15.380000000
85.519698,15.381000000
85.528590,15.382000000
85.544652,15.383000000
85.544718,15.384000000
85.544945,15.385000000
85.563081,15.386000000
85.572381,15.387000000
85.573263,15.388000000
85.580774,15.389000000
85.591163,15.390000000
85.605344,15.391000000
85.605407,15.392000000
85.623150,15.393000000
85.623564,15.394000000
85.635076,15.395000000
85.635144,15.396000000
85.654054,15.397000000
85.671619,15.398000000
85.671684,15.399000000
85.678487,15.400000000
85.687572,15.401000000
85.701199,15.402000000
85.709531,15.403000000
85.718917,15.404000000
85.743276,15.405000000
85.749753,15.406000000
85.757763,15.407000000
85.770757,15.408000000
85.782558,15.409000000
85.792570,15.410000000
85.823864,15.411000000
85.834879,15.412000000
85.846109,15.413000000
85.857580,15.414000000
85.861040,15.415000000
85.868296,15.416000000
85.886162,15.417000000
85.922804,15.418000000
85.938271,15.419000000
85.944449,15.420000000
85.956275,15.421000000
85.972794,15.422000000
85.976706,15.423000000
86.000586,15.424000000
86.007787,15.425000000
86.032114,15.426000000
86.032213,15.427000000
86.032259,15.428000000
86.045312,15.429000000
86.045948,15.430000000
86.050120,15.431000000
86.054760,15.432000000
86.057340,15.433000000
86.062404,15.434000000
86.067352,15.435000000
86.074590,15.436000000
86.091631,15.437000000
86.099514,15.438000000
86.106178,15.439000000
86.114376,15.440000000
86.143162,15.441000000
86.152718,15.442000000
86.152770,15.443000000
86.178859,15.444000000
86.182848,15.445000000
86.215665,15.446000000
86.224377,15.447000000
86.227485,15.448000000
86.245638,15.449000000
86.248695,15.450000000
86.256730,15.451000000
86.260628,15.452000000
86.303676,15.453000000
86.315361,15.454000000
86.322436,15.455000000
86.334801,15.456000000
86.354899,15.457000000
86.360704,15.458000000
86.376357,15.459000000
86.385143,15.460000000
86.396290,15.461000000
86.407455,15.462000000
86.415490,15.463000000
86.417584,15.464000000
86.443222,15.465000000
86.458321,15.466000000
86.464336,15.467000000
86.489290,15.468000000
86.498524,15.469000000
86.502711,15.470000000
86.516274,15.471000000
86.522311,15.472000000
86.531795,15.473000000
86.540460,15.474000000
86.557751,15.475000000
86.571560,15.476000000
86.580221,15.477000000
86.588283,15.478000000
86.597300,15.479000000
86.604856,15.480000000
86.613251,15.481000000
86.625383,15.482000000
86.645330,15.483000000
86.653418,15.484000000
86.657032,15.485000000
86.665159,15.486000000
86.674683,15.487000000
86.680456,15.488000000
86.689543,15.489000000
86.704749,15.490000000
86.718383,15.491000000
86.730173,15.492000000
86.743086,15.493000000
86.751276,15.494000000
86.775152,15.495000000
86.787083,15.496000000
86.808605,15.497000000
86.816631,15.498000000
86.823640,15.499000000
86.833424,15.500000000
86.842799,15.501000000
86.856888,15.502000000
86.869259,15.503000000
86.879586,15.504000000
86.886829,15.505000000
86.894814,15.506000000
86.919411,15.507000000
86.925436,15.508000000
86.936806,15.509000000
86.947885,15.510000000
86.954320,15.511000000
86.966643,15.512000000
86.977602,15.513000000
86.983527,15.514000000
86.999654,15.515000000
87.015162,15.516000000
87.020060,15.517000000
87.025318,15.518000000
87.035451,15.519000000
87.049099,15.520000000
87.053069,15.521000000
87.070947,15.522000000
87.083495,15.523000000
87.088164,15.524000000
87.108599,15.525000000
87.119288,15.526000000
87.134727,15.527000000
87.136696,15.528000000
87.142754,15.529000000
87.168503,15.530000000
87.173290,15.531000000
87.181135,15.532000000
87.195039,15.533000000
87.199136,15.534000000
87.201952,15.535000000
87.232383,15.536000000
87.257505,15.537000000
87.274122,15.538000000
87.284269,15.539000000
87.293923,15.540000000
87.317292,15.541000000
87.317358,15.542000000
87.319491,15.543000000
87.320086,15.544000000
87.335055,15.545000000
87.335119,15.546000000
87.335190,15.547000000
87.335230,15.548000000
87.339963,15.549000000
87.341753,15.550000000
87.343034,15.551000000
87.357630,15.552000000
87.358134,15.553000000
87.358185,15.554000000
87.358225,15.555000000
87.358265,15.556000000
87.367336,15.557000000
87.382068,15.558000000
87.409133,15.559000000
87.413668,15.560000000
87.414953,15.561000000
87.428585,15.562000000
87.442427,15.563000000
87.450258,15.564000000
87.458712,15.565000000
87.468385,15.566000000
87.495917,15.567000000
87.501761,15.568000000
87.511919,15.569000000
87.529299,15.570000000
87.553302,15.571000000
87.581777,15.572000000
87.582772,15.573000000
87.589573,15.574000000
87.595280,15.575000000
87.602977,15.576000000
87.609447,15.577000000
87.617560,15.578000000
87.623020,15.579000000
87.640935,15.580000000
87.653486,15.581000000
87.666808,15.582000000
87.680973,15.583000000
87.684363,15.584000000
87.699355,15.585000000
87.700659,15.586000000
87.720007,15.587000000
87.720076,15.588000000
87.720536,15.589000000
87.742229,15.590000000
87.769030,15.591000000
87.774494,15.592000000
87.776432,15.593000000
87.786974,15.594000000
87.797426,15.595000000
87.806340,15.596000000
87.815628,15.597000000
87.816034,15.598000000
87.839949,15.599000000
87.847991,15.600000000
87.849106,15.601000000
87.872004,15.602000000
87.885994,15.603000000
87.886065,15.604000000
87.920564,15.605000000
87.935615,15.606000000
87.945215,15.607000000
87.955754,15.608000000
87.971814,15.609000000
87.987570,15.610000000
87.996338,15.611000000
88.008967,15.612000000
88.023168,15.613000000
88.026874,15.614000000
88.050504,15.615000000
88.050579,15.616000000
88.050657,15.617000000
88.067445,15.618000000
88.078463,15.619000000
88.091742,15.620000000
88.091809,15.621000000
88.118961,15.622000000
88.127807,15.623000000
88.127868,15.624000000
88.148260,15.625000000
88.151578,15.626000000
88.164997,15.627000000
88.165773,15.628000000
88.188453,15.629000000
88.193846,15.630000000
88.201339,15.631000000
88.213218,15.632000000
88.220296,15.633000000
88.263343,15.634000000
88.285078,15.635000000
88.301492,15.636000000
88.311174,15.637000000
88.311888,15.638000000
88.327161,15.639000000
88.350416,15.640000000
88.352458,15.641000000
88.362710,15.642000000
88.370443,15.643000000
88.385631,15.644000000
88.386095,15.645000000
88.405889,15.646000000
88.411963,15.647000000
88.412395,15.648000000
88.418009,15.649000000
88.452312,15.650000000
88.458421,15.651000000
88.460546,15.652000000
88.469425,15.653000000
88.482028,15.654000000
88.497079,15.655000000
88.497143,15.656000000
88.506458,15.657000000
88.550616,15.658000000
88.558375,15.659000000
88.578843,15.660000000
88.587651,15.661000000
88.619930,15.662000000
88.628539,15.663000000
88.635749,15.664000000
88.655159,15.665000000
88.659268,15.666000000
88.659675,15.667000000
88.661776,15.668000000
88.674262,15.669000000
88.683495,15.670000000
88.686188,15.671000000
88.710168,15.672000000
88.720093,15.673000000
88.720257,15.674000000
88.728023,15.675000000
88.733245,15.676000000
88.744783,15.677000000
88.747160,15.678000000
88.749437,15.679000000
88.751781,15.680000000
88.754519,15.681000000
88.757044,15.682000000
88.759405,15.683000000
88.762183,15.684000000
88.777344,15.685000000
88.785731,15.686000000
88.815548,15.687000000
88.817965,15.688000000
88.820189,15.689000000
88.822708,15.690000000
88.825258,15.691000000
88.827523,15.692000000
88.830189,15.693000000
88.832777,15.694000000
88.840663,15.695000000
88.851114,15.696000000
88.853493,15.697000000
88.855797,15.698000000
88.858428,15.699000000
88.861635,15.700000000
88.868132,15.701000000
88.870768,15.702000000
88.876403,15.703000000
88.880675,15.704000000
88.905193,15.705000000
88.907686,15.706000000
88.911471,15.707000000
88.916369,15.708000000
88.929117,15.709000000
88.931422,15.710000000
88.935683,15.711000000
88.939777,15.712000000
88.943273,15.713000000
88.947960,15.714000000
88.953175,15.715000000
88.955640,15.716000000
88.960066,15.717000000
88.968737,15.718000000
89.003317,15.719000000
89.013097,15.720000000
89.030009,15.721000000
89.035733,15.722000000
89.046814,15.723000000
89.056010,15.724000000
89.069052,15.725000000
89.079756,15.726000000
89.086460,15.727000000
89.108347,15.728000000
89.118182,15.729000000
89.123984,15.730000000
89.133353,15.731000000
89.137050,15.732000000
89.141182,15.733000000
89.145443,15.734000000
89.149778,15.735000000
89.152041,15.736000000
89.157526,15.737000000
89.164880,15.738000000
89.167199,15.739000000
89.181916,15.740000000
89.185320,15.741000000
89.187881,15.742000000
89.190963,15.743000000
89.204228,15.744000000
89.212178,15.745000000
89.250129,15.746000000
89.255083,15.747000000
89.261387,15.748000000
89.267767,15.749000000
89.276614,15.750000000
89.289059,15.751000000
89.298436,15.752000000
89.301527,15.753000000
89.303702,15.754000000
89.308020,15.755000000
89.322395,15.756000000
89.327703,15.757000000
89.331697,15.758000000
89.350070,15.759000000
89.358900,15.760000000
89.362078,15.761000000
89.371976,15.762000000
89.376659,15.763000000
89.381927,15.764000000
89.395281,15.765000000
89.402520,15.766000000
89.406572,15.767000000
89.414523,15.768000000
89.421000,15.769000000
89.429655,15.770000000
89.435812,15.771000000
89.443051,15.772000000
89.451239,15.773000000
89.457829,15.774000000
89.462327,15.775000000
89.470609,15.776000000
89.473957,15.777000000
89.486057,15.778000000
89.492347,15.779000000
89.495809,15.780000000
89.497840,15.781000000
89.501517,15.782000000
89.527590,15.783000000
89.541372,15.784000000
89.548140,15.785000000
89.554115,15.786000000
89.566977,15.787000000
89.572743,15.788000000
89.588940,15.789000000
89.620563,15.790000000
89.632798,15.791000000
89.643762,15.792000000
89.648942,15.793000000
89.696138,15.794000000
89.701351,15.795000000
89.706790,15.796000000
89.712681,15.797000000
89.722543,15.798000000
89.729321,15.799000000
89.737369,15.800000000
89.742085,15.801000000
89.749256,15.802000000
89.757025,15.803000000
89.762529,15.804000000
89.784512,15.805000000
89.788447,15.806000000
89.798502,15.807000000
89.811296,15.808000000
89.818615,15.809000000
89.851360,15.810000000
89.868223,15.811000000
89.872273,15.812000000
89.876975,15.813000000
89.877036,15.814000000
89.897809,15.815000000
89.907583,15.816000000
89.908268,15.817000000
89.911004,15.818000000
89.916392,15.819000000
89.930038,15.820000000
89.935395,15.821000000
89.942151,15.822000000
89.946759,15.823000000
89.964770,15.824000000
89.986208,15.825000000
90.006087,15.826000000
90.014932,15.827000000
90.040066,15.828000000
90.052322,15.829000000
90.064320,15.830000000
90.069615,15.831000000
90.082305,15.832000000
90.095546,15.833000000
90.108669,15.834000000
90.119283,15.835000000
90.129173,15.836000000
90.138097,15.837000000
90.152961,15.838000000
90.162649,15.839000000
90.168655,15.840000000
90.174469,15.841000000
90.179740,15.842000000
90.194661,15.843000000
90.200477,15.844000000
90.208563,15.845000000
90.221884,15.846000000
90.242011,15.847000000
90.252793,15.848000000
90.255759,15.849000000
90.280026,15.850000000
90.280091,15.851000000
90.298778,15.852000000
90.309900,15.853000000
90.311567,15.854000000
90.330472,15.855000000
90.355492,15.856000000
90.373697,15.857000000
90.380731,15.858000000
90.390764,15.859000000
90.424787,15.860000000
90.434304,15.861000000
90.445225,15.862000000
90.451942,15.863000000
90.460464,15.864000000
90.472201,15.865000000
90.482368,15.866000000
90.489911,15.867000000
90.499694,15.868000000
90.503700,15.869000000
90.513536,15.870000000
90.519171,15.871000000
90.530222,15.872000000
90.539953,15.873000000
90.562434,15.874000000
90.566317,15.875000000
90.569539,15.876000000
90.593890,15.877000000
90.597800,15.878000000
90.602462,15.879000000
90.614850,15.880000000
90.620658,15.881000000
90.626213,15.882000000
90.630836,15.883000000
90.657435,15.884000000
90.666167,15.885000000
90.668166,15.886000000
90.687545,15.887000000
90.687595,15.888000000
90.692874,15.889000000
90.721790,15.890000000
90.750412,15.891000000
90.759321,15.892000000
90.771621,15.893000000
90.784314,15.894000000
90.791661,15.895000000
90.794185,15.896000000
90.810255,15.897000000
90.819304,15.898000000
90.829347,15.899000000
90.838622,15.900000000
90.847268,15.901000000
90.856786,15.902000000
90.866173,15.903000000
90.876233,15.904000000
90.883880,15.905000000
90.897033,15.906000000
90.906496,15.907000000
90.923060,15.908000000
90.952737,15.909000000
90.953614,15.910000000
90.981072,15.911000000
90.986593,15.912000000
90.992811,15.913000000
91.015990,15.914000000
91.024466,15.915000000
91.030181,15.916000000
91.035980,15.917000000
91.043182,15.918000000
91.049984,15.919000000
91.081814,15.920000000
91.102361,15.921000000
91.115433,15.922000000
91.121870,15.923000000
91.130538,15.924000000
91.138490,15.925000000
91.146851,15.926000000
91.153731,15.927000000
91.162543,15.928000000
91.171239,15.929000000
91.179693,15.930000000
91.187735,15.931000000
91.194330,15.932000000
91.203738,15.933000000
91.212134,15.934000000
91.222267,15.935000000
91.229900,15.936000000
91.238852,15.937000000
91.247553,15.938000000
91.256075,15.939000000
91.263533,15.940000000
91.270742,15.941000000
91.278321,15.942000000
91.285364,15.943000000
91.298878,15.944000000
91.321903,15.945000000
91.328418,15.946000000
91.359785,15.947000000
91.367137,15.948000000
91.388972,15.949000000
91.397236,15.950000000
91.422326,15.951000000
91.431404,15.952000000
91.436054,15.953000000
91.448134,15.954000000
91.467513,15.955000000
91.475296,15.956000000
91.493813,15.957000000
91.512618,15.958000000
91.521731,15.959000000
91.527004,15.960000000
91.557487,15.961000000
91.569149,15.962000000
91.577128,15.963000000
91.593534,15.964000000
91.600282,15.965000000
91.607472,15.966000000
91.619289,15.967000000
91.630387,15.968000000
91.633422,15.969000000
91.642882,15.970000000
91.649610,15.971000000
91.660763,15.972000000
91.664110,15.973000000
91.684330,15.974000000
91.693359,15.975000000
91.702730,15.976000000
91.721174,15.977000000
91.730263,15.978000000
91.734239,15.979000000
91.742751,15.980000000
91.750658,15.981000000
91.759443,15.982000000
91.770616,15.983000000
91.772479,15.984000000
91.793363,15.985000000
91.797582,15.986000000
91.813865,15.987000000
91.816184,15.988000000
91.821091,15.989000000
91.823880,15.990000000
91.863736,15.991000000
91.865459,15.992000000
91.878818,15.993000000
91.905743,15.994000000
91.916041,15.995000000
91.930559,15.996000000
91.939556,15.997000000
91.947902,15.998000000
91.958221,15.999000000
91.962338,16.000000000
91.979130,16.001000000
91.979617,16.002000000
91.997180,16.003000000
91.997243,16.004000000
91.999021,16.005000000
92.022310,16.006000000
92.026136,16.007000000
92.026194,16.008000000
92.057276,16.009000000
92.062907,16.010000000
92.083788,16.011000000
92.088573,16.012000000
92.095847,16.013000000
92.113438,16.014000000
92.115335,16.015000000
92.115389,16.016000000
92.118651,16.017000000
92.118706,16.018000000
92.127323,16.019000000
92.165128,16.020000000
92.165281,16.021000000
92.165895,16.022000000
92.186753,16.023000000
92.186817,16.024000000
92.220484,16.025000000
92.225672,16.026000000
92.232387,16.027000000
92.241710,16.028000000
92.248027,16.029000000
92.255020,16.030000000
92.263185,16.031000000
92.269865,16.032000000
92.287674,16.033000000
92.299885,16.034000000
92.308304,16.035000000
92.319009,16.036000000
92.326784,16.037000000
92.334553,16.038000000
92.342833,16.039000000
92.352129,16.040000000
92.361886,16.041000000
92.377375,16.042000000
92.386809,16.043000000
92.389781,16.044000000
92.406785,16.045000000
92.406856,16.046000000
92.406941,16.047000000
92.406981,16.048000000
92.407589,16.049000000
92.413156,16.050000000
92.427273,16.051000000
92.436037,16.052000000
92.436097,16.053000000
92.448436,16.054000000
92.448499,16.055000000
92.448542,16.056000000
92.461211,16.057000000
92.468029,16.058000000
92.482687,16.059000000
92.515460,16.060000000
92.519423,16.061000000
92.525328,16.062000000
92.534846,16.063000000
92.539476,16.064000000
92.539537,16.065000000
92.540602,16.066000000
92.570787,16.067000000
92.578379,16.068000000
92.584078,16.069000000
92.584610,16.070000000
92.585341,16.071000000
92.591161,16.072000000
92.596046,16.073000000
92.609998,16.074000000
92.618294,16.075000000
92.620795,16.076000000
92.628190,16.077000000
92.630377,16.078000000
92.634606,16.079000000
92.638332,16.080000000
92.643275,16.081000000
92.647528,16.082000000
92.652700,16.083000000
92.656850,16.084000000
92.659408,16.085000000
92.663163,16.086000000
92.680302,16.087000000
92.695757,16.088000000
92.705968,16.089000000
92.714233,16.090000000
92.726672,16.091000000
92.734985,16.092000000
92.743854,16.093000000
92.749293,16.094000000
92.758264,16.095000000
92.762997,16.096000000
92.765762,16.097000000
92.771804,16.098000000
92.774114,16.099000000
92.776494,16.100000000
92.780402,16.101000000
92.805082,16.102000000
92.820791,16.103000000
92.830580,16.104000000
92.836312,16.105000000
92.842407,16.106000000
92.849922,16.107000000
92.852221,16.108000000
92.860954,16.109000000
92.863327,16.110000000
92.873265,16.111000000
92.901981,16.112000000
92.909752,16.113000000
92.918372,16.114000000
92.925614,16.115000000
92.933109,16.116000000
92.935586,16.117000000
92.945733,16.118000000
92.948124,16.119000000
92.968376,16.120000000
92.978060,16.121000000
92.996968,16.122000000
92.999243,16.123000000
93.006373,16.124000000
93.012511,16.125000000
93.014875,16.126000000
93.017295,16.127000000
93.019536,16.128000000
93.022135,16.129000000
93.024408,16.130000000
93.026599,16.131000000
93.031906,16.132000000
93.060927,16.133000000
93.068674,16.134000000
93.084711,16.135000000
93.102288,16.136000000
93.120275,16.137000000
93.126295,16.138000000
93.140101,16.139000000
93.144568,16.140000000
93.151408,16.141000000
93.156450,16.142000000
93.169071,16.143000000
93.176889,16.144000000
93.182191,16.145000000
93.184840,16.146000000
93.192236,16.147000000
93.194316,16.148000000
93.197404,16.149000000
93.201512,16.150000000
93.207790,16.151000000
93.212235,16.152000000
93.218278,16.153000000
93.220492,16.154000000
93.223092,16.155000000
93.225877,16.156000000
93.228199,16.157000000
93.231810,16.158000000
93.250283,16.159000000
93.253065,16.160000000
93.256390,16.161000000
93.262573,16.162000000
93.265010,16.163000000
93.272697,16.164000000
93.275186,16.165000000
93.280834,16.166000000
93.303755,16.167000000
93.308230,16.168000000
93.310630,16.169000000
93.312863,16.170000000
93.315496,16.171000000
93.321547,16.172000000
93.324404,16.173000000
93.326766,16.174000000
93.337654,16.175000000
93.340012,16.176000000
93.342464,16.177000000
93.345543,16.178000000
93.351750,16.179000000
93.353684,16.180000000
93.356086,16.181000000
93.360806,16.182000000
93.363260,16.183000000
93.370137,16.184000000
93.390750,16.185000000
93.392801,16.186000000
93.396105,16.187000000
93.399014,16.188000000
93.408478,16.189000000
93.425603,16.190000000
93.430403,16.191000000
93.434975,16.192000000
93.438286,16.193000000
93.440789,16.194000000
93.443136,16.195000000
93.451832,16.196000000
93.484399,16.197000000
93.494648,16.198000000
93.507150,16.199000000
93.524903,16.200000000
93.544013,16.201000000
93.546891,16.202000000
93.570046,16.203000000
93.592438,16.204000000
93.596646,16.205000000
93.600122,16.206000000
93.602399,16.207000000
93.609093,16.208000000
93.620573,16.209000000
93.622920,16.210000000
93.625552,16.211000000
93.627952,16.212000000
93.630728,16.213000000
93.634110,16.214000000
93.637048,16.215000000
93.639381,16.216000000
93.642173,16.217000000
93.656667,16.218000000
93.675334,16.219000000
93.688676,16.220000000
93.692901,16.221000000
93.708162,16.222000000
93.718892,16.223000000
93.734359,16.224000000
93.742967,16.225000000
93.753191,16.226000000
93.765395,16.227000000
93.771904,16.228000000
93.786319,16.229000000
93.801108,16.230000000
93.806614,16.231000000
93.811596,16.232000000
93.844376,16.233000000
93.854912,16.234000000
93.858089,16.235000000
93.871214,16.236000000
93.888390,16.237000000
93.906138,16.238000000
93.906215,16.239000000
93.923756,16.240000000
93.924181,16.241000000
93.926132,16.242000000
93.936028,16.243000000
93.942822,16.244000000
93.942881,16.245000000
93.942923,16.246000000
93.946591,16.247000000
93.955956,16.248000000
93.966333,16.249000000
93.980701,16.250000000
93.988143,16.251000000
93.992113,16.252000000
93.994380,16.253000000
93.996941,16.254000000
93.999787,16.255000000
94.004045,16.256000000
94.008466,16.257000000
94.015339,16.258000000
94.017926,16.259000000
94.038200,16.260000000
94.047880,16.261000000
94.053931,16.262000000
94.069684,16.263000000
94.075663,16.264000000
94.099976,16.265000000
94.114910,16.266000000
94.129285,16.267000000
94.143757,16.268000000
94.150620,16.269000000
94.155868,16.270000000
94.200390,16.271000000
94.212694,16.272000000
94.228239,16.273000000
94.230341,16.274000000
94.246387,16.275000000
94.251586,16.276000000
94.268310,16.277000000
94.301304,16.278000000
94.301368,16.279000000
94.313823,16.280000000
94.320071,16.281000000
94.320138,16.282000000
94.344634,16.283000000
94.354996,16.284000000
94.359133,16.285000000
94.363160,16.286000000
94.373823,16.287000000
94.397990,16.288000000
94.398055,16.289000000
94.398567,16.290000000
94.419605,16.291000000
94.429710,16.292000000
94.430174,16.293000000
94.439214,16.294000000
94.440161,16.295000000
94.451933,16.296000000
94.459796,16.297000000
94.481296,16.298000000
94.489899,16.299000000
94.499847,16.300000000
94.540494,16.301000000
94.545349,16.302000000
94.553065,16.303000000
94.563425,16.304000000
94.568933,16.305000000
94.576017,16.306000000
94.585124,16.307000000
94.600220,16.308000000
94.613192,16.309000000
94.618341,16.310000000
94.630059,16.311000000
94.637855,16.312000000
94.648209,16.313000000
94.662073,16.314000000
94.671579,16.315000000
94.676109,16.316000000
94.705833,16.317000000
94.735011,16.318000000
94.740806,16.319000000
94.748860,16.320000000
94.766019,16.321000000
94.772288,16.322000000
94.781388,16.323000000
94.791082,16.324000000
94.811483,16.325000000
94.817659,16.326000000
94.825072,16.327000000
94.840342,16.328000000
94.849586,16.329000000
94.855449,16.330000000
94.870440,16.331000000
94.880609,16.332000000
94.902368,16.333000000
94.918733,16.334000000
94.931162,16.335000000
94.937108,16.336000000
94.952436,16.337000000
94.964719,16.338000000
94.973345,16.339000000
95.007817,16.340000000
95.017794,16.341000000
95.036057,16.342000000
95.037414,16.343000000
95.046093,16.344000000
95.056137,16.345000000
95.060371,16.346000000
95.067466,16.347000000
95.072985,16.348000000
95.100571,16.349000000
95.111726,16.350000000
95.111793,16.351000000
95.140256,16.352000000
95.142835,16.353000000
95.155011,16.354000000
95.155077,16.355000000
95.160910,16.356000000
95.164965,16.357000000
95.171057,16.358000000
95.191009,16.359000000
95.191716,16.360000000
95.207165,16.361000000
95.209571,16.362000000
95.246994,16.363000000
95.260957,16.364000000
95.264966,16.365000000
95.277731,16.366000000
95.294246,16.367000000
95.306269,16.368000000
95.325858,16.369000000
95.341934,16.370000000
95.347855,16.371000000
95.356542,16.372000000
95.358899,16.373000000
95.365015,16.374000000
95.372305,16.375000000
95.394452,16.376000000
95.396872,16.377000000
95.405466,16.378000000
95.428424,16.379000000
95.445492,16.380000000
95.480372,16.381000000
95.481100,16.382000000
95.481148,16.383000000
95.481159,16.384000000
95.482644,16.385000000
95.501798,16.386000000
95.505337,16.387000000
95.515312,16.388000000
95.540296,16.389000000
95.550000,16.390000000
95.558431,16.391000000
95.558475,16.392000000
95.570975,16.393000000
95.583335,16.394000000
95.583388,16.395000000
95.583398,16.396000000
95.620553,16.397000000
95.630120,16.398000000
95.644095,16.399000000
95.656205,16.400000000
95.671070,16.401000000
95.684116,16.402000000
95.689121,16.403000000
95.700858,16.404000000
95.710336,16.405000000
95.726640,16.406000000
95.730140,16.407000000
95.740798,16.408000000
95.762831,16.409000000
95.763688,16.410000000
95.773850,16.411000000
95.773921,16.412000000
95.786427,16.413000000
95.786475,16.414000000
95.815063,16.415000000
95.815110,16.416000000
95.836263,16.417000000
95.841654,16.418000000
95.858166,16.419000000
95.858220,16.420000000
95.858232,16.421000000
95.869107,16.422000000
95.869155,16.423000000
95.883969,16.424000000
95.916415,16.425000000
95.916482,16.426000000
95.955112,16.427000000
95.955167,16.428000000
95.955179,16.429000000
95.978108,16.430000000
96.017162,16.431000000
96.017209,16.432000000
96.028170,16.433000000
96.046141,16.434000000
96.046187,16.435000000
96.065849,16.436000000
96.079536,16.437000000
96.098210,16.438000000
96.098270,16.439000000
96.122279,16.440000000
96.130394,16.441000000
96.147431,16.442000000
96.172010,16.443000000
96.172079,16.444000000
96.209744,16.445000000
96.236403,16.446000000
96.251250,16.447000000
96.255754,16.448000000
96.260744,16.449000000
96.275462,16.450000000
96.282414,16.451000000
96.288207,16.452000000
96.314051,16.453000000
96.322443,16.454000000
96.326179,16.455000000
96.342655,16.456000000
96.350010,16.457000000
96.376380,16.458000000
96.386148,16.459000000
96.396480,16.460000000
96.408863,16.461000000
96.421547,16.462000000
96.423784,16.463000000
96.435917,16.464000000
96.446630,16.465000000
96.457317,16.466000000
96.470376,16.467000000
96.490300,16.468000000
96.492886,16.469000000
96.499011,16.470000000
96.506281,16.471000000
96.511970,16.472000000
96.515435,16.473000000
96.529652,16.474000000
96.535170,16.475000000
96.543900,16.476000000
96.549875,16.477000000
96.556388,16.478000000
96.576956,16.479000000
96.586366,16.480000000
96.593237,16.481000000
96.606584,16.482000000
96.613711,16.483000000
96.618375,16.484000000
96.651832,16.485000000
96.662216,16.486000000
96.683765,16.487000000
96.697886,16.488000000
96.702979,16.489000000
96.733501,16.490000000
96.745178,16.491000000
96.758770,16.492000000
96.771717,16.493000000
96.782923,16.494000000
96.789418,16.495000000
96.800189,16.496000000
96.812664,16.497000000
96.820848,16.498000000
96.836241,16.499000000
96.845123,16.500000000
96.850989,16.501000000
96.856792,16.502000000
96.870957,16.503000000
96.877667,16.504000000
96.884708,16.505000000
96.892013,16.506000000
96.916565,16.507000000
96.922509,16.508000000
96.927647,16.509000000
96.939404,16.510000000
96.946700,16.511000000
96.952757,16.512000000
96.979070,16.513000000
96.984116,16.514000000
96.992096,16.515000000
97.005923,16.516000000
97.010638,16.517000000
97.017292,16.518000000
97.040785,16.519000000
97.047056,16.520000000
97.063780,16.521000000
97.077688,16.522000000
97.087894,16.523000000
97.107126,16.524000000
97.111069,16.525000000
97.117628,16.526000000
97.123692,16.527000000
97.125872,16.528000000
97.134089,16.529000000
97.140968,16.530000000
97.145281,16.531000000
97.150777,16.532000000
97.157033,16.533000000
97.166057,16.534000000
97.173033,16.535000000
97.175214,16.536000000
97.185470,16.537000000
97.194517,16.538000000
97.197921,16.539000000
97.204892,16.540000000
97.211282,16.541000000
97.217531,16.542000000
97.223972,16.543000000
97.228996,16.544000000
97.233377,16.545000000
97.241949,16.546000000
97.248957,16.547000000
97.266459,16.548000000
97.273624,16.549000000
97.278509,16.550000000
97.285001,16.551000000
97.292202,16.552000000
97.298118,16.553000000
97.306014,16.554000000
97.310299,16.555000000
97.317947,16.556000000
97.327374,16.557000000
97.331575,16.558000000
97.338269,16.559000000
97.346997,16.560000000
97.355006,16.561000000
97.361091,16.562000000
97.367003,16.563000000
97.373293,16.564000000
97.379870,16.565000000
97.385458,16.566000000
97.393165,16.567000000
97.399444,16.568000000
97.406948,16.569000000
97.412321,16.570000000
97.420072,16.571000000
97.426753,16.572000000
97.432615,16.573000000
97.439402,16.574000000
97.456430,16.575000000
97.473780,16.576000000
97.478779,16.577000000
97.489362,16.578000000
97.493659,16.579000000
97.500951,16.580000000
97.511383,16.581000000
97.517972,16.582000000
97.525208,16.583000000
97.532765,16.584000000
97.538120,16.585000000
97.546804,16.586000000
97.553157,16.587000000
97.563541,16.588000000
97.575563,16.589000000
97.585187,16.590000000
97.598410,16.591000000
97.607989,16.592000000
97.618998,16.593000000
97.629627,16.594000000
97.635904,16.595000000
97.645839,16.596000000
97.650115,16.597000000
97.654341,16.598000000
97.659808,16.599000000
97.668394,16.600000000
97.672565,16.601000000
97.683869,16.602000000
97.687382,16.603000000
97.691485,16.604000000
97.695588,16.605000000
97.698397,16.606000000
97.705908,16.607000000
97.707915,16.608000000
97.712236,16.609000000
97.737313,16.610000000
97.738528,16.611000000
97.740829,16.612000000
97.743290,16.613000000
97.745467,16.614000000
97.752433,16.615000000
97.763984,16.616000000
97.766289,16.617000000
97.774299,16.618000000
97.776406,16.619000000
97.778541,16.620000000
97.786661,16.621000000
97.790535,16.622000000
97.795017,16.623000000
97.804346,16.624000000
97.821644,16.625000000
97.823618,16.626000000
97.825744,16.627000000
97.842571,16.628000000
97.847567,16.629000000
97.855607,16.630000000
97.872336,16.631000000
97.875760,16.632000000
97.891898,16.633000000
97.898076,16.634000000
97.929454,16.635000000
97.943929,16.636000000
97.944008,16.637000000
97.964806,16.638000000
97.964860,16.639000000
97.964870,16.640000000
98.021972,16.641000000
98.028751,16.642000000
98.032396,16.643000000
98.074886,16.644000000
98.087549,16.645000000
98.096308,16.646000000
98.122519,16.647000000
98.122574,16.648000000
98.122586,16.649000000
98.166393,16.650000000
98.185343,16.651000000
98.187602,16.652000000
98.219177,16.653000000
98.224360,16.654000000
98.224401,16.655000000
98.246740,16.656000000
98.255257,16.657000000
98.269212,16.658000000
98.284556,16.659000000
98.315313,16.660000000
98.326854,16.661000000
98.326901,16.662000000
98.348832,16.663000000
98.354444,16.664000000
98.374287,16.665000000
98.380606,16.666000000
98.407732,16.667000000
98.408882,16.668000000
98.421068,16.669000000
98.446977,16.670000000
98.465611,16.671000000
98.465661,16.672000000
98.493069,16.673000000
98.518376,16.674000000
98.518428,16.675000000
98.553983,16.676000000
98.559911,16.677000000
98.567875,16.678000000
98.573236,16.679000000
98.577674,16.680000000
98.583657,16.681000000
98.601366,16.682000000
98.606939,16.683000000
98.613550,16.684000000
98.618231,16.685000000
98.625310,16.686000000
98.637099,16.687000000
98.643797,16.688000000
98.650700,16.689000000
98.678333,16.690000000
98.690241,16.691000000
98.698375,16.692000000
98.711439,16.693000000
98.719745,16.694000000
98.727913,16.695000000
98.738760,16.696000000
98.756307,16.697000000
98.762039,16.698000000
98.770977,16.699000000
98.785629,16.700000000
98.797263,16.701000000
98.805823,16.702000000
98.812765,16.703000000
98.818433,16.704000000
98.823000,16.705000000
98.825238,16.706000000
98.847754,16.707000000
98.854056,16.708000000
98.859107,16.709000000
98.865499,16.710000000
98.869183,16.711000000
98.876165,16.712000000
98.880933,16.713000000
98.887366,16.714000000
98.890321,16.715000000
98.893067,16.716000000
98.899501,16.717000000
98.904757,16.718000000
98.919116,16.719000000
98.925605,16.720000000
98.929765,16.721000000
98.935153,16.722000000
98.948377,16.723000000
98.955156,16.724000000
98.963254,16.725000000
98.968794,16.726000000
98.974017,16.727000000
99.000410,16.728000000
99.013978,16.729000000
99.016159,16.730000000
99.039745,16.731000000
99.050237,16.732000000
99.055819,16.733000000
99.081666,16.734000000
99.092434,16.735000000
99.116101,16.736000000
99.122207,16.737000000
99.132363,16.738000000
99.144338,16.739000000
99.147080,16.740000000
99.162149,16.741000000
99.162222,16.742000000
99.170923,16.743000000
99.170984,16.744000000
99.184270,16.745000000
99.184333,16.746000000
99.189807,16.747000000
99.190300,16.748000000
99.192946,16.749000000
99.215552,16.750000000
99.227155,16.751000000
99.227223,16.752000000
99.235385,16.753000000
99.235445,16.754000000
99.235486,16.755000000
99.248518,16.756000000
99.263518,16.757000000
99.276287,16.758000000
99.279449,16.759000000
99.297210,16.760000000
99.314286,16.761000000
99.314796,16.762000000
99.324982,16.763000000
99.328270,16.764000000
99.340094,16.765000000
99.343910,16.766000000
99.353885,16.767000000
99.354239,16.768000000
99.378563,16.769000000
99.378626,16.770000000
99.378668,16.771000000
99.393388,16.772000000
99.401606,16.773000000
99.407715,16.774000000
99.411772,16.775000000
99.422142,16.776000000
99.428188,16.777000000
99.435141,16.778000000
99.443968,16.779000000
99.456359,16.780000000
99.470010,16.781000000
99.489867,16.782000000
99.501482,16.783000000
99.508496,16.784000000
99.511091,16.785000000
99.513323,16.786000000
99.517143,16.787000000
99.519388,16.788000000
99.523217,16.789000000
99.525807,16.790000000
99.529442,16.791000000
99.535214,16.792000000
99.540650,16.793000000
99.542899,16.794000000
99.545067,16.795000000
99.548717,16.796000000
99.551216,16.797000000
99.553513,16.798000000
99.563554,16.799000000
99.569338,16.800000000
99.585743,16.801000000
99.589014,16.802000000
99.595631,16.803000000
99.598361,16.804000000
99.603858,16.805000000
99.608299,16.806000000
99.615872,16.807000000
99.626919,16.808000000
99.637880,16.809000000
99.644161,16.810000000
99.653474,16.811000000
99.658297,16.812000000
99.663226,16.813000000
99.666015,16.814000000
99.673076,16.815000000
99.679032,16.816000000
99.683028,16.817000000
99.689017,16.818000000
99.691828,16.819000000
99.698327,16.820000000
99.700829,16.821000000
99.704257,16.822000000
99.711878,16.823000000
99.718494,16.824000000
99.724026,16.825000000
99.728889,16.826000000
99.735940,16.827000000
99.741770,16.828000000
99.747498,16.829000000
99.756226,16.830000000
99.787488,16.831000000
99.802242,16.832000000
99.832683,16.833000000
99.854119,16.834000000
99.875124,16.835000000
99.884756,16.836000000
99.906587,16.837000000
99.920918,16.838000000
99.930225,16.839000000
99.951935,16.840000000
99.958161,16.841000000
99.961649,16.842000000
99.964969,16.843000000
99.980298,16.844000000
99.989349,16.845000000
99.994646,16.846000000
100.005628,16.847000000
100.013992,16.848000000
100.014043,16.849000000
100.039294,16.850000000
100.047499,16.851000000
100.057144,16.852000000
100.061642,16.853000000
100.070455,16.854000000
100.086687,16.855000000
100.092965,16.856000000
100.113047,16.857000000
100.117413,16.858000000
100.126045,16.859000000
100.161205,16.860000000
100.177212,16.861000000
100.183246,16.862000000
100.199533,16.863000000
100.199581,16.864000000
100.214460,16.865000000
100.230406,16.866000000
100.235923,16.867000000
100.246321,16.868000000
100.246363,16.869000000
100.263989,16.870000000
100.265839,16.871000000
100.267803,16.872000000
100.277924,16.873000000
100.286316,16.874000000
100.286357,16.875000000
100.310580,16.876000000
100.327638,16.877000000
100.327695,16.878000000
100.333844,16.879000000
100.360014,16.880000000
100.379088,16.881000000
100.385754,16.882000000
100.391739,16.883000000
100.395009,16.884000000
100.415262,16.885000000
100.415312,16.886000000
100.440025,16.887000000
100.448127,16.888000000
100.478515,16.889000000
100.481093,16.890000000
100.494757,16.891000000
100.502013,16.892000000
100.502673,16.893000000
100.507398,16.894000000
100.533217,16.895000000
100.542741,16.896000000
100.563608,16.897000000
100.563661,16.898000000
100.584009,16.899000000
100.584052,16.900000000
100.591919,16.901000000
100.603806,16.902000000
100.613877,16.903000000
100.627022,16.904000000
100.633255,16.905000000
100.645222,16.906000000
100.650621,16.907000000
100.658713,16.908000000
100.663649,16.909000000
100.669006,16.910000000
100.669047,16.911000000
100.692122,16.912000000
100.692181,16.913000000
100.692193,16.914000000
100.701891,16.915000000
100.705592,16.916000000
100.717190,16.917000000
100.717238,16.918000000
100.739887,16.919000000
100.742075,16.920000000
100.753116,16.921000000
100.754077,16.922000000
100.768055,16.923000000
100.768105,16.924000000
100.777285,16.925000000
100.785993,16.926000000
100.791130,16.927000000
100.791173,16.928000000
100.807941,16.929000000
100.807989,16.930000000
100.840097,16.931000000
100.847131,16.932000000
100.853116,16.933000000
100.853975,16.934000000
100.871670,16.935000000
100.880685,16.936000000
100.880754,16.937000000
100.887496,16.938000000
100.890135,16.939000000
100.935500,16.940000000
100.941041,16.941000000
100.941090,16.942000000
100.961435,16.943000000
100.969923,16.944000000
100.975858,16.945000000
100.991066,16.946000000
100.991141,16.947000000
101.013352,16.948000000
101.018856,16.949000000
101.028019,16.950000000
101.038282,16.951000000
101.038329,16.952000000
101.047973,16.953000000
101.054454,16.954000000
101.054497,16.955000000
101.069932,16.956000000
101.080085,16.957000000
101.088442,16.958000000
101.088484,16.959000000
101.097694,16.960000000
101.118145,16.961000000
101.122339,16.962000000
101.123973,16.963000000
101.128040,16.964000000
101.128059,16.965000000
101.145051,16.966000000
101.149232,16.967000000
101.160309,16.968000000
101.178185,16.969000000
101.184554,16.970000000
101.195064,16.971000000
101.210196,16.972000000
101.210247,16.973000000
101.219381,16.974000000
101.221456,16.975000000
101.235981,16.976000000
101.236060,16.977000000
101.236072,16.978000000
101.238937,16.979000000
101.240201,16.980000000
101.252109,16.981000000
101.256669,16.982000000
101.270527,16.983000000
101.279029,16.984000000
101.295951,16.985000000
101.296005,16.986000000
101.303859,16.987000000
101.306854,16.988000000
101.319850,16.989000000
101.331973,16.990000000
101.339232,16.991000000
101.346622,16.992000000
101.359198,16.993000000
101.360396,16.994000000
101.380141,16.995000000
101.381773,16.996000000
101.384457,16.997000000
101.398286,16.998000000
101.403866,16.999000000
101.420464,17.000000000
101.421247,17.001000000
101.428205,17.002000000
101.439974,17.003000000
101.445988,17.004000000
101.459183,17.005000000
101.464051,17.006000000
101.464129,17.007000000
101.492043,17.008000000
101.502131,17.009000000
101.514810,17.010000000
101.514886,17.011000000
101.514898,17.012000000
101.514907,17.013000000
101.521740,17.014000000
101.533872,17.015000000
101.543841,17.016000000
101.549701,17.017000000
101.572749,17.018000000
101.582605,17.019000000
101.592613,17.020000000
101.630761,17.021000000
101.643938,17.022000000
101.661846,17.023000000
101.673404,17.024000000
101.679928,17.025000000
101.706864,17.026000000
101.720038,17.027000000
101.736567,17.028000000
101.740927,17.029000000
101.748093,17.030000000
101.754291,17.031000000
101.759491,17.032000000
101.772202,17.033000000
101.779348,17.034000000
101.786340,17.035000000
101.794300,17.036000000
101.802290,17.037000000
101.811132,17.038000000
101.816924,17.039000000
101.823073,17.040000000
101.829894,17.041000000
101.836600,17.042000000
101.844203,17.043000000
101.850590,17.044000000
101.862106,17.045000000
101.869458,17.046000000
101.875860,17.047000000
101.883179,17.048000000
101.890865,17.049000000
101.896909,17.050000000
101.905806,17.051000000
101.911980,17.052000000
101.919846,17.053000000
101.928049,17.054000000
101.934803,17.055000000
101.942820,17.056000000
101.950482,17.057000000
101.958514,17.058000000
101.963641,17.059000000
101.966724,17.060000000
101.969386,17.061000000
101.971787,17.062000000
101.974174,17.063000000
101.976561,17.064000000
101.979659,17.065000000
101.983308,17.066000000
101.985774,17.067000000
101.988084,17.068000000
101.990465,17.069000000
101.993121,17.070000000
101.995430,17.071000000
101.997784,17.072000000
102.000091,17.073000000
102.003780,17.074000000
102.006040,17.075000000
102.009842,17.076000000
102.013454,17.077000000
102.015928,17.078000000
102.018312,17.079000000
102.029070,17.080000000
102.040021,17.081000000
102.052596,17.082000000
102.064399,17.083000000
102.076703,17.084000000
102.087036,17.085000000
102.094552,17.086000000
102.102991,17.087000000
102.113517,17.088000000
102.124250,17.089000000
102.153952,17.090000000
102.157063,17.091000000
102.177552,17.092000000
102.188141,17.093000000
102.203711,17.094000000
102.204231,17.095000000
102.231221,17.096000000
102.246256,17.097000000
102.251139,17.098000000
102.281974,17.099000000
102.292037,17.100000000
102.306146,17.101000000
102.308714,17.102000000
102.327049,17.103000000
102.332278,17.104000000
102.339888,17.105000000
102.339940,17.106000000
102.358572,17.107000000
102.374682,17.108000000
102.374742,17.109000000
102.375191,17.110000000
102.388402,17.111000000
102.397241,17.112000000
102.422789,17.113000000
102.430984,17.114000000
102.441724,17.115000000
102.453242,17.116000000
102.461253,17.117000000
102.474053,17.118000000
102.479700,17.119000000
102.511775,17.120000000
102.521877,17.121000000
102.533857,17.122000000
102.547944,17.123000000
102.572996,17.124000000
102.581783,17.125000000
102.605347,17.126000000
102.614637,17.127000000
102.624884,17.128000000
102.631171,17.129000000
102.656274,17.130000000
102.665952,17.131000000
102.674141,17.132000000
102.681184,17.133000000
102.699409,17.134000000
102.708174,17.135000000
102.717896,17.136000000
102.727099,17.137000000
102.738148,17.138000000
102.743670,17.139000000
102.760701,17.140000000
102.766054,17.141000000
102.769598,17.142000000
102.780689,17.143000000
102.787290,17.144000000
102.797427,17.145000000
102.806057,17.146000000
102.816726,17.147000000
102.825731,17.148000000
102.829493,17.149000000
102.839633,17.150000000
102.869982,17.151000000
102.885152,17.152000000
102.885211,17.153000000
102.895928,17.154000000
102.898223,17.155000000
102.909699,17.156000000
102.918976,17.157000000
102.925394,17.158000000
102.933144,17.159000000
102.935794,17.160000000
102.947294,17.161000000
102.947707,17.162000000
102.960847,17.163000000
102.961295,17.164000000
102.972427,17.165000000
102.983963,17.166000000
102.984264,17.167000000
102.995916,17.168000000
102.998605,17.169000000
103.007948,17.170000000
103.019885,17.171000000
103.021743,17.172000000
103.042155,17.173000000
103.042703,17.174000000
103.042753,17.175000000
103.055501,17.176000000
103.055954,17.177000000
103.066852,17.178000000
103.074738,17.179000000
103.083478,17.180000000
103.083943,17.181000000
103.097235,17.182000000
103.117110,17.183000000
103.117167,17.184000000
103.117207,17.185000000
103.130187,17.186000000
103.141574,17.187000000
103.141636,17.188000000
103.154283,17.189000000
103.155318,17.190000000
103.169561,17.191000000
103.179997,17.192000000
103.180521,17.193000000
103.196009,17.194000000
103.206125,17.195000000
103.206650,17.196000000
103.223368,17.197000000
103.225353,17.198000000
103.233149,17.199000000
103.233198,17.200000000
103.233237,17.201000000
103.233274,17.202000000
103.235742,17.203000000
103.242146,17.204000000
103.242654,17.205000000
103.242708,17.206000000
103.243188,17.207000000
103.245138,17.208000000
103.262184,17.209000000
103.262251,17.210000000
103.281355,17.211000000
103.287498,17.212000000
103.290244,17.213000000
103.298059,17.214000000
103.303041,17.215000000
103.320112,17.216000000
103.329663,17.217000000
103.334631,17.218000000
103.337201,17.219000000
103.339469,17.220000000
103.341674,17.221000000
103.343861,17.222000000
103.355010,17.223000000
103.361959,17.224000000
103.367218,17.225000000
103.369703,17.226000000
103.372668,17.227000000
103.375180,17.228000000
103.379519,17.229000000
103.381905,17.230000000
103.384224,17.231000000
103.386529,17.232000000
103.398029,17.233000000
103.400522,17.234000000
103.402855,17.235000000
103.406670,17.236000000
103.428900,17.237000000
103.437548,17.238000000
103.450498,17.239000000
103.450937,17.240000000
103.479010,17.241000000
103.481723,17.242000000
103.494328,17.243000000
103.500607,17.244000000
103.512636,17.245000000
103.522822,17.246000000
103.530897,17.247000000
103.537797,17.248000000
103.546008,17.249000000
103.557312,17.250000000
103.572935,17.251000000
103.578256,17.252000000
103.587951,17.253000000
103.600127,17.254000000
103.614033,17.255000000
103.621591,17.256000000
103.653525,17.257000000
103.656087,17.258000000
103.662605,17.259000000
103.667176,17.260000000
103.670144,17.261000000
103.704969,17.262000000
103.705030,17.263000000
103.705073,17.264000000
103.705112,17.265000000
103.725964,17.266000000
103.734758,17.267000000
103.743637,17.268000000
103.770608,17.269000000
103.778378,17.270000000
103.799950,17.271000000
103.805791,17.272000000
103.811677,17.273000000
103.839568,17.274000000
103.849644,17.275000000
103.858646,17.276000000
103.879523,17.277000000
103.892360,17.278000000
103.898413,17.279000000
103.908665,17.280000000
103.915926,17.281000000
103.925002,17.282000000
103.935471,17.283000000
103.942439,17.284000000
103.952114,17.285000000
103.962328,17.286000000
103.982140,17.287000000
103.990944,17.288000000
104.001947,17.289000000
104.010367,17.290000000
104.016926,17.291000000
104.044057,17.292000000
104.051994,17.293000000
104.065825,17.294000000
104.070460,17.295000000
104.079846,17.296000000
104.082963,17.297000000
104.122147,17.298000000
104.126112,17.299000000
104.157038,17.300000000
104.163813,17.301000000
104.168727,17.302000000
104.205031,17.303000000
104.216448,17.304000000
104.221822,17.305000000
104.231241,17.306000000
104.240767,17.307000000
104.250443,17.308000000
104.261465,17.309000000
104.270567,17.310000000
104.279801,17.311000000
104.294251,17.312000000
104.299849,17.313000000
104.310830,17.314000000
104.320428,17.315000000
104.326371,17.316000000
104.335100,17.317000000
104.351058,17.318000000
104.361495,17.319000000
104.370340,17.320000000
104.405174,17.321000000
104.413151,17.322000000
104.418101,17.323000000
104.433662,17.324000000
104.438840,17.325000000
104.446647,17.326000000
104.474831,17.327000000
104.479864,17.328000000
104.486094,17.329000000
104.497723,17.330000000
104.502146,17.331000000
104.568325,17.332000000
104.577124,17.333000000
104.588257,17.334000000
104.596571,17.335000000
104.601006,17.336000000
104.607930,17.337000000
104.618846,17.338000000
104.630846,17.339000000
104.641992,17.340000000
104.653165,17.341000000
104.663235,17.342000000
104.671123,17.343000000
104.683861,17.344000000
104.694189,17.345000000
104.702566,17.346000000
104.725929,17.347000000
104.744305,17.348000000
104.758434,17.349000000
104.765219,17.350000000
104.769782,17.351000000
104.781501,17.352000000
104.785415,17.353000000
104.790149,17.354000000
104.805313,17.355000000
104.810936,17.356000000
104.815226,17.357000000
104.823007,17.358000000
104.831657,17.359000000
104.850412,17.360000000
104.864146,17.361000000
104.868670,17.362000000
104.875399,17.363000000
104.882505,17.364000000
104.900184,17.365000000
104.908262,17.366000000
104.914657,17.367000000
104.921240,17.368000000
104.928331,17.369000000
104.934312,17.370000000
104.941479,17.371000000
104.946675,17.372000000
104.959944,17.373000000
104.969260,17.374000000
104.971866,17.375000000
104.986875,17.376000000
104.993918,17.377000000
105.023048,17.378000000
105.023970,17.379000000
105.037254,17.380000000
105.038000,17.381000000
105.056458,17.382000000
105.070686,17.383000000
105.071149,17.384000000
105.086694,17.385000000
105.100496,17.386000000
105.108466,17.387000000
105.125900,17.388000000
105.135713,17.389000000
105.146845,17.390000000
105.156758,17.391000000
105.178960,17.392000000
105.192495,17.393000000
105.203080,17.394000000
105.222994,17.395000000
105.225411,17.396000000
105.239918,17.397000000
105.256632,17.398000000
105.268385,17.399000000
105.279388,17.400000000
105.288114,17.401000000
105.296324,17.402000000
105.314724,17.403000000
105.322993,17.404000000
105.337280,17.405000000
105.350838,17.406000000
105.367936,17.407000000
105.379594,17.408000000
105.385640,17.409000000
105.408273,17.410000000
105.416219,17.411000000
105.440285,17.412000000
105.474426,17.413000000
105.477081,17.414000000
105.513363,17.415000000
105.513994,17.416000000
105.522599,17.417000000
105.528102,17.418000000
105.530687,17.419000000
105.537598,17.420000000
105.563518,17.421000000
105.563770,17.422000000
105.563861,17.423000000
105.563905,17.424000000
105.563944,17.425000000
105.578222,17.426000000
105.585888,17.427000000
105.594012,17.428000000
105.596718,17.429000000
105.626154,17.430000000
105.627111,17.431000000
105.636024,17.432000000
105.660935,17.433000000
105.674906,17.434000000
105.694839,17.435000000
105.710846,17.436000000
105.718813,17.437000000
105.721115,17.438000000
105.723284,17.439000000
105.740374,17.440000000
105.756176,17.441000000
105.774805,17.442000000
105.783291,17.443000000
105.815289,17.444000000
105.840052,17.445000000
105.848170,17.446000000
105.850850,17.447000000
105.855422,17.448000000
105.873387,17.449000000
105.877855,17.450000000
105.881265,17.451000000
105.887323,17.452000000
105.895402,17.453000000
105.903792,17.454000000
105.909061,17.455000000
105.914506,17.456000000
105.917091,17.457000000
105.921090,17.458000000
105.923251,17.459000000
105.926670,17.460000000
105.929232,17.461000000
105.934142,17.462000000
105.938354,17.463000000
105.940877,17.464000000
105.943556,17.465000000
105.948191,17.466000000
105.952842,17.467000000
105.960077,17.468000000
105.962584,17.469000000
105.964688,17.470000000
105.966996,17.471000000
105.971900,17.472000000
105.974242,17.473000000
105.978928,17.474000000
105.981451,17.475000000
105.985581,17.476000000
105.988938,17.477000000
105.991870,17.478000000
105.997635,17.479000000
106.000016,17.480000000
106.002710,17.481000000
106.005040,17.482000000
106.008715,17.483000000
106.035043,17.484000000
106.035624,17.485000000
106.056719,17.486000000
106.065337,17.487000000
106.075602,17.488000000
106.101388,17.489000000
106.101435,17.490000000
106.118880,17.491000000
106.135360,17.492000000
106.135421,17.493000000
106.143600,17.494000000
106.143648,17.495000000
106.143659,17.496000000
106.158147,17.497000000
106.158200,17.498000000
106.172686,17.499000000
106.175658,17.500000000
106.181554,17.501000000
106.190592,17.502000000
106.200246,17.503000000
106.200296,17.504000000
106.202946,17.505000000
106.206321,17.506000000
106.226146,17.507000000
106.229885,17.508000000
106.235146,17.509000000
106.236541,17.510000000
106.238531,17.511000000
106.244766,17.512000000
106.262526,17.513000000
106.264704,17.514000000
106.268268,17.515000000
106.271121,17.516000000
106.280939,17.517000000
106.300665,17.518000000
106.318775,17.519000000
106.330235,17.520000000
106.343006,17.521000000
106.354592,17.522000000
106.358888,17.523000000
106.362740,17.524000000
106.365008,17.525000000
106.367092,17.526000000
106.371191,17.527000000
106.371546,17.528000000
106.374194,17.529000000
106.376940,17.530000000
106.383451,17.531000000
106.385666,17.532000000
106.387781,17.533000000
106.389941,17.534000000
106.392320,17.535000000
106.394919,17.536000000
106.397531,17.537000000
106.403479,17.538000000
106.406321,17.539000000
106.408464,17.540000000
106.410655,17.541000000
106.413100,17.542000000
106.416646,17.543000000
106.418828,17.544000000
106.421286,17.545000000
106.423226,17.546000000
106.427277,17.547000000
106.431644,17.548000000
106.437712,17.549000000
106.443825,17.550000000
106.456085,17.551000000
106.461527,17.552000000
106.473456,17.553000000
106.481513,17.554000000
106.487723,17.555000000
106.504407,17.556000000
106.513813,17.557000000
106.525451,17.558000000
106.529719,17.559000000
106.533383,17.560000000
106.539495,17.561000000
106.543119,17.562000000
106.547227,17.563000000
106.551382,17.564000000
106.554818,17.565000000
106.561071,17.566000000
106.564577,17.567000000
106.569021,17.568000000
106.573180,17.569000000
106.582426,17.570000000
106.586284,17.571000000
106.590225,17.572000000
106.592413,17.573000000
106.597956,17.574000000
106.602016,17.575000000
106.606202,17.576000000
106.608310,17.577000000
106.612472,17.578000000
106.616038,17.579000000
106.618215,17.580000000
106.622461,17.581000000
106.639105,17.582000000
106.639153,17.583000000
106.644510,17.584000000
106.646847,17.585000000
106.663446,17.586000000
106.665501,17.587000000
106.671862,17.588000000
106.674002,17.589000000
106.678310,17.590000000
106.682377,17.591000000
106.685298,17.592000000
106.689466,17.593000000
106.693369,17.594000000
106.711092,17.595000000
106.735934,17.596000000
106.742281,17.597000000
106.744776,17.598000000
106.746914,17.599000000
106.749176,17.600000000
106.751565,17.601000000
106.754663,17.602000000
106.761039,17.603000000
106.783852,17.604000000
106.786341,17.605000000
106.788679,17.606000000
106.795545,17.607000000
106.798033,17.608000000
106.800928,17.609000000
106.803456,17.610000000
106.806579,17.611000000
106.809223,17.612000000
106.811775,17.613000000
106.825279,17.614000000
106.851929,17.615000000
106.862473,17.616000000
106.871722,17.617000000
106.884858,17.618000000
106.892665,17.619000000
106.905387,17.620000000
106.915631,17.621000000
106.923949,17.622000000
106.934089,17.623000000
106.943251,17.624000000
106.953997,17.625000000
106.962397,17.626000000
106.974009,17.627000000
106.977445,17.628000000
106.982236,17.629000000
106.984494,17.630000000
106.988688,17.631000000
106.993018,17.632000000
106.997825,17.633000000
107.000574,17.634000000
107.005964,17.635000000
107.008393,17.636000000
107.012687,17.637000000
107.019678,17.638000000
107.025998,17.639000000
107.028450,17.640000000
107.030941,17.641000000
107.033222,17.642000000
107.035520,17.643000000
107.037857,17.644000000
107.040339,17.645000000
107.042857,17.646000000
107.046112,17.647000000
107.048602,17.648000000
107.051656,17.649000000
107.054044,17.650000000
107.072367,17.651000000
107.076426,17.652000000
107.081054,17.653000000
107.085869,17.654000000
107.088144,17.655000000
107.092500,17.656000000
107.104300,17.657000000
107.106564,17.658000000
107.110622,17.659000000
107.120070,17.660000000
107.127640,17.661000000
107.138807,17.662000000
107.141558,17.663000000
107.164465,17.664000000
107.167029,17.665000000
107.169385,17.666000000
107.171818,17.667000000
107.174174,17.668000000
107.182760,17.669000000
107.189905,17.670000000
107.192801,17.671000000
107.202892,17.672000000
107.238669,17.673000000
107.248088,17.674000000
107.257218,17.675000000
107.269897,17.676000000
107.281790,17.677000000
107.290357,17.678000000
107.301909,17.679000000
107.308544,17.680000000
107.316827,17.681000000
107.324006,17.682000000
107.329866,17.683000000
107.336223,17.684000000
107.343710,17.685000000
107.352677,17.686000000
107.358261,17.687000000
107.362788,17.688000000
107.367953,17.689000000
107.417696,17.690000000
107.418150,17.691000000
107.435984,17.692000000
107.456554,17.693000000
107.461252,17.694000000
107.467530,17.695000000
107.467943,17.696000000
107.468032,17.697000000
107.482455,17.698000000
107.482899,17.699000000
107.482974,17.700000000
107.483840,17.701000000
107.498031,17.702000000
107.498097,17.703000000
107.498139,17.704000000
107.504430,17.705000000
107.512695,17.706000000
107.531911,17.707000000
107.537184,17.708000000
107.538505,17.709000000
107.565236,17.710000000
107.569766,17.711000000
107.580202,17.712000000
107.590730,17.713000000
107.646588,17.714000000
107.646650,17.715000000
107.646662,17.716000000
107.646707,17.717000000
107.646716,17.718000000
107.646725,17.719000000
107.670071,17.720000000
107.670120,17.721000000
107.670131,17.722000000
107.682586,17.723000000
107.682629,17.724000000
107.695382,17.725000000
107.707776,17.726000000
107.714476,17.727000000
107.730464,17.728000000
107.730505,17.729000000
107.735174,17.730000000
107.738643,17.731000000
107.746705,17.732000000
107.756932,17.733000000
107.776307,17.734000000
107.776390,17.735000000
107.776402,17.736000000
107.808636,17.737000000
107.824589,17.738000000
107.830922,17.739000000
107.842604,17.740000000
107.842651,17.741000000
107.842661,17.742000000
107.865005,17.743000000
107.898703,17.744000000
107.898776,17.745000000
107.898786,17.746000000
107.898820,17.747000000
107.898829,17.748000000
107.898837,17.749000000
107.898845,17.750000000
107.898852,17.751000000
107.898860,17.752000000
107.916044,17.753000000
107.926652,17.754000000
107.926701,17.755000000
107.926713,17.756000000
107.974706,17.757000000
107.974754,17.758000000
107.978581,17.759000000
107.986118,17.760000000
107.996636,17.761000000
108.014709,17.762000000
108.025401,17.763000000
108.040571,17.764000000
108.053921,17.765000000
108.061869,17.766000000
108.074134,17.767000000
108.086327,17.768000000
108.091654,17.769000000
108.105268,17.770000000
108.117268,17.771000000
108.117322,17.772000000
108.126341,17.773000000
108.156754,17.774000000
108.161297,17.775000000
108.192735,17.776000000
108.198575,17.777000000
108.214650,17.778000000
108.222396,17.779000000
108.229196,17.780000000
108.230785,17.781000000
108.256377,17.782000000
108.261643,17.783000000
108.261688,17.784000000
108.272819,17.785000000
108.278820,17.786000000
108.278886,17.787000000
108.318122,17.788000000
108.337577,17.789000000
108.346385,17.790000000
108.354116,17.791000000
108.359445,17.792000000
108.366728,17.793000000
108.380389,17.794000000
108.393270,17.795000000
108.393311,17.796000000
108.418302,17.797000000
108.418359,17.798000000
108.418371,17.799000000
108.428307,17.800000000
108.460027,17.801000000
108.460084,17.802000000
108.460094,17.803000000
108.460104,17.804000000
108.460112,17.805000000
108.509037,17.806000000
108.509121,17.807000000
108.509133,17.808000000
108.509142,17.809000000
108.534194,17.810000000
108.534292,17.811000000
108.534304,17.812000000
108.534314,17.813000000
108.534323,17.814000000
108.534331,17.815000000
108.534339,17.816000000
108.585439,17.817000000
108.585483,17.818000000
108.592243,17.819000000
108.604559,17.820000000
108.610202,17.821000000
108.610243,17.822000000
108.649804,17.823000000
108.649860,17.824000000
108.649870,17.825000000
108.649879,17.826000000
108.649920,17.827000000
108.654208,17.828000000
108.662543,17.829000000
108.669963,17.830000000
108.671387,17.831000000
108.697006,17.832000000
108.697049,17.833000000
108.712782,17.834000000
108.726019,17.835000000
108.726067,17.836000000
108.734040,17.837000000
108.736865,17.838000000
108.759835,17.839000000
108.759889,17.840000000
108.759899,17.841000000
108.759907,17.842000000
108.765506,17.843000000
108.782287,17.844000000
108.782612,17.845000000
108.784595,17.846000000
108.788211,17.847000000
108.794430,17.848000000
108.798177,17.849000000
108.809227,17.850000000
108.813912,17.851000000
108.831654,17.852000000
108.840376,17.853000000
108.849133,17.854000000
108.862100,17.855000000
108.876272,17.856000000
108.887663,17.857000000
108.893267,17.858000000
108.914027,17.859000000
108.927553,17.860000000
108.941129,17.861000000
108.947361,17.862000000
108.955587,17.863000000
108.985421,17.864000000
108.993153,17.865000000
108.998047,17.866000000
109.004807,17.867000000
109.013927,17.868000000
109.018132,17.869000000
109.024232,17.870000000
109.031262,17.871000000
109.044044,17.872000000
109.054056,17.873000000
109.065117,17.874000000
109.085726,17.875000000
109.096317,17.876000000
109.100730,17.877000000
109.126840,17.878000000
109.138230,17.879000000
109.146037,17.880000000
109.160755,17.881000000
109.179156,17.882000000
109.184188,17.883000000
109.192845,17.884000000
109.199225,17.885000000
109.201546,17.886000000
109.205858,17.887000000
109.225277,17.888000000
109.229874,17.889000000
109.237211,17.890000000
109.245636,17.891000000
109.248231,17.892000000
109.266854,17.893000000
109.274556,17.894000000
109.281080,17.895000000
109.285412,17.896000000
109.291783,17.897000000
109.299320,17.898000000
109.304410,17.899000000
109.312463,17.900000000
109.318305,17.901000000
109.322597,17.902000000
109.331488,17.903000000
109.341707,17.904000000
109.344493,17.905000000
109.348451,17.906000000
109.366116,17.907000000
109.370372,17.908000000
109.384278,17.909000000
109.391730,17.910000000
109.394843,17.911000000
109.404822,17.912000000
109.408603,17.913000000
109.412871,17.914000000
109.429103,17.915000000
109.432100,17.916000000
109.442632,17.917000000
109.446626,17.918000000
109.450901,17.919000000
109.454314,17.920000000
109.476490,17.921000000
109.485365,17.922000000
109.489357,17.923000000
109.498594,17.924000000
109.505191,17.925000000
109.513819,17.926000000
109.526023,17.927000000
109.532125,17.928000000
109.544731,17.929000000
109.550561,17.930000000
109.555452,17.931000000
109.574879,17.932000000
109.585647,17.933000000
109.599105,17.934000000
109.614794,17.935000000
109.624453,17.936000000
109.627516,17.937000000
109.660471,17.938000000
109.668478,17.939000000
109.682004,17.940000000
109.690079,17.941000000
109.701315,17.942000000
109.704400,17.943000000
109.709435,17.944000000
109.720209,17.945000000
109.720259,17.946000000
109.746171,17.947000000
109.753362,17.948000000
109.757890,17.949000000
109.770024,17.950000000
109.770070,17.951000000
109.777794,17.952000000
109.790980,17.953000000
109.791032,17.954000000
109.822479,17.955000000
109.837999,17.956000000
109.862037,17.957000000
109.871634,17.958000000
109.873832,17.959000000
109.887785,17.960000000
109.893996,17.961000000
109.911731,17.962000000
109.911777,17.963000000
109.923669,17.964000000
109.931077,17.965000000
109.957848,17.966000000
109.957943,17.967000000
109.960834,17.968000000
109.967242,17.969000000
109.967287,17.970000000
109.987148,17.971000000
109.998346,17.972000000
110.009849,17.973000000
110.009904,17.974000000
110.009914,17.975000000
110.022855,17.976000000
110.028332,17.977000000
110.043084,17.978000000
110.047137,17.979000000
110.058983,17.980000000
110.069111,17.981000000
110.076340,17.982000000
110.081386,17.983000000
110.103376,17.984000000
110.108775,17.985000000
110.120631,17.986000000
110.127337,17.987000000
110.136323,17.988000000
110.165816,17.989000000
110.175908,17.990000000
110.187341,17.991000000
110.196157,17.992000000
110.203018,17.993000000
110.216344,17.994000000
110.222600,17.995000000
110.234306,17.996000000
110.239336,17.997000000
110.243762,17.998000000
110.249183,17.999000000
110.259474,18.000000000
110.263054,18.001000000
110.269048,18.002000000
110.280406,18.003000000
110.308087,18.004000000
110.318108,18.005000000
110.324556,18.006000000
110.346383,18.007000000
110.361302,18.008000000
110.367279,18.009000000
110.392802,18.010000000
110.402408,18.011000000
110.407611,18.012000000
110.412905,18.013000000
110.436853,18.014000000
110.442131,18.015000000
110.447701,18.016000000
110.457057,18.017000000
110.468530,18.018000000
110.501982,18.019000000
110.519957,18.020000000
110.528135,18.021000000
110.536051,18.022000000
110.545498,18.023000000
110.554349,18.024000000
110.568102,18.025000000
110.578211,18.026000000
110.590109,18.027000000
110.600144,18.028000000
110.609997,18.029000000
110.617224,18.030000000
110.639083,18.031000000
110.649592,18.032000000
110.657348,18.033000000
110.684046,18.034000000
110.690923,18.035000000
110.694808,18.036000000
110.710209,18.037000000
110.714391,18.038000000
110.723297,18.039000000
110.747647,18.040000000
110.752504,18.041000000
110.762198,18.042000000
110.772450,18.043000000
110.772532,18.044000000
110.777099,18.045000000
110.779176,18.046000000
110.783554,18.047000000
110.783597,18.048000000
110.792678,18.049000000
110.806164,18.050000000
110.809473,18.051000000
110.831650,18.052000000
110.837983,18.053000000
110.857349,18.054000000
110.882466,18.055000000
110.894755,18.056000000
110.900084,18.057000000
110.903459,18.058000000
110.904845,18.059000000
110.911083,18.060000000
110.915150,18.061000000
110.917962,18.062000000
110.923173,18.063000000
110.926815,18.064000000
110.932554,18.065000000
110.935945,18.066000000
110.938281,18.067000000
110.950785,18.068000000
110.955019,18.069000000
110.958247,18.070000000
110.964123,18.071000000
110.966686,18.072000000
110.969091,18.073000000
110.972347,18.074000000
110.976300,18.075000000
110.978869,18.076000000
110.981996,18.077000000
110.987919,18.078000000
110.990888,18.079000000
111.029868,18.080000000
111.034011,18.081000000
111.037371,18.082000000
111.043528,18.083000000
111.058379,18.084000000
111.062866,18.085000000
111.067331,18.086000000
111.076678,18.087000000
111.080351,18.088000000
111.091221,18.089000000
111.093265,18.090000000
111.099826,18.091000000
111.102285,18.092000000
111.125537,18.093000000
111.128128,18.094000000
111.132566,18.095000000
111.137016,18.096000000
111.145686,18.097000000
111.148198,18.098000000
111.157870,18.099000000
111.169709,18.100000000
111.181159,18.101000000
111.193816,18.102000000
111.196028,18.103000000
111.231028,18.104000000
111.231075,18.105000000
111.260217,18.106000000
111.267857,18.107000000
111.280901,18.108000000
111.289309,18.109000000
111.304746,18.110000000
111.324809,18.111000000
111.335042,18.112000000
111.336734,18.113000000
111.351210,18.114000000
111.358301,18.115000000
111.366940,18.116000000
111.376615,18.117000000
111.386714,18.118000000
111.392596,18.119000000
111.399302,18.120000000
111.420633,18.121000000
111.420687,18.122000000
111.425590,18.123000000
111.436400,18.124000000
111.447273,18.125000000
111.447322,18.126000000
111.466068,18.127000000
111.468592,18.128000000
111.482989,18.129000000
111.486858,18.130000000
111.496991,18.131000000
111.502501,18.132000000
111.513494,18.133000000
111.524360,18.134000000
111.531359,18.135000000
111.541402,18.136000000
111.549358,18.137000000
111.556322,18.138000000
111.562769,18.139000000
111.579988,18.140000000
111.580037,18.141000000
111.587290,18.142000000
111.591666,18.143000000
111.610985,18.144000000
111.611033,18.145000000
111.642492,18.146000000
111.647889,18.147000000
111.658556,18.148000000
111.675100,18.149000000
111.681218,18.150000000
111.685735,18.151000000
111.708433,18.152000000
111.713667,18.153000000
111.716522,18.154000000
111.732527,18.155000000
111.740461,18.156000000
111.746971,18.157000000
111.765820,18.158000000
111.776398,18.159000000
111.789996,18.160000000
111.796263,18.161000000
111.802844,18.162000000
111.836895,18.163000000
111.847908,18.164000000
111.863897,18.165000000
111.872807,18.166000000
111.879419,18.167000000
111.881920,18.168000000
111.888553,18.169000000
111.897307,18.170000000
111.904186,18.171000000
111.910122,18.172000000
111.919031,18.173000000
111.924833,18.174000000
111.929853,18.175000000
111.939335,18.176000000
111.945637,18.177000000
111.948146,18.178000000
111.953374,18.179000000
111.956567,18.180000000
111.963002,18.181000000
111.965125,18.182000000
111.969774,18.183000000
111.997109,18.184000000
112.009186,18.185000000
112.018320,18.186000000
112.025810,18.187000000
112.029477,18.188000000
112.038799,18.189000000
112.046557,18.190000000
112.052149,18.191000000
112.054193,18.192000000
112.063370,18.193000000
112.065772,18.194000000
112.076745,18.195000000
112.078876,18.196000000
112.081092,18.197000000
112.084122,18.198000000
112.086366,18.199000000
112.089021,18.200000000
112.091364,18.201000000
112.093539,18.202000000
112.095726,18.203000000
112.098732,18.204000000
112.102059,18.205000000
112.110516,18.206000000
112.113374,18.207000000
112.135955,18.208000000
112.140732,18.209000000
112.145846,18.210000000
112.163282,18.211000000
112.181185,18.212000000
112.191504,18.213000000
112.214902,18.214000000
112.224920,18.215000000
112.225718,18.216000000
112.235364,18.217000000
112.239922,18.218000000
112.242882,18.219000000
112.245639,18.220000000
112.252071,18.221000000
112.257645,18.222000000
112.260971,18.223000000
112.276063,18.224000000
112.287998,18.225000000
112.291741,18.226000000
112.298567,18.227000000
112.310717,18.228000000
112.330727,18.229000000
112.338026,18.230000000
112.357374,18.231000000
112.391059,18.232000000
112.415851,18.233000000
112.430416,18.234000000
112.437883,18.235000000
112.440583,18.236000000
112.443469,18.237000000
112.450765,18.238000000
112.453078,18.239000000
112.456795,18.240000000
112.463547,18.241000000
112.468448,18.242000000
112.471922,18.243000000
112.484674,18.244000000
112.493937,18.245000000
112.507534,18.246000000
112.510115,18.247000000
112.520275,18.248000000
112.520319,18.249000000
112.522549,18.250000000
112.527428,18.251000000
112.531666,18.252000000
112.536220,18.253000000
112.539966,18.254000000
112.544712,18.255000000
112.547256,18.256000000
112.551383,18.257000000
112.553675,18.258000000
112.557760,18.259000000
112.568731,18.260000000
112.576459,18.261000000
112.584551,18.262000000
112.586991,18.263000000
112.591272,18.264000000
112.594024,18.265000000
112.599423,18.266000000
112.603509,18.267000000
112.606383,18.268000000
112.613362,18.269000000
112.616074,18.270000000
112.621268,18.271000000
112.623932,18.272000000
112.628269,18.273000000
112.633672,18.274000000
112.636416,18.275000000
112.639783,18.276000000
112.645886,18.277000000
112.648786,18.278000000
112.652003,18.279000000
112.656866,18.280000000
112.663000,18.281000000
112.665598,18.282000000
112.670718,18.283000000
112.673929,18.284000000
112.689190,18.285000000
112.695855,18.286000000
112.704807,18.287000000
112.714424,18.288000000
112.725778,18.289000000
112.735338,18.290000000
112.740437,18.291000000
112.745244,18.292000000
112.747755,18.293000000
112.753620,18.294000000
112.757489,18.295000000
112.761176,18.296000000
112.763899,18.297000000
112.768263,18.298000000
112.773107,18.299000000
112.776594,18.300000000
112.782173,18.301000000
112.806245,18.302000000
112.818785,18.303000000
112.833974,18.304000000
112.857107,18.305000000
112.878779,18.306000000
112.883495,18.307000000
112.900973,18.308000000
112.908917,18.309000000
112.914640,18.310000000
112.928953,18.311000000
112.936295,18.312000000
112.955279,18.313000000
112.957637,18.314000000
112.960776,18.315000000
112.966928,18.316000000
113.009859,18.317000000
113.013713,18.318000000
113.024352,18.319000000
113.037920,18.320000000
113.064970,18.321000000
113.068398,18.322000000
113.079933,18.323000000
113.090780,18.324000000
113.105955,18.325000000
113.117969,18.326000000
113.124881,18.327000000
113.128139,18.328000000
113.148105,18.329000000
113.154286,18.330000000
113.160007,18.331000000
113.164628,18.332000000
113.196535,18.333000000
113.205347,18.334000000
113.207556,18.335000000
113.210898,18.336000000
113.214910,18.337000000
113.232702,18.338000000
113.245752,18.339000000
113.250693,18.340000000
113.252782,18.341000000
113.262960,18.342000000
113.281148,18.343000000
113.285480,18.344000000
113.289606,18.345000000
113.300241,18.346000000
113.305737,18.347000000
113.310376,18.348000000
113.314737,18.349000000
113.317929,18.350000000
113.328024,18.351000000
113.334129,18.352000000
113.339747,18.353000000
113.345544,18.354000000
113.350917,18.355000000
113.359195,18.356000000
113.365872,18.357000000
113.369150,18.358000000
113.378376,18.359000000
113.390943,18.360000000
113.408470,18.361000000
113.417598,18.362000000
113.421692,18.363000000
113.425594,18.364000000
113.432865,18.365000000
113.445807,18.366000000
113.460248,18.367000000
113.475595,18.368000000
113.484123,18.369000000
113.492406,18.370000000
113.497201,18.371000000
113.512430,18.372000000
113.517614,18.373000000
113.530057,18.374000000
113.538794,18.375000000
113.554611,18.376000000
113.560537,18.377000000
113.575459,18.378000000
113.588931,18.379000000
113.592957,18.380000000
113.598256,18.381000000
113.611585,18.382000000
113.620518,18.383000000
113.635249,18.384000000
113.641130,18.385000000
113.647396,18.386000000
113.654829,18.387000000
113.668718,18.388000000
113.676419,18.389000000
113.685539,18.390000000
113.693797,18.391000000
113.703937,18.392000000
113.710046,18.393000000
113.716535,18.394000000
113.721038,18.395000000
113.735598,18.396000000
113.743964,18.397000000
113.751946,18.398000000
113.775972,18.399000000
113.784847,18.400000000
113.787955,18.401000000
113.831182,18.402000000
113.840241,18.403000000
113.846533,18.404000000
113.859072,18.405000000
113.864231,18.406000000
113.868862,18.407000000
113.873175,18.408000000
113.897156,18.409000000
113.902983,18.410000000
113.917515,18.411000000
113.923527,18.412000000
113.926827,18.413000000
113.957316,18.414000000
113.970915,18.415000000
113.983811,18.416000000
113.991337,18.417000000
113.997391,18.418000000
114.031142,18.419000000
114.040340,18.420000000
114.050298,18.421000000
114.069642,18.422000000
114.080142,18.423000000
114.090136,18.424000000
114.096923,18.425000000
114.103746,18.426000000
114.115778,18.427000000
114.123105,18.428000000
114.128064,18.429000000
114.145356,18.430000000
114.149823,18.431000000
114.162511,18.432000000
114.168513,18.433000000
114.174792,18.434000000
114.203143,18.435000000
114.209641,18.436000000
114.233556,18.437000000
114.245006,18.438000000
114.251888,18.439000000
114.273083,18.440000000
114.280179,18.441000000
114.289127,18.442000000
114.296962,18.443000000
114.307955,18.444000000
114.317715,18.445000000
114.328005,18.446000000
114.339711,18.447000000
114.345556,18.448000000
114.355146,18.449000000
114.364737,18.450000000
114.375062,18.451000000
114.382689,18.452000000
114.412041,18.453000000
114.417526,18.454000000
114.440252,18.455000000
114.448772,18.456000000
114.454475,18.457000000
114.469718,18.458000000
114.476237,18.459000000
114.484696,18.460000000
114.506485,18.461000000
114.514477,18.462000000
114.520219,18.463000000
114.529001,18.464000000
114.538478,18.465000000
114.563533,18.466000000
114.578569,18.467000000
114.584424,18.468000000
114.588709,18.469000000
114.601721,18.470000000
114.608840,18.471000000
114.620289,18.472000000
114.627902,18.473000000
114.648934,18.474000000
114.652997,18.475000000
114.658845,18.476000000
114.678835,18.477000000
114.692477,18.478000000
114.699277,18.479000000
114.706630,18.480000000
114.712064,18.481000000
114.732312,18.482000000
114.738734,18.483000000
114.746187,18.484000000
114.761429,18.485000000
114.768752,18.486000000
114.795130,18.487000000
114.808401,18.488000000
114.816195,18.489000000
114.828208,18.490000000
114.835177,18.491000000
114.845266,18.492000000
114.851930,18.493000000
114.864826,18.494000000
114.870972,18.495000000
114.888764,18.496000000
114.897064,18.497000000
114.901302,18.498000000
114.910013,18.499000000
114.918148,18.500000000
114.929731,18.501000000
114.945845,18.502000000
114.961333,18.503000000
114.983403,18.504000000
114.998013,18.505000000
115.005042,18.506000000
115.010371,18.507000000
115.019828,18.508000000
115.024764,18.509000000
115.046870,18.510000000
115.055983,18.511000000
115.058565,18.512000000
115.069123,18.513000000
115.073238,18.514000000
115.105136,18.515000000
115.112830,18.516000000
115.123646,18.517000000
115.134048,18.518000000
115.144126,18.519000000
115.153023,18.520000000
115.164554,18.521000000
115.182645,18.522000000
115.191059,18.523000000
115.200360,18.524000000
115.213148,18.525000000
115.221354,18.526000000
115.234294,18.527000000
115.244588,18.528000000
115.250154,18.529000000
115.269104,18.530000000
115.282147,18.531000000
115.302058,18.532000000
115.306975,18.533000000
115.311505,18.534000000
115.322554,18.535000000
115.330147,18.536000000
115.332118,18.537000000
115.335394,18.538000000
115.360332,18.539000000
115.366868,18.540000000
115.381820,18.541000000
115.383967,18.542000000
115.389417,18.543000000
115.420729,18.544000000
115.433151,18.545000000
115.438542,18.546000000
115.446342,18.547000000
115.456165,18.548000000
115.462625,18.549000000
115.476274,18.550000000
115.478905,18.551000000
115.490369,18.552000000
115.497932,18.553000000
115.506541,18.554000000
115.520057,18.555000000
115.522345,18.556000000
115.533816,18.557000000
115.542602,18.558000000
115.549965,18.559000000
115.569928,18.560000000
115.584082,18.561000000
115.589973,18.562000000
115.614348,18.563000000
115.621362,18.564000000
115.626094,18.565000000
115.638450,18.566000000
115.647833,18.567000000
115.656088,18.568000000
115.684179,18.569000000
115.685899,18.570000000
115.691237,18.571000000
115.703266,18.572000000
115.709054,18.573000000
115.712299,18.574000000
115.732992,18.575000000
115.742814,18.576000000
115.750843,18.577000000
115.762412,18.578000000
115.776914,18.579000000
115.784472,18.580000000
115.794052,18.581000000
115.805935,18.582000000
115.818654,18.583000000
115.825753,18.584000000
115.832441,18.585000000
115.838458,18.586000000
115.846550,18.587000000
115.857309,18.588000000
115.863776,18.589000000
115.882553,18.590000000
115.894280,18.591000000
115.907266,18.592000000
115.912174,18.593000000
115.928509,18.594000000
115.939137,18.595000000
115.954037,18.596000000
115.979423,18.597000000
115.988454,18.598000000
115.993569,18.599000000
116.008994,18.600000000
116.013122,18.601000000
116.019322,18.602000000
116.050809,18.603000000
116.061266,18.604000000
116.070941,18.605000000
116.081616,18.606000000
116.089971,18.607000000
116.109082,18.608000000
116.117640,18.609000000
116.125204,18.610000000
116.132173,18.611000000
116.138223,18.612000000
116.144109,18.613000000
116.152097,18.614000000
116.157830,18.615000000
116.178320,18.616000000
116.189349,18.617000000
116.209696,18.618000000
116.220068,18.619000000
116.231666,18.620000000
116.254888,18.621000000
116.262026,18.622000000
116.264947,18.623000000
116.268383,18.624000000
116.290979,18.625000000
116.297289,18.626000000
116.301808,18.627000000
116.310502,18.628000000
116.314646,18.629000000
116.324538,18.630000000
116.350863,18.631000000
116.358163,18.632000000
116.365794,18.633000000
116.386586,18.634000000
116.395244,18.635000000
116.407500,18.636000000
116.418189,18.637000000
116.430134,18.638000000
116.436383,18.639000000
116.446241,18.640000000
116.454338,18.641000000
116.466000,18.642000000
116.479116,18.643000000
116.483536,18.644000000
116.491501,18.645000000
116.499481,18.646000000
116.520789,18.647000000
116.528066,18.648000000
116.535038,18.649000000
116.554094,18.650000000
116.558006,18.651000000
116.561448,18.652000000
116.572233,18.653000000
116.577281,18.654000000
116.587456,18.655000000
116.607999,18.656000000
116.613027,18.657000000
116.623850,18.658000000
116.638779,18.659000000
116.642056,18.660000000
116.648135,18.661000000
116.675192,18.662000000
116.680787,18.663000000
116.686969,18.664000000
116.693395,18.665000000
116.703572,18.666000000
116.714413,18.667000000
116.723722,18.668000000
116.729124,18.669000000
116.734779,18.670000000
116.740277,18.671000000
116.752263,18.672000000
116.759693,18.673000000
116.767987,18.674000000
116.773864,18.675000000
116.780936,18.676000000
116.804923,18.677000000
116.811184,18.678000000
116.818457,18.679000000
116.841977,18.680000000
116.847704,18.681000000
116.852419,18.682000000
116.858108,18.683000000
116.862526,18.684000000
116.866416,18.685000000
116.882938,18.686000000
116.898031,18.687000000
116.926205,18.688000000
116.926255,18.689000000
116.944485,18.690000000
116.948524,18.691000000
116.968085,18.692000000
116.982356,18.693000000
117.007740,18.694000000
117.007788,18.695000000
117.017457,18.696000000
117.027792,18.697000000
117.041107,18.698000000
117.043473,18.699000000
117.045508,18.700000000
117.050355,18.701000000
117.052809,18.702000000
117.055052,18.703000000
117.065270,18.704000000
117.082995,18.705000000
117.088533,18.706000000
117.099735,18.707000000
117.102424,18.708000000
117.110775,18.709000000
117.115352,18.710000000
117.126794,18.711000000
117.143388,18.712000000
117.147729,18.713000000
117.150817,18.714000000
117.153463,18.715000000
117.155823,18.716000000
117.157967,18.717000000
117.160213,18.718000000
117.162477,18.719000000
117.164581,18.720000000
117.166881,18.721000000
117.181682,18.722000000
117.187890,18.723000000
117.203322,18.724000000
117.219405,18.725000000
117.225974,18.726000000
117.234107,18.727000000
117.243867,18.728000000
117.248092,18.729000000
117.256840,18.730000000
117.263284,18.731000000
117.272563,18.732000000
117.279861,18.733000000
117.288168,18.734000000
117.295093,18.735000000
117.297477,18.736000000
117.307550,18.737000000
117.313727,18.738000000
117.320570,18.739000000
117.327225,18.740000000
117.337718,18.741000000
117.341967,18.742000000
117.350324,18.743000000
117.355670,18.744000000
117.373022,18.745000000
117.376289,18.746000000
117.386588,18.747000000
117.389135,18.748000000
117.401546,18.749000000
117.401593,18.750000000
117.403695,18.751000000
117.405703,18.752000000
117.408005,18.753000000
117.415799,18.754000000
117.421768,18.755000000
117.426848,18.756000000
117.441094,18.757000000
117.459970,18.758000000
117.476816,18.759000000
117.481032,18.760000000
117.493390,18.761000000
117.528316,18.762000000
117.537200,18.763000000
117.545970,18.764000000
117.552936,18.765000000
117.563174,18.766000000
117.567892,18.767000000
117.573630,18.768000000
117.589764,18.769000000
117.597851,18.770000000
117.601769,18.771000000
117.609584,18.772000000
117.616829,18.773000000
117.625695,18.774000000
117.628474,18.775000000
117.632913,18.776000000
117.632993,18.777000000
117.650740,18.778000000
117.650803,18.779000000
117.650846,18.780000000
117.650885,18.781000000
117.651517,18.782000000
117.660131,18.783000000
117.660181,18.784000000
117.660613,18.785000000
117.685733,18.786000000
117.685836,18.787000000
117.685883,18.788000000
117.685923,18.789000000
117.686564,18.790000000
117.686612,18.791000000
117.702966,18.792000000
117.712054,18.793000000
117.712117,18.794000000
117.712158,18.795000000
117.720926,18.796000000
117.721015,18.797000000
117.722028,18.798000000
117.735503,18.799000000
117.735576,18.800000000
117.755705,18.801000000
117.767465,18.802000000
117.770421,18.803000000
117.773862,18.804000000
117.776412,18.805000000
117.780439,18.806000000
117.782960,18.807000000
117.785749,18.808000000
117.788806,18.809000000
117.794003,18.810000000
117.796136,18.811000000
117.798545,18.812000000
117.803112,18.813000000
117.805479,18.814000000
117.808125,18.815000000
117.810892,18.816000000
117.844174,18.817000000
117.853559,18.818000000
117.858542,18.819000000
117.863660,18.820000000
117.865954,18.821000000
117.871686,18.822000000
117.873791,18.823000000
117.875811,18.824000000
117.879128,18.825000000
117.882557,18.826000000
117.885714,18.827000000
117.888025,18.828000000
117.890159,18.829000000
117.892575,18.830000000
117.897331,18.831000000
117.899685,18.832000000
117.905954,18.833000000
117.912454,18.834000000
117.914476,18.835000000
117.943672,18.836000000
117.993434,18.837000000
117.999640,18.838000000
118.003648,18.839000000
118.015437,18.840000000
118.035665,18.841000000
118.044474,18.842000000
118.060457,18.843000000
118.070421,18.844000000
118.076234,18.845000000
118.078587,18.846000000
118.082477,18.847000000
118.087056,18.848000000
118.090841,18.849000000
118.095168,18.850000000
118.097524,18.851000000
118.110694,18.852000000
118.114774,18.853000000
118.119184,18.854000000
118.121563,18.855000000
118.126729,18.856000000
118.131048,18.857000000
118.135187,18.858000000
118.138050,18.859000000
118.141263,18.860000000
118.144012,18.861000000
118.146555,18.862000000
118.148900,18.863000000
118.152597,18.864000000
118.155011,18.865000000
118.177741,18.866000000
118.180480,18.867000000
118.185520,18.868000000
118.187892,18.869000000
118.191466,18.870000000
118.203299,18.871000000
118.208560,18.872000000
118.210922,18.873000000
118.214364,18.874000000
118.218757,18.875000000
118.221000,18.876000000
118.225007,18.877000000
118.229589,18.878000000
118.234553,18.879000000
118.237118,18.880000000
118.267312,18.881000000
118.283139,18.882000000
118.297515,18.883000000
118.303492,18.884000000
118.305935,18.885000000
118.308264,18.886000000
118.310735,18.887000000
118.313152,18.888000000
118.315490,18.889000000
118.318193,18.890000000
118.322733,18.891000000
118.325144,18.892000000
118.330891,18.893000000
118.335270,18.894000000
118.340464,18.895000000
118.344923,18.896000000
118.352795,18.897000000
118.355048,18.898000000
118.358823,18.899000000
118.361397,18.900000000
118.363840,18.901000000
118.366699,18.902000000
118.377766,18.903000000
118.384457,18.904000000
118.388198,18.905000000
118.393999,18.906000000
118.397398,18.907000000
118.401718,18.908000000
118.404504,18.909000000
118.407126,18.910000000
118.409641,18.911000000
118.412168,18.912000000
118.418599,18.913000000
118.430553,18.914000000
118.433892,18.915000000
118.436876,18.916000000
118.439611,18.917000000
118.442180,18.918000000
118.444443,18.919000000
118.447146,18.920000000
118.449505,18.921000000
118.457302,18.922000000
118.459687,18.923000000
118.464558,18.924000000
118.467509,18.925000000
118.470301,18.926000000
118.472719,18.927000000
118.477534,18.928000000
118.486033,18.929000000
118.488550,18.930000000
118.490970,18.931000000
118.493470,18.932000000
118.495942,18.933000000
118.498929,18.934000000
118.501271,18.935000000
118.504863,18.936000000
118.507196,18.937000000
118.509796,18.938000000
118.512426,18.939000000
118.514919,18.940000000
118.517567,18.941000000
118.520213,18.942000000
118.522569,18.943000000
118.525013,18.944000000
118.527396,18.945000000
118.531301,18.946000000
118.536736,18.947000000
118.539291,18.948000000
118.542176,18.949000000
118.544517,18.950000000
118.546896,18.951000000
118.549475,18.952000000
118.551812,18.953000000
118.562545,18.954000000
118.567031,18.955000000
118.573473,18.956000000
118.596276,18.957000000
118.602318,18.958000000
118.612725,18.959000000
118.612779,18.960000000
118.647734,18.961000000
118.649638,18.962000000
118.682125,18.963000000
118.682243,18.964000000
118.695981,18.965000000
118.725713,18.966000000
118.725804,18.967000000
118.726259,18.968000000
118.727035,18.969000000
118.738159,18.970000000
118.747719,18.971000000
118.748582,18.972000000
118.761648,18.973000000
118.780759,18.974000000
118.791800,18.975000000
118.792081,18.976000000
118.796830,18.977000000
118.804859,18.978000000
118.811035,18.979000000
118.814263,18.980000000
118.825665,18.981000000
118.833255,18.982000000
118.837945,18.983000000
118.839491,18.984000000
118.842068,18.985000000
118.844164,18.986000000
118.846359,18.987000000
118.848446,18.988000000
118.862639,18.989000000
118.864720,18.990000000
118.867198,18.991000000
118.869507,18.992000000
118.871825,18.993000000
118.877156,18.994000000
118.880482,18.995000000
118.882824,18.996000000
118.884889,18.997000000
118.887156,18.998000000
118.889223,18.999000000
118.891342,19.000000000
118.894095,19.001000000
118.896572,19.002000000
118.898763,19.003000000
118.901315,19.004000000
118.906867,19.005000000
118.909101,19.006000000
118.913331,19.007000000
118.915442,19.008000000
118.920109,19.009000000
118.941105,19.010000000
118.943208,19.011000000
118.948231,19.012000000
118.953033,19.013000000
118.955016,19.014000000
118.959178,19.015000000
118.962994,19.016000000
118.974236,19.017000000
118.979496,19.018000000
118.981510,19.019000000
118.986890,19.020000000
118.989176,19.021000000
118.991384,19.022000000
118.995937,19.023000000
119.001233,19.024000000
119.004907,19.025000000
119.008982,19.026000000
119.012799,19.027000000
119.034824,19.028000000
119.042026,19.029000000
119.042071,19.030000000
119.056083,19.031000000
119.060217,19.032000000
119.062742,19.033000000
119.066526,19.034000000
119.070712,19.035000000
119.080168,19.036000000
119.085999,19.037000000
119.088244,19.038000000
119.092472,19.039000000
119.095955,19.040000000
119.098840,19.041000000
119.103992,19.042000000
119.108454,19.043000000
119.132039,19.044000000
119.139054,19.045000000
119.145210,19.046000000
119.153148,19.047000000
119.158175,19.048000000
119.169940,19.049000000
119.178594,19.050000000
119.189246,19.051000000
119.198640,19.052000000
119.210134,19.053000000
119.215965,19.054000000
119.232870,19.055000000
119.252942,19.056000000
119.259469,19.057000000
119.259531,19.058000000
119.263301,19.059000000
119.265810,19.060000000
119.268836,19.061000000
119.271151,19.062000000
119.273231,19.063000000
119.280222,19.064000000
119.282935,19.065000000
119.285515,19.066000000
119.287681,19.067000000
119.295077,19.068000000
119.297203,19.069000000
119.299424,19.070000000
119.301704,19.071000000
119.308495,19.072000000
119.312619,19.073000000
119.315994,19.074000000
119.321813,19.075000000
119.325243,19.076000000
119.336090,19.077000000
119.340876,19.078000000
119.346136,19.079000000
119.350833,19.080000000
119.354871,19.081000000
119.358952,19.082000000
119.361351,19.083000000
119.365248,19.084000000
119.369518,19.085000000
119.390919,19.086000000
119.395061,19.087000000
119.399882,19.088000000
119.404744,19.089000000
119.406878,19.090000000
119.414834,19.091000000
119.420992,19.092000000
119.425481,19.093000000
119.430567,19.094000000
119.433587,19.095000000
119.438583,19.096000000
119.440656,19.097000000
119.445143,19.098000000
119.447238,19.099000000
119.451620,19.100000000
119.455223,19.101000000
119.459471,19.102000000
119.462967,19.103000000
119.467233,19.104000000
119.475150,19.105000000
119.496624,19.106000000
119.499679,19.107000000
119.501988,19.108000000
119.507033,19.109000000
119.512712,19.110000000
119.514993,19.111000000
119.519253,19.112000000
119.529740,19.113000000
119.530091,19.114000000
119.541694,19.115000000
119.585538,19.116000000
119.598170,19.117000000
119.603503,19.118000000
119.620513,19.119000000
119.637806,19.120000000
119.650953,19.121000000
119.656357,19.122000000
119.661978,19.123000000
119.668494,19.124000000
119.684233,19.125000000
119.694339,19.126000000
119.700435,19.127000000
119.704717,19.128000000
119.708763,19.129000000
119.726554,19.130000000
119.730738,19.131000000
119.734437,19.132000000
119.754250,19.133000000
119.757934,19.134000000
119.762290,19.135000000
119.770052,19.136000000
119.777436,19.137000000
119.782367,19.138000000
119.797199,19.139000000
119.801923,19.140000000
119.805046,19.141000000
119.814071,19.142000000
119.820361,19.143000000
119.856025,19.144000000
119.867113,19.145000000
119.873966,19.146000000
119.883242,19.147000000
119.894050,19.148000000
119.915052,19.149000000
119.924034,19.150000000
119.933134,19.151000000
119.943745,19.152000000
119.954612,19.153000000
119.961387,19.154000000
119.971846,19.155000000
119.981903,19.156000000
119.991506,19.157000000
120.011688,19.158000000
120.025678,19.159000000
120.027935,19.160000000
120.076650,19.161000000
120.088446,19.162000000
120.092840,19.163000000
120.109330,19.164000000
120.118506,19.165000000
120.122052,19.166000000
120.130306,19.167000000
120.161290,19.168000000
120.168162,19.169000000
120.184057,19.170000000
120.190265,19.171000000
120.220316,19.172000000
120.225444,19.173000000
120.236399,19.174000000
120.246938,19.175000000
120.264338,19.176000000
120.271580,19.177000000
120.284870,19.178000000
120.304031,19.179000000
120.314302,19.180000000
120.322983,19.181000000
120.335957,19.182000000
120.344815,19.183000000
120.352170,19.184000000
120.359666,19.185000000
120.368431,19.186000000
120.413904,19.187000000
120.428869,19.188000000
120.445197,19.189000000
120.453734,19.190000000
120.455484,19.191000000
120.457611,19.192000000
120.459856,19.193000000
120.463032,19.194000000
120.465974,19.195000000
120.469667,19.196000000
120.472115,19.197000000
120.481270,19.198000000
120.483696,19.199000000
120.486307,19.200000000
120.488966,19.201000000
120.501674,19.202000000
120.504431,19.203000000
120.507008,19.204000000
120.513166,19.205000000
120.516518,19.206000000
120.523452,19.207000000
120.526120,19.208000000
120.530957,19.209000000
120.532891,19.210000000
120.535423,19.211000000
120.538056,19.212000000
120.560808,19.213000000
120.561228,19.214000000
120.563719,19.215000000
120.570754,19.216000000
120.572943,19.217000000
120.575073,19.218000000
120.579386,19.219000000
120.587242,19.220000000
120.589428,19.221000000
120.592434,19.222000000
120.600913,19.223000000
120.605195,19.224000000
120.607882,19.225000000
120.614342,19.226000000
120.618989,19.227000000
120.623450,19.228000000
120.626907,19.229000000
120.629287,19.230000000
120.631885,19.231000000
120.635098,19.232000000
120.659628,19.233000000
120.676026,19.234000000
120.684739,19.235000000
120.691179,19.236000000
120.701225,19.237000000
120.703525,19.238000000
120.706833,19.239000000
120.710919,19.240000000
120.715255,19.241000000
120.721000,19.242000000
120.724203,19.243000000
120.728416,19.244000000
120.733418,19.245000000
120.737363,19.246000000
120.741288,19.247000000
120.748007,19.248000000
120.752076,19.249000000
120.756342,19.250000000
120.759726,19.251000000
120.761812,19.252000000
120.763811,19.253000000
120.765938,19.254000000
120.768035,19.255000000
120.770171,19.256000000
120.772757,19.257000000
120.774956,19.258000000
120.780146,19.259000000
120.782238,19.260000000
120.786259,19.261000000
120.788584,19.262000000
120.791034,19.263000000
120.794510,19.264000000
120.798181,19.265000000
120.800028,19.266000000
120.809046,19.267000000
120.814234,19.268000000
120.818025,19.269000000
120.822203,19.270000000
120.826982,19.271000000
120.829254,19.272000000
120.831538,19.273000000
120.837061,19.274000000
120.839088,19.275000000
120.853842,19.276000000
120.858078,19.277000000
120.862173,19.278000000
120.875070,19.279000000
120.893840,19.280000000
120.897274,19.281000000
120.906975,19.282000000
120.914896,19.283000000
120.924325,19.284000000
120.926142,19.285000000
120.954466,19.286000000
120.958260,19.287000000
120.966266,19.288000000
120.973074,19.289000000
120.977198,19.290000000
120.996032,19.291000000
121.003966,19.292000000
121.014795,19.293000000
121.025882,19.294000000
121.034683,19.295000000
121.048663,19.296000000
121.056476,19.297000000
121.067064,19.298000000
121.078813,19.299000000
121.089051,19.300000000
121.094989,19.301000000
121.108252,19.302000000
121.118018,19.303000000
121.130285,19.304000000
121.134704,19.305000000
121.162014,19.306000000
121.168783,19.307000000
121.176212,19.308000000
121.185612,19.309000000
121.212006,19.310000000
121.218991,19.311000000
121.223703,19.312000000
121.230670,19.313000000
121.246663,19.314000000
121.268577,19.315000000
121.283300,19.316000000
121.303247,19.317000000
121.324360,19.318000000
121.337371,19.319000000
121.340052,19.320000000
121.368844,19.321000000
121.375352,19.322000000
121.392866,19.323000000
121.407903,19.324000000
121.451410,19.325000000
121.462276,19.326000000
121.478783,19.327000000
121.485596,19.328000000
121.505457,19.329000000
121.505509,19.330000000
121.514083,19.331000000
121.535200,19.332000000
121.547399,19.333000000
121.547448,19.334000000
121.554179,19.335000000
121.556406,19.336000000
121.574957,19.337000000
121.578212,19.338000000
121.589618,19.339000000
121.596581,19.340000000
121.602024,19.341000000
121.636794,19.342000000
121.649954,19.343000000
121.653850,19.344000000
121.668798,19.345000000
121.675744,19.346000000
121.681070,19.347000000
121.691000,19.348000000
121.701761,19.349000000
121.709217,19.350000000
121.716808,19.351000000
121.719334,19.352000000
121.733518,19.353000000
121.737657,19.354000000
121.764865,19.355000000
121.773274,19.356000000
121.779176,19.357000000
121.804855,19.358000000
121.810317,19.359000000
121.824646,19.360000000
121.833629,19.361000000
121.838857,19.362000000
121.842406,19.363000000
121.869367,19.364000000
121.872970,19.365000000
121.879428,19.366000000
121.888253,19.367000000
121.896279,19.368000000
121.949978,19.369000000
121.955397,19.370000000
121.971827,19.371000000
121.972218,19.372000000
121.972257,19.373000000
121.974432,19.374000000
122.003510,19.375000000
122.003617,19.376000000
122.003694,19.377000000
122.003704,19.378000000
122.003713,19.379000000
122.022094,19.380000000
122.044431,19.381000000
122.059811,19.382000000
122.062389,19.383000000
122.066566,19.384000000
122.072582,19.385000000
122.087961,19.386000000
122.090595,19.387000000
122.093064,19.388000000
122.095862,19.389000000
122.098819,19.390000000
122.101091,19.391000000
122.103252,19.392000000
122.105622,19.393000000
122.107855,19.394000000
122.110127,19.395000000
122.112413,19.396000000
122.124372,19.397000000
122.130328,19.398000000
122.160010,19.399000000
122.170066,19.400000000
122.195954,19.401000000
122.198334,19.402000000
122.207506,19.403000000
122.211464,19.404000000
122.215663,19.405000000
122.218153,19.406000000
122.226670,19.407000000
122.228962,19.408000000
122.233793,19.409000000
122.236342,19.410000000
122.238677,19.411000000
122.245863,19.412000000
122.249342,19.413000000
122.256449,19.414000000
122.258797,19.415000000
122.265672,19.416000000
122.270123,19.417000000
122.274992,19.418000000
122.284095,19.419000000
122.294868,19.420000000
122.303492,19.421000000
122.308830,19.422000000
122.323228,19.423000000
122.329892,19.424000000
122.342126,19.425000000
122.346044,19.426000000
122.356912,19.427000000
122.368338,19.428000000
122.384466,19.429000000
122.396564,19.430000000
122.409367,19.431000000
122.414386,19.432000000
122.433882,19.433000000
122.449327,19.434000000
122.474395,19.435000000
122.482440,19.436000000
122.492434,19.437000000
122.502632,19.438000000
122.532328,19.439000000
122.541003,19.440000000
122.551284,19.441000000
122.570460,19.442000000
122.575427,19.443000000
122.587090,19.444000000
122.587148,19.445000000
122.611838,19.446000000
122.622813,19.447000000
122.630225,19.448000000
122.641939,19.449000000
122.652220,19.450000000
122.657398,19.451000000
122.669687,19.452000000
122.678185,19.453000000
122.688643,19.454000000
122.695377,19.455000000
122.705020,19.456000000
122.713909,19.457000000
122.725112,19.458000000
122.741642,19.459000000
122.756268,19.460000000
122.764914,19.461000000
122.785837,19.462000000
122.795697,19.463000000
122.802282,19.464000000
122.814049,19.465000000
122.817751,19.466000000
122.825665,19.467000000
122.832265,19.468000000
122.849697,19.469000000
122.852667,19.470000000
122.857081,19.471000000
122.865884,19.472000000
122.870369,19.473000000
122.875057,19.474000000
122.879488,19.475000000
122.898098,19.476000000
122.904211,19.477000000
122.928370,19.478000000
122.941397,19.479000000
122.947946,19.480000000
122.955559,19.481000000
122.962604,19.482000000
122.973584,19.483000000
122.984749,19.484000000
122.991515,19.485000000
122.999613,19.486000000
123.011185,19.487000000
123.020285,19.488000000
123.024606,19.489000000
123.042464,19.490000000
123.045879,19.491000000
123.049900,19.492000000
123.067752,19.493000000
123.071472,19.494000000
123.080348,19.495000000
123.084941,19.496000000
123.089413,19.497000000
123.093147,19.498000000
123.108948,19.499000000
123.113373,19.500000000
123.118167,19.501000000
123.126843,19.502000000
123.131135,19.503000000
123.139010,19.504000000
123.169205,19.505000000
123.171499,19.506000000
123.189474,19.507000000
123.200759,19.508000000
123.213453,19.509000000
123.223123,19.510000000
123.231134,19.511000000
123.239779,19.512000000
123.248940,19.513000000
123.259408,19.514000000
123.270824,19.515000000
123.281850,19.516000000
123.283706,19.517000000
123.298788,19.518000000
123.298844,19.519000000
123.319925,19.520000000
123.326762,19.521000000
123.338535,19.522000000
123.358358,19.523000000
123.366730,19.524000000
123.374962,19.525000000
123.398342,19.526000000
123.407003,19.527000000
123.415267,19.528000000
123.444012,19.529000000
123.449790,19.530000000
123.470276,19.531000000
123.470336,19.532000000
123.498639,19.533000000
123.515228,19.534000000
123.539933,19.535000000
123.547870,19.536000000
123.562620,19.537000000
123.572874,19.538000000
123.591038,19.539000000
123.598715,19.540000000
123.605816,19.541000000
123.615166,19.542000000
123.616568,19.543000000
123.622677,19.544000000
123.638916,19.545000000
123.650699,19.546000000
123.650783,19.547000000
123.661062,19.548000000
123.661598,19.549000000
123.695763,19.550000000
123.706098,19.551000000
123.706158,19.552000000
123.711924,19.553000000
123.711990,19.554000000
123.729275,19.555000000
123.743411,19.556000000
123.761957,19.557000000
123.773638,19.558000000
123.783450,19.559000000
123.790220,19.560000000
123.798377,19.561000000
123.804273,19.562000000
123.809306,19.563000000
123.820745,19.564000000
123.824578,19.565000000
123.836400,19.566000000
123.836470,19.567000000
123.844962,19.568000000
123.850773,19.569000000
123.861628,19.570000000
123.868375,19.571000000
123.872507,19.572000000
123.879865,19.573000000
123.883880,19.574000000
123.889146,19.575000000
123.910892,19.576000000
123.919101,19.577000000
123.936021,19.578000000
123.936068,19.579000000
123.945785,19.580000000
123.949876,19.581000000
123.959992,19.582000000
123.970847,19.583000000
123.990978,19.584000000
123.991032,19.585000000
123.991043,19.586000000
123.991077,19.587000000
124.011043,19.588000000
124.031670,19.589000000
124.031715,19.590000000
124.031744,19.591000000
124.048901,19.592000000
124.061671,19.593000000
124.069586,19.594000000
124.090160,19.595000000
124.100374,19.596000000
124.105083,19.597000000
124.109505,19.598000000
124.136239,19.599000000
124.146739,19.600000000
124.150806,19.601000000
124.177661,19.602000000
124.180419,19.603000000
124.188874,19.604000000
124.196048,19.605000000
124.209866,19.606000000
124.217936,19.607000000
124.226489,19.608000000
124.226965,19.609000000
124.241851,19.610000000
124.241894,19.611000000
124.250143,19.612000000
124.262578,19.613000000
124.283139,19.614000000
124.285121,19.615000000
124.293785,19.616000000
124.297589,19.617000000
124.297628,19.618000000
124.310952,19.619000000
124.310998,19.620000000
124.311026,19.621000000
124.319654,19.622000000
124.323018,19.623000000
124.327080,19.624000000
124.348598,19.625000000
124.366506,19.626000000
124.390794,19.627000000
124.402133,19.628000000
124.407947,19.629000000
124.421678,19.630000000
124.432733,19.631000000
124.452897,19.632000000
124.474433,19.633000000
124.483983,19.634000000
124.509861,19.635000000
124.525660,19.636000000
124.535843,19.637000000
124.543366,19.638000000
124.554993,19.639000000
124.561970,19.640000000
124.576423,19.641000000
124.585975,19.642000000
124.598288,19.643000000
124.608370,19.644000000
124.622412,19.645000000
124.641487,19.646000000
124.646841,19.647000000
124.689289,19.648000000
124.693287,19.649000000
124.717859,19.650000000
124.727705,19.651000000
124.739906,19.652000000
124.751575,19.653000000
124.758969,19.654000000
124.764291,19.655000000
124.810376,19.656000000
124.827301,19.657000000
124.851036,19.658000000
124.859585,19.659000000
124.873722,19.660000000
124.881441,19.661000000
124.891983,19.662000000
124.904671,19.663000000
124.915868,19.664000000
124.929719,19.665000000
124.937607,19.666000000
124.947943,19.667000000
124.966430,19.668000000
124.975211,19.669000000
124.984926,19.670000000
125.022373,19.671000000
125.032017,19.672000000
125.053447,19.673000000
125.067419,19.674000000
125.088238,19.675000000
125.115708,19.676000000
125.133159,19.677000000
125.141907,19.678000000
125.154508,19.679000000
125.161536,19.680000000
125.184525,19.681000000
125.196472,19.682000000
125.206940,19.683000000
125.218694,19.684000000
125.231995,19.685000000
125.242362,19.686000000
125.256506,19.687000000
125.260604,19.688000000
125.278128,19.689000000
125.294878,19.690000000
125.305896,19.691000000
125.319459,19.692000000
125.337221,19.693000000
125.367634,19.694000000
125.378071,19.695000000
125.383735,19.696000000
125.419182,19.697000000
125.445457,19.698000000
125.453061,19.699000000
125.474763,19.700000000
125.493099,19.701000000
125.497116,19.702000000
125.504137,19.703000000
125.534045,19.704000000
125.538733,19.705000000
125.552264,19.706000000
125.563081,19.707000000
125.576003,19.708000000
125.586512,19.709000000
125.596119,19.710000000
125.607997,19.711000000
125.617655,19.712000000
125.629685,19.713000000
125.640610,19.714000000
125.648945,19.715000000
125.670737,19.716000000
125.693329,19.717000000
125.699811,19.718000000
125.728088,19.719000000
125.737512,19.720000000
125.774031,19.721000000
125.775955,19.722000000
125.787374,19.723000000
125.807087,19.724000000
125.822383,19.725000000
125.838881,19.726000000
125.848145,19.727000000
125.875564,19.728000000
125.885374,19.729000000
125.897114,19.730000000
125.907605,19.731000000
125.920470,19.732000000
125.939090,19.733000000
125.953682,19.734000000
125.963235,19.735000000
125.975629,19.736000000
125.989141,19.737000000
125.999422,19.738000000
126.010296,19.739000000
126.024974,19.740000000
126.057709,19.741000000
126.079261,19.742000000
126.087548,19.743000000
126.109068,19.744000000
126.114024,19.745000000
126.116220,19.746000000
126.139814,19.747000000
126.146329,19.748000000
126.177684,19.749000000
126.183927,19.750000000
126.209255,19.751000000
126.216529,19.752000000
126.225549,19.753000000
126.239380,19.754000000
126.247913,19.755000000
126.260251,19.756000000
126.275541,19.757000000
126.285566,19.758000000
126.300198,19.759000000
126.309369,19.760000000
126.316220,19.761000000
126.334509,19.762000000
126.358528,19.763000000
126.392694,19.764000000
126.408569,19.765000000
126.414898,19.766000000
126.434751,19.767000000
126.440268,19.768000000
126.451714,19.769000000
126.454484,19.770000000
126.462452,19.771000000
126.468303,19.772000000
126.473643,19.773000000
126.498276,19.774000000
126.512983,19.775000000
126.513410,19.776000000
126.518859,19.777000000
126.529967,19.778000000
126.570567,19.779000000
126.570632,19.780000000
126.592364,19.781000000
126.598952,19.782000000
126.630037,19.783000000
126.642127,19.784000000
126.646103,19.785000000
126.666173,19.786000000
126.675678,19.787000000
126.675721,19.788000000
126.684185,19.789000000
126.719877,19.790000000
126.719923,19.791000000
126.726506,19.792000000
126.735222,19.793000000
126.758127,19.794000000
126.758187,19.795000000
126.770509,19.796000000
126.782992,19.797000000
126.790664,19.798000000
126.799984,19.799000000
126.800025,19.800000000
126.823571,19.801000000
126.823614,19.802000000
126.832618,19.803000000
126.840959,19.804000000
126.840998,19.805000000
126.881118,19.806000000
126.895991,19.807000000
126.897001,19.808000000
126.913273,19.809000000
126.920736,19.810000000
126.932405,19.811000000
126.950656,19.812000000
126.958088,19.813000000
126.974017,19.814000000
126.979819,19.815000000
126.987218,19.816000000
127.011221,19.817000000
127.011266,19.818000000
127.013313,19.819000000
127.014105,19.820000000
127.043276,19.821000000
127.045494,19.822000000
127.064388,19.823000000
127.090122,19.824000000
127.091180,19.825000000
127.097406,19.826000000
127.125944,19.827000000
127.126954,19.828000000
127.135876,19.829000000
127.149986,19.830000000
127.179789,19.831000000
127.187807,19.832000000
127.209450,19.833000000
127.211729,19.834000000
127.219099,19.835000000
127.226413,19.836000000
127.233263,19.837000000
127.238200,19.838000000
127.249259,19.839000000
127.253501,19.840000000
127.261206,19.841000000
127.269716,19.842000000
127.275199,19.843000000
127.282887,19.844000000
127.291530,19.845000000
127.297958,19.846000000
127.304203,19.847000000
127.311592,19.848000000
127.317538,19.849000000
127.329372,19.850000000
127.335696,19.851000000
127.341231,19.852000000
127.353923,19.853000000
127.359603,19.854000000
127.388738,19.855000000
127.394507,19.856000000
127.399397,19.857000000
127.407231,19.858000000
127.438029,19.859000000
127.454631,19.860000000
127.469993,19.861000000
127.479846,19.862000000
127.479890,19.863000000
127.488181,19.864000000
127.490366,19.865000000
127.492623,19.866000000
127.494890,19.867000000
127.497853,19.868000000
127.501148,19.869000000
127.504039,19.870000000
127.506226,19.871000000
127.508955,19.872000000
127.514890,19.873000000
127.517384,19.874000000
127.520944,19.875000000
127.528646,19.876000000
127.530985,19.877000000
127.535628,19.878000000
127.538299,19.879000000
127.541429,19.880000000
127.557444,19.881000000
127.559918,19.882000000
127.567909,19.883000000
127.575567,19.884000000
127.583616,19.885000000
127.592044,19.886000000
127.597567,19.887000000
127.605590,19.888000000
127.616697,19.889000000
127.625408,19.890000000
127.638826,19.891000000
127.648898,19.892000000
127.661045,19.893000000
127.676905,19.894000000
127.680449,19.895000000
127.696032,19.896000000
127.705513,19.897000000
127.715298,19.898000000
127.718572,19.899000000
127.722009,19.900000000
127.734177,19.901000000
127.736007,19.902000000
127.745087,19.903000000
127.759811,19.904000000
127.780395,19.905000000
127.780447,19.906000000
127.781058,19.907000000
127.783522,19.908000000
127.785790,19.909000000
127.790067,19.910000000
127.792426,19.911000000
127.793780,19.912000000
127.804929,19.913000000
127.821779,19.914000000
127.830548,19.915000000
127.845706,19.916000000
127.846345,19.917000000
127.851791,19.918000000
127.851856,19.919000000
127.854730,19.920000000
127.882111,19.921000000
127.892473,19.922000000
127.909707,19.923000000
127.923958,19.924000000
127.939947,19.925000000
127.948107,19.926000000
127.957777,19.927000000
127.967558,19.928000000
127.972570,19.929000000
127.981882,19.930000000
127.987128,19.931000000
127.989440,19.932000000
128.008173,19.933000000
128.015276,19.934000000
128.026775,19.935000000
128.033116,19.936000000
128.048060,19.937000000
128.056824,19.938000000
128.069477,19.939000000
128.088746,19.940000000
128.097387,19.941000000
128.103523,19.942000000
128.108241,19.943000000
128.128008,19.944000000
128.135856,19.945000000
128.139665,19.946000000
128.147575,19.947000000
128.151831,19.948000000
128.166135,19.949000000
128.174493,19.950000000
128.202957,19.951000000
128.205159,19.952000000
128.236695,19.953000000
128.264131,19.954000000
128.273803,19.955000000
128.295925,19.956000000
128.304180,19.957000000
128.321251,19.958000000
128.328827,19.959000000
128.344136,19.960000000
128.346373,19.961000000
128.351674,19.962000000
128.369608,19.963000000
128.374142,19.964000000
128.383125,19.965000000
128.386456,19.966000000
128.389445,19.967000000
128.413461,19.968000000
128.432463,19.969000000
128.437095,19.970000000
128.439664,19.971000000
128.457851,19.972000000
128.462296,19.973000000
128.470216,19.974000000
128.472774,19.975000000
128.476164,19.976000000
128.480156,19.977000000
128.508363,19.978000000
128.510929,19.979000000
128.515599,19.980000000
128.526007,19.981000000
128.569831,19.982000000
128.584108,19.983000000
128.600740,19.984000000
128.612124,19.985000000
128.637604,19.986000000
128.653173,19.987000000
128.686812,19.988000000
128.702456,19.989000000
128.702725,19.990000000
128.711075,19.991000000
128.736184,19.992000000
128.744209,19.993000000
128.761708,19.994000000
128.772751,19.995000000
128.782920,19.996000000
128.800523,19.997000000
128.813049,19.998000000
128.821274,19.999000000
128.823544,20.000000000
128.830535,20.001000000
128.833270,20.002000000
128.843422,20.003000000
128.848611,20.004000000
128.858603,20.005000000
128.866008,20.006000000
128.869354,20.007000000
128.876744,20.008000000
128.884624,20.009000000
128.892184,20.010000000
128.899543,20.011000000
128.907663,20.012000000
128.915695,20.013000000
128.925645,20.014000000
128.932853,20.015000000
128.943448,20.016000000
128.951125,20.017000000
128.962105,20.018000000
128.969859,20.019000000
128.977702,20.020000000
128.978058,20.021000000
128.988109,20.022000000
128.991525,20.023000000
128.994210,20.024000000
129.004175,20.025000000
129.017594,20.026000000
129.023702,20.027000000
129.027936,20.028000000
129.046921,20.029000000
129.067973,20.030000000
129.074977,20.031000000
129.085127,20.032000000
129.085193,20.033000000
129.085203,20.034000000
129.085212,20.035000000
129.085220,20.036000000
129.100210,20.037000000
129.104364,20.038000000
129.111889,20.039000000
129.111933,20.040000000
129.124512,20.041000000
129.147294,20.042000000
129.153785,20.043000000
129.164906,20.044000000
129.165193,20.045000000
129.165209,20.046000000
129.187593,20.047000000
129.187649,20.048000000
129.201866,20.049000000
129.201912,20.050000000
129.228270,20.051000000
129.228327,20.052000000
129.228338,20.053000000
129.228346,20.054000000
129.243809,20.055000000
129.243856,20.056000000
129.259903,20.057000000
129.259958,20.058000000
129.259969,20.059000000
129.278601,20.060000000
129.278650,20.061000000
129.287222,20.062000000
129.287261,20.063000000
129.294870,20.064000000
129.299094,20.065000000
129.308306,20.066000000
129.308376,20.067000000
129.308386,20.068000000
129.310010,20.069000000
129.314038,20.070000000
129.316425,20.071000000
129.325701,20.072000000
129.334981,20.073000000
129.365227,20.074000000
129.379411,20.075000000
129.384587,20.076000000
129.402565,20.077000000
129.402622,20.078000000
129.402633,20.079000000
129.412407,20.080000000
129.412457,20.081000000
129.412468,20.082000000
129.424739,20.083000000
129.424805,20.084000000
129.424816,20.085000000
129.431260,20.086000000
129.431333,20.087000000
129.441020,20.088000000
129.441074,20.089000000
129.463556,20.090000000
129.463615,20.091000000
129.463626,20.092000000
129.465265,20.093000000
129.467518,20.094000000
129.478025,20.095000000
129.478075,20.096000000
129.485888,20.097000000
129.486134,20.098000000
129.495399,20.099000000
129.495449,20.100000000
129.495459,20.101000000
129.503276,20.102000000
129.530614,20.103000000
129.530910,20.104000000
129.544436,20.105000000
129.544482,20.106000000
129.547370,20.107000000
129.559073,20.108000000
129.559119,20.109000000
129.582014,20.110000000
129.582074,20.111000000
129.582084,20.112000000
129.582093,20.113000000
129.599071,20.114000000
129.599133,20.115000000
129.602290,20.116000000
129.611547,20.117000000
129.618379,20.118000000
129.626296,20.119000000
129.633533,20.120000000
129.635649,20.121000000
129.642140,20.122000000
129.642490,20.123000000
129.644555,20.124000000
129.653836,20.125000000
129.657712,20.126000000
129.661659,20.127000000
129.667631,20.128000000
129.669749,20.129000000
129.671867,20.130000000
129.676990,20.131000000
129.679194,20.132000000
129.681295,20.133000000
129.683371,20.134000000
129.686976,20.135000000
129.692028,20.136000000
129.695055,20.137000000
129.697411,20.138000000
129.699487,20.139000000
129.705156,20.140000000
129.707662,20.141000000
129.734565,20.142000000
129.736763,20.143000000
129.740804,20.144000000
129.743140,20.145000000
129.748155,20.146000000
129.750464,20.147000000
129.755863,20.148000000
129.764464,20.149000000
129.767027,20.150000000
129.771731,20.151000000
129.774279,20.152000000
129.776517,20.153000000
129.780662,20.154000000
129.782762,20.155000000
129.787158,20.156000000
129.789343,20.157000000
129.793482,20.158000000
129.806605,20.159000000
129.810918,20.160000000
129.818673,20.161000000
129.821387,20.162000000
129.826651,20.163000000
129.829143,20.164000000
129.833149,20.165000000
129.837199,20.166000000
129.857274,20.167000000
129.862571,20.168000000
129.864707,20.169000000
129.871637,20.170000000
129.874907,20.171000000
129.877027,20.172000000
129.879133,20.173000000
129.881359,20.174000000
129.883457,20.175000000
129.897489,20.176000000
129.901459,20.177000000
129.910392,20.178000000
129.936304,20.179000000
129.943787,20.180000000
129.952967,20.181000000
129.962782,20.182000000
129.970263,20.183000000
129.981057,20.184000000
129.991323,20.185000000
130.000446,20.186000000
130.008487,20.187000000
130.016721,20.188000000
130.032491,20.189000000
130.040731,20.190000000
130.043948,20.191000000
130.056056,20.192000000
130.056499,20.193000000
130.068754,20.194000000
130.070924,20.195000000
130.072999,20.196000000
130.078186,20.197000000
130.080326,20.198000000
130.082543,20.199000000
130.087513,20.200000000
130.091843,20.201000000
130.094002,20.202000000
130.098614,20.203000000
130.100832,20.204000000
130.103046,20.205000000
130.105214,20.206000000
130.115560,20.207000000
130.128974,20.208000000
130.131186,20.209000000
130.137977,20.210000000
130.141621,20.211000000
130.145159,20.212000000
130.150149,20.213000000
130.154366,20.214000000
130.162122,20.215000000
130.167775,20.216000000
130.171700,20.217000000
130.173851,20.218000000
130.178333,20.219000000
130.180647,20.220000000
130.184933,20.221000000
130.187079,20.222000000
130.190712,20.223000000
130.194067,20.224000000
130.196389,20.225000000
130.209821,20.226000000
130.233979,20.227000000
130.238703,20.228000000
130.241119,20.229000000
130.244261,20.230000000
130.250432,20.231000000
130.254305,20.232000000
130.256653,20.233000000
130.262358,20.234000000
130.273960,20.235000000
130.276323,20.236000000
130.306320,20.237000000
130.306650,20.238000000
130.324963,20.239000000
130.334898,20.240000000
130.355140,20.241000000
130.356992,20.242000000
130.373027,20.243000000
130.390482,20.244000000
130.431276,20.245000000
130.431348,20.246000000
130.431427,20.247000000
130.439680,20.248000000
130.444603,20.249000000
130.448822,20.250000000
130.454781,20.251000000
130.457973,20.252000000
130.466995,20.253000000
130.494966,20.254000000
130.495036,20.255000000
130.534230,20.256000000
130.536127,20.257000000
130.543025,20.258000000
130.566631,20.259000000
130.566695,20.260000000
130.587956,20.261000000
130.597391,20.262000000
130.597485,20.263000000
130.597552,20.264000000
130.614963,20.265000000
130.626406,20.266000000
130.631217,20.267000000
130.638348,20.268000000
130.654778,20.269000000
130.662593,20.270000000
130.668423,20.271000000
130.675892,20.272000000
130.692381,20.273000000
130.699119,20.274000000
130.714944,20.275000000
130.721477,20.276000000
130.740921,20.277000000
130.755265,20.278000000
130.764624,20.279000000
130.780164,20.280000000
130.799235,20.281000000
130.804546,20.282000000
130.807942,20.283000000
130.824389,20.284000000
130.835027,20.285000000
130.835135,20.286000000
130.835664,20.287000000
130.836149,20.288000000
130.846474,20.289000000
130.846538,20.290000000
130.846581,20.291000000
130.849578,20.292000000
130.858002,20.293000000
130.858165,20.294000000
130.859918,20.295000000
130.872365,20.296000000
130.872664,20.297000000
130.900501,20.298000000
130.935554,20.299000000
130.954285,20.300000000
130.962304,20.301000000
130.962371,20.302000000
130.962797,20.303000000
130.967407,20.304000000
130.974635,20.305000000
130.977019,20.306000000
130.984059,20.307000000
131.012611,20.308000000
131.057972,20.309000000
131.061425,20.310000000
131.087508,20.311000000
131.093152,20.312000000
131.099658,20.313000000
131.101962,20.314000000
131.107292,20.315000000
131.112972,20.316000000
131.119148,20.317000000
131.131789,20.318000000
131.139811,20.319000000
131.145243,20.320000000
131.152164,20.321000000
131.155178,20.322000000
131.161151,20.323000000
131.169769,20.324000000
131.188258,20.325000000
131.196285,20.326000000
131.204394,20.327000000
131.211410,20.328000000
131.218195,20.329000000
131.224776,20.330000000
131.230133,20.331000000
131.234096,20.332000000
131.241695,20.333000000
131.249737,20.334000000
131.274871,20.335000000
131.276987,20.336000000
131.281346,20.337000000
131.281789,20.338000000
131.293365,20.339000000
131.293432,20.340000000
131.300628,20.341000000
131.316866,20.342000000
131.325103,20.343000000
131.332217,20.344000000
131.342471,20.345000000
131.348754,20.346000000
131.353688,20.347000000
131.366072,20.348000000
131.374911,20.349000000
131.383487,20.350000000
131.387791,20.351000000
131.391456,20.352000000
131.398606,20.353000000
131.410506,20.354000000
131.419271,20.355000000
131.434696,20.356000000
131.440772,20.357000000
131.443005,20.358000000
131.445720,20.359000000
131.449597,20.360000000
131.451919,20.361000000
131.454165,20.362000000
131.456458,20.363000000
131.458673,20.364000000
131.469893,20.365000000
131.491664,20.366000000
131.513135,20.367000000
131.518260,20.368000000
131.528831,20.369000000
131.534735,20.370000000
131.549315,20.371000000
131.555033,20.372000000
131.565712,20.373000000
131.574596,20.374000000
131.577928,20.375000000
131.582491,20.376000000
131.587774,20.377000000
131.592968,20.378000000
131.595564,20.379000000
131.599354,20.380000000
131.624040,20.381000000
131.629233,20.382000000
131.638305,20.383000000
131.664094,20.384000000
131.673427,20.385000000
131.678895,20.386000000
131.684091,20.387000000
131.688392,20.388000000
131.699350,20.389000000
131.706242,20.390000000
131.711182,20.391000000
131.717409,20.392000000
131.726835,20.393000000
131.735959,20.394000000
131.739676,20.395000000
131.750381,20.396000000
131.759616,20.397000000
131.764333,20.398000000
131.779868,20.399000000
131.784106,20.400000000
131.789957,20.401000000
131.794370,20.402000000
131.798579,20.403000000
131.814084,20.404000000
131.820853,20.405000000
131.824432,20.406000000
131.826678,20.407000000
131.839459,20.408000000
131.879092,20.409000000
131.881218,20.410000000
131.883264,20.411000000
131.888333,20.412000000
131.891013,20.413000000
131.914857,20.414000000
131.922395,20.415000000
131.930832,20.416000000
131.955816,20.417000000
131.967725,20.418000000
131.971683,20.419000000
131.983852,20.420000000
131.988171,20.421000000
131.999729,20.422000000
132.016436,20.423000000
132.025133,20.424000000
132.031204,20.425000000
132.037676,20.426000000
132.043093,20.427000000
132.054373,20.428000000
132.060701,20.429000000
132.067309,20.430000000
132.076061,20.431000000
132.082966,20.432000000
132.088668,20.433000000
132.096043,20.434000000
132.104405,20.435000000
132.111806,20.436000000
132.115116,20.437000000
132.129214,20.438000000
132.134267,20.439000000
132.144999,20.440000000
132.149297,20.441000000
132.152102,20.442000000
132.157512,20.443000000
132.163147,20.444000000
132.198869,20.445000000
132.198934,20.446000000
132.199011,20.447000000
132.206100,20.448000000
132.225084,20.449000000
132.254140,20.450000000
132.258417,20.451000000
132.262602,20.452000000
132.265136,20.453000000
132.267962,20.454000000
132.277252,20.455000000
132.279880,20.456000000
132.282131,20.457000000
132.284326,20.458000000
132.287005,20.459000000
132.289214,20.460000000
132.291364,20.461000000
132.293538,20.462000000
132.304320,20.463000000
132.322487,20.464000000
132.326209,20.465000000
132.330101,20.466000000
132.332952,20.467000000
132.335238,20.468000000
132.340030,20.469000000
132.343087,20.470000000
132.347093,20.471000000
132.349235,20.472000000
132.353742,20.473000000
132.356514,20.474000000
132.369791,20.475000000
132.379137,20.476000000
132.409250,20.477000000
132.416130,20.478000000
132.416191,20.479000000
132.433265,20.480000000
132.433326,20.481000000
132.457990,20.482000000
132.458053,20.483000000
132.473644,20.484000000
132.473706,20.485000000
132.489134,20.486000000
132.489214,20.487000000
132.510353,20.488000000
132.516117,20.489000000
132.516172,20.490000000
132.529442,20.491000000
132.530546,20.492000000
132.536210,20.493000000
132.540259,20.494000000
132.559672,20.495000000
132.563936,20.496000000
132.569227,20.497000000
132.605581,20.498000000
132.612281,20.499000000
132.618012,20.500000000
132.637474,20.501000000
132.641513,20.502000000
132.646996,20.503000000
132.653063,20.504000000
132.657647,20.505000000
132.664566,20.506000000
132.669724,20.507000000
132.701988,20.508000000
132.706307,20.509000000
132.711139,20.510000000
132.727829,20.511000000
132.736200,20.512000000
132.738361,20.513000000
132.784491,20.514000000
132.799557,20.515000000
132.809052,20.516000000
132.819364,20.517000000
132.832915,20.518000000
132.849852,20.519000000
132.863579,20.520000000
132.874974,20.521000000
132.886491,20.522000000
132.895637,20.523000000
132.906424,20.524000000
132.916488,20.525000000
132.924870,20.526000000
132.931714,20.527000000
132.936148,20.528000000
132.941821,20.529000000
132.955335,20.530000000
132.962135,20.531000000
132.968443,20.532000000
132.995005,20.533000000
133.000605,20.534000000
133.014501,20.535000000
133.021902,20.536000000
133.025987,20.537000000
133.028533,20.538000000
133.039711,20.539000000
133.073392,20.540000000
133.075800,20.541000000
133.086821,20.542000000
133.101740,20.543000000
133.108661,20.544000000
133.112839,20.545000000
133.149136,20.546000000
133.162754,20.547000000
133.169101,20.548000000
133.185881,20.549000000
133.199085,20.550000000
133.209946,20.551000000
133.213486,20.552000000
133.213539,20.553000000
133.221604,20.554000000
133.236045,20.555000000
133.236102,20.556000000
133.250025,20.557000000
133.250302,20.558000000
133.263267,20.559000000
133.277115,20.560000000
133.282919,20.561000000
133.289591,20.562000000
133.296197,20.563000000
133.310070,20.564000000
133.322762,20.565000000
133.328329,20.566000000
133.353986,20.567000000
133.360131,20.568000000
133.389066,20.569000000
133.396217,20.570000000
133.402161,20.571000000
133.419863,20.572000000
133.447961,20.573000000
133.453600,20.574000000
133.464835,20.575000000
133.478005,20.576000000
133.484968,20.577000000
133.518602,20.578000000
133.540489,20.579000000
133.552158,20.580000000
133.564342,20.581000000
133.577578,20.582000000
133.587666,20.583000000
133.604494,20.584000000
133.609689,20.585000000
133.630076,20.586000000
133.639096,20.587000000
133.643806,20.588000000
133.651628,20.589000000
133.673686,20.590000000
133.679251,20.591000000
133.693573,20.592000000
133.702849,20.593000000
133.709125,20.594000000
133.722975,20.595000000
133.738497,20.596000000
133.747761,20.597000000
133.769626,20.598000000
133.788288,20.599000000
133.818729,20.600000000
133.831678,20.601000000
133.844358,20.602000000
133.857839,20.603000000
133.870695,20.604000000
133.883529,20.605000000
133.895980,20.606000000
133.909076,20.607000000
133.917105,20.608000000
133.923504,20.609000000
133.933668,20.610000000
133.939272,20.611000000
133.952417,20.612000000
133.978195,20.613000000
133.983895,20.614000000
134.006352,20.615000000
134.016572,20.616000000
134.022755,20.617000000
134.046144,20.618000000
134.053837,20.619000000
134.071444,20.620000000
134.078846,20.621000000
134.095333,20.622000000
134.120613,20.623000000
134.149854,20.624000000
134.158865,20.625000000
134.176229,20.626000000
134.189463,20.627000000
134.206075,20.628000000
134.231878,20.629000000
134.239929,20.630000000
134.245548,20.631000000
134.264021,20.632000000
134.276883,20.633000000
134.293184,20.634000000
134.298630,20.635000000
134.306862,20.636000000
134.311063,20.637000000
134.317392,20.638000000
134.323397,20.639000000
134.350178,20.640000000
134.352515,20.641000000
134.357939,20.642000000
134.369390,20.643000000
134.376280,20.644000000
134.381979,20.645000000
134.386389,20.646000000
134.401542,20.647000000
134.429396,20.648000000
134.435481,20.649000000
134.459563,20.650000000
134.462190,20.651000000
134.469959,20.652000000
134.487915,20.653000000
134.501593,20.654000000
134.507804,20.655000000
134.520976,20.656000000
134.529308,20.657000000
134.538474,20.658000000
134.547822,20.659000000
134.554096,20.660000000
134.563421,20.661000000
134.569666,20.662000000
134.576907,20.663000000
134.592461,20.664000000
134.602252,20.665000000
134.611608,20.666000000
134.620074,20.667000000
134.627505,20.668000000
134.636608,20.669000000
134.644617,20.670000000
134.655093,20.671000000
134.663486,20.672000000
134.669544,20.673000000
134.683642,20.674000000
134.691990,20.675000000
134.701522,20.676000000
134.708174,20.677000000
134.717601,20.678000000
134.725103,20.679000000
134.731605,20.680000000
134.742122,20.681000000
134.749084,20.682000000
134.754781,20.683000000
134.763493,20.684000000
134.772797,20.685000000
134.778358,20.686000000
134.787702,20.687000000
134.797145,20.688000000
134.804757,20.689000000
134.810910,20.690000000
134.837496,20.691000000
134.852751,20.692000000
134.857989,20.693000000
134.862263,20.694000000
134.874684,20.695000000
134.878611,20.696000000
134.883135,20.697000000
134.889829,20.698000000
134.922896,20.699000000
134.934448,20.700000000
134.958239,20.701000000
134.962367,20.702000000
134.980654,20.703000000
134.991802,20.704000000
135.003844,20.705000000
135.011903,20.706000000
135.024898,20.707000000
135.025967,20.708000000
135.041034,20.709000000
135.055086,20.710000000
135.055150,20.711000000
135.068628,20.712000000
135.070205,20.713000000
135.087302,20.714000000
135.097950,20.715000000
135.098234,20.716000000
135.107168,20.717000000
135.107231,20.718000000
135.139487,20.719000000
135.139557,20.720000000
135.149045,20.721000000
135.151330,20.722000000
135.169336,20.723000000
135.181339,20.724000000
135.181434,20.725000000
135.194307,20.726000000
135.205159,20.727000000
135.234156,20.728000000
135.234231,20.729000000
135.252932,20.730000000
135.253212,20.731000000
135.272218,20.732000000
135.280644,20.733000000
135.280722,20.734000000
135.323378,20.735000000
135.323446,20.736000000
135.347588,20.737000000
135.347652,20.738000000
135.373788,20.739000000
135.379330,20.740000000
135.395019,20.741000000
135.405080,20.742000000
135.410625,20.743000000
135.422728,20.744000000
135.441546,20.745000000
135.447125,20.746000000
135.453559,20.747000000
135.478282,20.748000000
135.485853,20.749000000
135.496844,20.750000000
135.497105,20.751000000
135.511838,20.752000000
135.518685,20.753000000
135.525859,20.754000000
135.529687,20.755000000
135.558989,20.756000000
135.577103,20.757000000
135.577193,20.758000000
135.577818,20.759000000
135.595776,20.760000000
135.602948,20.761000000
135.607168,20.762000000
135.619215,20.763000000
135.619904,20.764000000
135.661588,20.765000000
135.661839,20.766000000
135.676659,20.767000000
135.688764,20.768000000
135.698460,20.769000000
135.708598,20.770000000
135.726755,20.771000000
135.742540,20.772000000
135.752722,20.773000000
135.760309,20.774000000
135.774596,20.775000000
135.784554,20.776000000
135.784877,20.777000000
135.805090,20.778000000
135.808470,20.779000000
135.822418,20.780000000
135.822790,20.781000000
135.853057,20.782000000
135.863102,20.783000000
135.876693,20.784000000
135.882675,20.785000000
135.886442,20.786000000
135.894891,20.787000000
135.919704,20.788000000
135.924740,20.789000000
135.953275,20.790000000
135.953345,20.791000000
135.953391,20.792000000
135.987853,20.793000000
135.996018,20.794000000
136.011911,20.795000000
136.023992,20.796000000
136.042001,20.797000000
136.056849,20.798000000
136.067853,20.799000000
136.078115,20.800000000
136.094123,20.801000000
136.102935,20.802000000
136.109244,20.803000000
136.120274,20.804000000
136.133363,20.805000000
136.145210,20.806000000
136.145309,20.807000000
136.168117,20.808000000
136.178641,20.809000000
136.182210,20.810000000
136.200999,20.811000000
136.202868,20.812000000
136.205262,20.813000000
136.216071,20.814000000
136.242640,20.815000000
136.248735,20.816000000
136.249410,20.817000000
136.263349,20.818000000
136.271818,20.819000000
136.277863,20.820000000
136.315280,20.821000000
136.322696,20.822000000
136.348124,20.823000000
136.348413,20.824000000
136.362022,20.825000000
136.362094,20.826000000
136.396158,20.827000000
136.410642,20.828000000
136.413886,20.829000000
136.432695,20.830000000
136.447284,20.831000000
136.449486,20.832000000
136.459398,20.833000000
136.470928,20.834000000
136.492890,20.835000000
136.503699,20.836000000
136.520967,20.837000000
136.533987,20.838000000
136.552732,20.839000000
136.570488,20.840000000
136.572723,20.841000000
136.600243,20.842000000
136.610776,20.843000000
136.624333,20.844000000
136.624398,20.845000000
136.641479,20.846000000
136.653201,20.847000000
136.658796,20.848000000
136.659637,20.849000000
136.682581,20.850000000
136.703872,20.851000000
136.726816,20.852000000
136.735438,20.853000000
136.746851,20.854000000
136.746907,20.855000000
136.746917,20.856000000
136.753955,20.857000000
136.753994,20.858000000
136.763000,20.859000000
136.763053,20.860000000
136.790865,20.861000000
136.790913,20.862000000
136.821316,20.863000000
136.821369,20.864000000
136.821707,20.865000000
136.843281,20.866000000
136.867444,20.867000000
136.889922,20.868000000
136.903858,20.869000000
136.914323,20.870000000
136.916540,20.871000000
136.920332,20.872000000
136.939990,20.873000000
136.955145,20.874000000
136.959327,20.875000000
136.970036,20.876000000
136.972247,20.877000000
136.989403,20.878000000
136.994712,20.879000000
137.003946,20.880000000
137.008888,20.881000000
137.022566,20.882000000
137.033064,20.883000000
137.033110,20.884000000
137.048846,20.885000000
137.071217,20.886000000
137.071295,20.887000000
137.092880,20.888000000
137.092936,20.889000000
137.118109,20.890000000
137.118158,20.891000000
137.119371,20.892000000
137.127158,20.893000000
137.128834,20.894000000
137.138334,20.895000000
137.153988,20.896000000
137.165711,20.897000000
137.171911,20.898000000
137.183990,20.899000000
137.202993,20.900000000
137.213032,20.901000000
137.213097,20.902000000
137.229827,20.903000000
137.229895,20.904000000
137.236986,20.905000000
137.237431,20.906000000
137.248889,20.907000000
137.248951,20.908000000
137.255183,20.909000000
137.255441,20.910000000
137.261147,20.911000000
137.285337,20.912000000
137.292119,20.913000000
137.297969,20.914000000
137.305830,20.915000000
137.306065,20.916000000
137.316843,20.917000000
137.327941,20.918000000
137.328005,20.919000000
137.334963,20.920000000
137.359522,20.921000000
137.368302,20.922000000
137.376939,20.923000000
137.390422,20.924000000
137.398040,20.925000000
137.410789,20.926000000
137.422734,20.927000000
137.427835,20.928000000
137.450913,20.929000000
137.473812,20.930000000
137.473879,20.931000000
137.475071,20.932000000
137.480294,20.933000000
137.485083,20.934000000
137.495672,20.935000000
137.495736,20.936000000
137.501133,20.937000000
137.507115,20.938000000
137.507670,20.939000000
137.527048,20.940000000
137.527315,20.941000000
137.540198,20.942000000
137.540269,20.943000000
137.540506,20.944000000
137.567104,20.945000000
137.567168,20.946000000
137.569519,20.947000000
137.577894,20.948000000
137.577960,20.949000000
137.588482,20.950000000
137.588733,20.951000000
137.610060,20.952000000
137.626267,20.953000000
137.643422,20.954000000
137.654212,20.955000000
137.665889,20.956000000
137.677844,20.957000000
137.687509,20.958000000
137.708872,20.959000000
137.725509,20.960000000
137.739206,20.961000000
137.752003,20.962000000
137.762427,20.963000000
137.788498,20.964000000
137.799917,20.965000000
137.809887,20.966000000
137.829874,20.967000000
137.843941,20.968000000
137.861265,20.969000000
137.886175,20.970000000
137.899384,20.971000000
137.913941,20.972000000
137.926224,20.973000000
137.936782,20.974000000
137.965371,20.975000000
137.982482,20.976000000
137.982778,20.977000000
138.018859,20.978000000
138.027605,20.979000000
138.040937,20.980000000
138.047933,20.981000000
138.053562,20.982000000
138.061598,20.983000000
138.082492,20.984000000
138.092128,20.985000000
138.096709,20.986000000
138.102541,20.987000000
138.124151,20.988000000
138.124219,20.989000000
138.124262,20.990000000
138.147244,20.991000000
138.149185,20.992000000
138.158870,20.993000000
138.173305,20.994000000
138.183078,20.995000000
138.194031,20.996000000
138.207989,20.997000000
138.208300,20.998000000
138.223907,20.999000000
138.250420,21.000000000
138.268484,21.001000000
138.268549,21.002000000
138.268592,21.003000000
138.268633,21.004000000
138.268672,21.005000000
138.268941,21.006000000
138.276135,21.007000000
138.276406,21.008000000
138.281411,21.009000000
138.281472,21.010000000
138.285371,21.011000000
138.289817,21.012000000
138.295609,21.013000000
138.297953,21.014000000
138.298220,21.015000000
138.302577,21.016000000
138.302896,21.017000000
138.303228,21.018000000
138.305421,21.019000000
138.332119,21.020000000
138.336699,21.021000000
138.345887,21.022000000
138.350140,21.023000000
138.357802,21.024000000
138.366227,21.025000000
138.381973,21.026000000
138.382295,21.027000000
138.388150,21.028000000
138.399731,21.029000000
138.404053,21.030000000
138.411916,21.031000000
138.421805,21.032000000
138.429929,21.033000000
138.435676,21.034000000
138.441843,21.035000000
138.449097,21.036000000
138.455576,21.037000000
138.463388,21.038000000
138.474731,21.039000000
138.484822,21.040000000
138.488931,21.041000000
138.495948,21.042000000
138.505721,21.043000000
138.511932,21.044000000
138.520135,21.045000000
138.525760,21.046000000
138.531910,21.047000000
138.541301,21.048000000
138.547963,21.049000000
138.551972,21.050000000
138.563744,21.051000000
138.568411,21.052000000
138.572244,21.053000000
138.587111,21.054000000
138.610229,21.055000000
138.610305,21.056000000
138.610384,21.057000000
138.615619,21.058000000
138.625581,21.059000000
138.637162,21.060000000
138.643159,21.061000000
138.646860,21.062000000
138.659425,21.063000000
138.666272,21.064000000
138.674250,21.065000000
138.694464,21.066000000
138.694561,21.067000000
138.695538,21.068000000
138.708867,21.069000000
138.708935,21.070000000
138.718801,21.071000000
138.727604,21.072000000
138.740100,21.073000000
138.740166,21.074000000
138.742556,21.075000000
138.754519,21.076000000
138.762787,21.077000000
138.773019,21.078000000
138.773086,21.079000000
138.787922,21.080000000
138.788203,21.081000000
138.803901,21.082000000
138.803966,21.083000000
138.810858,21.084000000
138.818023,21.085000000
138.836823,21.086000000
138.836915,21.087000000
138.837182,21.088000000
138.844494,21.089000000
138.858534,21.090000000
138.858606,21.091000000
138.868859,21.092000000
138.869113,21.093000000
138.876666,21.094000000
138.888886,21.095000000
138.894110,21.096000000
138.899821,21.097000000
138.909996,21.098000000
138.910054,21.099000000
138.924788,21.100000000
138.936775,21.101000000
138.943115,21.102000000
138.957694,21.103000000
138.967220,21.104000000
138.982597,21.105000000
139.002246,21.106000000
139.002536,21.107000000
139.015254,21.108000000
139.019530,21.109000000
139.027137,21.110000000
139.027200,21.111000000
139.035410,21.112000000
139.059227,21.113000000
139.059293,21.114000000
139.068092,21.115000000
139.083312,21.116000000
139.083639,21.117000000
139.111213,21.118000000
139.111283,21.119000000
139.125841,21.120000000
139.137541,21.121000000
139.160817,21.122000000
139.167179,21.123000000
139.196959,21.124000000
139.197024,21.125000000
139.197296,21.126000000
139.215807,21.127000000
139.223233,21.128000000
139.225676,21.129000000
139.242875,21.130000000
139.260764,21.131000000
139.266440,21.132000000
139.284373,21.133000000
139.307495,21.134000000
139.317558,21.135000000
139.330650,21.136000000
139.343130,21.137000000
139.355776,21.138000000
139.362951,21.139000000
139.380617,21.140000000
139.387034,21.141000000
139.390845,21.142000000
139.394012,21.143000000
139.438110,21.144000000
139.444907,21.145000000
139.447484,21.146000000
139.456804,21.147000000
139.465019,21.148000000
139.468371,21.149000000
139.510586,21.150000000
139.510640,21.151000000
139.532385,21.152000000
139.536128,21.153000000
139.572953,21.154000000
139.587933,21.155000000
139.590865,21.156000000
139.605003,21.157000000
139.629198,21.158000000
139.640505,21.159000000
139.654901,21.160000000
139.675447,21.161000000
139.685974,21.162000000
139.694171,21.163000000
139.705590,21.164000000
139.717009,21.165000000
139.733284,21.166000000
139.738524,21.167000000
139.748861,21.168000000
139.751502,21.169000000
139.753750,21.170000000
139.756272,21.171000000
139.758623,21.172000000
139.760940,21.173000000
139.763686,21.174000000
139.765990,21.175000000
139.768640,21.176000000
139.770945,21.177000000
139.773436,21.178000000
139.782641,21.179000000
139.785070,21.180000000
139.787366,21.181000000
139.791038,21.182000000
139.802222,21.183000000
139.807199,21.184000000
139.825504,21.185000000
139.828041,21.186000000
139.847768,21.187000000
139.850912,21.188000000
139.853517,21.189000000
139.856004,21.190000000
139.858709,21.191000000
139.861416,21.192000000
139.863672,21.193000000
139.866124,21.194000000
139.868396,21.195000000
139.870830,21.196000000
139.873266,21.197000000
139.875525,21.198000000
139.877796,21.199000000
139.880464,21.200000000
139.883738,21.201000000
139.887584,21.202000000
139.890945,21.203000000
139.893355,21.204000000
139.895658,21.205000000
139.898135,21.206000000
139.900942,21.207000000
139.911276,21.208000000
139.941240,21.209000000
139.941864,21.210000000
139.942412,21.211000000
139.947402,21.212000000
139.948224,21.213000000
139.948276,21.214000000
139.951152,21.215000000
139.951491,21.216000000
139.956033,21.217000000
139.969650,21.218000000
139.969713,21.219000000
139.969755,21.220000000
139.969794,21.221000000
139.969831,21.222000000
139.970773,21.223000000
139.973310,21.224000000
139.989095,21.225000000
139.989159,21.226000000
139.989227,21.227000000
140.003576,21.228000000
140.024589,21.229000000
140.035820,21.230000000
140.052345,21.231000000
140.090732,21.232000000
140.114450,21.233000000
140.119914,21.234000000
140.153271,21.235000000
140.169812,21.236000000
140.175728,21.237000000
140.187793,21.238000000
140.193791,21.239000000
140.206217,21.240000000
140.219021,21.241000000
140.223962,21.242000000
140.228994,21.243000000
140.231846,21.244000000
140.252248,21.245000000
140.278316,21.246000000
140.293572,21.247000000
140.299296,21.248000000
140.305998,21.249000000
140.316073,21.250000000
140.321350,21.251000000
140.330528,21.252000000
140.339119,21.253000000
140.343596,21.254000000
140.348240,21.255000000
140.353238,21.256000000
140.373205,21.257000000
140.381633,21.258000000
140.390905,21.259000000
140.418137,21.260000000
140.432696,21.261000000
140.443512,21.262000000
140.466270,21.263000000
140.489706,21.264000000
140.513981,21.265000000
140.532917,21.266000000
140.551662,21.267000000
140.551732,21.268000000
140.551792,21.269000000
140.552420,21.270000000
140.555367,21.271000000
140.555825,21.272000000
140.558667,21.273000000
140.564366,21.274000000
140.574952,21.275000000
140.575029,21.276000000
140.575680,21.277000000
140.577425,21.278000000
140.585805,21.279000000
140.585871,21.280000000
140.592089,21.281000000
140.594356,21.282000000
140.597293,21.283000000
140.599753,21.284000000
140.602514,21.285000000
140.608504,21.286000000
140.611398,21.287000000
140.615234,21.288000000
140.624364,21.289000000
140.628050,21.290000000
140.630641,21.291000000
140.633477,21.292000000
140.636557,21.293000000
140.640208,21.294000000
140.643082,21.295000000
140.649562,21.296000000
140.651995,21.297000000
140.675308,21.298000000
140.682360,21.299000000
140.695397,21.300000000
140.697984,21.301000000
140.705336,21.302000000
140.708285,21.303000000
140.712479,21.304000000
140.715590,21.305000000
140.718588,21.306000000
140.721669,21.307000000
140.724167,21.308000000
140.726894,21.309000000
140.729345,21.310000000
140.731517,21.311000000
140.733998,21.312000000
140.736256,21.313000000
140.739511,21.314000000
140.745297,21.315000000
140.749799,21.316000000
140.752672,21.317000000
140.756337,21.318000000
140.761118,21.319000000
140.766601,21.320000000
140.772351,21.321000000
140.778193,21.322000000
140.783506,21.323000000
140.792784,21.324000000
140.800428,21.325000000
140.809076,21.326000000
140.814867,21.327000000
140.822757,21.328000000
140.830572,21.329000000
140.836705,21.330000000
140.844365,21.331000000
140.850280,21.332000000
140.854230,21.333000000
140.872027,21.334000000
140.878712,21.335000000
140.881213,21.336000000
140.900316,21.337000000
140.904995,21.338000000
140.913758,21.339000000
140.918814,21.340000000
140.930045,21.341000000
140.933777,21.342000000
140.959410,21.343000000
140.968234,21.344000000
140.983302,21.345000000
140.988670,21.346000000
140.999968,21.347000000
141.030568,21.348000000
141.035289,21.349000000
141.037945,21.350000000
141.040795,21.351000000
141.043341,21.352000000
141.045711,21.353000000
141.048726,21.354000000
141.057899,21.355000000
141.067440,21.356000000
141.070297,21.357000000
141.073871,21.358000000
141.076829,21.359000000
141.079233,21.360000000
141.081873,21.361000000
141.085134,21.362000000
141.102727,21.363000000
141.106122,21.364000000
141.121998,21.365000000
141.124463,21.366000000
141.129020,21.367000000
141.144776,21.368000000
141.157929,21.369000000
141.172218,21.370000000
141.181753,21.371000000
141.192808,21.372000000
141.199993,21.373000000
141.204219,21.374000000
141.212381,21.375000000
141.231152,21.376000000
141.239473,21.377000000
141.246700,21.378000000
141.251199,21.379000000
141.289092,21.380000000
141.304254,21.381000000
141.309239,21.382000000
141.329298,21.383000000
141.334234,21.384000000
141.345508,21.385000000
141.373051,21.386000000
141.375586,21.387000000
141.384773,21.388000000
141.396933,21.389000000
141.406609,21.390000000
141.414259,21.391000000
141.442717,21.392000000
141.454875,21.393000000
141.464078,21.394000000
141.475963,21.395000000
141.488823,21.396000000
141.500909,21.397000000
141.511770,21.398000000
141.525460,21.399000000
141.532212,21.400000000
141.547648,21.401000000
141.558167,21.402000000
141.563652,21.403000000
141.570286,21.404000000
141.581176,21.405000000
141.594969,21.406000000
141.609348,21.407000000
141.624312,21.408000000
141.631356,21.409000000
141.648092,21.410000000
141.668728,21.411000000
141.677796,21.412000000
141.685681,21.413000000
141.710685,21.414000000
141.722774,21.415000000
141.727427,21.416000000
141.742120,21.417000000
141.752302,21.418000000
141.783968,21.419000000
141.797207,21.420000000
141.804462,21.421000000
141.816674,21.422000000
141.826816,21.423000000
141.837944,21.424000000
141.846978,21.425000000
141.852132,21.426000000
141.858482,21.427000000
141.865433,21.428000000
141.871188,21.429000000
141.880310,21.430000000
141.885035,21.431000000
141.896146,21.432000000
141.902646,21.433000000
141.928312,21.434000000
141.933044,21.435000000
141.959958,21.436000000
141.965770,21.437000000
141.971210,21.438000000
141.985715,21.439000000
141.991457,21.440000000
142.001606,21.441000000
142.004457,21.442000000
142.025266,21.443000000
142.030003,21.444000000
142.049744,21.445000000
142.052058,21.446000000
142.060682,21.447000000
142.090993,21.448000000
142.099811,21.449000000
142.114533,21.450000000
142.124949,21.451000000
142.137035,21.452000000
142.148214,21.453000000
142.158601,21.454000000
142.171255,21.455000000
142.181777,21.456000000
142.193060,21.457000000
142.198097,21.458000000
142.212551,21.459000000
142.229211,21.460000000
142.250618,21.461000000
142.256006,21.462000000
142.259494,21.463000000
142.275331,21.464000000
142.281865,21.465000000
142.285161,21.466000000
142.288818,21.467000000
142.291142,21.468000000
142.299597,21.469000000
142.311505,21.470000000
142.316424,21.471000000
142.329006,21.472000000
142.331590,21.473000000
142.334244,21.474000000
142.345907,21.475000000
142.349350,21.476000000
142.366648,21.477000000
142.371500,21.478000000
142.393536,21.479000000
142.404458,21.480000000
142.415154,21.481000000
142.423767,21.482000000
142.436387,21.483000000
142.442004,21.484000000
142.447416,21.485000000
142.450740,21.486000000
142.461935,21.487000000
142.466403,21.488000000
142.468737,21.489000000
142.479923,21.490000000
142.487227,21.491000000
142.494031,21.492000000
142.498906,21.493000000
142.505984,21.494000000
142.511437,21.495000000
142.517612,21.496000000
142.521091,21.497000000
142.524105,21.498000000
142.527807,21.499000000
142.532305,21.500000000
142.542836,21.501000000
142.555677,21.502000000
142.558210,21.503000000
142.562871,21.504000000
142.565449,21.505000000
142.582055,21.506000000
142.587045,21.507000000
142.591005,21.508000000
142.593794,21.509000000
142.596808,21.510000000
142.616039,21.511000000
142.619859,21.512000000
142.658410,21.513000000
142.670098,21.514000000
142.695374,21.515000000
142.709440,21.516000000
142.713777,21.517000000
142.715750,21.518000000
142.734445,21.519000000
142.734699,21.520000000
142.734755,21.521000000
142.734795,21.522000000
142.734833,21.523000000
142.734871,21.524000000
142.736236,21.525000000
142.745094,21.526000000
142.745185,21.527000000
142.746077,21.528000000
142.771596,21.529000000
142.773318,21.530000000
142.784166,21.531000000
142.785274,21.532000000
142.793366,21.533000000
142.803034,21.534000000
142.803093,21.535000000
142.811257,21.536000000
142.813837,21.537000000
142.853143,21.538000000
142.855561,21.539000000
142.872457,21.540000000
142.894242,21.541000000
142.898257,21.542000000
142.904439,21.543000000
142.915976,21.544000000
142.930743,21.545000000
142.945632,21.546000000
142.954766,21.547000000
142.965122,21.548000000
142.975868,21.549000000
142.985725,21.550000000
142.993874,21.551000000
143.000185,21.552000000
143.009750,21.553000000
143.016814,21.554000000
143.030020,21.555000000
143.035358,21.556000000
143.045505,21.557000000
143.055504,21.558000000
143.075183,21.559000000
143.085240,21.560000000
143.097436,21.561000000
143.106749,21.562000000
143.123787,21.563000000
143.136234,21.564000000
143.149750,21.565000000
143.159238,21.566000000
143.171082,21.567000000
143.179498,21.568000000
143.191374,21.569000000
143.200184,21.570000000
143.210295,21.571000000
143.221301,21.572000000
143.238849,21.573000000
143.241863,21.574000000
143.263242,21.575000000
143.272369,21.576000000
143.283429,21.577000000
143.292247,21.578000000
143.305133,21.579000000
143.311600,21.580000000
143.323796,21.581000000
143.329069,21.582000000
143.339272,21.583000000
143.350170,21.584000000
143.362414,21.585000000
143.368371,21.586000000
143.379129,21.587000000
143.389905,21.588000000
143.393996,21.589000000
143.402305,21.590000000
143.413016,21.591000000
143.424312,21.592000000
143.430083,21.593000000
143.442054,21.594000000
143.451820,21.595000000
143.456932,21.596000000
143.468228,21.597000000
143.472969,21.598000000
143.482472,21.599000000
143.491947,21.600000000
143.498170,21.601000000
143.508247,21.602000000
143.514919,21.603000000
143.524526,21.604000000
143.534045,21.605000000
143.542302,21.606000000
143.547563,21.607000000
143.565457,21.608000000
143.574085,21.609000000
143.582821,21.610000000
143.595939,21.611000000
143.605127,21.612000000
143.608959,21.613000000
143.616800,21.614000000
143.637004,21.615000000
143.652915,21.616000000
143.663664,21.617000000
143.679047,21.618000000
143.679111,21.619000000
143.692926,21.620000000
143.694732,21.621000000
143.699178,21.622000000
143.717635,21.623000000
143.720056,21.624000000
143.722483,21.625000000
143.725884,21.626000000
143.739947,21.627000000
143.745111,21.628000000
143.747587,21.629000000
143.751091,21.630000000
143.757534,21.631000000
143.760363,21.632000000
143.762377,21.633000000
143.763913,21.634000000
143.765453,21.635000000
143.767060,21.636000000
143.769306,21.637000000
143.772305,21.638000000
143.790423,21.639000000
143.800508,21.640000000
143.805108,21.641000000
143.811346,21.642000000
143.818519,21.643000000
143.822702,21.644000000
143.827560,21.645000000
143.837323,21.646000000
143.842662,21.647000000
143.846387,21.648000000
143.851487,21.649000000
143.857860,21.650000000
143.869989,21.651000000
143.872530,21.652000000
143.882613,21.653000000
143.909859,21.654000000
143.918826,21.655000000
143.948939,21.656000000
143.959226,21.657000000
143.962094,21.658000000
143.973102,21.659000000
143.975517,21.660000000
143.978260,21.661000000
143.983172,21.662000000
144.006956,21.663000000
144.022321,21.664000000
144.036660,21.665000000
144.045999,21.666000000
144.050303,21.667000000
144.064049,21.668000000
144.075670,21.669000000
144.087577,21.670000000
144.105812,21.671000000
144.115020,21.672000000
144.136763,21.673000000
144.149113,21.674000000
144.177935,21.675000000
144.191791,21.676000000
144.200013,21.677000000
144.208573,21.678000000
144.217577,21.679000000
144.241117,21.680000000
144.265652,21.681000000
144.269973,21.682000000
144.286174,21.683000000
144.299096,21.684000000
144.304546,21.685000000
144.332885,21.686000000
144.340366,21.687000000
144.349719,21.688000000
144.351262,21.689000000
144.351651,21.690000000
144.359865,21.691000000
144.361594,21.692000000
144.362985,21.693000000
144.369802,21.694000000
144.382611,21.695000000
144.396710,21.696000000
144.401961,21.697000000
144.411980,21.698000000
144.412044,21.699000000
144.426123,21.700000000
144.437730,21.701000000
144.446992,21.702000000
144.460564,21.703000000
144.468009,21.704000000
144.474221,21.705000000
144.490101,21.706000000
144.497199,21.707000000
144.508851,21.708000000
144.527293,21.709000000
144.539609,21.710000000
144.554024,21.711000000
144.567995,21.712000000
144.575546,21.713000000
144.580145,21.714000000
144.584873,21.715000000
144.587659,21.716000000
144.590100,21.717000000
144.592686,21.718000000
144.595129,21.719000000
144.597534,21.720000000
144.599841,21.721000000
144.602191,21.722000000
144.604446,21.723000000
144.606930,21.724000000
144.609322,21.725000000
144.616057,21.726000000
144.619562,21.727000000
144.621903,21.728000000
144.624322,21.729000000
144.626821,21.730000000
144.629222,21.731000000
144.631482,21.732000000
144.633641,21.733000000
144.636116,21.734000000
144.639813,21.735000000
144.642354,21.736000000
144.644668,21.737000000
144.655972,21.738000000
144.658437,21.739000000
144.660750,21.740000000
144.662990,21.741000000
144.665502,21.742000000
144.688169,21.743000000
144.720014,21.744000000
144.736940,21.745000000
144.752065,21.746000000
144.773512,21.747000000
144.784717,21.748000000
144.794382,21.749000000
144.804151,21.750000000
144.818972,21.751000000
144.828183,21.752000000
144.833692,21.753000000
144.838545,21.754000000
144.850516,21.755000000
144.875473,21.756000000
144.875992,21.757000000
144.914130,21.758000000
144.942349,21.759000000
144.951068,21.760000000
144.962992,21.761000000
144.970894,21.762000000
144.987334,21.763000000
145.014257,21.764000000
145.025355,21.765000000
145.035857,21.766000000
145.043389,21.767000000
145.054225,21.768000000
145.062401,21.769000000
145.098166,21.770000000
145.098699,21.771000000
145.116571,21.772000000
145.131755,21.773000000
145.144121,21.774000000
145.150761,21.775000000
145.158677,21.776000000
145.175000,21.777000000
145.185954,21.778000000
145.198451,21.779000000
145.207197,21.780000000
145.222055,21.781000000
145.230609,21.782000000
145.247924,21.783000000
145.273586,21.784000000
145.282878,21.785000000
145.291580,21.786000000
145.316033,21.787000000
145.325423,21.788000000
145.340347,21.789000000
145.348418,21.790000000
145.356110,21.791000000
145.380283,21.792000000
145.388424,21.793000000
145.414685,21.794000000
145.433108,21.795000000
145.460016,21.796000000
145.473759,21.797000000
145.485906,21.798000000
145.502031,21.799000000
145.519833,21.800000000
145.531366,21.801000000
145.557791,21.802000000
145.572634,21.803000000
145.577183,21.804000000
145.596596,21.805000000
145.602809,21.806000000
145.610612,21.807000000
145.651466,21.808000000
145.653377,21.809000000
145.667754,21.810000000
145.670437,21.811000000
145.681029,21.812000000
145.709500,21.813000000
145.715256,21.814000000
145.725842,21.815000000
145.743609,21.816000000
145.757333,21.817000000
145.781790,21.818000000
145.791622,21.819000000
145.800461,21.820000000
145.810517,21.821000000
145.821893,21.822000000
145.833895,21.823000000
145.846993,21.824000000
145.862437,21.825000000
145.874693,21.826000000
145.885132,21.827000000
145.898067,21.828000000
145.908123,21.829000000
145.926371,21.830000000
145.932700,21.831000000
145.948925,21.832000000
145.951794,21.833000000
145.958163,21.834000000
145.968163,21.835000000
145.993277,21.836000000
146.000053,21.837000000
146.004314,21.838000000
146.012933,21.839000000
146.023253,21.840000000
146.042723,21.841000000
146.043693,21.842000000
146.054998,21.843000000
146.057836,21.844000000
146.067347,21.845000000
146.067830,21.846000000
146.073705,21.847000000
146.107589,21.848000000
146.109552,21.849000000
146.115627,21.850000000
146.116101,21.851000000
146.119542,21.852000000
146.133544,21.853000000
146.139580,21.854000000
146.147781,21.855000000
146.148192,21.856000000
146.179963,21.857000000
146.192106,21.858000000
146.204147,21.859000000
146.216994,21.860000000
146.226688,21.861000000
146.240030,21.862000000
146.257340,21.863000000
146.268335,21.864000000
146.280408,21.865000000
146.296026,21.866000000
146.303469,21.867000000
146.329306,21.868000000
146.352477,21.869000000
146.374225,21.870000000
146.395775,21.871000000
146.413389,21.872000000
146.423096,21.873000000
146.441950,21.874000000
146.454833,21.875000000
146.478832,21.876000000
146.493300,21.877000000
146.505051,21.878000000
146.529543,21.879000000
146.541598,21.880000000
146.561786,21.881000000
146.571005,21.882000000
146.580212,21.883000000
146.591146,21.884000000
146.599061,21.885000000
146.612970,21.886000000
146.639765,21.887000000
146.655376,21.888000000
146.663270,21.889000000
146.669064,21.890000000
146.674390,21.891000000
146.675042,21.892000000
146.697946,21.893000000
146.705045,21.894000000
146.714408,21.895000000
146.720041,21.896000000
146.723686,21.897000000
146.730586,21.898000000
146.749086,21.899000000
146.767032,21.900000000
146.775741,21.901000000
146.808665,21.902000000
146.826782,21.903000000
146.844011,21.904000000
146.859176,21.905000000
146.866691,21.906000000
146.873888,21.907000000
146.877566,21.908000000
146.885720,21.909000000
146.901337,21.910000000
146.913902,21.911000000
146.923071,21.912000000
146.934195,21.913000000
146.944586,21.914000000
146.962241,21.915000000
146.985881,21.916000000
146.999869,21.917000000
147.013589,21.918000000
147.025020,21.919000000
147.031368,21.920000000
147.062000,21.921000000
147.068005,21.922000000
147.079943,21.923000000
147.089743,21.924000000
147.105068,21.925000000
147.115823,21.926000000
147.136245,21.927000000
147.148846,21.928000000
147.161530,21.929000000
147.177262,21.930000000
147.192129,21.931000000
147.213125,21.932000000
147.220011,21.933000000
147.250976,21.934000000
147.269919,21.935000000
147.285370,21.936000000
147.287768,21.937000000
147.297819,21.938000000
147.325216,21.939000000
147.327169,21.940000000
147.329008,21.941000000
147.331024,21.942000000
147.333035,21.943000000
147.335379,21.944000000
147.337436,21.945000000
147.342546,21.946000000
147.352314,21.947000000
147.355803,21.948000000
147.375526,21.949000000
147.381038,21.950000000
147.388739,21.951000000
147.395985,21.952000000
147.400133,21.953000000
147.407904,21.954000000
147.412366,21.955000000
147.419952,21.956000000
147.422990,21.957000000
147.429095,21.958000000
147.435790,21.959000000
147.449149,21.960000000
147.451588,21.961000000
147.457019,21.962000000
147.474153,21.963000000
147.486703,21.964000000
147.493692,21.965000000
147.500623,21.966000000
147.510911,21.967000000
147.517218,21.968000000
147.519583,21.969000000
147.527406,21.970000000
147.546208,21.971000000
147.551049,21.972000000
147.560033,21.973000000
147.573238,21.974000000
147.578099,21.975000000
147.585937,21.976000000
147.634229,21.977000000
147.649351,21.978000000
147.661291,21.979000000
147.665932,21.980000000
147.675261,21.981000000
147.679503,21.982000000
147.690809,21.983000000
147.701030,21.984000000
147.707253,21.985000000
147.717054,21.986000000
147.724583,21.987000000
147.738084,21.988000000
147.748438,21.989000000
147.751663,21.990000000
147.772047,21.991000000
147.786617,21.992000000
147.791275,21.993000000
147.804224,21.994000000
147.806260,21.995000000
147.808333,21.996000000
147.810328,21.997000000
147.813015,21.998000000
147.817625,21.999000000
147.819789,22.000000000
147.822203,22.001000000
147.824277,22.002000000
147.826348,22.003000000
147.828441,22.004000000
147.830429,22.005000000
147.832754,22.006000000
147.835082,22.007000000
147.837239,22.008000000
147.839382,22.009000000
147.846712,22.010000000
147.848914,22.011000000
147.859391,22.012000000
147.866893,22.013000000
147.879836,22.014000000
147.902857,22.015000000
147.904738,22.016000000
147.914838,22.017000000
147.922945,22.018000000
147.941881,22.019000000
147.942465,22.020000000
147.947720,22.021000000
147.948115,22.022000000
147.950210,22.023000000
147.952252,22.024000000
147.954465,22.025000000
147.956569,22.026000000
147.997458,22.027000000
148.008227,22.028000000
148.023221,22.029000000
148.023291,22.030000000
148.025461,22.031000000
148.036296,22.032000000
148.039374,22.033000000
148.051143,22.034000000
148.051653,22.035000000
148.051701,22.036000000
148.051746,22.037000000
148.051756,22.038000000
148.054622,22.039000000
148.057369,22.040000000
148.066530,22.041000000
148.066908,22.042000000
148.075718,22.043000000
148.075786,22.044000000
148.075797,22.045000000
148.075806,22.046000000
148.075861,22.047000000
148.079972,22.048000000
148.082317,22.049000000
148.093132,22.050000000
148.103472,22.051000000
148.114935,22.052000000
148.122546,22.053000000
148.124837,22.054000000
148.135159,22.055000000
148.138543,22.056000000
148.140742,22.057000000
148.142835,22.058000000
148.160939,22.059000000
148.163091,22.060000000
148.168476,22.061000000
148.170844,22.062000000
148.177827,22.063000000
148.187360,22.064000000
148.193278,22.065000000
148.198977,22.066000000
148.219645,22.067000000
148.239222,22.068000000
148.242709,22.069000000
148.252005,22.070000000
148.263248,22.071000000
148.286504,22.072000000
148.293875,22.073000000
148.302171,22.074000000
148.316883,22.075000000
148.327121,22.076000000
148.355853,22.077000000
148.357901,22.078000000
148.372864,22.079000000
148.374953,22.080000000
148.383204,22.081000000
148.387847,22.082000000
148.392265,22.083000000
148.411302,22.084000000
148.424071,22.085000000
148.433041,22.086000000
148.440670,22.087000000
148.447156,22.088000000
148.453382,22.089000000
148.460968,22.090000000
148.467618,22.091000000
148.472349,22.092000000
148.480914,22.093000000
148.487312,22.094000000
148.493352,22.095000000
148.501298,22.096000000
148.507122,22.097000000
148.511349,22.098000000
148.522923,22.099000000
148.525009,22.100000000
148.531150,22.101000000
148.539351,22.102000000
148.551790,22.103000000
148.571671,22.104000000
148.580015,22.105000000
148.601056,22.106000000
148.608581,22.107000000
148.613106,22.108000000
148.619351,22.109000000
148.621661,22.110000000
148.629775,22.111000000
148.636451,22.112000000
148.641132,22.113000000
148.660974,22.114000000
148.676157,22.115000000
148.701171,22.116000000
148.704382,22.117000000
148.715494,22.118000000
148.717874,22.119000000
148.726542,22.120000000
148.730291,22.121000000
148.738330,22.122000000
148.740504,22.123000000
148.760964,22.124000000
148.769204,22.125000000
148.773595,22.126000000
148.792214,22.127000000
148.797838,22.128000000
148.801649,22.129000000
148.820317,22.130000000
148.825100,22.131000000
148.833967,22.132000000
148.842653,22.133000000
148.847728,22.134000000
148.854777,22.135000000
148.861844,22.136000000
148.868388,22.137000000
148.877568,22.138000000
148.880831,22.139000000
148.886792,22.140000000
148.892944,22.141000000
148.900805,22.142000000
148.907659,22.143000000
148.909894,22.144000000
148.922200,22.145000000
148.924484,22.146000000
148.938555,22.147000000
148.948396,22.148000000
148.950610,22.149000000
148.964531,22.150000000
148.966772,22.151000000
148.974234,22.152000000
148.984152,22.153000000
148.986395,22.154000000
148.994529,22.155000000
149.000988,22.156000000
149.016866,22.157000000
149.035298,22.158000000
149.042386,22.159000000
149.064884,22.160000000
149.074332,22.161000000
149.080839,22.162000000
149.083280,22.163000000
149.090742,22.164000000
149.098002,22.165000000
149.100291,22.166000000
149.128031,22.167000000
149.145005,22.168000000
149.154937,22.169000000
149.154984,22.170000000
149.160420,22.171000000
149.163527,22.172000000
149.169023,22.173000000
149.171399,22.174000000
149.173621,22.175000000
149.180819,22.176000000
149.196002,22.177000000
149.213233,22.178000000
149.216361,22.179000000
149.222219,22.180000000
149.243522,22.181000000
149.245428,22.182000000
149.250218,22.183000000
149.258924,22.184000000
149.261521,22.185000000
149.264261,22.186000000
149.283205,22.187000000
149.285217,22.188000000
149.287399,22.189000000
149.295041,22.190000000
149.299904,22.191000000
149.302100,22.192000000
149.304226,22.193000000
149.308814,22.194000000
149.321668,22.195000000
149.354805,22.196000000
149.359335,22.197000000
149.365746,22.198000000
149.372113,22.199000000
149.379371,22.200000000
149.386024,22.201000000
149.390823,22.202000000
149.395949,22.203000000
149.402265,22.204000000
149.409145,22.205000000
149.416668,22.206000000
149.422331,22.207000000
149.430785,22.208000000
149.435459,22.209000000
149.447217,22.210000000
149.449267,22.211000000
149.454778,22.212000000
149.475278,22.213000000
149.478020,22.214000000
149.486194,22.215000000
149.489075,22.216000000
149.495257,22.217000000
149.497421,22.218000000
149.525669,22.219000000
149.525717,22.220000000
149.539218,22.221000000
149.545635,22.222000000
149.548637,22.223000000
149.551096,22.224000000
149.554301,22.225000000
149.559266,22.226000000
149.565335,22.227000000
149.567366,22.228000000
149.570298,22.229000000
149.573805,22.230000000
149.578097,22.231000000
149.581343,22.232000000
149.584331,22.233000000
149.591164,22.234000000
149.593184,22.235000000
149.608707,22.236000000
149.612407,22.237000000
149.618598,22.238000000
149.620987,22.239000000
149.623332,22.240000000
149.627161,22.241000000
149.642238,22.242000000
149.648708,22.243000000
149.654409,22.244000000
149.659418,22.245000000
149.664346,22.246000000
149.667238,22.247000000
149.675951,22.248000000
149.681467,22.249000000
149.689662,22.250000000
149.692498,22.251000000
149.694987,22.252000000
149.699590,22.253000000
149.703499,22.254000000
149.705930,22.255000000
149.730081,22.256000000
149.738313,22.257000000
149.747260,22.258000000
149.761629,22.259000000
149.766582,22.260000000
149.776702,22.261000000
149.781550,22.262000000
149.800902,22.263000000
149.815517,22.264000000
149.824404,22.265000000
149.829416,22.266000000
149.835224,22.267000000
149.837495,22.268000000
149.842506,22.269000000
149.844730,22.270000000
149.857620,22.271000000
149.859779,22.272000000
149.865193,22.273000000
149.885412,22.274000000
149.887995,22.275000000
149.895600,22.276000000
149.908339,22.277000000
149.919035,22.278000000
149.922278,22.279000000
149.939914,22.280000000
149.958469,22.281000000
149.962754,22.282000000
149.974839,22.283000000
149.974881,22.284000000
149.992929,22.285000000
149.992973,22.286000000
149.994431,22.287000000
149.997115,22.288000000
150.005337,22.289000000
150.005384,22.290000000
150.005394,22.291000000
150.016491,22.292000000
150.016544,22.293000000
150.016556,22.294000000
150.017158,22.295000000
150.027713,22.296000000
150.027783,22.297000000
150.029645,22.298000000
150.043588,22.299000000
150.043648,22.300000000
150.043659,22.301000000
150.043668,22.302000000
150.043676,22.303000000
150.083691,22.304000000
150.098214,22.305000000
150.110492,22.306000000
150.118983,22.307000000
150.133857,22.308000000
150.144143,22.309000000
150.160788,22.310000000
150.169557,22.311000000
150.174723,22.312000000
150.182370,22.313000000
150.188388,22.314000000
150.190543,22.315000000
150.193821,22.316000000
150.196659,22.317000000
150.199481,22.318000000
150.207195,22.319000000
150.214903,22.320000000
150.218033,22.321000000
150.220965,22.322000000
150.225017,22.323000000
150.227288,22.324000000
150.230417,22.325000000
150.231987,22.326000000
150.235826,22.327000000
150.239985,22.328000000
150.242615,22.329000000
150.246251,22.330000000
150.248340,22.331000000
150.251865,22.332000000
150.268952,22.333000000
150.270444,22.334000000
150.272598,22.335000000
150.275174,22.336000000
150.291947,22.337000000
150.297358,22.338000000
150.299232,22.339000000
150.301614,22.340000000
150.303638,22.341000000
150.312143,22.342000000
150.322701,22.343000000
150.342554,22.344000000
150.355901,22.345000000
150.362864,22.346000000
150.388080,22.347000000
150.396131,22.348000000
150.401841,22.349000000
150.413172,22.350000000
150.423015,22.351000000
150.430557,22.352000000
150.439233,22.353000000
150.445078,22.354000000
150.457391,22.355000000
150.470064,22.356000000
150.480188,22.357000000
150.484502,22.358000000
150.492142,22.359000000
150.500126,22.360000000
150.508838,22.361000000
150.513140,22.362000000
150.516213,22.363000000
150.518785,22.364000000
150.536426,22.365000000
150.539257,22.366000000
150.560464,22.367000000
150.566323,22.368000000
150.573761,22.369000000
150.591583,22.370000000
150.605723,22.371000000
150.613864,22.372000000
150.626271,22.373000000
150.635727,22.374000000
150.646889,22.375000000
150.653811,22.376000000
150.656363,22.377000000
150.660529,22.378000000
150.683111,22.379000000
150.694377,22.380000000
150.698775,22.381000000
150.716479,22.382000000
150.724514,22.383000000
150.728972,22.384000000
150.734404,22.385000000
150.742369,22.386000000
150.746630,22.387000000
150.758039,22.388000000
150.774080,22.389000000
150.780619,22.390000000
150.800346,22.391000000
150.809722,22.392000000
150.823426,22.393000000
150.834002,22.394000000
150.858974,22.395000000
150.883411,22.396000000
150.896438,22.397000000
150.898483,22.398000000
150.898520,22.399000000
150.908463,22.400000000
150.908549,22.401000000
150.925602,22.402000000
150.930573,22.403000000
150.945116,22.404000000
150.960414,22.405000000
150.967621,22.406000000
150.971878,22.407000000
151.004536,22.408000000
151.012372,22.409000000
151.026556,22.410000000
151.045002,22.411000000
151.053823,22.412000000
151.068555,22.413000000
151.086432,22.414000000
151.098923,22.415000000
151.102900,22.416000000
151.111614,22.417000000
151.125394,22.418000000
151.133995,22.419000000
151.143443,22.420000000
151.149460,22.421000000
151.159595,22.422000000
151.166680,22.423000000
151.176729,22.424000000
151.187590,22.425000000
151.203951,22.426000000
151.204459,22.427000000
151.213769,22.428000000
151.214639,22.429000000
151.229721,22.430000000
151.240489,22.431000000
151.240947,22.432000000
151.252979,22.433000000
151.253393,22.434000000
151.282957,22.435000000
151.290895,22.436000000
151.292417,22.437000000
151.308611,22.438000000
151.309258,22.439000000
151.317722,22.440000000
151.321333,22.441000000
151.330646,22.442000000
151.367223,22.443000000
151.380446,22.444000000
151.380747,22.445000000
151.402920,22.446000000
151.413661,22.447000000
151.414225,22.448000000
151.454048,22.449000000
151.463270,22.450000000
151.480256,22.451000000
151.492613,22.452000000
151.509824,22.453000000
151.535576,22.454000000
151.536218,22.455000000
151.537077,22.456000000
151.545946,22.457000000
151.546153,22.458000000
151.555661,22.459000000
151.560471,22.460000000
151.568584,22.461000000
151.589530,22.462000000
151.597350,22.463000000
151.599883,22.464000000
151.607051,22.465000000
151.614926,22.466000000
151.615296,22.467000000
151.621843,22.468000000
151.624871,22.469000000
151.654929,22.470000000
151.656708,22.471000000
151.657094,22.472000000
151.657141,22.473000000
151.671690,22.474000000
151.682241,22.475000000
151.697408,22.476000000
151.699405,22.477000000
151.708258,22.478000000
151.732078,22.479000000
151.735644,22.480000000
151.767508,22.481000000
151.773348,22.482000000
151.790376,22.483000000
151.799539,22.484000000
151.808370,22.485000000
151.825127,22.486000000
151.838624,22.487000000
151.848490,22.488000000
151.852063,22.489000000
151.868436,22.490000000
151.876349,22.491000000
151.885350,22.492000000
151.891397,22.493000000
151.898766,22.494000000
151.911987,22.495000000
151.915958,22.496000000
151.931757,22.497000000
151.939915,22.498000000
151.951256,22.499000000
151.961043,22.500000000
151.973829,22.501000000
151.978901,22.502000000
151.985272,22.503000000
151.991478,22.504000000
152.016922,22.505000000
152.030958,22.506000000
152.037731,22.507000000
152.056037,22.508000000
152.073184,22.509000000
152.082609,22.510000000
152.098074,22.511000000
152.102140,22.512000000
152.115416,22.513000000
152.126202,22.514000000
152.153982,22.515000000
152.159198,22.516000000
152.188996,22.517000000
152.205304,22.518000000
152.217564,22.519000000
152.242805,22.520000000
152.254336,22.521000000
152.267812,22.522000000
152.277462,22.523000000
152.290241,22.524000000
152.294401,22.525000000
152.310520,22.526000000
152.333988,22.527000000
152.345205,22.528000000
152.350915,22.529000000
152.362533,22.530000000
152.376345,22.531000000
152.413532,22.532000000
152.435449,22.533000000
152.446956,22.534000000
152.448230,22.535000000
152.460826,22.536000000
152.479688,22.537000000
152.483979,22.538000000
152.505963,22.539000000
152.506015,22.540000000
152.507010,22.541000000
152.507053,22.542000000
152.539373,22.543000000
152.539442,22.544000000
152.539453,22.545000000
152.539461,22.546000000
152.539495,22.547000000
152.542527,22.548000000
152.558759,22.549000000
152.562328,22.550000000
152.572882,22.551000000
152.594930,22.552000000
152.594982,22.553000000
152.600150,22.554000000
152.622150,22.555000000
152.627379,22.556000000
152.635605,22.557000000
152.643857,22.558000000
152.660757,22.559000000
152.678599,22.560000000
152.681342,22.561000000
152.692807,22.562000000
152.695228,22.563000000
152.703166,22.564000000
152.715760,22.565000000
152.725706,22.566000000
152.738179,22.567000000
152.748806,22.568000000
152.759673,22.569000000
152.767467,22.570000000
152.767766,22.571000000
152.775473,22.572000000
152.775516,22.573000000
152.775526,22.574000000
152.789442,22.575000000
152.797692,22.576000000
152.823626,22.577000000
152.831428,22.578000000
152.841839,22.579000000
152.868135,22.580000000
152.880936,22.581000000
152.883056,22.582000000
152.902690,22.583000000
152.908103,22.584000000
152.912069,22.585000000
152.917842,22.586000000
152.947600,22.587000000
152.956480,22.588000000
152.971973,22.589000000
152.980308,22.590000000
152.985687,22.591000000
152.986208,22.592000000
152.999436,22.593000000
152.999498,22.594000000
152.999508,22.595000000
152.999517,22.596000000
152.999553,22.597000000
153.024916,22.598000000
153.043286,22.599000000
153.057627,22.600000000
153.070720,22.601000000
153.076308,22.602000000
153.085188,22.603000000
153.091550,22.604000000
153.095550,22.605000000
153.099880,22.606000000
153.104188,22.607000000
153.107854,22.608000000
153.111620,22.609000000
153.116160,22.610000000
153.120162,22.611000000
153.125677,22.612000000
153.129239,22.613000000
153.133251,22.614000000
153.141788,22.615000000
153.141850,22.616000000
153.156162,22.617000000
153.156317,22.618000000
153.156768,22.619000000
153.165867,22.620000000
153.166116,22.621000000
153.179968,22.622000000
153.180016,22.623000000
153.180357,22.624000000
153.186291,22.625000000
153.189998,22.626000000
153.190075,22.627000000
153.202482,22.628000000
153.204059,22.629000000
153.205039,22.630000000
153.211903,22.631000000
153.237402,22.632000000
153.243565,22.633000000
153.253515,22.634000000
153.253564,22.635000000
153.258316,22.636000000
153.267442,22.637000000
153.267493,22.638000000
153.272609,22.639000000
153.296424,22.640000000
153.300896,22.641000000
153.309259,22.642000000
153.324999,22.643000000
153.328442,22.644000000
153.338497,22.645000000
153.347493,22.646000000
153.368285,22.647000000
153.374880,22.648000000
153.386183,22.649000000
153.400844,22.650000000
153.410674,22.651000000
153.428088,22.652000000
153.439979,22.653000000
153.447956,22.654000000
153.453748,22.655000000
153.474442,22.656000000
153.486241,22.657000000
153.507645,22.658000000
153.512573,22.659000000
153.526115,22.660000000
153.540375,22.661000000
153.547512,22.662000000
153.553311,22.663000000
153.572925,22.664000000
153.576432,22.665000000
153.588263,22.666000000
153.597774,22.667000000
153.602018,22.668000000
153.634555,22.669000000
153.645331,22.670000000
153.652919,22.671000000
153.679142,22.672000000
153.695997,22.673000000
153.711388,22.674000000
153.724114,22.675000000
153.732691,22.676000000
153.743038,22.677000000
153.756710,22.678000000
153.767377,22.679000000
153.776367,22.680000000
153.787893,22.681000000
153.797910,22.682000000
153.815087,22.683000000
153.829515,22.684000000
153.833185,22.685000000
153.853910,22.686000000
153.863884,22.687000000
153.877069,22.688000000
153.888771,22.689000000
153.894619,22.690000000
153.916156,22.691000000
153.926372,22.692000000
153.931827,22.693000000
153.935810,22.694000000
153.950697,22.695000000
153.956390,22.696000000
153.984618,22.697000000
153.986843,22.698000000
153.993083,22.699000000
153.996652,22.700000000
154.000380,22.701000000
154.005209,22.702000000
154.010224,22.703000000
154.014795,22.704000000
154.021872,22.705000000
154.030035,22.706000000
154.035766,22.707000000
154.041951,22.708000000
154.044987,22.709000000
154.072003,22.710000000
154.077342,22.711000000
154.087649,22.712000000
154.097344,22.713000000
154.102492,22.714000000
154.115888,22.715000000
154.119891,22.716000000
154.142322,22.717000000
154.150978,22.718000000
154.156162,22.719000000
154.178725,22.720000000
154.186142,22.721000000
154.203895,22.722000000
154.231272,22.723000000
154.245777,22.724000000
154.251751,22.725000000
154.253260,22.726000000
154.261587,22.727000000
154.310416,22.728000000
154.312893,22.729000000
154.317932,22.730000000
154.326521,22.731000000
154.328661,22.732000000
154.332658,22.733000000
154.335548,22.734000000
154.339331,22.735000000
154.342748,22.736000000
154.346479,22.737000000
154.348695,22.738000000
154.353788,22.739000000
154.375324,22.740000000
154.381460,22.741000000
154.393612,22.742000000
154.399024,22.743000000
154.411698,22.744000000
154.420112,22.745000000
154.440669,22.746000000
154.454838,22.747000000
154.468196,22.748000000
154.476802,22.749000000
154.492854,22.750000000
154.500695,22.751000000
154.506104,22.752000000
154.513565,22.753000000
154.516192,22.754000000
154.518327,22.755000000
154.522365,22.756000000
154.525720,22.757000000
154.533505,22.758000000
154.536024,22.759000000
154.545855,22.760000000
154.553580,22.761000000
154.556958,22.762000000
154.562134,22.763000000
154.567068,22.764000000
154.569284,22.765000000
154.572972,22.766000000
154.576843,22.767000000
154.579641,22.768000000
154.609988,22.769000000
154.612282,22.770000000
154.620897,22.771000000
154.623070,22.772000000
154.631819,22.773000000
154.642759,22.774000000
154.650760,22.775000000
154.657782,22.776000000
154.660340,22.777000000
154.692136,22.778000000
154.699450,22.779000000
154.703698,22.780000000
154.707861,22.781000000
154.724101,22.782000000
154.731844,22.783000000
154.734689,22.784000000
154.741483,22.785000000
154.780030,22.786000000
154.780573,22.787000000
154.791230,22.788000000
154.800804,22.789000000
154.816920,22.790000000
154.825804,22.791000000
154.833624,22.792000000
154.837692,22.793000000
154.845407,22.794000000
154.852297,22.795000000
154.869832,22.796000000
154.886581,22.797000000
154.899151,22.798000000
154.899225,22.799000000
154.906276,22.800000000
154.917429,22.801000000
154.929398,22.802000000
154.939179,22.803000000
154.943468,22.804000000
154.974001,22.805000000
154.981983,22.806000000
155.006068,22.807000000
155.014354,22.808000000
155.021757,22.809000000
155.025660,22.810000000
155.033467,22.811000000
155.065485,22.812000000
155.065979,22.813000000
155.066300,22.814000000
155.094338,22.815000000
155.106733,22.816000000
155.106823,22.817000000
155.106866,22.818000000
155.120172,22.819000000
155.145827,22.820000000
155.151237,22.821000000
155.169650,22.822000000
155.175936,22.823000000
155.178292,22.824000000
155.187217,22.825000000
155.195655,22.826000000
155.212575,22.827000000
155.233295,22.828000000
155.233384,22.829000000
155.233902,22.830000000
155.247277,22.831000000
155.261613,22.832000000
155.269037,22.833000000
155.277143,22.834000000
155.282928,22.835000000
155.292695,22.836000000
155.304127,22.837000000
155.314017,22.838000000
155.317147,22.839000000
155.331129,22.840000000
155.339544,22.841000000
155.347646,22.842000000
155.381286,22.843000000
155.390982,22.844000000
155.432161,22.845000000
155.445021,22.846000000
155.445715,22.847000000
155.445771,22.848000000
155.445812,22.849000000
155.474478,22.850000000
155.481340,22.851000000
155.493652,22.852000000
155.526612,22.853000000
155.545227,22.854000000
155.563086,22.855000000
155.574544,22.856000000
155.580369,22.857000000
155.607090,22.858000000
155.621597,22.859000000
155.626776,22.860000000
155.637894,22.861000000
155.653065,22.862000000
155.662327,22.863000000
155.670079,22.864000000
155.683175,22.865000000
155.694665,22.866000000
155.701251,22.867000000
155.711409,22.868000000
155.719923,22.869000000
155.740881,22.870000000
155.745384,22.871000000
155.749238,22.872000000
155.769286,22.873000000
155.777326,22.874000000
155.794524,22.875000000
155.806470,22.876000000
155.818703,22.877000000
155.826504,22.878000000
155.835267,22.879000000
155.839575,22.880000000
155.856315,22.881000000
155.875482,22.882000000
155.888635,22.883000000
155.889330,22.884000000
155.929523,22.885000000
155.941381,22.886000000
155.960262,22.887000000
155.971338,22.888000000
155.981849,22.889000000
155.991271,22.890000000
156.012848,22.891000000
156.024328,22.892000000
156.033198,22.893000000
156.044554,22.894000000
156.055186,22.895000000
156.062830,22.896000000
156.066229,22.897000000
156.075913,22.898000000
156.087409,22.899000000
156.102003,22.900000000
156.105105,22.901000000
156.115551,22.902000000
156.124049,22.903000000
156.135659,22.904000000
156.146919,22.905000000
156.147302,22.906000000
156.181798,22.907000000
156.190363,22.908000000
156.203612,22.909000000
156.226995,22.910000000
156.244003,22.911000000
156.259375,22.912000000
156.273366,22.913000000
156.306067,22.914000000
156.306133,22.915000000
156.306174,22.916000000
156.306238,22.917000000
156.306275,22.918000000
156.306312,22.919000000
156.308329,22.920000000
156.310148,22.921000000
156.312016,22.922000000
156.318836,22.923000000
156.318895,22.924000000
156.320039,22.925000000
156.320529,22.926000000
156.322659,22.927000000
156.333813,22.928000000
156.334234,22.929000000
156.334286,22.930000000
156.340898,22.931000000
156.354649,22.932000000
156.354714,22.933000000
156.354756,22.934000000
156.354794,22.935000000
156.354914,22.936000000
156.356034,22.937000000
156.358773,22.938000000
156.402707,22.939000000
156.402767,22.940000000
156.402802,22.941000000
156.402812,22.942000000
156.428795,22.943000000
156.435235,22.944000000
156.438089,22.945000000
156.441851,22.946000000
156.444490,22.947000000
156.447361,22.948000000
156.451755,22.949000000
156.456528,22.950000000
156.457880,22.951000000
156.461104,22.952000000
156.465504,22.953000000
156.477202,22.954000000
156.483976,22.955000000
156.486175,22.956000000
156.488220,22.957000000
156.493013,22.958000000
156.500026,22.959000000
156.506075,22.960000000
156.513147,22.961000000
156.535017,22.962000000
156.543008,22.963000000
156.549671,22.964000000
156.557799,22.965000000
156.563271,22.966000000
156.568407,22.967000000
156.577005,22.968000000
156.580591,22.969000000
156.587031,22.970000000
156.593578,22.971000000
156.597882,22.972000000
156.603828,22.973000000
156.620388,22.974000000
156.630382,22.975000000
156.634618,22.976000000
156.638867,22.977000000
156.645552,22.978000000
156.660100,22.979000000
156.667659,22.980000000
156.679281,22.981000000
156.697410,22.982000000
156.721531,22.983000000
156.744106,22.984000000
156.754506,22.985000000
156.761974,22.986000000
156.766603,22.987000000
156.768880,22.988000000
156.771126,22.989000000
156.773266,22.990000000
156.775475,22.991000000
156.777906,22.992000000
156.788114,22.993000000
156.792327,22.994000000
156.799818,22.995000000
156.814004,22.996000000
156.817803,22.997000000
156.819945,22.998000000
156.838065,22.999000000
156.838114,23.000000000
156.853740,23.001000000
156.869553,23.002000000
156.879788,23.003000000
156.906447,23.004000000
156.930155,23.005000000
156.937958,23.006000000
156.954432,23.007000000
156.973344,23.008000000
156.985338,23.009000000
156.985384,23.010000000
157.006132,23.011000000
157.017696,23.012000000
157.031557,23.013000000
157.042961,23.014000000
157.043008,23.015000000
157.077862,23.016000000
157.077939,23.017000000
157.094141,23.018000000
157.106888,23.019000000
157.106933,23.020000000
157.127276,23.021000000
157.129460,23.022000000
157.149941,23.023000000
157.174845,23.024000000
157.180741,23.025000000
157.189939,23.026000000
157.201017,23.027000000
157.218311,23.028000000
157.220438,23.029000000
157.229893,23.030000000
157.234405,23.031000000
157.237552,23.032000000
157.242338,23.033000000
157.271194,23.034000000
157.275456,23.035000000
157.292383,23.036000000
157.298071,23.037000000
157.305803,23.038000000
157.310822,23.039000000
157.320012,23.040000000
157.330853,23.041000000
157.338266,23.042000000
157.348814,23.043000000
157.351007,23.044000000
157.355086,23.045000000
157.360190,23.046000000
157.366918,23.047000000
157.385562,23.048000000
157.387803,23.049000000
157.389972,23.050000000
157.410112,23.051000000
157.413718,23.052000000
157.428742,23.053000000
157.444614,23.054000000
157.451838,23.055000000
157.454005,23.056000000
157.456474,23.057000000
157.465207,23.058000000
157.491167,23.059000000
157.496948,23.060000000
157.515261,23.061000000
157.517605,23.062000000
157.524736,23.063000000
157.539611,23.064000000
157.547910,23.065000000
157.554723,23.066000000
157.559432,23.067000000
157.568070,23.068000000
157.581383,23.069000000
157.586580,23.070000000
157.590869,23.071000000
157.600566,23.072000000
157.611955,23.073000000
157.615267,23.074000000
157.638477,23.075000000
157.647305,23.076000000
157.658103,23.077000000
157.666163,23.078000000
157.672189,23.079000000
157.682031,23.080000000
157.691058,23.081000000
157.693864,23.082000000
157.696001,23.083000000
157.717935,23.084000000
157.733964,23.085000000
157.745089,23.086000000
157.759409,23.087000000
157.762111,23.088000000
157.778341,23.089000000
157.782736,23.090000000
157.785715,23.091000000
157.793476,23.092000000
157.821359,23.093000000
157.834285,23.094000000
157.837224,23.095000000
157.853158,23.096000000
157.855439,23.097000000
157.870828,23.098000000
157.892106,23.099000000
157.896929,23.100000000
157.901907,23.101000000
157.912317,23.102000000
157.915432,23.103000000
157.924022,23.104000000
157.932807,23.105000000
157.935035,23.106000000
157.942399,23.107000000
157.950716,23.108000000
157.963049,23.109000000
157.969736,23.110000000
157.977084,23.111000000
157.980858,23.112000000
157.992867,23.113000000
157.996969,23.114000000
158.014374,23.115000000
158.026722,23.116000000
158.041083,23.117000000
158.042870,23.118000000
158.045188,23.119000000
158.071278,23.120000000
158.078121,23.121000000
158.084008,23.122000000
158.096917,23.123000000
158.114361,23.124000000
158.118291,23.125000000
158.130454,23.126000000
158.135284,23.127000000
158.146830,23.128000000
158.161130,23.129000000
158.168649,23.130000000
158.172718,23.131000000
158.197574,23.132000000
158.201433,23.133000000
158.211544,23.134000000
158.239811,23.135000000
158.254008,23.136000000
158.262258,23.137000000
158.268047,23.138000000
158.279436,23.139000000
158.291200,23.140000000
158.296935,23.141000000
158.306524,23.142000000
158.316719,23.143000000
158.322568,23.144000000
158.329039,23.145000000
158.340000,23.146000000
158.348368,23.147000000
158.360201,23.148000000
158.367916,23.149000000
158.404399,23.150000000
158.408646,23.151000000
158.446936,23.152000000
158.461840,23.153000000
158.478042,23.154000000
158.486276,23.155000000
158.493585,23.156000000
158.497291,23.157000000
158.526752,23.158000000
158.530470,23.159000000
158.538736,23.160000000
158.543477,23.161000000
158.562931,23.162000000
158.568016,23.163000000
158.595263,23.164000000
158.613774,23.165000000
158.618116,23.166000000
158.622855,23.167000000
158.638246,23.168000000
158.646442,23.169000000
158.650139,23.170000000
158.660699,23.171000000
158.670120,23.172000000
158.681087,23.173000000
158.687617,23.174000000
158.703506,23.175000000
158.707776,23.176000000
158.710200,23.177000000
158.728184,23.178000000
158.736437,23.179000000
158.752199,23.180000000
158.755648,23.181000000
158.770802,23.182000000
158.774252,23.183000000
158.779158,23.184000000
158.781276,23.185000000
158.784104,23.186000000
158.795974,23.187000000
158.821420,23.188000000
158.824759,23.189000000
158.830390,23.190000000
158.847598,23.191000000
158.863827,23.192000000
158.866657,23.193000000
158.869135,23.194000000
158.885487,23.195000000
158.887885,23.196000000
158.892983,23.197000000
158.902826,23.198000000
158.923784,23.199000000
158.927506,23.200000000
158.937271,23.201000000
158.944755,23.202000000
158.948827,23.203000000
158.958873,23.204000000
158.968663,23.205000000
158.973027,23.206000000
158.989638,23.207000000
159.002241,23.208000000
159.006085,23.209000000
159.011024,23.210000000
159.021230,23.211000000
159.024956,23.212000000
159.034133,23.213000000
159.038170,23.214000000
159.047811,23.215000000
159.058131,23.216000000
159.061445,23.217000000
159.080281,23.218000000
159.085169,23.219000000
159.087375,23.220000000
159.098854,23.221000000
159.101282,23.222000000
159.105545,23.223000000
159.109525,23.224000000
159.113266,23.225000000
159.115489,23.226000000
159.117683,23.227000000
159.120021,23.228000000
159.123108,23.229000000
159.155807,23.230000000
159.160654,23.231000000
159.172897,23.232000000
159.194927,23.233000000
159.205322,23.234000000
159.217509,23.235000000
159.222554,23.236000000
159.235082,23.237000000
159.239636,23.238000000
159.260095,23.239000000
159.264456,23.240000000
159.285696,23.241000000
159.298074,23.242000000
159.302328,23.243000000
159.307476,23.244000000
159.319326,23.245000000
159.327053,23.246000000
159.332055,23.247000000
159.338811,23.248000000
159.346151,23.249000000
159.354194,23.250000000
159.361105,23.251000000
159.370121,23.252000000
159.378529,23.253000000
159.384134,23.254000000
159.394280,23.255000000
159.398775,23.256000000
159.404958,23.257000000
159.423749,23.258000000
159.438859,23.259000000
159.456518,23.260000000
159.462521,23.261000000
159.485425,23.262000000
159.499242,23.263000000
159.508824,23.264000000
159.511163,23.265000000
159.533414,23.266000000
159.538701,23.267000000
159.548415,23.268000000
159.554294,23.269000000
159.563717,23.270000000
159.587509,23.271000000
159.594900,23.272000000
159.610481,23.273000000
159.617070,23.274000000
159.624214,23.275000000
159.631350,23.276000000
159.632394,23.277000000
159.638747,23.278000000
159.638805,23.279000000
159.638847,23.280000000
159.642971,23.281000000
159.643303,23.282000000
159.647252,23.283000000
159.665891,23.284000000
159.665957,23.285000000
159.673482,23.286000000
159.673601,23.287000000
159.686239,23.288000000
159.691767,23.289000000
159.703816,23.290000000
159.704433,23.291000000
159.704495,23.292000000
159.708026,23.293000000
159.708391,23.294000000
159.711703,23.295000000
159.719518,23.296000000
159.719601,23.297000000
159.719641,23.298000000
159.720062,23.299000000
159.722670,23.300000000
159.725607,23.301000000
159.729307,23.302000000
159.731027,23.303000000
159.750010,23.304000000
159.762505,23.305000000
159.770353,23.306000000
159.780124,23.307000000
159.785331,23.308000000
159.797301,23.309000000
159.804327,23.310000000
159.810848,23.311000000
159.818664,23.312000000
159.827891,23.313000000
159.832659,23.314000000
159.840315,23.315000000
159.846966,23.316000000
159.854871,23.317000000
159.861250,23.318000000
159.876001,23.319000000
159.886020,23.320000000
159.886729,23.321000000
159.901527,23.322000000
159.902439,23.323000000
159.913866,23.324000000
159.927258,23.325000000
159.927708,23.326000000
159.937009,23.327000000
159.943422,23.328000000
159.951565,23.329000000
159.959053,23.330000000
159.965382,23.331000000
159.975315,23.332000000
159.975684,23.333000000
160.001407,23.334000000
160.015354,23.335000000
160.016495,23.336000000
160.027713,23.337000000
160.040853,23.338000000
160.041634,23.339000000
160.050228,23.340000000
160.062274,23.341000000
160.069980,23.342000000
160.072616,23.343000000
160.080991,23.344000000
160.094253,23.345000000
160.102032,23.346000000
160.109186,23.347000000
160.119182,23.348000000
160.126824,23.349000000
160.140303,23.350000000
160.140718,23.351000000
160.147858,23.352000000
160.158966,23.353000000
160.159306,23.354000000
160.172461,23.355000000
160.172833,23.356000000
160.184513,23.357000000
160.191142,23.358000000
160.197014,23.359000000
160.203082,23.360000000
160.211034,23.361000000
160.217905,23.362000000
160.231737,23.363000000
160.240385,23.364000000
160.248253,23.365000000
160.258344,23.366000000
160.262621,23.367000000
160.270144,23.368000000
160.280802,23.369000000
160.309735,23.370000000
160.310662,23.371000000
160.331396,23.372000000
160.346449,23.373000000
160.354496,23.374000000
160.363358,23.375000000
160.369056,23.376000000
160.380432,23.377000000
160.388661,23.378000000
160.396660,23.379000000
160.405520,23.380000000
160.418305,23.381000000
160.418894,23.382000000
160.439450,23.383000000
160.439515,23.384000000
160.446952,23.385000000
160.457014,23.386000000
160.466776,23.387000000
160.467375,23.388000000
160.480525,23.389000000
160.488904,23.390000000
160.494727,23.391000000
160.504649,23.392000000
160.512452,23.393000000
160.519863,23.394000000
160.524061,23.395000000
160.534327,23.396000000
160.543710,23.397000000
160.548032,23.398000000
160.563547,23.399000000
160.563612,23.400000000
160.573358,23.401000000
160.576441,23.402000000
160.591382,23.403000000
160.598862,23.404000000
160.606793,23.405000000
160.615326,23.406000000
160.625307,23.407000000
160.625789,23.408000000
160.638599,23.409000000
160.648294,23.410000000
160.660617,23.411000000
160.671099,23.412000000
160.696905,23.413000000
160.704582,23.414000000
160.714988,23.415000000
160.724562,23.416000000
160.731555,23.417000000
160.739597,23.418000000
160.765495,23.419000000
160.775101,23.420000000
160.789546,23.421000000
160.806824,23.422000000
160.825452,23.423000000
160.838965,23.424000000
160.849653,23.425000000
160.861949,23.426000000
160.874439,23.427000000
160.885555,23.428000000
160.898670,23.429000000
160.910985,23.430000000
160.922517,23.431000000
160.944408,23.432000000
160.958836,23.433000000
160.965276,23.434000000
160.975866,23.435000000
160.980389,23.436000000
160.985067,23.437000000
161.018445,23.438000000
161.032928,23.439000000
161.048912,23.440000000
161.056300,23.441000000
161.063580,23.442000000
161.086490,23.443000000
161.093642,23.444000000
161.101459,23.445000000
161.115047,23.446000000
161.122985,23.447000000
161.128422,23.448000000
161.140552,23.449000000
161.166831,23.450000000
161.182247,23.451000000
161.197187,23.452000000
161.210894,23.453000000
161.226634,23.454000000
161.243644,23.455000000
161.260573,23.456000000
161.270472,23.457000000
161.275880,23.458000000
161.281332,23.459000000
161.288793,23.460000000
161.303369,23.461000000
161.311008,23.462000000
161.318104,23.463000000
161.341439,23.464000000
161.348560,23.465000000
161.368810,23.466000000
161.385376,23.467000000
161.393288,23.468000000
161.412526,23.469000000
161.420330,23.470000000
161.423543,23.471000000
161.434595,23.472000000
161.438208,23.473000000
161.443718,23.474000000
161.450371,23.475000000
161.457533,23.476000000
161.476109,23.477000000
161.485285,23.478000000
161.495909,23.479000000
161.504538,23.480000000
161.514532,23.481000000
161.522492,23.482000000
161.534354,23.483000000
161.540089,23.484000000
161.549714,23.485000000
161.556355,23.486000000
161.567926,23.487000000
161.574605,23.488000000
161.585335,23.489000000
161.590394,23.490000000
161.600693,23.491000000
161.625345,23.492000000
161.631676,23.493000000
161.638387,23.494000000
161.645062,23.495000000
161.667051,23.496000000
161.673285,23.497000000
161.681099,23.498000000
161.697378,23.499000000
161.704612,23.500000000
161.745438,23.501000000
161.756858,23.502000000
161.761113,23.503000000
161.774483,23.504000000
161.784825,23.505000000
161.813039,23.506000000
161.827753,23.507000000
161.840385,23.508000000
161.851843,23.509000000
161.864316,23.510000000
161.880672,23.511000000
161.891552,23.512000000
161.905823,23.513000000
161.910219,23.514000000
161.918979,23.515000000
161.924842,23.516000000
161.942526,23.517000000
161.948375,23.518000000
161.955506,23.519000000
161.982204,23.520000000
161.992258,23.521000000
161.996518,23.522000000
162.009758,23.523000000
162.017298,23.524000000
162.021548,23.525000000
162.028982,23.526000000
162.054898,23.527000000
162.084593,23.528000000
162.095872,23.529000000
162.126649,23.530000000
162.140305,23.531000000
162.153338,23.532000000
162.165388,23.533000000
162.172952,23.534000000
162.188270,23.535000000
162.201088,23.536000000
162.211645,23.537000000
162.237347,23.538000000
162.237396,23.539000000
162.238564,23.540000000
162.242160,23.541000000
162.243697,23.542000000
162.245992,23.543000000
162.248212,23.544000000
162.265830,23.545000000
162.269817,23.546000000
162.276147,23.547000000
162.279682,23.548000000
162.282183,23.549000000
162.303190,23.550000000
162.320786,23.551000000
162.332137,23.552000000
162.338599,23.553000000
162.353609,23.554000000
162.363053,23.555000000
162.379527,23.556000000
162.391307,23.557000000
162.399016,23.558000000
162.408877,23.559000000
162.409267,23.560000000
162.412077,23.561000000
162.414258,23.562000000
162.423352,23.563000000
162.439029,23.564000000
162.466498,23.565000000
162.481816,23.566000000
162.484086,23.567000000
162.494316,23.568000000
162.500787,23.569000000
162.504991,23.570000000
162.515016,23.571000000
162.523084,23.572000000
162.529991,23.573000000
162.536093,23.574000000
162.540731,23.575000000
162.548634,23.576000000
162.553093,23.577000000
162.563990,23.578000000
162.575563,23.579000000
162.577759,23.580000000
162.589020,23.581000000
162.595680,23.582000000
162.597889,23.583000000
162.604472,23.584000000
162.608792,23.585000000
162.623907,23.586000000
162.631842,23.587000000
162.633989,23.588000000
162.640284,23.589000000
162.666698,23.590000000
162.668744,23.591000000
162.671353,23.592000000
162.689712,23.593000000
162.692470,23.594000000
162.698753,23.595000000
162.718806,23.596000000
162.734230,23.597000000
162.743125,23.598000000
162.752104,23.599000000
162.756998,23.600000000
162.769015,23.601000000
162.772362,23.602000000
162.791988,23.603000000
162.800349,23.604000000
162.809994,23.605000000
162.813372,23.606000000
162.824450,23.607000000
162.833805,23.608000000
162.838799,23.609000000
162.841838,23.610000000
162.869597,23.611000000
162.882399,23.612000000
162.895592,23.613000000
162.909165,23.614000000
162.927633,23.615000000
162.948446,23.616000000
162.977734,23.617000000
162.980108,23.618000000
163.001248,23.619000000
163.008862,23.620000000
163.014769,23.621000000
163.022715,23.622000000
163.044785,23.623000000
163.052437,23.624000000
163.060792,23.625000000
163.069403,23.626000000
163.080601,23.627000000
163.117468,23.628000000
163.132925,23.629000000
163.164416,23.630000000
163.164464,23.631000000
163.180732,23.632000000
163.190639,23.633000000
163.205805,23.634000000
163.217375,23.635000000
163.232922,23.636000000
163.242001,23.637000000
163.273972,23.638000000
163.286594,23.639000000
163.290529,23.640000000
163.321317,23.641000000
163.328255,23.642000000
163.349680,23.643000000
163.352086,23.644000000
163.360070,23.645000000
163.390454,23.646000000
163.401039,23.647000000
163.406465,23.648000000
163.413263,23.649000000
163.432367,23.650000000
163.448287,23.651000000
163.484089,23.652000000
163.492122,23.653000000
163.505991,23.654000000
163.513105,23.655000000
163.529953,23.656000000
163.546726,23.657000000
163.552692,23.658000000
163.562545,23.659000000
163.568358,23.660000000
163.572733,23.661000000
163.584416,23.662000000
163.586803,23.663000000
163.590623,23.664000000
163.639332,23.665000000
163.664487,23.666000000
163.672142,23.667000000
163.716956,23.668000000
163.723645,23.669000000
163.735478,23.670000000
163.748477,23.671000000
163.762325,23.672000000
163.794680,23.673000000
163.823553,23.674000000
163.835886,23.675000000
163.844645,23.676000000
163.854474,23.677000000
163.865908,23.678000000
163.871244,23.679000000
163.883008,23.680000000
163.890755,23.681000000
163.898911,23.682000000
163.906464,23.683000000
163.920540,23.684000000
163.932549,23.685000000
163.941169,23.686000000
163.951056,23.687000000
163.958997,23.688000000
163.967154,23.689000000
163.982078,23.690000000
163.999063,23.691000000
164.009917,23.692000000
164.019828,23.693000000
164.042907,23.694000000
164.043042,23.695000000
164.062758,23.696000000
164.075974,23.697000000
164.109371,23.698000000
164.115345,23.699000000
164.148954,23.700000000
164.155388,23.701000000
164.164920,23.702000000
164.172530,23.703000000
164.184873,23.704000000
164.189454,23.705000000
164.218292,23.706000000
164.243846,23.707000000
164.252753,23.708000000
164.262048,23.709000000
164.269904,23.710000000
164.278905,23.711000000
164.279449,23.712000000
164.288618,23.713000000
164.297590,23.714000000
164.301160,23.715000000
164.311629,23.716000000
164.314833,23.717000000
164.318359,23.718000000
164.325993,23.719000000
164.329652,23.720000000
164.335742,23.721000000
164.337987,23.722000000
164.351674,23.723000000
164.354240,23.724000000
164.358856,23.725000000
164.371938,23.726000000
164.377327,23.727000000
164.381473,23.728000000
164.385399,23.729000000
164.404760,23.730000000
164.413938,23.731000000
164.419644,23.732000000
164.426934,23.733000000
164.429444,23.734000000
164.438831,23.735000000
164.444813,23.736000000
164.456178,23.737000000
164.473198,23.738000000
164.483119,23.739000000
164.488968,23.740000000
164.495093,23.741000000
164.511765,23.742000000
164.527807,23.743000000
164.535908,23.744000000
164.557205,23.745000000
164.557699,23.746000000
164.586319,23.747000000
164.586385,23.748000000
164.603375,23.749000000
164.613957,23.750000000
164.633825,23.751000000
164.650657,23.752000000
164.661631,23.753000000
164.676945,23.754000000
164.686477,23.755000000
164.692518,23.756000000
164.721242,23.757000000
164.731329,23.758000000
164.773584,23.759000000
164.773659,23.760000000
164.780389,23.761000000
164.785336,23.762000000
164.803748,23.763000000
164.813338,23.764000000
164.827420,23.765000000
164.836436,23.766000000
164.851453,23.767000000
164.860708,23.768000000
164.869450,23.769000000
164.907873,23.770000000
164.921036,23.771000000
164.944413,23.772000000
164.963284,23.773000000
164.967511,23.774000000
164.978051,23.775000000
165.005052,23.776000000
165.005155,23.777000000
165.005648,23.778000000
165.017781,23.779000000
165.018505,23.780000000
165.040345,23.781000000
165.045178,23.782000000
165.050480,23.783000000
165.056398,23.784000000
165.070307,23.785000000
165.074497,23.786000000
165.079929,23.787000000
165.088914,23.788000000
165.115221,23.789000000
165.131901,23.790000000
165.131965,23.791000000
165.159264,23.792000000
165.159763,23.793000000
165.183423,23.794000000
165.198478,23.795000000
165.232762,23.796000000
165.243814,23.797000000
165.243883,23.798000000
165.250146,23.799000000
165.250668,23.800000000
165.264512,23.801000000
165.264578,23.802000000
165.281889,23.803000000
165.286698,23.804000000
165.303235,23.805000000
165.309330,23.806000000
165.335961,23.807000000
165.347398,23.808000000
165.358075,23.809000000
165.370227,23.810000000
165.376996,23.811000000
165.390043,23.812000000
165.410863,23.813000000
165.421497,23.814000000
165.425601,23.815000000
165.439870,23.816000000
165.440389,23.817000000
165.478117,23.818000000
165.478189,23.819000000
165.490338,23.820000000
165.511853,23.821000000
165.511922,23.822000000
165.511965,23.823000000
165.523555,23.824000000
165.531459,23.825000000
165.546954,23.826000000
165.557388,23.827000000
165.576277,23.828000000
165.582796,23.829000000
165.600814,23.830000000
165.620960,23.831000000
165.629894,23.832000000
165.664017,23.833000000
165.676691,23.834000000
165.679142,23.835000000
165.691276,23.836000000
165.691354,23.837000000
165.696681,23.838000000
165.711081,23.839000000
165.716880,23.840000000
165.726229,23.841000000
165.736268,23.842000000
165.737000,23.843000000
165.763970,23.844000000
165.770498,23.845000000
165.772988,23.846000000
165.787074,23.847000000
165.811630,23.848000000
165.818762,23.849000000
165.818810,23.850000000
165.822553,23.851000000
165.829237,23.852000000
165.831211,23.853000000
165.833480,23.854000000
165.851043,23.855000000
165.857464,23.856000000
165.869522,23.857000000
165.891894,23.858000000
165.891942,23.859000000
165.895745,23.860000000
165.895786,23.861000000
165.925594,23.862000000
165.942238,23.863000000
165.949104,23.864000000
165.955688,23.865000000
165.979148,23.866000000
165.988424,23.867000000
166.002511,23.868000000
166.022770,23.869000000
166.052174,23.870000000
166.052223,23.871000000
166.062737,23.872000000
166.062787,23.873000000
166.074674,23.874000000
166.076681,23.875000000
166.080812,23.876000000
166.102663,23.877000000
166.106744,23.878000000
166.113227,23.879000000
166.129962,23.880000000
166.153804,23.881000000
166.159127,23.882000000
166.163523,23.883000000
166.182910,23.884000000
166.187030,23.885000000
166.234045,23.886000000
166.247525,23.887000000
166.257573,23.888000000
166.267798,23.889000000
166.281288,23.890000000
166.285157,23.891000000
166.296971,23.892000000
166.308815,23.893000000
166.320022,23.894000000
166.332881,23.895000000
166.346547,23.896000000
166.357943,23.897000000
166.380671,23.898000000
166.396371,23.899000000
166.408010,23.900000000
166.410259,23.901000000
166.419558,23.902000000
166.419606,23.903000000
166.421339,23.904000000
166.437161,23.905000000
166.437220,23.906000000
166.437256,23.907000000
166.441341,23.908000000
166.441382,23.909000000
166.445137,23.910000000
166.445441,23.911000000
166.476162,23.912000000
166.480678,23.913000000
166.487241,23.914000000
166.515474,23.915000000
166.529822,23.916000000
166.542047,23.917000000
166.573967,23.918000000
166.586323,23.919000000
166.603540,23.920000000
166.615124,23.921000000
166.629173,23.922000000
166.636333,23.923000000
166.648284,23.924000000
166.649378,23.925000000
166.652145,23.926000000
166.658083,23.927000000
166.664856,23.928000000
166.673958,23.929000000
166.685949,23.930000000
166.716813,23.931000000
166.719453,23.932000000
166.730156,23.933000000
166.733636,23.934000000
166.764418,23.935000000
166.765770,23.936000000
166.807949,23.937000000
166.815862,23.938000000
166.826336,23.939000000
166.848495,23.940000000
166.850659,23.941000000
166.894464,23.942000000
166.906489,23.943000000
166.924191,23.944000000
166.930595,23.945000000
166.948873,23.946000000
166.956724,23.947000000
166.972398,23.948000000
166.987847,23.949000000
167.002001,23.950000000
167.011227,23.951000000
167.017427,23.952000000
167.036103,23.953000000
167.044103,23.954000000
167.050611,23.955000000
167.085305,23.956000000
167.091836,23.957000000
167.106050,23.958000000
167.114041,23.959000000
167.136013,23.960000000
167.151091,23.961000000
167.175178,23.962000000
167.211282,23.963000000
167.227099,23.964000000
167.241089,23.965000000
167.255627,23.966000000
167.269542,23.967000000
167.280947,23.968000000
167.294499,23.969000000
167.309594,23.970000000
167.319936,23.971000000
167.327440,23.972000000
167.347039,23.973000000
167.352881,23.974000000
167.363220,23.975000000
167.383435,23.976000000
167.391069,23.977000000
167.400621,23.978000000
167.400671,23.979000000
167.410534,23.980000000
167.424920,23.981000000
167.425264,23.982000000
167.434011,23.983000000
167.457244,23.984000000
167.463457,23.985000000
167.463501,23.986000000
167.472428,23.987000000
167.486108,23.988000000
167.498473,23.989000000
167.498530,23.990000000
167.498540,23.991000000
167.537572,23.992000000
167.538551,23.993000000
167.556880,23.994000000
167.576262,23.995000000
167.587716,23.996000000
167.587795,23.997000000
167.610110,23.998000000
167.625599,23.999000000
167.627211,24.000000000
167.650270,24.001000000
167.650313,24.002000000
167.659052,24.003000000
167.697696,24.004000000
167.715342,24.005000000
167.724421,24.006000000
167.729667,24.007000000
167.759250,24.008000000
167.759577,24.009000000
167.773958,24.010000000
167.778884,24.011000000
167.782178,24.012000000
167.793339,24.013000000
167.819513,24.014000000
167.826425,24.015000000
167.838217,24.016000000
167.848003,24.017000000
167.885205,24.018000000
167.885569,24.019000000
167.885608,24.020000000
167.928786,24.021000000
167.928854,24.022000000
167.928865,24.023000000
167.951755,24.024000000
167.968531,24.025000000
167.973955,24.026000000
167.974023,24.027000000
167.998142,24.028000000
168.019265,24.029000000
168.025008,24.030000000
168.040335,24.031000000
168.043550,24.032000000
168.078709,24.033000000
168.087635,24.034000000
168.091876,24.035000000
168.104431,24.036000000
168.110244,24.037000000
168.117091,24.038000000
168.127823,24.039000000
168.143382,24.040000000
168.148922,24.041000000
168.155038,24.042000000
168.161616,24.043000000
168.172926,24.044000000
168.180593,24.045000000
168.185753,24.046000000
168.192119,24.047000000
168.200792,24.048000000
168.245758,24.049000000
168.263498,24.050000000
168.268018,24.051000000
168.279756,24.052000000
168.298151,24.053000000
168.308359,24.054000000
168.316030,24.055000000
168.320227,24.056000000
168.323469,24.057000000
168.328052,24.058000000
168.334967,24.059000000
168.338792,24.060000000
168.341059,24.061000000
168.343324,24.062000000
168.345472,24.063000000
168.356354,24.064000000
168.367034,24.065000000
168.379475,24.066000000
168.386278,24.067000000
168.392406,24.068000000
168.403390,24.069000000
168.405973,24.070000000
168.429167,24.071000000
168.450797,24.072000000
168.453338,24.073000000
168.480084,24.074000000
168.482144,24.075000000
168.492152,24.076000000
168.527344,24.077000000
168.529485,24.078000000
168.531536,24.079000000
168.550338,24.080000000
168.553128,24.081000000
168.558315,24.082000000
168.565103,24.083000000
168.600660,24.084000000
168.616927,24.085000000
168.620943,24.086000000
168.632059,24.087000000
168.641992,24.088000000
168.647021,24.089000000
168.651465,24.090000000
168.657525,24.091000000
168.660578,24.092000000
168.670554,24.093000000
168.675147,24.094000000
168.683745,24.095000000
168.691495,24.096000000
168.697946,24.097000000
168.704189,24.098000000
168.707568,24.099000000
168.718281,24.100000000
168.724321,24.101000000
168.726785,24.102000000
168.735918,24.103000000
168.752583,24.104000000
168.755102,24.105000000
168.759522,24.106000000
168.765631,24.107000000
168.789767,24.108000000
168.795625,24.109000000
168.810996,24.110000000
168.815490,24.111000000
168.817803,24.112000000
168.834833,24.113000000
168.840119,24.114000000
168.855205,24.115000000
168.857552,24.116000000
168.859793,24.117000000
168.879626,24.118000000
168.881439,24.119000000
168.906387,24.120000000
168.932235,24.121000000
168.937897,24.122000000
168.945919,24.123000000
168.950817,24.124000000
168.957177,24.125000000
168.966040,24.126000000
168.972023,24.127000000
168.976826,24.128000000
169.009417,24.129000000
169.009475,24.130000000
169.009486,24.131000000
169.047877,24.132000000
169.052840,24.133000000
169.075386,24.134000000
169.082789,24.135000000
169.084793,24.136000000
169.093446,24.137000000
169.098241,24.138000000
169.104330,24.139000000
169.104380,24.140000000
169.104390,24.141000000
169.123656,24.142000000
169.133892,24.143000000
169.134170,24.144000000
169.146142,24.145000000
169.146191,24.146000000
169.183591,24.147000000
169.192215,24.148000000
169.192278,24.149000000
169.213843,24.150000000
169.218458,24.151000000
169.228967,24.152000000
169.234325,24.153000000
169.234366,24.154000000
169.243961,24.155000000
169.248017,24.156000000
169.254316,24.157000000
169.258982,24.158000000
169.264311,24.159000000
169.270734,24.160000000
169.288762,24.161000000
169.293886,24.162000000
169.298844,24.163000000
169.316872,24.164000000
169.321532,24.165000000
169.328275,24.166000000
169.332990,24.167000000
169.339966,24.168000000
169.344181,24.169000000
169.351457,24.170000000
169.355693,24.171000000
169.361790,24.172000000
169.367468,24.173000000
169.373944,24.174000000
169.388268,24.175000000
169.400627,24.176000000
169.409164,24.177000000
169.420244,24.178000000
169.428200,24.179000000
169.433385,24.180000000
169.441088,24.181000000
169.447100,24.182000000
169.456875,24.183000000
169.462888,24.184000000
169.467137,24.185000000
169.475132,24.186000000
169.480686,24.187000000
169.486996,24.188000000
169.507547,24.189000000
169.514820,24.190000000
169.519021,24.191000000
169.527468,24.192000000
169.531654,24.193000000
169.538860,24.194000000
169.545227,24.195000000
169.566744,24.196000000
169.573803,24.197000000
169.597087,24.198000000
169.604777,24.199000000
169.608799,24.200000000
169.614217,24.201000000
169.618614,24.202000000
169.625451,24.203000000
169.629938,24.204000000
169.635107,24.205000000
169.641062,24.206000000
169.651426,24.207000000
169.666259,24.208000000
169.671494,24.209000000
169.703641,24.210000000
169.711604,24.211000000
169.719585,24.212000000
169.729828,24.213000000
169.737723,24.214000000
169.759302,24.215000000
169.764042,24.216000000
169.781070,24.217000000
169.786189,24.218000000
169.792317,24.219000000
169.796115,24.220000000
169.802137,24.221000000
169.806408,24.222000000
169.812859,24.223000000
169.816720,24.224000000
169.824736,24.225000000
169.829116,24.226000000
169.835541,24.227000000
169.839783,24.228000000
169.847262,24.229000000
169.852507,24.230000000
169.858667,24.231000000
169.862917,24.232000000
169.869018,24.233000000
169.875804,24.234000000
169.885280,24.235000000
169.889419,24.236000000
169.895008,24.237000000
169.901076,24.238000000
169.907805,24.239000000
169.913823,24.240000000
169.919828,24.241000000
169.926158,24.242000000
169.931009,24.243000000
169.937843,24.244000000
169.944111,24.245000000
169.949937,24.246000000
169.955612,24.247000000
169.962718,24.248000000
169.967733,24.249000000
169.973258,24.250000000
169.980906,24.251000000
169.990129,24.252000000
170.010630,24.253000000
170.015012,24.254000000
170.030517,24.255000000
170.061977,24.256000000
170.067946,24.257000000
170.076387,24.258000000
170.082860,24.259000000
170.088192,24.260000000
170.092322,24.261000000
170.097669,24.262000000
170.103787,24.263000000
170.122909,24.264000000
170.130910,24.265000000
170.143267,24.266000000
170.167998,24.267000000
170.174483,24.268000000
170.189374,24.269000000
170.195607,24.270000000
170.205415,24.271000000
170.217888,24.272000000
170.220014,24.273000000
170.257219,24.274000000
170.268851,24.275000000
170.292881,24.276000000
170.292979,24.277000000
170.302046,24.278000000
170.312993,24.279000000
170.322907,24.280000000
170.334377,24.281000000
170.348674,24.282000000
170.356685,24.283000000
170.372028,24.284000000
170.423623,24.285000000
170.437075,24.286000000
170.438177,24.287000000
170.468870,24.288000000
170.473673,24.289000000
170.481048,24.290000000
170.505909,24.291000000
170.508009,24.292000000
170.510021,24.293000000
170.532377,24.294000000
170.553329,24.295000000
170.555640,24.296000000
170.582599,24.297000000
170.606313,24.298000000
170.617655,24.299000000
170.635478,24.300000000
170.638879,24.301000000
170.649700,24.302000000
170.662682,24.303000000
170.665034,24.304000000
170.698242,24.305000000
170.713100,24.306000000
170.713186,24.307000000
170.713855,24.308000000
170.718886,24.309000000
170.722323,24.310000000
170.734910,24.311000000
170.741061,24.312000000
170.747094,24.313000000
170.766614,24.314000000
170.785098,24.315000000
170.794391,24.316000000
170.803953,24.317000000
170.835265,24.318000000
170.848576,24.319000000
170.854502,24.320000000
170.869630,24.321000000
170.869680,24.322000000
170.879736,24.323000000
170.883634,24.324000000
170.899483,24.325000000
170.903333,24.326000000
170.906618,24.327000000
170.919966,24.328000000
170.926345,24.329000000
170.930909,24.330000000
170.934950,24.331000000
170.954071,24.332000000
170.969595,24.333000000
170.982055,24.334000000
170.992143,24.335000000
171.010207,24.336000000
171.018812,24.337000000
171.030032,24.338000000
171.046129,24.339000000
171.061662,24.340000000
171.099945,24.341000000
171.100009,24.342000000
171.123569,24.343000000
171.149277,24.344000000
171.161608,24.345000000
171.178938,24.346000000
171.195962,24.347000000
171.223430,24.348000000
171.238077,24.349000000
171.244967,24.350000000
171.256459,24.351000000
171.263296,24.352000000
171.269799,24.353000000
171.300494,24.354000000
171.316485,24.355000000
171.327940,24.356000000
171.336451,24.357000000
171.348297,24.358000000
171.362823,24.359000000
171.381886,24.360000000
171.385300,24.361000000
171.403135,24.362000000
171.409078,24.363000000
171.417125,24.364000000
171.423139,24.365000000
171.434106,24.366000000
171.440674,24.367000000
171.446502,24.368000000
171.456311,24.369000000
171.474808,24.370000000
171.487464,24.371000000
171.490283,24.372000000
171.502887,24.373000000
171.509142,24.374000000
171.514802,24.375000000
171.538877,24.376000000
171.553882,24.377000000
171.559453,24.378000000
171.584774,24.379000000
171.601016,24.380000000
171.610332,24.381000000
171.633372,24.382000000
171.645847,24.383000000
171.657076,24.384000000
171.666707,24.385000000
171.670871,24.386000000
171.679948,24.387000000
171.681804,24.388000000
171.692436,24.389000000
171.697261,24.390000000
171.714343,24.391000000
171.714405,24.392000000
171.714446,24.393000000
171.754936,24.394000000
171.767421,24.395000000
171.775590,24.396000000
171.789317,24.397000000
171.800816,24.398000000
171.814826,24.399000000
171.814876,24.400000000
171.852254,24.401000000
171.852347,24.402000000
171.852394,24.403000000
171.878481,24.404000000
171.891468,24.405000000
171.922462,24.406000000
171.922580,24.407000000
171.935536,24.408000000
171.953027,24.409000000
171.955383,24.410000000
171.967325,24.411000000
171.975978,24.412000000
171.981815,24.413000000
171.995274,24.414000000
171.999913,24.415000000
172.010817,24.416000000
172.030611,24.417000000
172.030702,24.418000000
172.040892,24.419000000
172.048328,24.420000000
172.064941,24.421000000
172.084309,24.422000000
172.085975,24.423000000
172.116071,24.424000000
172.121132,24.425000000
172.126299,24.426000000
172.142936,24.427000000
172.143011,24.428000000
172.152000,24.429000000
172.158833,24.430000000
172.164278,24.431000000
172.170236,24.432000000
172.172328,24.433000000
172.174511,24.434000000
172.177709,24.435000000
172.180131,24.436000000
172.182361,24.437000000
172.184931,24.438000000
172.189940,24.439000000
172.200230,24.440000000
172.210202,24.441000000
172.214607,24.442000000
172.225227,24.443000000
172.236068,24.444000000
172.243505,24.445000000
172.266925,24.446000000
172.272875,24.447000000
172.279648,24.448000000
172.287377,24.449000000
172.295033,24.450000000
172.302638,24.451000000
172.324880,24.452000000
172.336340,24.453000000
172.342308,24.454000000
172.353572,24.455000000
172.360773,24.456000000
172.371991,24.457000000
172.379050,24.458000000
172.387245,24.459000000
172.395728,24.460000000
172.399118,24.461000000
172.406319,24.462000000
172.411907,24.463000000
172.414397,24.464000000
172.437758,24.465000000
172.438076,24.466000000
172.443000,24.467000000
172.444364,24.468000000
172.446441,24.469000000
172.450117,24.470000000
172.457432,24.471000000
172.461609,24.472000000
172.469901,24.473000000
172.475957,24.474000000
172.482177,24.475000000
172.498368,24.476000000
172.522291,24.477000000
172.526696,24.478000000
172.548529,24.479000000
172.561172,24.480000000
172.561321,24.481000000
172.561338,24.482000000
172.568497,24.483000000
172.581496,24.484000000
172.594376,24.485000000
172.594428,24.486000000
172.604468,24.487000000
172.625504,24.488000000
172.630468,24.489000000
172.646114,24.490000000
172.652575,24.491000000
172.660087,24.492000000
172.666421,24.493000000
172.674414,24.494000000
172.680103,24.495000000
172.685961,24.496000000
172.692017,24.497000000
172.700744,24.498000000
172.705799,24.499000000
172.712025,24.500000000
172.720195,24.501000000
172.725989,24.502000000
172.733939,24.503000000
172.739640,24.504000000
172.748212,24.505000000
172.753432,24.506000000
172.763753,24.507000000
172.774855,24.508000000
172.779039,24.509000000
172.783530,24.510000000
172.802117,24.511000000
172.812406,24.512000000
172.830413,24.513000000
172.835631,24.514000000
172.844314,24.515000000
172.847493,24.516000000
172.849871,24.517000000
172.866001,24.518000000
172.868160,24.519000000
172.883421,24.520000000
172.896314,24.521000000
172.899963,24.522000000
172.902973,24.523000000
172.905118,24.524000000
172.950072,24.525000000
172.956234,24.526000000
172.980757,24.527000000
172.994419,24.528000000
173.011966,24.529000000
173.032246,24.530000000
173.045856,24.531000000
173.054452,24.532000000
173.062895,24.533000000
173.075085,24.534000000
173.089420,24.535000000
173.098479,24.536000000
173.107029,24.537000000
173.110570,24.538000000
173.123068,24.539000000
173.130093,24.540000000
173.133241,24.541000000
173.135425,24.542000000
173.142496,24.543000000
173.145152,24.544000000
173.151562,24.545000000
173.176977,24.546000000
173.183709,24.547000000
173.201667,24.548000000
173.208061,24.549000000
173.212931,24.550000000
173.230307,24.551000000
173.240424,24.552000000
173.246672,24.553000000
173.257676,24.554000000
173.261226,24.555000000
173.266999,24.556000000
173.270795,24.557000000
173.281607,24.558000000
173.283921,24.559000000
173.286777,24.560000000
173.289030,24.561000000
173.291325,24.562000000
173.293465,24.563000000
173.296646,24.564000000
173.320446,24.565000000
173.328875,24.566000000
173.336308,24.567000000
173.344063,24.568000000
173.348065,24.569000000
173.364219,24.570000000
173.389370,24.571000000
173.393597,24.572000000
173.412255,24.573000000
173.424378,24.574000000
173.436990,24.575000000
173.447134,24.576000000
173.458713,24.577000000
173.470710,24.578000000
173.475646,24.579000000
173.479595,24.580000000
173.495050,24.581000000
173.497318,24.582000000
173.500276,24.583000000
173.515076,24.584000000
173.524954,24.585000000
173.527229,24.586000000
173.529465,24.587000000
173.536667,24.588000000
173.542994,24.589000000
173.551102,24.590000000
173.555656,24.591000000
173.560103,24.592000000
173.596085,24.593000000
173.603082,24.594000000
173.626260,24.595000000
173.631607,24.596000000
173.634054,24.597000000
173.654109,24.598000000
173.669718,24.599000000
173.676800,24.600000000
173.698362,24.601000000
173.708880,24.602000000
173.718015,24.603000000
173.729639,24.604000000
173.738575,24.605000000
173.746361,24.606000000
173.754936,24.607000000
173.764569,24.608000000
173.782138,24.609000000
173.799495,24.610000000
173.814018,24.611000000
173.832912,24.612000000
173.836431,24.613000000
173.844752,24.614000000
173.851440,24.615000000
173.855043,24.616000000
173.860895,24.617000000
173.879606,24.618000000
173.902347,24.619000000
173.908872,24.620000000
173.919435,24.621000000
173.931895,24.622000000
173.940747,24.623000000
173.942461,24.624000000
173.956454,24.625000000
173.979838,24.626000000
174.010650,24.627000000
174.016538,24.628000000
174.031995,24.629000000
174.034128,24.630000000
174.035532,24.631000000
174.075446,24.632000000
174.075496,24.633000000
174.099963,24.634000000
174.113134,24.635000000
174.124628,24.636000000
174.142088,24.637000000
174.146041,24.638000000
174.160653,24.639000000
174.176515,24.640000000
174.201499,24.641000000
174.204091,24.642000000
174.204687,24.643000000
174.207812,24.644000000
174.207865,24.645000000
174.207906,24.646000000
174.231187,24.647000000
174.231797,24.648000000
174.238755,24.649000000
174.261308,24.650000000
174.272195,24.651000000
174.292083,24.652000000
174.299216,24.653000000
174.325325,24.654000000
174.330783,24.655000000
174.341473,24.656000000
174.362158,24.657000000
174.377045,24.658000000
174.384857,24.659000000
174.398778,24.660000000
174.398876,24.661000000
174.419781,24.662000000
174.457185,24.663000000
174.457629,24.664000000
174.475342,24.665000000
174.483648,24.666000000
174.493458,24.667000000
174.502717,24.668000000
174.525960,24.669000000
174.547141,24.670000000
174.562692,24.671000000
174.564471,24.672000000
174.569468,24.673000000
174.585068,24.674000000
174.587431,24.675000000
174.595665,24.676000000
174.603011,24.677000000
174.610610,24.678000000
174.626775,24.679000000
174.633735,24.680000000
174.644281,24.681000000
174.649782,24.682000000
174.661815,24.683000000
174.669055,24.684000000
174.676372,24.685000000
174.678555,24.686000000
174.706863,24.687000000
174.709268,24.688000000
174.716070,24.689000000
174.722391,24.690000000
174.729182,24.691000000
174.731965,24.692000000
174.745332,24.693000000
174.754627,24.694000000
174.757124,24.695000000
174.788190,24.696000000
174.798621,24.697000000
174.807654,24.698000000
174.816844,24.699000000
174.827434,24.700000000
174.838465,24.701000000
174.850745,24.702000000
174.859095,24.703000000
174.870455,24.704000000
174.878670,24.705000000
174.888908,24.706000000
174.900117,24.707000000
174.908372,24.708000000
174.918206,24.709000000
174.920743,24.710000000
174.925794,24.711000000
174.935210,24.712000000
174.952516,24.713000000
174.965502,24.714000000
174.975651,24.715000000
174.977955,24.716000000
174.999195,24.717000000
175.009837,24.718000000
175.012271,24.719000000
175.024112,24.720000000
175.031973,24.721000000
175.038655,24.722000000
175.041060,24.723000000
175.050350,24.724000000
175.052695,24.725000000
175.058225,24.726000000
175.060637,24.727000000
175.082398,24.728000000
175.092194,24.729000000
175.094483,24.730000000
175.113304,24.731000000
175.115679,24.732000000
175.124699,24.733000000
175.126988,24.734000000
175.160924,24.735000000
175.169711,24.736000000
175.180272,24.737000000
175.186857,24.738000000
175.198357,24.739000000
175.219464,24.740000000
175.230415,24.741000000
175.240575,24.742000000
175.249761,24.743000000
175.254168,24.744000000
175.267491,24.745000000
175.284946,24.746000000
175.290370,24.747000000
175.316869,24.748000000
175.322410,24.749000000
175.346146,24.750000000
175.355737,24.751000000
175.365566,24.752000000
175.368156,24.753000000
175.371457,24.754000000
175.373755,24.755000000
175.398803,24.756000000
175.401165,24.757000000
175.403768,24.758000000
175.410990,24.759000000
175.413332,24.760000000
175.419365,24.761000000
175.421672,24.762000000
175.441653,24.763000000
175.449520,24.764000000
175.467455,24.765000000
175.476875,24.766000000
175.487312,24.767000000
175.493063,24.768000000
175.504276,24.769000000
175.512042,24.770000000
175.522860,24.771000000
175.527808,24.772000000
175.540674,24.773000000
175.544994,24.774000000
175.558118,24.775000000
175.562670,24.776000000
175.574625,24.777000000
175.582241,24.778000000
175.600623,24.779000000
175.610276,24.780000000
175.612856,24.781000000
175.615318,24.782000000
175.619083,24.783000000
175.636836,24.784000000
175.639341,24.785000000
175.645136,24.786000000
175.650694,24.787000000
175.653070,24.788000000
175.655306,24.789000000
175.661851,24.790000000
175.664064,24.791000000
175.666796,24.792000000
175.670186,24.793000000
175.672756,24.794000000
175.684118,24.795000000
175.708931,24.796000000
175.714112,24.797000000
175.716539,24.798000000
175.718790,24.799000000
175.721351,24.800000000
175.723979,24.801000000
175.726847,24.802000000
175.729173,24.803000000
175.731358,24.804000000
175.748858,24.805000000
175.752240,24.806000000
175.754570,24.807000000
175.756969,24.808000000
175.759205,24.809000000
175.762374,24.810000000
175.764871,24.811000000
175.767852,24.812000000
175.771234,24.813000000
175.773554,24.814000000
175.779182,24.815000000
175.785470,24.816000000
175.787843,24.817000000
175.801317,24.818000000
175.803649,24.819000000
175.806189,24.820000000
175.813034,24.821000000
175.836314,24.822000000
175.849520,24.823000000
175.853587,24.824000000
175.864964,24.825000000
175.875027,24.826000000
175.883601,24.827000000
175.891856,24.828000000
175.902830,24.829000000
175.910171,24.830000000
175.933678,24.831000000
175.942669,24.832000000
175.953856,24.833000000
175.966286,24.834000000
175.970900,24.835000000
175.986328,24.836000000
175.990968,24.837000000
176.014525,24.838000000
176.017438,24.839000000
176.045150,24.840000000
176.049003,24.841000000
176.053062,24.842000000
176.055745,24.843000000
176.058029,24.844000000
176.060378,24.845000000
176.062548,24.846000000
176.065302,24.847000000
176.067494,24.848000000
176.079273,24.849000000
176.081643,24.850000000
176.083976,24.851000000
176.111447,24.852000000
176.132056,24.853000000
176.135360,24.854000000
176.144041,24.855000000
176.157202,24.856000000
176.194834,24.857000000
176.199500,24.858000000
176.220603,24.859000000
176.230313,24.860000000
176.242939,24.861000000
176.255163,24.862000000
176.266222,24.863000000
176.276032,24.864000000
176.285710,24.865000000
176.296080,24.866000000
176.306283,24.867000000
176.317083,24.868000000
176.326971,24.869000000
176.353923,24.870000000
176.368074,24.871000000
176.372000,24.872000000
176.398645,24.873000000
176.408735,24.874000000
176.430367,24.875000000
176.436836,24.876000000
176.445885,24.877000000
176.454002,24.878000000
176.454390,24.879000000
176.488541,24.880000000
176.502749,24.881000000
176.502866,24.882000000
176.521433,24.883000000
176.524383,24.884000000
176.533920,24.885000000
176.534028,24.886000000
176.562209,24.887000000
176.572527,24.888000000
176.589860,24.889000000
176.619197,24.890000000
176.623877,24.891000000
176.625082,24.892000000
176.630965,24.893000000
176.640516,24.894000000
176.648020,24.895000000
176.652772,24.896000000
176.656477,24.897000000
176.668432,24.898000000
176.684254,24.899000000
176.697175,24.900000000
176.710141,24.901000000
176.718293,24.902000000
176.727665,24.903000000
176.744093,24.904000000
176.754323,24.905000000
176.780739,24.906000000
176.799218,24.907000000
176.808459,24.908000000
176.838981,24.909000000
176.854468,24.910000000
176.875108,24.911000000
176.884377,24.912000000
176.897154,24.913000000
176.906210,24.914000000
176.919750,24.915000000
176.930290,24.916000000
176.934175,24.917000000
176.947514,24.918000000
176.956727,24.919000000
176.969186,24.920000000
176.980156,24.921000000
176.987228,24.922000000
176.999052,24.923000000
177.004097,24.924000000
177.008469,24.925000000
177.033887,24.926000000
177.049527,24.927000000
177.065316,24.928000000
177.073304,24.929000000
177.087068,24.930000000
177.095869,24.931000000
177.104840,24.932000000
177.112533,24.933000000
177.124040,24.934000000
177.129722,24.935000000
177.143367,24.936000000
177.151094,24.937000000
177.161402,24.938000000
177.168124,24.939000000
177.178806,24.940000000
177.191049,24.941000000
177.199422,24.942000000
177.209240,24.943000000
177.223969,24.944000000
177.232290,24.945000000
177.232338,24.946000000
177.238106,24.947000000
177.244169,24.948000000
177.247859,24.949000000
177.256957,24.950000000
177.262964,24.951000000
177.266093,24.952000000
177.278615,24.953000000
177.282840,24.954000000
177.292816,24.955000000
177.315519,24.956000000
177.334379,24.957000000
177.349673,24.958000000
177.362395,24.959000000
177.373170,24.960000000
177.390525,24.961000000
177.402521,24.962000000
177.413165,24.963000000
177.440239,24.964000000
177.447626,24.965000000
177.456456,24.966000000
177.462503,24.967000000
177.483274,24.968000000
177.495671,24.969000000
177.515314,24.970000000
177.516860,24.971000000
177.525516,24.972000000
177.530008,24.973000000
177.557527,24.974000000
177.564344,24.975000000
177.568730,24.976000000
177.590261,24.977000000
177.598282,24.978000000
177.611788,24.979000000
177.614258,24.980000000
177.621395,24.981000000
177.627346,24.982000000
177.632901,24.983000000
177.639273,24.984000000
177.646131,24.985000000
177.651551,24.986000000
177.658113,24.987000000
177.663236,24.988000000
177.668525,24.989000000
177.695884,24.990000000
177.695944,24.991000000
177.695955,24.992000000
177.695963,24.993000000
177.696966,24.994000000
177.697016,24.995000000
177.697025,24.996000000
177.697057,24.997000000
177.697066,24.998000000
177.699744,24.999000000
177.703831,25.000000000
177.703866,25.001000000
177.708185,25.002000000
177.708225,25.003000000
177.710254,25.004000000
177.710838,25.005000000
177.721898,25.006000000
177.721988,25.007000000
177.721999,25.008000000
177.722008,25.009000000
177.722016,25.010000000
177.729005,25.011000000
177.729321,25.012000000
177.729357,25.013000000
177.735562,25.014000000
177.735606,25.015000000
177.735615,25.016000000
177.746040,25.017000000
177.754646,25.018000000
177.754703,25.019000000
177.754714,25.020000000
177.763804,25.021000000
177.763860,25.022000000
177.763870,25.023000000
177.763893,25.024000000
177.764201,25.025000000
177.766529,25.026000000
177.776692,25.027000000
177.776747,25.028000000
177.776758,25.029000000
177.787018,25.030000000
177.787092,25.031000000
177.787512,25.032000000
177.804118,25.033000000
177.813635,25.034000000
177.813726,25.035000000
177.813737,25.036000000
177.813796,25.037000000
177.818492,25.038000000
177.829237,25.039000000
177.833003,25.040000000
177.840334,25.041000000
177.840940,25.042000000
177.859474,25.043000000
177.885817,25.044000000
177.902184,25.045000000
177.907550,25.046000000
177.927293,25.047000000
177.935115,25.048000000
177.936756,25.049000000
177.938453,25.050000000
177.944587,25.051000000
177.989675,25.052000000
177.999278,25.053000000
178.009606,25.054000000
178.019222,25.055000000
178.020690,25.056000000
178.054681,25.057000000
178.065658,25.058000000
178.067040,25.059000000
178.068944,25.060000000
178.103468,25.061000000
178.111337,25.062000000
178.118425,25.063000000
178.120139,25.064000000
178.146516,25.065000000
178.148041,25.066000000
178.156231,25.067000000
178.159569,25.068000000
178.166110,25.069000000
178.166166,25.070000000
178.166207,25.071000000
178.179874,25.072000000
178.179999,25.073000000
178.180574,25.074000000
178.200737,25.075000000
178.214641,25.076000000
178.218720,25.077000000
178.231438,25.078000000
178.265655,25.079000000
178.267245,25.080000000
178.270275,25.081000000
178.289985,25.082000000
178.302146,25.083000000
178.303654,25.084000000
178.347933,25.085000000
178.356010,25.086000000
178.381697,25.087000000
178.383172,25.088000000
178.384967,25.089000000
178.428961,25.090000000
178.445808,25.091000000
178.457067,25.092000000
178.461091,25.093000000
178.471919,25.094000000
178.478624,25.095000000
178.487113,25.096000000
178.498085,25.097000000
178.502667,25.098000000
178.510817,25.099000000
178.518216,25.100000000
178.526644,25.101000000
178.535561,25.102000000
178.542648,25.103000000
178.551435,25.104000000
178.565276,25.105000000
178.573418,25.106000000
178.576073,25.107000000
178.581777,25.108000000
178.585860,25.109000000
178.604007,25.110000000
178.629640,25.111000000
178.635401,25.112000000
178.638191,25.113000000
178.642858,25.114000000
178.651916,25.115000000
178.656058,25.116000000
178.658763,25.117000000
178.672626,25.118000000
178.677671,25.119000000
178.680019,25.120000000
178.682312,25.121000000
178.684597,25.122000000
178.709408,25.123000000
178.717129,25.124000000
178.726160,25.125000000
178.730739,25.126000000
178.735118,25.127000000
178.740115,25.128000000
178.744526,25.129000000
178.756306,25.130000000
178.764168,25.131000000
178.780906,25.132000000
178.795756,25.133000000
178.807814,25.134000000
178.816988,25.135000000
178.820710,25.136000000
178.825679,25.137000000
178.831764,25.138000000
178.849110,25.139000000
178.862094,25.140000000
178.867178,25.141000000
178.889363,25.142000000
178.900994,25.143000000
178.906244,25.144000000
178.922848,25.145000000
178.927287,25.146000000
178.931965,25.147000000
178.962001,25.148000000
178.980376,25.149000000
178.992111,25.150000000
179.007919,25.151000000
179.018236,25.152000000
179.048390,25.153000000
179.059288,25.154000000
179.066674,25.155000000
179.073674,25.156000000
179.081228,25.157000000
179.087976,25.158000000
179.092688,25.159000000
179.104704,25.160000000
179.115689,25.161000000
179.124559,25.162000000
179.134662,25.163000000
179.140609,25.164000000
179.155349,25.165000000
179.169856,25.166000000
179.183758,25.167000000
179.212299,25.168000000
179.226194,25.169000000
179.239110,25.170000000
179.251588,25.171000000
179.260610,25.172000000
179.273207,25.173000000
179.279157,25.174000000
179.286806,25.175000000
179.315627,25.176000000
179.319762,25.177000000
179.328481,25.178000000
179.342904,25.179000000
179.354075,25.180000000
179.381313,25.181000000
179.395617,25.182000000
179.406753,25.183000000
179.411130,25.184000000
179.425339,25.185000000
179.427702,25.186000000
179.433640,25.187000000
179.438022,25.188000000
179.442325,25.189000000
179.444705,25.190000000
179.451764,25.191000000
179.454143,25.192000000
179.456915,25.193000000
179.459363,25.194000000
179.461635,25.195000000
179.463909,25.196000000
179.466217,25.197000000
179.468513,25.198000000
179.470988,25.199000000
179.473699,25.200000000
179.476385,25.201000000
179.478599,25.202000000
179.480877,25.203000000
179.483139,25.204000000
179.487722,25.205000000
179.493298,25.206000000
179.498053,25.207000000
179.502438,25.208000000
179.510859,25.209000000
179.514559,25.210000000
179.531946,25.211000000
179.541584,25.212000000
179.573913,25.213000000
179.584881,25.214000000
179.619775,25.215000000
179.622834,25.216000000
179.625943,25.217000000
179.633329,25.218000000
179.636376,25.219000000
179.661095,25.220000000
179.671870,25.221000000
179.676794,25.222000000
179.679348,25.223000000
179.697025,25.224000000
179.699319,25.225000000
179.714532,25.226000000
179.723705,25.227000000
179.738020,25.228000000
179.740404,25.229000000
179.760933,25.230000000
179.768819,25.231000000
179.775126,25.232000000
179.784254,25.233000000
179.787600,25.234000000
179.796293,25.235000000
179.803076,25.236000000
179.810775,25.237000000
179.819712,25.238000000
179.829033,25.239000000
179.835020,25.240000000
179.841411,25.241000000
179.849732,25.242000000
179.857138,25.243000000
179.865488,25.244000000
179.869144,25.245000000
179.881847,25.246000000
179.884994,25.247000000
179.899157,25.248000000
179.908229,25.249000000
179.910720,25.250000000
179.914302,25.251000000
179.923469,25.252000000
179.951002,25.253000000
179.953575,25.254000000
179.956389,25.255000000
179.958847,25.256000000
179.961297,25.257000000
179.993443,25.258000000
180.005984,25.259000000
180.009177,25.260000000
180.011683,25.261000000
180.014569,25.262000000
180.032686,25.263000000
180.042544,25.264000000
180.052860,25.265000000
180.080376,25.266000000
180.093427,25.267000000
180.100300,25.268000000
180.119038,25.269000000
180.124402,25.270000000
180.133722,25.271000000
180.140277,25.272000000
180.152151,25.273000000
180.158729,25.274000000
180.162313,25.275000000
180.173103,25.276000000
180.183452,25.277000000
180.191749,25.278000000
180.202415,25.279000000
180.205312,25.280000000
180.215555,25.281000000
180.221930,25.282000000
180.226135,25.283000000
180.237055,25.284000000
180.243651,25.285000000
180.252963,25.286000000
180.257826,25.287000000
180.262829,25.288000000
180.265498,25.289000000
180.271062,25.290000000
180.287633,25.291000000
180.287693,25.292000000
180.333479,25.293000000
180.342511,25.294000000
180.352674,25.295000000
180.384601,25.296000000
180.403299,25.297000000
180.403889,25.298000000
180.403946,25.299000000
180.429300,25.300000000
180.439440,25.301000000
180.463334,25.302000000
180.471211,25.303000000
180.481017,25.304000000
180.490369,25.305000000
180.499830,25.306000000
180.508106,25.307000000
180.516474,25.308000000
180.523840,25.309000000
180.537027,25.310000000
180.541399,25.311000000
180.552437,25.312000000
180.560806,25.313000000
180.567769,25.314000000
180.577976,25.315000000
180.586475,25.316000000
180.605101,25.317000000
180.607927,25.318000000
180.613614,25.319000000
180.630008,25.320000000
180.648943,25.321000000
180.662776,25.322000000
180.667355,25.323000000
180.670094,25.324000000
180.675089,25.325000000
180.679124,25.326000000
180.686556,25.327000000
180.694925,25.328000000
180.697948,25.329000000
180.708891,25.330000000
180.720696,25.331000000
180.736738,25.332000000
180.739398,25.333000000
180.746881,25.334000000
180.750439,25.335000000
180.753256,25.336000000
180.768639,25.337000000
180.772070,25.338000000
180.780324,25.339000000
180.810713,25.340000000
180.824354,25.341000000
180.830191,25.342000000
180.833991,25.343000000
180.845623,25.344000000
180.852165,25.345000000
180.859812,25.346000000
180.867849,25.347000000
180.878089,25.348000000
180.881406,25.349000000
180.891027,25.350000000
180.899408,25.351000000
180.907470,25.352000000
180.915684,25.353000000
180.921934,25.354000000
180.930649,25.355000000
180.935439,25.356000000
180.944320,25.357000000
180.948207,25.358000000
180.953947,25.359000000
180.957677,25.360000000
180.975096,25.361000000
180.977289,25.362000000
180.979457,25.363000000
180.981616,25.364000000
180.987522,25.365000000
181.007366,25.366000000
181.020566,25.367000000
181.024702,25.368000000
181.026941,25.369000000
181.029633,25.370000000
181.035210,25.371000000
181.042102,25.372000000
181.060583,25.373000000
181.071452,25.374000000
181.076653,25.375000000
181.082784,25.376000000
181.096034,25.377000000
181.098011,25.378000000
181.114996,25.379000000
181.117378,25.380000000
181.121728,25.381000000
181.137704,25.382000000
181.155826,25.383000000
181.161619,25.384000000
181.165844,25.385000000
181.183222,25.386000000
181.195902,25.387000000
181.208293,25.388000000
181.218477,25.389000000
181.224835,25.390000000
181.235308,25.391000000
181.243265,25.392000000
181.263182,25.393000000
181.263231,25.394000000
181.272462,25.395000000
181.272526,25.396000000
181.279002,25.397000000
181.294618,25.398000000
181.299017,25.399000000
181.324543,25.400000000
181.329996,25.401000000
181.355875,25.402000000
181.364748,25.403000000
181.375914,25.404000000
181.375971,25.405000000
181.404094,25.406000000
181.413738,25.407000000
181.413788,25.408000000
181.421084,25.409000000
181.421128,25.410000000
181.435096,25.411000000
181.435143,25.412000000
181.465330,25.413000000
181.478915,25.414000000
181.487350,25.415000000
181.495532,25.416000000
181.499470,25.417000000
181.503335,25.418000000
181.509001,25.419000000
181.515365,25.420000000
181.523015,25.421000000
181.538724,25.422000000
181.538773,25.423000000
181.552537,25.424000000
181.572599,25.425000000
181.587567,25.426000000
181.603837,25.427000000
181.615435,25.428000000
181.627326,25.429000000
181.639723,25.430000000
181.653817,25.431000000
181.666561,25.432000000
181.676148,25.433000000
181.685022,25.434000000
181.693826,25.435000000
181.693872,25.436000000
181.695226,25.437000000
181.701628,25.438000000
181.703692,25.439000000
181.707339,25.440000000
181.709425,25.441000000
181.715665,25.442000000
181.719008,25.443000000
181.723266,25.444000000
181.725606,25.445000000
181.745689,25.446000000
181.747823,25.447000000
181.753364,25.448000000
181.757306,25.449000000
181.761297,25.450000000
181.766464,25.451000000
181.779082,25.452000000
181.797592,25.453000000
181.802745,25.454000000
181.817891,25.455000000
181.831145,25.456000000
181.838083,25.457000000
181.844537,25.458000000
181.849083,25.459000000
181.854978,25.460000000
181.858363,25.461000000
181.863540,25.462000000
181.866055,25.463000000
181.896709,25.464000000
181.903681,25.465000000
181.905861,25.466000000
181.911025,25.467000000
181.927771,25.468000000
181.929943,25.469000000
181.936128,25.470000000
181.940236,25.471000000
181.944453,25.472000000
181.947720,25.473000000
181.960232,25.474000000
181.960276,25.475000000
181.967614,25.476000000
181.993635,25.477000000
181.993688,25.478000000
181.993699,25.479000000
182.011488,25.480000000
182.022522,25.481000000
182.022570,25.482000000
182.037621,25.483000000
182.047214,25.484000000
182.056606,25.485000000
182.065639,25.486000000
182.065712,25.487000000
182.086567,25.488000000
182.086615,25.489000000
182.101298,25.490000000
182.101345,25.491000000
182.116195,25.492000000
182.125288,25.493000000
182.138807,25.494000000
182.179116,25.495000000
182.191300,25.496000000
182.199623,25.497000000
182.201928,25.498000000
182.205496,25.499000000
182.210435,25.500000000
182.215404,25.501000000
182.215479,25.502000000
182.229152,25.503000000
182.229200,25.504000000
182.237556,25.505000000
182.241915,25.506000000
182.253628,25.507000000
182.257610,25.508000000
182.259741,25.509000000
182.262104,25.510000000
182.286465,25.511000000
182.289123,25.512000000
182.297834,25.513000000
182.301915,25.514000000
182.304130,25.515000000
182.314670,25.516000000
182.320899,25.517000000
182.326951,25.518000000
182.358887,25.519000000
182.364389,25.520000000
182.366878,25.521000000
182.401994,25.522000000
182.407118,25.523000000
182.417130,25.524000000
182.423485,25.525000000
182.425653,25.526000000
182.433202,25.527000000
182.438816,25.528000000
182.448473,25.529000000
182.453721,25.530000000
182.460216,25.531000000
182.467532,25.532000000
182.471640,25.533000000
182.478928,25.534000000
182.483768,25.535000000
182.488036,25.536000000
182.495316,25.537000000
182.502240,25.538000000
182.506803,25.539000000
182.513817,25.540000000
182.519798,25.541000000
182.523324,25.542000000
182.529967,25.543000000
182.536171,25.544000000
182.542116,25.545000000
182.547592,25.546000000
182.555840,25.547000000
182.561136,25.548000000
182.568202,25.549000000
182.570774,25.550000000
182.579275,25.551000000
182.583371,25.552000000
182.589515,25.553000000
182.596546,25.554000000
182.601819,25.555000000
182.606956,25.556000000
182.613375,25.557000000
182.619153,25.558000000
182.624284,25.559000000
182.632425,25.560000000
182.655149,25.561000000
182.657299,25.562000000
182.668468,25.563000000
182.673935,25.564000000
182.694466,25.565000000
182.695473,25.566000000
182.703565,25.567000000
182.710226,25.568000000
182.712671,25.569000000
182.719815,25.570000000
182.725823,25.571000000
182.732402,25.572000000
182.754111,25.573000000
182.755374,25.574000000
182.762489,25.575000000
182.795916,25.576000000
182.805764,25.577000000
182.809936,25.578000000
182.814764,25.579000000
182.822172,25.580000000
182.826379,25.581000000
182.833430,25.582000000
182.837191,25.583000000
182.844329,25.584000000
182.854877,25.585000000
182.868837,25.586000000
182.870639,25.587000000
182.888120,25.588000000
182.921531,25.589000000
182.923431,25.590000000
182.925989,25.591000000
182.935175,25.592000000
182.942115,25.593000000
182.948558,25.594000000
182.958158,25.595000000
182.964156,25.596000000
182.968514,25.597000000
182.975991,25.598000000
182.983237,25.599000000
182.987899,25.600000000
182.994509,25.601000000
183.001709,25.602000000
183.003865,25.603000000
183.010629,25.604000000
183.022226,25.605000000
183.026307,25.606000000
183.032900,25.607000000
183.039901,25.608000000
183.046157,25.609000000
183.050397,25.610000000
183.061374,25.611000000
183.068551,25.612000000
183.071454,25.613000000
183.079089,25.614000000
183.084846,25.615000000
183.093315,25.616000000
183.095794,25.617000000
183.102739,25.618000000
183.122757,25.619000000
183.128995,25.620000000
183.134734,25.621000000
183.144172,25.622000000
183.184939,25.623000000
183.199380,25.624000000
183.231023,25.625000000
183.242831,25.626000000
183.248744,25.627000000
183.260413,25.628000000
183.286833,25.629000000
183.289061,25.630000000
183.299370,25.631000000
183.305391,25.632000000
183.313512,25.633000000
183.320651,25.634000000
183.325519,25.635000000
183.332699,25.636000000
183.336959,25.637000000
183.343766,25.638000000
183.345942,25.639000000
183.359530,25.640000000
183.365278,25.641000000
183.373564,25.642000000
183.384405,25.643000000
183.392225,25.644000000
183.398518,25.645000000
183.400727,25.646000000
183.404951,25.647000000
183.416690,25.648000000
183.423020,25.649000000
183.429413,25.650000000
183.435753,25.651000000
183.444958,25.652000000
183.454267,25.653000000
183.462434,25.654000000
183.471307,25.655000000
183.475503,25.656000000
183.492113,25.657000000
183.499118,25.658000000
183.504390,25.659000000
183.527401,25.660000000
183.529715,25.661000000
183.559176,25.662000000
183.571716,25.663000000
183.585432,25.664000000
183.602612,25.665000000
183.618057,25.666000000
183.624028,25.667000000
183.631670,25.668000000
183.638042,25.669000000
183.653911,25.670000000
183.656454,25.671000000
183.659061,25.672000000
183.680243,25.673000000
183.685478,25.674000000
183.690796,25.675000000
183.715185,25.676000000
183.724857,25.677000000
183.731367,25.678000000
183.736834,25.679000000
183.746224,25.680000000
183.752980,25.681000000
183.760954,25.682000000
183.764927,25.683000000
183.772490,25.684000000
183.781683,25.685000000
183.785151,25.686000000
183.789193,25.687000000
183.794164,25.688000000
183.801683,25.689000000
183.808933,25.690000000
183.819640,25.691000000
183.826406,25.692000000
183.836656,25.693000000
183.840779,25.694000000
183.851681,25.695000000
183.874882,25.696000000
183.879504,25.697000000
183.893798,25.698000000
183.893845,25.699000000
183.904383,25.700000000
183.913997,25.701000000
183.945849,25.702000000
183.955043,25.703000000
183.959905,25.704000000
183.962135,25.705000000
183.983611,25.706000000
184.003699,25.707000000
184.011115,25.708000000
184.040950,25.709000000
184.042547,25.710000000
184.053306,25.711000000
184.075108,25.712000000
184.082047,25.713000000
184.097432,25.714000000
184.113960,25.715000000
184.125598,25.716000000
184.133896,25.717000000
184.145806,25.718000000
184.161033,25.719000000
184.178315,25.720000000
184.188401,25.721000000
184.205590,25.722000000
184.230678,25.723000000
184.232940,25.724000000
184.241937,25.725000000
184.264776,25.726000000
184.275217,25.727000000
184.284393,25.728000000
184.315556,25.729000000
184.322672,25.730000000
184.322726,25.731000000
184.353148,25.732000000
184.361169,25.733000000
184.377356,25.734000000
184.384290,25.735000000
184.417839,25.736000000
184.425292,25.737000000
184.446236,25.738000000
184.461665,25.739000000
184.461707,25.740000000
184.479205,25.741000000
184.493182,25.742000000
184.509025,25.743000000
184.509070,25.744000000
184.517885,25.745000000
184.525212,25.746000000
184.537807,25.747000000
184.580901,25.748000000
184.591549,25.749000000
184.619259,25.750000000
184.619306,25.751000000
184.628496,25.752000000
184.665384,25.753000000
184.670051,25.754000000
184.685418,25.755000000
184.689386,25.756000000
184.699221,25.757000000
184.705684,25.758000000
184.709095,25.759000000
184.752030,25.760000000
184.752588,25.761000000
184.764627,25.762000000
184.771896,25.763000000
184.780066,25.764000000
184.786414,25.765000000
184.796862,25.766000000
184.803572,25.767000000
184.810855,25.768000000
184.820331,25.769000000
184.825223,25.770000000
184.835447,25.771000000
184.841794,25.772000000
184.846893,25.773000000
184.858886,25.774000000
184.861213,25.775000000
184.868690,25.776000000
184.873743,25.777000000
184.879474,25.778000000
184.891724,25.779000000
184.895824,25.780000000
184.898654,25.781000000
184.904704,25.782000000
184.908425,25.783000000
184.912738,25.784000000
184.917390,25.785000000
184.921442,25.786000000
184.925929,25.787000000
184.928064,25.788000000
184.946331,25.789000000
184.960058,25.790000000
184.982188,25.791000000
184.984243,25.792000000
184.993807,25.793000000
185.029559,25.794000000
185.036989,25.795000000
185.049827,25.796000000
185.070139,25.797000000
185.078775,25.798000000
185.111336,25.799000000
185.119080,25.800000000
185.121599,25.801000000
185.151209,25.802000000
185.165771,25.803000000
185.190811,25.804000000
185.203028,25.805000000
185.205696,25.806000000
185.209637,25.807000000
185.226557,25.808000000
185.231806,25.809000000
185.239927,25.810000000
185.239989,25.811000000
185.245415,25.812000000
185.254099,25.813000000
185.256299,25.814000000
185.289541,25.815000000
185.295758,25.816000000
185.305958,25.817000000
185.306013,25.818000000
185.306023,25.819000000
185.319678,25.820000000
185.325629,25.821000000
185.335099,25.822000000
185.347865,25.823000000
185.361306,25.824000000
185.366107,25.825000000
185.378229,25.826000000
185.387413,25.827000000
185.413991,25.828000000
185.423760,25.829000000
185.433595,25.830000000
185.440611,25.831000000
185.455694,25.832000000
185.455743,25.833000000
185.458436,25.834000000
185.460665,25.835000000
185.469947,25.836000000
185.492162,25.837000000
185.492209,25.838000000
185.496264,25.839000000
185.506338,25.840000000
185.506379,25.841000000
185.513070,25.842000000
185.513128,25.843000000
185.522715,25.844000000
185.537118,25.845000000
185.548029,25.846000000
185.551665,25.847000000
185.559450,25.848000000
185.588039,25.849000000
185.593786,25.850000000
185.612544,25.851000000
185.623144,25.852000000
185.631214,25.853000000
185.642783,25.854000000
185.652115,25.855000000
185.656554,25.856000000
185.684676,25.857000000
185.687824,25.858000000
185.694912,25.859000000
185.715602,25.860000000
185.719774,25.861000000
185.755798,25.862000000
185.763273,25.863000000
185.773217,25.864000000
185.785131,25.865000000
185.801132,25.866000000
185.817880,25.867000000
185.848662,25.868000000
185.848708,25.869000000
185.872526,25.870000000
185.884668,25.871000000
185.903035,25.872000000
185.913993,25.873000000
185.923922,25.874000000
185.932349,25.875000000
185.948921,25.876000000
185.958018,25.877000000
185.965698,25.878000000
185.971638,25.879000000
185.977290,25.880000000
186.001222,25.881000000
186.005182,25.882000000
186.010921,25.883000000
186.034966,25.884000000
186.037437,25.885000000
186.042967,25.886000000
186.045318,25.887000000
186.047885,25.888000000
186.050341,25.889000000
186.052816,25.890000000
186.060383,25.891000000
186.062950,25.892000000
186.065035,25.893000000
186.068198,25.894000000
186.070294,25.895000000
186.075169,25.896000000
186.078048,25.897000000
186.080489,25.898000000
186.084374,25.899000000
186.087292,25.900000000
186.094707,25.901000000
186.099745,25.902000000
186.101829,25.903000000
186.103926,25.904000000
186.105997,25.905000000
186.107909,25.906000000
186.110069,25.907000000
186.113030,25.908000000
186.115384,25.909000000
186.117890,25.910000000
186.120126,25.911000000
186.138918,25.912000000
186.144799,25.913000000
186.155226,25.914000000
186.166973,25.915000000
186.173656,25.916000000
186.185450,25.917000000
186.198298,25.918000000
186.204465,25.919000000
186.209210,25.920000000
186.224869,25.921000000
186.240767,25.922000000
186.259944,25.923000000
186.270127,25.924000000
186.278384,25.925000000
186.287026,25.926000000
186.295470,25.927000000
186.306030,25.928000000
186.306081,25.929000000
186.320928,25.930000000
186.332940,25.931000000
186.339352,25.932000000
186.358332,25.933000000
186.363633,25.934000000
186.391236,25.935000000
186.399209,25.936000000
186.431009,25.937000000
186.431052,25.938000000
186.445943,25.939000000
186.454686,25.940000000
186.464920,25.941000000
186.468150,25.942000000
186.470924,25.943000000
186.493738,25.944000000
186.493776,25.945000000
186.506523,25.946000000
186.526606,25.947000000
186.542421,25.948000000
186.542470,25.949000000
186.547169,25.950000000
186.560747,25.951000000
186.585446,25.952000000
186.585490,25.953000000
186.586164,25.954000000
186.592082,25.955000000
186.604251,25.956000000
186.639055,25.957000000
186.661450,25.958000000
186.690445,25.959000000
186.703827,25.960000000
186.714184,25.961000000
186.728582,25.962000000
186.738136,25.963000000
186.745605,25.964000000
186.749293,25.965000000
186.776010,25.966000000
186.780485,25.967000000
186.800231,25.968000000
186.805358,25.969000000
186.834353,25.970000000
186.852983,25.971000000
186.858238,25.972000000
186.861019,25.973000000
186.872319,25.974000000
186.888091,25.975000000
186.893405,25.976000000
186.904799,25.977000000
186.922982,25.978000000
186.923023,25.979000000
186.934228,25.980000000
186.935726,25.981000000
186.950455,25.982000000
186.954566,25.983000000
186.957651,25.984000000
186.958289,25.985000000
186.960379,25.986000000
186.963309,25.987000000
186.965583,25.988000000
186.967682,25.989000000
186.974947,25.990000000
186.985869,25.991000000
186.988183,25.992000000
186.991484,25.993000000
187.016220,25.994000000
187.026661,25.995000000
187.030758,25.996000000
187.034454,25.997000000
187.056194,25.998000000
187.071925,25.999000000
187.089022,26.000000000
187.090237,26.001000000
187.127508,26.002000000
187.129680,26.003000000
187.137212,26.004000000
187.140466,26.005000000
187.186885,26.006000000
187.197051,26.007000000
187.207491,26.008000000
187.215104,26.009000000
187.227012,26.010000000
187.231068,26.011000000
187.237521,26.012000000
187.248523,26.013000000
187.256862,26.014000000
187.264583,26.015000000
187.273025,26.016000000
187.280465,26.017000000
187.290669,26.018000000
187.299630,26.019000000
187.302434,26.020000000
187.326743,26.021000000
187.336451,26.022000000
187.343127,26.023000000
187.348885,26.024000000
187.359169,26.025000000
187.370010,26.026000000
187.377571,26.027000000
187.385666,26.028000000
187.409266,26.029000000
187.415181,26.030000000
187.430896,26.031000000
187.445760,26.032000000
187.449189,26.033000000
187.453172,26.034000000
187.481522,26.035000000
187.490405,26.036000000
187.501843,26.037000000
187.509788,26.038000000
187.514490,26.039000000
187.526044,26.040000000
187.532022,26.041000000
187.546669,26.042000000
187.549239,26.043000000
187.562114,26.044000000
187.573489,26.045000000
187.577967,26.046000000
187.589816,26.047000000
187.600545,26.048000000
187.626175,26.049000000
187.632148,26.050000000
187.653352,26.051000000
187.664187,26.052000000
187.668064,26.053000000
187.698066,26.054000000
187.698125,26.055000000
187.714848,26.056000000
187.721621,26.057000000
187.723105,26.058000000
187.735536,26.059000000
187.751205,26.060000000
187.755518,26.061000000
187.767045,26.062000000
187.779904,26.063000000
187.792375,26.064000000
187.803544,26.065000000
187.813965,26.066000000
187.828193,26.067000000
187.833357,26.068000000
187.862371,26.069000000
187.872260,26.070000000
187.885728,26.071000000
187.892914,26.072000000
187.902510,26.073000000
187.905289,26.074000000
187.909781,26.075000000
187.912180,26.076000000
187.924426,26.077000000
187.943683,26.078000000
187.953373,26.079000000
187.957866,26.080000000
187.963302,26.081000000
187.966319,26.082000000
187.968801,26.083000000
187.984484,26.084000000
187.987747,26.085000000
187.993209,26.086000000
187.997709,26.087000000
188.003032,26.088000000
188.005871,26.089000000
188.010139,26.090000000
188.020712,26.091000000
188.030226,26.092000000
188.034338,26.093000000
188.042287,26.094000000
188.046153,26.095000000
188.063113,26.096000000
188.069128,26.097000000
188.082653,26.098000000
188.094658,26.099000000
188.094699,26.100000000
188.103824,26.101000000
188.103865,26.102000000
188.125566,26.103000000
188.146359,26.104000000
188.148660,26.105000000
188.170434,26.106000000
188.182567,26.107000000
188.197257,26.108000000
188.207160,26.109000000
188.213587,26.110000000
188.235706,26.111000000
188.237904,26.112000000
188.249866,26.113000000
188.272596,26.114000000
188.279345,26.115000000
188.302061,26.116000000
188.307824,26.117000000
188.319825,26.118000000
188.331158,26.119000000
188.336478,26.120000000
188.357765,26.121000000
188.367218,26.122000000
188.379173,26.123000000
188.407393,26.124000000
188.417256,26.125000000
188.434567,26.126000000
188.438981,26.127000000
188.453985,26.128000000
188.462233,26.129000000
188.472579,26.130000000
188.479144,26.131000000
188.483106,26.132000000
188.494495,26.133000000
188.505064,26.134000000
188.505125,26.135000000
188.516951,26.136000000
188.539259,26.137000000
188.539324,26.138000000
188.557449,26.139000000
188.557506,26.140000000
188.578572,26.141000000
188.581641,26.142000000
188.593871,26.143000000
188.602577,26.144000000
188.607882,26.145000000
188.616137,26.146000000
188.626401,26.147000000
188.634178,26.148000000
188.649172,26.149000000
188.649244,26.150000000
188.667929,26.151000000
188.676907,26.152000000
188.701424,26.153000000
188.701489,26.154000000
188.701530,26.155000000
188.709075,26.156000000
188.714118,26.157000000
188.727097,26.158000000
188.727772,26.159000000
188.748934,26.160000000
188.759008,26.161000000
188.767070,26.162000000
188.774542,26.163000000
188.774650,26.164000000
188.795689,26.165000000
188.795752,26.166000000
188.817280,26.167000000
188.831223,26.168000000
188.840818,26.169000000
188.851843,26.170000000
188.857916,26.171000000
188.870884,26.172000000
188.878301,26.173000000
188.889836,26.174000000
188.901323,26.175000000
188.913548,26.176000000
188.920202,26.177000000
188.934983,26.178000000
188.937754,26.179000000
188.956093,26.180000000
188.958951,26.181000000
188.974757,26.182000000
188.998666,26.183000000
189.012066,26.184000000
189.025339,26.185000000
189.033145,26.186000000
189.050096,26.187000000
189.059469,26.188000000
189.068461,26.189000000
189.104498,26.190000000
189.118595,26.191000000
189.122020,26.192000000
189.126048,26.193000000
189.128705,26.194000000
189.131899,26.195000000
189.134288,26.196000000
189.136909,26.197000000
189.139674,26.198000000
189.142648,26.199000000
189.149956,26.200000000
189.153024,26.201000000
189.164825,26.202000000
189.178748,26.203000000
189.193228,26.204000000
189.199623,26.205000000
189.225932,26.206000000
189.237247,26.207000000
189.257184,26.208000000
189.265745,26.209000000
189.273057,26.210000000
189.306695,26.211000000
189.312220,26.212000000
189.324593,26.213000000
189.340312,26.214000000
189.351868,26.215000000
189.362101,26.216000000
189.377202,26.217000000
189.389048,26.218000000
189.394109,26.219000000
189.402889,26.220000000
189.412320,26.221000000
189.418087,26.222000000
189.423415,26.223000000
189.434527,26.224000000
189.453226,26.225000000
189.468289,26.226000000
189.482446,26.227000000
189.490320,26.228000000
189.495169,26.229000000
189.505606,26.230000000
189.510136,26.231000000
189.514550,26.232000000
189.537258,26.233000000
189.544196,26.234000000
189.560016,26.235000000
189.565658,26.236000000
189.576718,26.237000000
189.600496,26.238000000
189.608707,26.239000000
189.614371,26.240000000
189.622840,26.241000000
189.629013,26.242000000
189.637852,26.243000000
189.642549,26.244000000
189.651689,26.245000000
189.658052,26.246000000
189.665101,26.247000000
189.673077,26.248000000
189.677952,26.249000000
189.682838,26.250000000
189.700959,26.251000000
189.705628,26.252000000
189.721825,26.253000000
189.730083,26.254000000
189.732740,26.255000000
189.743642,26.256000000
189.748631,26.257000000
189.752166,26.258000000
189.756652,26.259000000
189.783685,26.260000000
189.795251,26.261000000
189.810336,26.262000000
189.820127,26.263000000
189.826322,26.264000000
189.856783,26.265000000
189.864451,26.266000000
189.886124,26.267000000
189.887934,26.268000000
189.914286,26.269000000
189.923277,26.270000000
189.937402,26.271000000
189.937462,26.272000000
189.937503,26.273000000
189.937541,26.274000000
189.937579,26.275000000
189.939006,26.276000000
189.941993,26.277000000
189.942517,26.278000000
189.958664,26.279000000
189.958731,26.280000000
189.958774,26.281000000
189.958813,26.282000000
189.959680,26.283000000
189.959730,26.284000000
189.959769,26.285000000
189.959807,26.286000000
189.961809,26.287000000
189.963818,26.288000000
189.975414,26.289000000
189.994159,26.290000000
190.013787,26.291000000
190.035896,26.292000000
190.047364,26.293000000
190.062873,26.294000000
190.070539,26.295000000
190.083333,26.296000000
190.109990,26.297000000
190.118118,26.298000000
190.124244,26.299000000
190.140534,26.300000000
190.149474,26.301000000
190.156990,26.302000000
190.188354,26.303000000
190.196520,26.304000000
190.209526,26.305000000
190.228271,26.306000000
190.236136,26.307000000
190.244590,26.308000000
190.255696,26.309000000
190.265706,26.310000000
190.283333,26.311000000
190.319795,26.312000000
190.329959,26.313000000
190.336059,26.314000000
190.342104,26.315000000
190.379634,26.316000000
190.387337,26.317000000
190.401428,26.318000000
190.417977,26.319000000
190.418612,26.320000000
190.441828,26.321000000
190.453946,26.322000000
190.455364,26.323000000
190.474961,26.324000000
190.501828,26.325000000
190.503138,26.326000000
190.504869,26.327000000
190.531031,26.328000000
190.547168,26.329000000
190.553548,26.330000000
190.565222,26.331000000
190.588878,26.332000000
190.588953,26.333000000
190.594342,26.334000000
190.607653,26.335000000
190.607723,26.336000000
190.617572,26.337000000
190.622768,26.338000000
190.630857,26.339000000
190.630925,26.340000000
190.643373,26.341000000
190.643443,26.342000000
190.656008,26.343000000
190.677882,26.344000000
190.683390,26.345000000
190.696629,26.346000000
190.704438,26.347000000
190.709603,26.348000000
190.712223,26.349000000
190.714938,26.350000000
190.729449,26.351000000
190.740717,26.352000000
190.745872,26.353000000
190.754156,26.354000000
190.764988,26.355000000
190.767837,26.356000000
190.772103,26.357000000
190.775833,26.358000000
190.798290,26.359000000
190.808505,26.360000000
190.816481,26.361000000
190.821729,26.362000000
190.824103,26.363000000
190.830094,26.364000000
190.834638,26.365000000
190.840750,26.366000000
190.862535,26.367000000
190.869122,26.368000000
190.882746,26.369000000
190.888721,26.370000000
190.896368,26.371000000
190.902029,26.372000000
190.908318,26.373000000
190.915516,26.374000000
190.920549,26.375000000
190.932197,26.376000000
190.940202,26.377000000
190.946080,26.378000000
190.960048,26.379000000
190.968326,26.380000000
190.972003,26.381000000
190.980372,26.382000000
190.984949,26.383000000
190.990959,26.384000000
190.995169,26.385000000
191.014805,26.386000000
191.019910,26.387000000
191.028283,26.388000000
191.038872,26.389000000
191.047570,26.390000000
191.051615,26.391000000
191.083515,26.392000000
191.089597,26.393000000
191.099984,26.394000000
191.107010,26.395000000
191.114399,26.396000000
191.129706,26.397000000
191.143260,26.398000000
191.153977,26.399000000
191.162181,26.400000000
191.172704,26.401000000
191.182509,26.402000000
191.193312,26.403000000
191.200092,26.404000000
191.205709,26.405000000
191.210246,26.406000000
191.236858,26.407000000
191.259621,26.408000000
191.270163,26.409000000
191.277702,26.410000000
191.295712,26.411000000
191.298232,26.412000000
191.301506,26.413000000
191.330834,26.414000000
191.339285,26.415000000
191.344469,26.416000000
191.357540,26.417000000
191.370373,26.418000000
191.376005,26.419000000
191.407707,26.420000000
191.417594,26.421000000
191.428478,26.422000000
191.435806,26.423000000
191.443255,26.424000000
191.452189,26.425000000
191.459437,26.426000000
191.465472,26.427000000
191.473690,26.428000000
191.481492,26.429000000
191.486092,26.430000000
191.491752,26.431000000
191.496569,26.432000000
191.498843,26.433000000
191.502294,26.434000000
191.514627,26.435000000
191.517580,26.436000000
191.521226,26.437000000
191.523797,26.438000000
191.526289,26.439000000
191.528810,26.440000000
191.531187,26.441000000
191.540947,26.442000000
191.553439,26.443000000
191.557085,26.444000000
191.561203,26.445000000
191.564050,26.446000000
191.566568,26.447000000
191.569069,26.448000000
191.572438,26.449000000
191.602721,26.450000000
191.605590,26.451000000
191.622781,26.452000000
191.628029,26.453000000
191.635441,26.454000000
191.656234,26.455000000
191.664278,26.456000000
191.664995,26.457000000
191.684320,26.458000000
191.684382,26.459000000
191.702075,26.460000000
191.703880,26.461000000
191.719114,26.462000000
191.720656,26.463000000
191.744522,26.464000000
191.745001,26.465000000
191.764542,26.466000000
191.764626,26.467000000
191.780359,26.468000000
191.796846,26.469000000
191.796902,26.470000000
191.796941,26.471000000
191.830070,26.472000000
191.831460,26.473000000
191.843706,26.474000000
191.861841,26.475000000
191.864452,26.476000000
191.875689,26.477000000
191.897264,26.478000000
191.897321,26.479000000
191.897360,26.480000000
191.923996,26.481000000
191.948801,26.482000000
191.956616,26.483000000
192.005358,26.484000000
192.019467,26.485000000
192.026120,26.486000000
192.026204,26.487000000
192.053659,26.488000000
192.086751,26.489000000
192.086813,26.490000000
192.121821,26.491000000
192.123462,26.492000000
192.142161,26.493000000
192.143543,26.494000000
192.153633,26.495000000
192.153694,26.496000000
192.180701,26.497000000
192.202048,26.498000000
192.203625,26.499000000
192.220738,26.500000000
192.221222,26.501000000
192.235904,26.502000000
192.258464,26.503000000
192.267542,26.504000000
192.270153,26.505000000
192.286881,26.506000000
192.286972,26.507000000
192.297487,26.508000000
192.318222,26.509000000
192.318817,26.510000000
192.318870,26.511000000
192.351482,26.512000000
192.367818,26.513000000
192.368359,26.514000000
192.392951,26.515000000
192.408486,26.516000000
192.418703,26.517000000
192.424238,26.518000000
192.434282,26.519000000
192.455639,26.520000000
192.455717,26.521000000
192.457077,26.522000000
192.459765,26.523000000
192.461887,26.524000000
192.466017,26.525000000
192.471021,26.526000000
192.477031,26.527000000
192.493082,26.528000000
192.502778,26.529000000
192.508062,26.530000000
192.534281,26.531000000
192.540561,26.532000000
192.552704,26.533000000
192.559548,26.534000000
192.578495,26.535000000
192.615971,26.536000000
192.631876,26.537000000
192.643656,26.538000000
192.656401,26.539000000
192.671093,26.540000000
192.689499,26.541000000
192.697754,26.542000000
192.705417,26.543000000
192.715580,26.544000000
192.727032,26.545000000
192.737535,26.546000000
192.747744,26.547000000
192.783484,26.548000000
192.798138,26.549000000
192.848538,26.550000000
192.857221,26.551000000
192.870067,26.552000000
192.904826,26.553000000
192.918204,26.554000000
192.927953,26.555000000
192.945075,26.556000000
192.953932,26.557000000
192.964125,26.558000000
192.974131,26.559000000
192.982060,26.560000000
192.993674,26.561000000
193.008831,26.562000000
193.016940,26.563000000
193.036885,26.564000000
193.053403,26.565000000
193.068481,26.566000000
193.076996,26.567000000
193.095946,26.568000000
193.111747,26.569000000
193.118489,26.570000000
193.132852,26.571000000
193.138804,26.572000000
193.167227,26.573000000
193.188838,26.574000000
193.195995,26.575000000
193.203609,26.576000000
193.212792,26.577000000
193.218745,26.578000000
193.226100,26.579000000
193.252714,26.580000000
193.259999,26.581000000
193.273738,26.582000000
193.279886,26.583000000
193.283715,26.584000000
193.313380,26.585000000
193.325907,26.586000000
193.333949,26.587000000
193.344634,26.588000000
193.354723,26.589000000
193.364193,26.590000000
193.373994,26.591000000
193.386236,26.592000000
193.395989,26.593000000
193.404727,26.594000000
193.412526,26.595000000
193.429425,26.596000000
193.438659,26.597000000
193.446657,26.598000000
193.468922,26.599000000
193.473853,26.600000000
193.482107,26.601000000
193.504493,26.602000000
193.508555,26.603000000
193.511355,26.604000000
193.526651,26.605000000
193.527345,26.606000000
193.554228,26.607000000
193.566937,26.608000000
193.588217,26.609000000
193.598984,26.610000000
193.607914,26.611000000
193.614471,26.612000000
193.625070,26.613000000
193.634003,26.614000000
193.639296,26.615000000
193.643271,26.616000000
193.646342,26.617000000
193.649969,26.618000000
193.652606,26.619000000
193.663629,26.620000000
193.670184,26.621000000
193.678369,26.622000000
193.682834,26.623000000
193.697712,26.624000000
193.717384,26.625000000
193.730798,26.626000000
193.746089,26.627000000
193.750712,26.628000000
193.753489,26.629000000
193.760340,26.630000000
193.764294,26.631000000
193.768109,26.632000000
193.771687,26.633000000
193.792230,26.634000000
193.795876,26.635000000
193.798764,26.636000000
193.802000,26.637000000
193.804943,26.638000000
193.807395,26.639000000
193.810853,26.640000000
193.835737,26.641000000
193.838276,26.642000000
193.841101,26.643000000
193.845549,26.644000000
193.851645,26.645000000
193.861907,26.646000000
193.872851,26.647000000
193.881571,26.648000000
193.889062,26.649000000
193.914054,26.650000000
193.922475,26.651000000
193.932081,26.652000000
193.947340,26.653000000
193.964722,26.654000000
193.964786,26.655000000
193.997625,26.656000000
194.001731,26.657000000
194.027192,26.658000000
194.042026,26.659000000
194.049371,26.660000000
194.051008,26.661000000
194.096853,26.662000000
194.107323,26.663000000
194.117326,26.664000000
194.143353,26.665000000
194.161756,26.666000000
194.193720,26.667000000
194.200362,26.668000000
194.207478,26.669000000
194.233419,26.670000000
194.238412,26.671000000
194.246572,26.672000000
194.257960,26.673000000
194.267427,26.674000000
194.270358,26.675000000
194.273411,26.676000000
194.277154,26.677000000
194.279215,26.678000000
194.283986,26.679000000
194.295888,26.680000000
194.295956,26.681000000
194.295999,26.682000000
194.298856,26.683000000
194.304701,26.684000000
194.308877,26.685000000
194.308934,26.686000000
194.328195,26.687000000
194.343668,26.688000000
194.361321,26.689000000
194.364791,26.690000000
194.390124,26.691000000
194.395133,26.692000000
194.423400,26.693000000
194.435354,26.694000000
194.443570,26.695000000
194.463170,26.696000000
194.475332,26.697000000
194.484434,26.698000000
194.499802,26.699000000
194.514693,26.700000000
194.524482,26.701000000
194.537544,26.702000000
194.546940,26.703000000
194.557987,26.704000000
194.567564,26.705000000
194.579006,26.706000000
194.592941,26.707000000
194.602583,26.708000000
194.605993,26.709000000
194.608265,26.710000000
194.614609,26.711000000
194.620675,26.712000000
194.627953,26.713000000
194.631127,26.714000000
194.633477,26.715000000
194.637057,26.716000000
194.643126,26.717000000
194.650221,26.718000000
194.653917,26.719000000
194.658081,26.720000000
194.662327,26.721000000
194.666086,26.722000000
194.673926,26.723000000
194.676404,26.724000000
194.678692,26.725000000
194.682595,26.726000000
194.687406,26.727000000
194.690308,26.728000000
194.705076,26.729000000
194.712044,26.730000000
194.719969,26.731000000
194.722780,26.732000000
194.725124,26.733000000
194.727453,26.734000000
194.734070,26.735000000
194.762872,26.736000000
194.762966,26.737000000
194.763011,26.738000000
194.763051,26.739000000
194.763089,26.740000000
194.763127,26.741000000
194.764040,26.742000000
194.765159,26.743000000
194.767109,26.744000000
194.768796,26.745000000
194.770612,26.746000000
194.772918,26.747000000
194.773248,26.748000000
194.783807,26.749000000
194.783870,26.750000000
194.785103,26.751000000
194.785370,26.752000000
194.785439,26.753000000
194.786387,26.754000000
194.786438,26.755000000
194.789619,26.756000000
194.789985,26.757000000
194.793237,26.758000000
194.800885,26.759000000
194.800947,26.760000000
194.800991,26.761000000
194.801030,26.762000000
194.806143,26.763000000
194.807038,26.764000000
194.807328,26.765000000
194.807742,26.766000000
194.817368,26.767000000
194.817433,26.768000000
194.831824,26.769000000
194.831891,26.770000000
194.838707,26.771000000
194.842110,26.772000000
194.848324,26.773000000
194.878272,26.774000000
194.898514,26.775000000
194.898578,26.776000000
194.902376,26.777000000
194.916899,26.778000000
194.921667,26.779000000
194.934484,26.780000000
194.945760,26.781000000
194.955107,26.782000000
194.962830,26.783000000
194.971251,26.784000000
194.975918,26.785000000
194.989065,26.786000000
194.994260,26.787000000
195.003821,26.788000000
195.010195,26.789000000
195.015629,26.790000000
195.026543,26.791000000
195.035245,26.792000000
195.039724,26.793000000
195.050072,26.794000000
195.055496,26.795000000
195.064246,26.796000000
195.070781,26.797000000
195.079226,26.798000000
195.083393,26.799000000
195.100621,26.800000000
195.107028,26.801000000
195.112565,26.802000000
195.115044,26.803000000
195.118073,26.804000000
195.148024,26.805000000
195.159050,26.806000000
195.165735,26.807000000
195.179766,26.808000000
195.191239,26.809000000
195.196171,26.810000000
195.204982,26.811000000
195.215548,26.812000000
195.222261,26.813000000
195.239018,26.814000000
195.248166,26.815000000
195.275205,26.816000000
195.275295,26.817000000
195.302050,26.818000000
195.313398,26.819000000
195.327970,26.820000000
195.346393,26.821000000
195.357050,26.822000000
195.358866,26.823000000
195.377886,26.824000000
195.379275,26.825000000
195.385191,26.826000000
195.420654,26.827000000
195.423448,26.828000000
195.455292,26.829000000
195.455356,26.830000000
195.475142,26.831000000
195.483507,26.832000000
195.505020,26.833000000
195.505095,26.834000000
195.512140,26.835000000
195.538859,26.836000000
195.539750,26.837000000
195.540653,26.838000000
195.578567,26.839000000
195.579023,26.840000000
195.580537,26.841000000
195.594053,26.842000000
195.594112,26.843000000
195.610855,26.844000000
195.634663,26.845000000
195.636641,26.846000000
195.658505,26.847000000
195.659078,26.848000000
195.661338,26.849000000
195.693245,26.850000000
195.705492,26.851000000
195.721245,26.852000000
195.733389,26.853000000
195.735435,26.854000000
195.763323,26.855000000
195.763778,26.856000000
195.780967,26.857000000
195.793779,26.858000000
195.812290,26.859000000
195.813226,26.860000000
195.827015,26.861000000
195.835996,26.862000000
195.852105,26.863000000
195.852583,26.864000000
195.887933,26.865000000
195.894356,26.866000000
195.896104,26.867000000
195.925317,26.868000000
195.926561,26.869000000
195.941131,26.870000000
195.959338,26.871000000
195.960874,26.872000000
195.981399,26.873000000
195.982756,26.874000000
195.984404,26.875000000
196.002164,26.876000000
196.026732,26.877000000
196.026792,26.878000000
196.026832,26.879000000
196.053195,26.880000000
196.062730,26.881000000
196.070526,26.882000000
196.108422,26.883000000
196.112907,26.884000000
196.131061,26.885000000
196.135057,26.886000000
196.153607,26.887000000
196.160630,26.888000000
196.168776,26.889000000
196.182680,26.890000000
196.202049,26.891000000
196.210970,26.892000000
196.220277,26.893000000
196.237894,26.894000000
196.246809,26.895000000
196.262386,26.896000000
196.276039,26.897000000
196.289258,26.898000000
196.296488,26.899000000
196.303180,26.900000000
196.310140,26.901000000
196.314791,26.902000000
196.327095,26.903000000
196.336015,26.904000000
196.343764,26.905000000
196.351338,26.906000000
196.358345,26.907000000
196.370498,26.908000000
196.381266,26.909000000
196.385185,26.910000000
196.393101,26.911000000
196.401298,26.912000000
196.413486,26.913000000
196.414140,26.914000000
196.427580,26.915000000
196.440956,26.916000000
196.446284,26.917000000
196.458647,26.918000000
196.474076,26.919000000
196.474153,26.920000000
196.486495,26.921000000
196.493901,26.922000000
196.502145,26.923000000
196.518444,26.924000000
196.536240,26.925000000
196.546496,26.926000000
196.553289,26.927000000
196.553859,26.928000000
196.559930,26.929000000
196.571255,26.930000000
196.571313,26.931000000
196.571354,26.932000000
196.571392,26.933000000
196.571429,26.934000000
196.571466,26.935000000
196.582280,26.936000000
196.582386,26.937000000
196.582430,26.938000000
196.588503,26.939000000
196.592386,26.940000000
196.598388,26.941000000
196.605425,26.942000000
196.607915,26.943000000
196.610455,26.944000000
196.623928,26.945000000
196.623997,26.946000000
196.629872,26.947000000
196.652737,26.948000000
196.652797,26.949000000
196.657123,26.950000000
196.659426,26.951000000
196.665478,26.952000000
196.694516,26.953000000
196.698850,26.954000000
196.705790,26.955000000
196.706190,26.956000000
196.710224,26.957000000
196.725606,26.958000000
196.735407,26.959000000
196.735877,26.960000000
196.740009,26.961000000
196.751531,26.962000000
196.751686,26.963000000
196.752254,26.964000000
196.763138,26.965000000
196.763193,26.966000000
196.779502,26.967000000
196.794864,26.968000000
196.803164,26.969000000
196.817128,26.970000000
196.833813,26.971000000
196.864829,26.972000000
196.864888,26.973000000
196.877998,26.974000000
196.886400,26.975000000
196.907876,26.976000000
196.918834,26.977000000
196.933489,26.978000000
196.951341,26.979000000
196.951405,26.980000000
196.963412,26.981000000
196.974261,26.982000000
196.984558,26.983000000
196.985326,26.984000000
196.992223,26.985000000
196.995486,26.986000000
197.011726,26.987000000
197.021337,26.988000000
197.030958,26.989000000
197.031016,26.990000000
197.031493,26.991000000
197.057747,26.992000000
197.059354,26.993000000
197.069106,26.994000000
197.080536,26.995000000
197.093582,26.996000000
197.093667,26.997000000
197.094147,26.998000000
197.104501,26.999000000
197.124225,27.000000000
197.124753,27.001000000
197.134676,27.002000000
197.138694,27.003000000
197.145310,27.004000000
197.145855,27.005000000
197.160456,27.006000000
197.174220,27.007000000
197.174278,27.008000000
197.181891,27.009000000
197.188101,27.010000000
197.219435,27.011000000
197.222198,27.012000000
197.234363,27.013000000
197.244835,27.014000000
197.263465,27.015000000
197.264039,27.016000000
197.278240,27.017000000
197.298165,27.018000000
197.313512,27.019000000
197.324355,27.020000000
197.339460,27.021000000
197.350785,27.022000000
197.351261,27.023000000
197.367347,27.024000000
197.368379,27.025000000
197.379246,27.026000000
197.379328,27.027000000
197.393398,27.028000000
197.393455,27.029000000
197.414438,27.030000000
197.416194,27.031000000
197.428441,27.032000000
197.428496,27.033000000
197.432859,27.034000000
197.444702,27.035000000
197.453202,27.036000000
197.453282,27.037000000
197.455345,27.038000000
197.474118,27.039000000
197.474185,27.040000000
197.480515,27.041000000
197.480572,27.042000000
197.502581,27.043000000
197.504457,27.044000000
197.517636,27.045000000
197.519371,27.046000000
197.520147,27.047000000
197.535940,27.048000000
197.576236,27.049000000
197.590647,27.050000000
197.605020,27.051000000
197.620675,27.052000000
197.626280,27.053000000
197.642454,27.054000000
197.655755,27.055000000
197.668328,27.056000000
197.686004,27.057000000
197.692645,27.058000000
197.693354,27.059000000
197.696663,27.060000000
197.710275,27.061000000
197.710362,27.062000000
197.710404,27.063000000
197.710463,27.064000000
197.710502,27.065000000
197.712284,27.066000000
197.714501,27.067000000
197.714914,27.068000000
197.725796,27.069000000
197.725974,27.070000000
197.726689,27.071000000
197.726763,27.072000000
197.726804,27.073000000
197.729671,27.074000000
197.730298,27.075000000
197.736318,27.076000000
197.736411,27.077000000
197.736454,27.078000000
197.740003,27.079000000
197.743203,27.080000000
197.765972,27.081000000
197.779355,27.082000000
197.785401,27.083000000
197.786037,27.084000000
197.789802,27.085000000
197.795493,27.086000000
197.833865,27.087000000
197.836284,27.088000000
197.836338,27.089000000
197.840871,27.090000000
197.845455,27.091000000
197.853271,27.092000000
197.853326,27.093000000
197.874764,27.094000000
197.874822,27.095000000
197.884324,27.096000000
197.884410,27.097000000
197.891260,27.098000000
197.895705,27.099000000
197.926965,27.100000000
197.929332,27.101000000
197.934761,27.102000000
197.942791,27.103000000
197.942843,27.104000000
197.946517,27.105000000
197.965561,27.106000000
197.971018,27.107000000
197.971076,27.108000000
197.975890,27.109000000
198.017462,27.110000000
198.042579,27.111000000
198.051815,27.112000000
198.057989,27.113000000
198.066372,27.114000000
198.073221,27.115000000
198.083184,27.116000000
198.089170,27.117000000
198.099488,27.118000000
198.109408,27.119000000
198.117511,27.120000000
198.121657,27.121000000
198.129644,27.122000000
198.132065,27.123000000
198.142824,27.124000000
198.142910,27.125000000
198.143120,27.126000000
198.144941,27.127000000
198.145001,27.128000000
198.151462,27.129000000
198.163526,27.130000000
198.183282,27.131000000
198.191802,27.132000000
198.203300,27.133000000
198.207596,27.134000000
198.239458,27.135000000
198.256394,27.136000000
198.256485,27.137000000
198.256914,27.138000000
198.257980,27.139000000
198.262233,27.140000000
198.276551,27.141000000
198.286311,27.142000000
198.286856,27.143000000
198.287713,27.144000000
198.299745,27.145000000
198.300132,27.146000000
198.300207,27.147000000
198.304260,27.148000000
198.344473,27.149000000
198.344535,27.150000000
198.344577,27.151000000
198.347028,27.152000000
198.347840,27.153000000
198.394283,27.154000000
198.400827,27.155000000
198.424642,27.156000000
198.450373,27.157000000
198.467714,27.158000000
198.483179,27.159000000
198.492673,27.160000000
198.505388,27.161000000
198.538936,27.162000000
198.557525,27.163000000
198.570723,27.164000000
198.586525,27.165000000
198.592929,27.166000000
198.596983,27.167000000
198.618762,27.168000000
198.634665,27.169000000
198.643215,27.170000000
198.652523,27.171000000
198.666010,27.172000000
198.683517,27.173000000
198.699770,27.174000000
198.703118,27.175000000
198.726320,27.176000000
198.734368,27.177000000
198.742529,27.178000000
198.755038,27.179000000
198.759306,27.180000000
198.786578,27.181000000
198.798091,27.182000000
198.812821,27.183000000
198.823820,27.184000000
198.831325,27.185000000
198.836380,27.186000000
198.839464,27.187000000
198.878251,27.188000000
198.889206,27.189000000
198.894573,27.190000000
198.912283,27.191000000
198.925215,27.192000000
198.935286,27.193000000
198.937521,27.194000000
198.939936,27.195000000
198.973036,27.196000000
198.981864,27.197000000
198.993044,27.198000000
199.010281,27.199000000
199.016665,27.200000000
199.039552,27.201000000
199.050039,27.202000000
199.059304,27.203000000
199.086143,27.204000000
199.091560,27.205000000
199.101416,27.206000000
199.108395,27.207000000
199.114110,27.208000000
199.125187,27.209000000
199.133187,27.210000000
199.149241,27.211000000
199.169209,27.212000000
199.180192,27.213000000
199.196961,27.214000000
199.198314,27.215000000
199.202624,27.216000000
199.211880,27.217000000
199.217255,27.218000000
199.217820,27.219000000
199.244066,27.220000000
199.244130,27.221000000
199.244174,27.222000000
199.244215,27.223000000
199.244255,27.224000000
199.244293,27.225000000
199.258809,27.226000000
199.258920,27.227000000
199.258964,27.228000000
199.265026,27.229000000
199.265080,27.230000000
199.265740,27.231000000
199.276980,27.232000000
199.277038,27.233000000
199.277078,27.234000000
199.277117,27.235000000
199.285384,27.236000000
199.285468,27.237000000
199.302560,27.238000000
199.310663,27.239000000
199.311638,27.240000000
199.311691,27.241000000
199.312123,27.242000000
199.320336,27.243000000
199.324118,27.244000000
199.345925,27.245000000
199.346597,27.246000000
199.354092,27.247000000
199.359071,27.248000000
199.363552,27.249000000
199.383348,27.250000000
199.419094,27.251000000
199.424267,27.252000000
199.430454,27.253000000
199.433930,27.254000000
199.438243,27.255000000
199.451625,27.256000000
199.459055,27.257000000
199.463469,27.258000000
199.475671,27.259000000
199.479264,27.260000000
199.492898,27.261000000
199.492941,27.262000000
199.495513,27.263000000
199.499083,27.264000000
199.502183,27.265000000
199.502442,27.266000000
199.514155,27.267000000
199.514202,27.268000000
199.515958,27.269000000
199.525647,27.270000000
199.538414,27.271000000
199.541241,27.272000000
199.543425,27.273000000
199.545776,27.274000000
199.584228,27.275000000
199.585146,27.276000000
199.634467,27.277000000
199.651911,27.278000000
199.663694,27.279000000
199.672647,27.280000000
199.681176,27.281000000
199.703452,27.282000000
199.716088,27.283000000
199.724197,27.284000000
199.731599,27.285000000
199.733891,27.286000000
199.754479,27.287000000
199.760863,27.288000000
199.773321,27.289000000
199.779165,27.290000000
199.782803,27.291000000
199.796682,27.292000000
199.804664,27.293000000
199.812553,27.294000000
199.821275,27.295000000
199.824815,27.296000000
199.833670,27.297000000
199.842775,27.298000000
199.848522,27.299000000
199.853488,27.300000000
199.856557,27.301000000
199.864496,27.302000000
199.878085,27.303000000
199.888503,27.304000000
199.893895,27.305000000
199.897613,27.306000000
199.928594,27.307000000
199.932339,27.308000000
199.942798,27.309000000
199.951677,27.310000000
199.979660,27.311000000
199.999817,27.312000000
200.010765,27.313000000
200.010832,27.314000000
200.021564,27.315000000
200.032513,27.316000000
200.037292,27.317000000
200.050304,27.318000000
200.052647,27.319000000
200.067586,27.320000000
200.067620,27.321000000
200.078599,27.322000000
200.078630,27.323000000
200.091233,27.324000000
200.110547,27.325000000
200.118067,27.326000000
200.127650,27.327000000
200.139025,27.328000000
200.144295,27.329000000
200.148141,27.330000000
200.162288,27.331000000
200.167241,27.332000000
200.181906,27.333000000
200.194432,27.334000000
200.197668,27.335000000
200.211141,27.336000000
200.223047,27.337000000
200.227825,27.338000000
200.240347,27.339000000
200.244245,27.340000000
200.256293,27.341000000
200.275475,27.342000000
200.275544,27.343000000
200.285066,27.344000000
200.301524,27.345000000
200.304852,27.346000000
200.325272,27.347000000
200.338576,27.348000000
200.338646,27.349000000
200.341378,27.350000000
200.357541,27.351000000
200.370777,27.352000000
200.370844,27.353000000
200.370886,27.354000000
200.384182,27.355000000
200.388117,27.356000000
200.388242,27.357000000
200.390367,27.358000000
200.390426,27.359000000
200.390861,27.360000000
200.393040,27.361000000
200.399941,27.362000000
200.400412,27.363000000
200.406211,27.364000000
200.422902,27.365000000
200.427527,27.366000000
200.441421,27.367000000
200.455137,27.368000000
200.466015,27.369000000
200.485578,27.370000000
200.498223,27.371000000
200.505937,27.372000000
200.513368,27.373000000
200.524357,27.374000000
200.534347,27.375000000
200.543324,27.376000000
200.550059,27.377000000
200.564555,27.378000000
200.583183,27.379000000
200.592452,27.380000000
200.601554,27.381000000
200.619161,27.382000000
200.630505,27.383000000
200.630954,27.384000000
200.657859,27.385000000
200.669859,27.386000000
200.672071,27.387000000
200.689741,27.388000000
200.710258,27.389000000
200.732119,27.390000000
200.750048,27.391000000
200.766604,27.392000000
200.773075,27.393000000
200.784260,27.394000000
200.789861,27.395000000
200.801728,27.396000000
200.806273,27.397000000
200.816456,27.398000000
200.827616,27.399000000
200.833191,27.400000000
200.842602,27.401000000
200.845334,27.402000000
200.855219,27.403000000
200.858574,27.404000000
200.863894,27.405000000
200.868414,27.406000000
200.870955,27.407000000
200.883012,27.408000000
200.912496,27.409000000
200.915731,27.410000000
200.924112,27.411000000
200.929091,27.412000000
200.945142,27.413000000
200.948270,27.414000000
200.952402,27.415000000
200.960245,27.416000000
200.964024,27.417000000
200.968854,27.418000000
200.971039,27.419000000
200.973362,27.420000000
200.975530,27.421000000
200.995246,27.422000000
200.997762,27.423000000
201.001809,27.424000000
201.005780,27.425000000
201.008229,27.426000000
201.015208,27.427000000
201.019109,27.428000000
201.031484,27.429000000
201.057197,27.430000000
201.068592,27.431000000
201.079241,27.432000000
201.089438,27.433000000
201.099582,27.434000000
201.109406,27.435000000
201.137306,27.436000000
201.147817,27.437000000
201.168986,27.438000000
201.184073,27.439000000
201.188921,27.440000000
201.203136,27.441000000
201.240612,27.442000000
201.247931,27.443000000
201.252139,27.444000000
201.258199,27.445000000
201.262785,27.446000000
201.268316,27.447000000
201.272903,27.448000000
201.278726,27.449000000
201.303100,27.450000000
201.306487,27.451000000
201.311115,27.452000000
201.315238,27.453000000
201.318920,27.454000000
201.322815,27.455000000
201.324992,27.456000000
201.327752,27.457000000
201.342370,27.458000000
201.345279,27.459000000
201.350094,27.460000000
201.353442,27.461000000
201.356558,27.462000000
201.364210,27.463000000
201.367130,27.464000000
201.393824,27.465000000
201.397085,27.466000000
201.399889,27.467000000
201.402149,27.468000000
201.405357,27.469000000
201.412183,27.470000000
201.414840,27.471000000
201.450937,27.472000000
201.459765,27.473000000
201.468596,27.474000000
201.480375,27.475000000
201.485993,27.476000000
201.498128,27.477000000
201.517749,27.478000000
201.518224,27.479000000
201.542707,27.480000000
201.544541,27.481000000
201.551559,27.482000000
201.565901,27.483000000
201.575287,27.484000000
201.579592,27.485000000
201.608336,27.486000000
201.612305,27.487000000
201.619394,27.488000000
201.622776,27.489000000
201.625080,27.490000000
201.627415,27.491000000
201.629721,27.492000000
201.640347,27.493000000
201.657807,27.494000000
201.668353,27.495000000
201.676520,27.496000000
201.692224,27.497000000
201.694451,27.498000000
201.699263,27.499000000
201.715354,27.500000000
201.731333,27.501000000
201.755820,27.502000000
201.755896,27.503000000
201.780442,27.504000000
201.782017,27.505000000
201.810904,27.506000000
201.811002,27.507000000
201.837178,27.508000000
201.843631,27.509000000
201.853835,27.510000000
201.871043,27.511000000
201.881071,27.512000000
201.881137,27.513000000
201.912432,27.514000000
201.922680,27.515000000
201.933385,27.516000000
201.940242,27.517000000
201.972918,27.518000000
201.983661,27.519000000
201.999883,27.520000000
202.039392,27.521000000
202.039462,27.522000000
202.060412,27.523000000
202.060481,27.524000000
202.093674,27.525000000
202.093750,27.526000000
202.107001,27.527000000
202.120049,27.528000000
202.135252,27.529000000
202.142976,27.530000000
202.152148,27.531000000
202.152564,27.532000000
202.179680,27.533000000
202.186571,27.534000000
202.198203,27.535000000
202.206358,27.536000000
202.213400,27.537000000
202.239557,27.538000000
202.247769,27.539000000
202.247839,27.540000000
202.283231,27.541000000
202.294561,27.542000000
202.304481,27.543000000
202.315267,27.544000000
202.315335,27.545000000
202.350379,27.546000000
202.363276,27.547000000
202.385279,27.548000000
202.385345,27.549000000
202.413485,27.550000000
202.413554,27.551000000
202.438031,27.552000000
202.443244,27.553000000
202.470192,27.554000000
202.475945,27.555000000
202.491066,27.556000000
202.497061,27.557000000
202.520534,27.558000000
202.532202,27.559000000
202.532267,27.560000000
202.568278,27.561000000
202.568406,27.562000000
202.605340,27.563000000
202.627061,27.564000000
202.633618,27.565000000
202.644003,27.566000000
202.659328,27.567000000
202.663993,27.568000000
202.686314,27.569000000
202.690842,27.570000000
202.698733,27.571000000
202.713578,27.572000000
202.713648,27.573000000
202.723005,27.574000000
202.731217,27.575000000
202.731614,27.576000000
202.775661,27.577000000
202.775767,27.578000000
202.785487,27.579000000
202.804134,27.580000000
202.810634,27.581000000
202.810699,27.582000000
202.840277,27.583000000
202.848083,27.584000000
202.848147,27.585000000
202.879979,27.586000000
202.901222,27.587000000
202.917304,27.588000000
202.937891,27.589000000
202.937957,27.590000000
202.951607,27.591000000
202.975289,27.592000000
202.989998,27.593000000
202.998274,27.594000000
203.010973,27.595000000
203.020282,27.596000000
203.026991,27.597000000
203.045759,27.598000000
203.055980,27.599000000
203.060955,27.600000000
203.061411,27.601000000
203.086695,27.602000000
203.086763,27.603000000
203.107685,27.604000000
203.123414,27.605000000
203.137112,27.606000000
203.177447,27.607000000
203.192441,27.608000000
203.205244,27.609000000
203.217744,27.610000000
203.235352,27.611000000
203.245894,27.612000000
203.259358,27.613000000
203.275490,27.614000000
203.285316,27.615000000
203.293036,27.616000000
203.301023,27.617000000
203.301820,27.618000000
203.327979,27.619000000
203.335651,27.620000000
203.343884,27.621000000
203.357636,27.622000000
203.367941,27.623000000
203.369644,27.624000000
203.395790,27.625000000
203.403788,27.626000000
203.403887,27.627000000
203.425554,27.628000000
203.425620,27.629000000
203.464491,27.630000000
203.468177,27.631000000
203.479728,27.632000000
203.495877,27.633000000
203.506787,27.634000000
203.515794,27.635000000
203.526779,27.636000000
203.534678,27.637000000
203.544057,27.638000000
203.554663,27.639000000
203.564034,27.640000000
203.574713,27.641000000
203.582025,27.642000000
203.612288,27.643000000
203.614656,27.644000000
203.645835,27.645000000
203.660341,27.646000000
203.671454,27.647000000
203.671544,27.648000000
203.672094,27.649000000
203.676447,27.650000000
203.677551,27.651000000
203.686129,27.652000000
203.687009,27.653000000
203.687062,27.654000000
203.687102,27.655000000
203.688008,27.656000000
203.690953,27.657000000
203.697233,27.658000000
203.697972,27.659000000
203.704241,27.660000000
203.711870,27.661000000
203.714553,27.662000000
203.718036,27.663000000
203.719158,27.664000000
203.722415,27.665000000
203.727819,27.666000000
203.728232,27.667000000
203.749646,27.668000000
203.753527,27.669000000
203.772174,27.670000000
203.776665,27.671000000
203.799928,27.672000000
203.822852,27.673000000
203.824535,27.674000000
203.848868,27.675000000
203.854329,27.676000000
203.855999,27.677000000
203.890639,27.678000000
203.899365,27.679000000
203.899734,27.680000000
203.924073,27.681000000
203.934084,27.682000000
203.934142,27.683000000
203.960495,27.684000000
203.965507,27.685000000
203.969681,27.686000000
203.974537,27.687000000
203.981637,27.688000000
203.986072,27.689000000
203.988471,27.690000000
203.991736,27.691000000
203.993960,27.692000000
204.001888,27.693000000
204.004187,27.694000000
204.010658,27.695000000
204.014330,27.696000000
204.018715,27.697000000
204.021071,27.698000000
204.037089,27.699000000
204.039648,27.700000000
204.046730,27.701000000
204.051011,27.702000000
204.055307,27.703000000
204.064599,27.704000000
204.067628,27.705000000
204.070042,27.706000000
204.072448,27.707000000
204.074697,27.708000000
204.076960,27.709000000
204.079225,27.710000000
204.081335,27.711000000
204.084971,27.712000000
204.087145,27.713000000
204.090433,27.714000000
204.099257,27.715000000
204.101696,27.716000000
204.104486,27.717000000
204.107056,27.718000000
204.116552,27.719000000
204.123360,27.720000000
204.127454,27.721000000
204.130041,27.722000000
204.133292,27.723000000
204.138098,27.724000000
204.140722,27.725000000
204.143091,27.726000000
204.145843,27.727000000
204.148694,27.728000000
204.151599,27.729000000
204.153904,27.730000000
204.156256,27.731000000
204.158802,27.732000000
204.162942,27.733000000
204.165390,27.734000000
204.167969,27.735000000
204.170372,27.736000000
204.173176,27.737000000
204.175577,27.738000000
204.182635,27.739000000
204.188947,27.740000000
204.193433,27.741000000
204.197014,27.742000000
204.201480,27.743000000
204.205299,27.744000000
204.209630,27.745000000
204.235398,27.746000000
204.240159,27.747000000
204.242624,27.748000000
204.244871,27.749000000
204.249509,27.750000000
204.254291,27.751000000
204.257060,27.752000000
204.273177,27.753000000
204.275815,27.754000000
204.278033,27.755000000
204.281332,27.756000000
204.285159,27.757000000
204.292352,27.758000000
204.300661,27.759000000
204.326008,27.760000000
204.341034,27.761000000
204.347254,27.762000000
204.360046,27.763000000
204.372979,27.764000000
204.381727,27.765000000
204.390163,27.766000000
204.402993,27.767000000
204.412491,27.768000000
204.426099,27.769000000
204.437235,27.770000000
204.443104,27.771000000
204.455523,27.772000000
204.465762,27.773000000
204.470048,27.774000000
204.473586,27.775000000
204.476000,27.776000000
204.484738,27.777000000
204.506541,27.778000000
204.524419,27.779000000
204.524488,27.780000000
204.524532,27.781000000
204.524571,27.782000000
204.525329,27.783000000
204.525378,27.784000000
204.526905,27.785000000
204.531538,27.786000000
204.532097,27.787000000
204.536548,27.788000000
204.536608,27.789000000
204.539647,27.790000000
204.546652,27.791000000
204.547774,27.792000000
204.588102,27.793000000
204.592839,27.794000000
204.609936,27.795000000
204.615066,27.796000000
204.621149,27.797000000
204.624614,27.798000000
204.627020,27.799000000
204.629697,27.800000000
204.636929,27.801000000
204.657896,27.802000000
204.662844,27.803000000
204.667215,27.804000000
204.674989,27.805000000
204.688262,27.806000000
204.693421,27.807000000
204.741731,27.808000000
204.744065,27.809000000
204.748219,27.810000000
204.754843,27.811000000
204.757120,27.812000000
204.761467,27.813000000
204.765401,27.814000000
204.772383,27.815000000
204.774674,27.816000000
204.776993,27.817000000
204.788252,27.818000000
204.800280,27.819000000
204.804502,27.820000000
204.810272,27.821000000
204.821190,27.822000000
204.827283,27.823000000
204.831834,27.824000000
204.834356,27.825000000
204.842806,27.826000000
204.845118,27.827000000
204.847608,27.828000000
204.849988,27.829000000
204.857763,27.830000000
204.860405,27.831000000
204.862850,27.832000000
204.870584,27.833000000
204.873043,27.834000000
204.875652,27.835000000
204.884460,27.836000000
204.888938,27.837000000
204.891937,27.838000000
204.894314,27.839000000
204.896815,27.840000000
204.910470,27.841000000
204.910537,27.842000000
204.930572,27.843000000
204.945134,27.844000000
204.948982,27.845000000
204.960773,27.846000000
204.980419,27.847000000
204.995329,27.848000000
204.997116,27.849000000
205.029253,27.850000000
205.042229,27.851000000
205.058856,27.852000000
205.071048,27.853000000
205.083951,27.854000000
205.084883,27.855000000
205.092818,27.856000000
205.097108,27.857000000
205.103805,27.858000000
205.110550,27.859000000
205.118231,27.860000000
205.124316,27.861000000
205.133581,27.862000000
205.139667,27.863000000
205.145378,27.864000000
205.153370,27.865000000
205.159688,27.866000000
205.171131,27.867000000
205.181718,27.868000000
205.209381,27.869000000
205.217702,27.870000000
205.226871,27.871000000
205.231294,27.872000000
205.238997,27.873000000
205.246267,27.874000000
205.290018,27.875000000
205.306424,27.876000000
205.318623,27.877000000
205.325585,27.878000000
205.330696,27.879000000
205.335308,27.880000000
205.342710,27.881000000
205.346519,27.882000000
205.353069,27.883000000
205.373683,27.884000000
205.379275,27.885000000
205.403573,27.886000000
205.408193,27.887000000
205.413865,27.888000000
205.420203,27.889000000
205.425578,27.890000000
205.431269,27.891000000
205.439063,27.892000000
205.459360,27.893000000
205.464861,27.894000000
205.483570,27.895000000
205.488261,27.896000000
205.495229,27.897000000
205.501434,27.898000000
205.509488,27.899000000
205.515341,27.900000000
205.521502,27.901000000
205.531054,27.902000000
205.536440,27.903000000
205.542469,27.904000000
205.549218,27.905000000
205.556757,27.906000000
205.564683,27.907000000
205.574345,27.908000000
205.580421,27.909000000
205.592764,27.910000000
205.598425,27.911000000
205.606506,27.912000000
205.616374,27.913000000
205.624429,27.914000000
205.631929,27.915000000
205.644166,27.916000000
205.692250,27.917000000
205.698449,27.918000000
205.704358,27.919000000
205.739750,27.920000000
205.750499,27.921000000
205.754949,27.922000000
205.762537,27.923000000
205.767999,27.924000000
205.772451,27.925000000
205.779687,27.926000000
205.806161,27.927000000
205.834260,27.928000000
205.838808,27.929000000
205.842979,27.930000000
205.850302,27.931000000
205.859362,27.932000000
205.879286,27.933000000
205.896556,27.934000000
205.907501,27.935000000
205.917736,27.936000000
205.929033,27.937000000
205.941570,27.938000000
205.947877,27.939000000
205.955934,27.940000000
205.972343,27.941000000
205.981117,27.942000000
206.001902,27.943000000
206.010890,27.944000000
206.020526,27.945000000
206.036089,27.946000000
206.043230,27.947000000
206.045650,27.948000000
206.062025,27.949000000
206.066987,27.950000000
206.067376,27.951000000
206.097842,27.952000000
206.097914,27.953000000
206.100980,27.954000000
206.113284,27.955000000
206.128886,27.956000000
206.129007,27.957000000
206.161975,27.958000000
206.162051,27.959000000
206.174193,27.960000000
206.174280,27.961000000
206.192107,27.962000000
206.199745,27.963000000
206.207151,27.964000000
206.222812,27.965000000
206.231519,27.966000000
206.237996,27.967000000
206.281158,27.968000000
206.294843,27.969000000
206.302229,27.970000000
206.314478,27.971000000
206.324664,27.972000000
206.331095,27.973000000
206.348563,27.974000000
206.365732,27.975000000
206.379747,27.976000000
206.391532,27.977000000
206.406384,27.978000000
206.415773,27.979000000
206.454877,27.980000000
206.467859,27.981000000
206.476506,27.982000000
206.503921,27.983000000
206.508990,27.984000000
206.524457,27.985000000
206.532791,27.986000000
206.539715,27.987000000
206.546549,27.988000000
206.573822,27.989000000
206.582025,27.990000000
206.590780,27.991000000
206.611767,27.992000000
206.617228,27.993000000
206.626163,27.994000000
206.666713,27.995000000
206.678195,27.996000000
206.693531,27.997000000
206.700522,27.998000000
206.713820,27.999000000
206.734403,28.000000000
206.754042,28.001000000
206.767495,28.002000000
206.773236,28.003000000
206.800234,28.004000000
206.805762,28.005000000
206.820657,28.006000000
206.823755,28.007000000
206.834163,28.008000000
206.837884,28.009000000
206.840179,28.010000000
206.849735,28.011000000
206.854147,28.012000000
206.857523,28.013000000
206.885342,28.014000000
206.889704,28.015000000
206.898164,28.016000000
206.914306,28.017000000
206.921983,28.018000000
206.927968,28.019000000
206.956019,28.020000000
206.962895,28.021000000
206.972891,28.022000000
206.977646,28.023000000
206.992236,28.024000000
206.994637,28.025000000
206.999097,28.026000000
207.010711,28.027000000
207.018108,28.028000000
207.026922,28.029000000
207.031036,28.030000000
207.036035,28.031000000
207.039305,28.032000000
207.043664,28.033000000
207.061715,28.034000000
207.064022,28.035000000
207.074121,28.036000000
207.104306,28.037000000
207.114316,28.038000000
207.120214,28.039000000
207.138787,28.040000000
207.144059,28.041000000
207.155415,28.042000000
207.157542,28.043000000
207.163303,28.044000000
207.177526,28.045000000
207.183203,28.046000000
207.183289,28.047000000
207.194527,28.048000000
207.198700,28.049000000
207.198756,28.050000000
207.221447,28.051000000
207.229009,28.052000000
207.236746,28.053000000
207.236802,28.054000000
207.253500,28.055000000
207.253581,28.056000000
207.269789,28.057000000
207.271256,28.058000000
207.280529,28.059000000
207.280613,28.060000000
207.304473,28.061000000
207.318563,28.062000000
207.328383,28.063000000
207.344636,28.064000000
207.355151,28.065000000
207.370612,28.066000000
207.374808,28.067000000
207.379056,28.068000000
207.382721,28.069000000
207.404939,28.070000000
207.410179,28.071000000
207.416034,28.072000000
207.423095,28.073000000
207.425502,28.074000000
207.436146,28.075000000
207.448102,28.076000000
207.450762,28.077000000
207.453092,28.078000000
207.455774,28.079000000
207.458203,28.080000000
207.460577,28.081000000
207.467201,28.082000000
207.469924,28.083000000
207.472324,28.084000000
207.478068,28.085000000
207.481721,28.086000000
207.484154,28.087000000
207.487081,28.088000000
207.489460,28.089000000
207.491736,28.090000000
207.509670,28.091000000
207.513365,28.092000000
207.517087,28.093000000
207.522570,28.094000000
207.530850,28.095000000
207.543295,28.096000000
207.547946,28.097000000
207.550216,28.098000000
207.559718,28.099000000
207.580615,28.100000000
207.593964,28.101000000
207.600564,28.102000000
207.626466,28.103000000
207.640701,28.104000000
207.653456,28.105000000
207.668006,28.106000000
207.687078,28.107000000
207.696562,28.108000000
207.706332,28.109000000
207.711252,28.110000000
207.728121,28.111000000
207.735702,28.112000000
207.741342,28.113000000
207.751366,28.114000000
207.765440,28.115000000
207.773596,28.116000000
207.777811,28.117000000
207.784463,28.118000000
207.799248,28.119000000
207.811490,28.120000000
207.815344,28.121000000
207.819818,28.122000000
207.849256,28.123000000
207.865526,28.124000000
207.872166,28.125000000
207.894772,28.126000000
207.894870,28.127000000
207.935066,28.128000000
207.940391,28.129000000
207.944968,28.130000000
207.950651,28.131000000
207.963897,28.132000000
207.975393,28.133000000
207.977304,28.134000000
207.989551,28.135000000
208.002851,28.136000000
208.008095,28.137000000
208.019480,28.138000000
208.027660,28.139000000
208.035149,28.140000000
208.040740,28.141000000
208.040783,28.142000000
208.068574,28.143000000
208.073005,28.144000000
208.099317,28.145000000
208.103383,28.146000000
208.111113,28.147000000
208.122754,28.148000000
208.130637,28.149000000
208.140780,28.150000000
208.159853,28.151000000
208.163945,28.152000000
208.167197,28.153000000
208.176078,28.154000000
208.179048,28.155000000
208.184656,28.156000000
208.204912,28.157000000
208.215484,28.158000000
208.220660,28.159000000
208.232750,28.160000000
208.267807,28.161000000
208.269589,28.162000000
208.271247,28.163000000
208.271308,28.164000000
208.273632,28.165000000
208.283211,28.166000000
208.299541,28.167000000
208.302304,28.168000000
208.309757,28.169000000
208.314048,28.170000000
208.331048,28.171000000
208.331114,28.172000000
208.331155,28.173000000
208.335835,28.174000000
208.338144,28.175000000
208.348316,28.176000000
208.353765,28.177000000
208.361515,28.178000000
208.361577,28.179000000
208.369812,28.180000000
208.369874,28.181000000
208.369918,28.182000000
208.370456,28.183000000
208.379452,28.184000000
208.380053,28.185000000
208.420334,28.186000000
208.422214,28.187000000
208.428584,28.188000000
208.429037,28.189000000
208.440472,28.190000000
208.440532,28.191000000
208.454070,28.192000000
208.465420,28.193000000
208.465517,28.194000000
208.476201,28.195000000
208.476494,28.196000000
208.520960,28.197000000
208.538221,28.198000000
208.538285,28.199000000
208.538326,28.200000000
208.538366,28.201000000
208.549909,28.202000000
208.563473,28.203000000
208.563924,28.204000000
208.573093,28.205000000
208.573157,28.206000000
208.573247,28.207000000
208.580652,28.208000000
208.580718,28.209000000
208.580760,28.210000000
208.590120,28.211000000
208.590184,28.212000000
208.600145,28.213000000
208.600214,28.214000000
208.600256,28.215000000
208.600295,28.216000000
208.604172,28.217000000
208.607479,28.218000000
208.607837,28.219000000
208.609492,28.220000000
208.618865,28.221000000
208.618933,28.222000000
208.618975,28.223000000
208.624835,28.224000000
208.628111,28.225000000
208.628412,28.226000000
208.630819,28.227000000
208.639179,28.228000000
208.639240,28.229000000
208.658464,28.230000000
208.665261,28.231000000
208.706162,28.232000000
208.706638,28.233000000
208.716073,28.234000000
208.735290,28.235000000
208.744030,28.236000000
208.744128,28.237000000
208.744172,28.238000000
208.744623,28.239000000
208.748370,28.240000000
208.755631,28.241000000
208.755718,28.242000000
208.759034,28.243000000
208.759903,28.244000000
208.763335,28.245000000
208.767089,28.246000000
208.771015,28.247000000
208.773132,28.248000000
208.783424,28.249000000
208.783488,28.250000000
208.783530,28.251000000
208.784036,28.252000000
208.793839,28.253000000
208.793901,28.254000000
208.793946,28.255000000
208.793986,28.256000000
208.798716,28.257000000
208.799025,28.258000000
208.810963,28.259000000
208.811016,28.260000000
208.811027,28.261000000
208.821891,28.262000000
208.845931,28.263000000
208.856080,28.264000000
208.865379,28.265000000
208.878608,28.266000000
208.887985,28.267000000
208.903307,28.268000000
208.921969,28.269000000
208.940525,28.270000000
208.948334,28.271000000
208.956581,28.272000000
208.977205,28.273000000
208.993866,28.274000000
208.998899,28.275000000
209.006349,28.276000000
209.014492,28.277000000
209.017699,28.278000000
209.034244,28.279000000
209.037046,28.280000000
209.044266,28.281000000
209.060136,28.282000000
209.066115,28.283000000
209.081356,28.284000000
209.097766,28.285000000
209.115350,28.286000000
209.121814,28.287000000
209.142022,28.288000000
209.149805,28.289000000
209.151117,28.290000000
209.161489,28.291000000
209.174194,28.292000000
209.174244,28.293000000
209.182409,28.294000000
209.184179,28.295000000
209.191336,28.296000000
209.206149,28.297000000
209.206205,28.298000000
209.206217,28.299000000
209.210363,28.300000000
209.217230,28.301000000
209.222863,28.302000000
209.222903,28.303000000
209.233553,28.304000000
209.244024,28.305000000
209.244075,28.306000000
209.251237,28.307000000
209.252552,28.308000000
209.262407,28.309000000
209.262451,28.310000000
209.265325,28.311000000
209.284956,28.312000000
209.290644,28.313000000
209.302433,28.314000000
209.302482,28.315000000
209.302492,28.316000000
209.307401,28.317000000
209.317043,28.318000000
209.319330,28.319000000
209.333248,28.320000000
209.333293,28.321000000
209.358697,28.322000000
209.372545,28.323000000
209.384558,28.324000000
209.395701,28.325000000
209.406937,28.326000000
209.415732,28.327000000
209.428503,28.328000000
209.438254,28.329000000
209.451540,28.330000000
209.455195,28.331000000
209.458331,28.332000000
209.461162,28.333000000
209.473945,28.334000000
209.475731,28.335000000
209.481624,28.336000000
209.492183,28.337000000
209.495199,28.338000000
209.503465,28.339000000
209.503512,28.340000000
209.507426,28.341000000
209.507473,28.342000000
209.513941,28.343000000
209.517371,28.344000000
209.521985,28.345000000
209.527626,28.346000000
209.527697,28.347000000
209.544442,28.348000000
209.550032,28.349000000
209.550079,28.350000000
209.559592,28.351000000
209.559638,28.352000000
209.581465,28.353000000
209.581516,28.354000000
209.606514,28.355000000
209.616590,28.356000000
209.616925,28.357000000
209.624666,28.358000000
209.625121,28.359000000
209.631114,28.360000000
209.635370,28.361000000
209.657108,28.362000000
209.668378,28.363000000
209.675864,28.364000000
209.681333,28.365000000
209.687766,28.366000000
209.694379,28.367000000
209.729424,28.368000000
209.737523,28.369000000
209.757444,28.370000000
209.762986,28.371000000
209.767283,28.372000000
209.777483,28.373000000
209.777541,28.374000000
209.787474,28.375000000
209.801716,28.376000000
209.801799,28.377000000
209.801839,28.378000000
209.818379,28.379000000
209.818435,28.380000000
209.818475,28.381000000
209.833581,28.382000000
209.843765,28.383000000
209.843817,28.384000000
209.853186,28.385000000
209.853240,28.386000000
209.862407,28.387000000
209.867731,28.388000000
209.878217,28.389000000
209.878279,28.390000000
209.878320,28.391000000
209.894185,28.392000000
209.894244,28.393000000
209.902313,28.394000000
209.911613,28.395000000
209.915293,28.396000000
209.921298,28.397000000
209.925586,28.398000000
209.935342,28.399000000
209.935394,28.400000000
209.972592,28.401000000
209.984403,28.402000000
209.984482,28.403000000
209.989665,28.404000000
209.990216,28.405000000
210.016513,28.406000000
210.028087,28.407000000
210.028144,28.408000000
210.036027,28.409000000
210.036794,28.410000000
210.046906,28.411000000
210.047424,28.412000000
210.071298,28.413000000
210.086449,28.414000000
210.092102,28.415000000
210.100557,28.416000000
210.108824,28.417000000
210.115041,28.418000000
210.119988,28.419000000
210.129211,28.420000000
210.140712,28.421000000
210.145364,28.422000000
210.152631,28.423000000
210.158278,28.424000000
210.175222,28.425000000
210.179904,28.426000000
210.218819,28.427000000
210.240067,28.428000000
210.244002,28.429000000
210.256957,28.430000000
210.269179,28.431000000
210.280786,28.432000000
210.293516,28.433000000
210.300824,28.434000000
210.300879,28.435000000
210.328031,28.436000000
210.350450,28.437000000
210.351057,28.438000000
210.383896,28.439000000
210.391593,28.440000000
210.397969,28.441000000
210.410480,28.442000000
210.435914,28.443000000
210.463361,28.444000000
210.475217,28.445000000
210.481786,28.446000000
210.495347,28.447000000
210.507560,28.448000000
210.511144,28.449000000
210.512665,28.450000000
210.516956,28.451000000
210.524695,28.452000000
210.527553,28.453000000
210.540706,28.454000000
210.552154,28.455000000
210.565651,28.456000000
210.577414,28.457000000
210.590798,28.458000000
210.604991,28.459000000
210.612189,28.460000000
210.618813,28.461000000
210.622704,28.462000000
210.643725,28.463000000
210.646358,28.464000000
210.649081,28.465000000
210.651578,28.466000000
210.659853,28.467000000
210.665884,28.468000000
210.669649,28.469000000
210.695154,28.470000000
210.699614,28.471000000
210.703378,28.472000000
210.722297,28.473000000
210.727872,28.474000000
210.731936,28.475000000
210.736733,28.476000000
210.760488,28.477000000
210.761040,28.478000000
210.763956,28.479000000
210.797477,28.480000000
210.798388,28.481000000
210.817555,28.482000000
210.829374,28.483000000
210.829429,28.484000000
210.839236,28.485000000
210.839299,28.486000000
210.846956,28.487000000
210.852657,28.488000000
210.862514,28.489000000
210.862973,28.490000000
210.867900,28.491000000
210.879778,28.492000000
210.879912,28.493000000
210.891023,28.494000000
210.891572,28.495000000
210.902090,28.496000000
210.905395,28.497000000
210.913896,28.498000000
210.923858,28.499000000
210.923916,28.500000000
210.939487,28.501000000
210.940077,28.502000000
210.945867,28.503000000
210.955365,28.504000000
210.963711,28.505000000
210.964143,28.506000000
210.977481,28.507000000
210.985000,28.508000000
210.985061,28.509000000
210.992717,28.510000000
211.005251,28.511000000
211.036513,28.512000000
211.058250,28.513000000
211.079930,28.514000000
211.080455,28.515000000
211.088104,28.516000000
211.092604,28.517000000
211.095875,28.518000000
211.105295,28.519000000
211.111329,28.520000000
211.117381,28.521000000
211.125966,28.522000000
211.126023,28.523000000
211.140171,28.524000000
211.140233,28.525000000
211.149287,28.526000000
211.162657,28.527000000
211.162715,28.528000000
211.173204,28.529000000
211.179054,28.530000000
211.187716,28.531000000
211.191136,28.532000000
211.204548,28.533000000
211.204607,28.534000000
211.216415,28.535000000
211.220173,28.536000000
211.230904,28.537000000
211.241567,28.538000000
211.242077,28.539000000
211.259420,28.540000000
211.259479,28.541000000
211.259523,28.542000000
211.275662,28.543000000
211.275726,28.544000000
211.284828,28.545000000
211.289637,28.546000000
211.299541,28.547000000
211.310266,28.548000000
211.313846,28.549000000
211.326734,28.550000000
211.330335,28.551000000
211.354617,28.552000000
211.354672,28.553000000
211.354711,28.554000000
211.360986,28.555000000
211.361037,28.556000000
211.372423,28.557000000
211.372485,28.558000000
211.372526,28.559000000
211.372564,28.560000000
211.377780,28.561000000
211.379576,28.562000000
211.384676,28.563000000
211.401934,28.564000000
211.401998,28.565000000
211.417054,28.566000000
211.421888,28.567000000
211.446249,28.568000000
211.458667,28.569000000
211.460330,28.570000000
211.468852,28.571000000
211.486401,28.572000000
211.486464,28.573000000
211.486475,28.574000000
211.486483,28.575000000
211.493222,28.576000000
211.493294,28.577000000
211.501423,28.578000000
211.507329,28.579000000
211.510463,28.580000000
211.515438,28.581000000
211.533295,28.582000000
211.533360,28.583000000
211.533421,28.584000000
211.533629,28.585000000
211.533675,28.586000000
211.538384,28.587000000
211.545594,28.588000000
211.551720,28.589000000
211.553961,28.590000000
211.556160,28.591000000
211.558852,28.592000000
211.561594,28.593000000
211.565592,28.594000000
211.571633,28.595000000
211.574012,28.596000000
211.576510,28.597000000
211.579371,28.598000000
211.582872,28.599000000
211.585757,28.600000000
211.589902,28.601000000
211.592227,28.602000000
211.595582,28.603000000
211.621075,28.604000000
211.624698,28.605000000
211.645671,28.606000000
211.657751,28.607000000
211.669796,28.608000000
211.680482,28.609000000
211.691530,28.610000000
211.700259,28.611000000
211.708872,28.612000000
211.720450,28.613000000
211.728260,28.614000000
211.740767,28.615000000
211.750379,28.616000000
211.755160,28.617000000
211.763331,28.618000000
211.765716,28.619000000
211.784716,28.620000000
211.793780,28.621000000
211.796926,28.622000000
211.802728,28.623000000
211.815295,28.624000000
211.824657,28.625000000
211.828222,28.626000000
211.832049,28.627000000
211.835751,28.628000000
211.865079,28.629000000
211.871548,28.630000000
211.871618,28.631000000
211.871654,28.632000000
211.874004,28.633000000
211.876419,28.634000000
211.878951,28.635000000
211.886074,28.636000000
211.893420,28.637000000
211.902771,28.638000000
211.904875,28.639000000
211.908276,28.640000000
211.910573,28.641000000
211.913518,28.642000000
211.922910,28.643000000
211.925060,28.644000000
211.947920,28.645000000
211.965646,28.646000000
211.976569,28.647000000
211.991262,28.648000000
211.991685,28.649000000
211.994331,28.650000000
212.003337,28.651000000
212.018528,28.652000000
212.021095,28.653000000
212.023249,28.654000000
212.030165,28.655000000
212.035271,28.656000000
212.042678,28.657000000
212.044758,28.658000000
212.050148,28.659000000
212.052349,28.660000000
212.054987,28.661000000
212.063076,28.662000000
212.068086,28.663000000
212.070314,28.664000000
212.072537,28.665000000
212.080727,28.666000000
212.082802,28.667000000
212.087849,28.668000000
212.094340,28.669000000
212.098447,28.670000000
212.101909,28.671000000
212.106178,28.672000000
212.108461,28.673000000
212.122274,28.674000000
212.126246,28.675000000
212.139421,28.676000000
212.142754,28.677000000
212.162616,28.678000000
212.180191,28.679000000
212.190498,28.680000000
212.195741,28.681000000
212.211973,28.682000000
212.218805,28.683000000
212.235796,28.684000000
212.237121,28.685000000
212.264820,28.686000000
212.280677,28.687000000
212.294348,28.688000000
212.303473,28.689000000
212.314994,28.690000000
212.318056,28.691000000
212.321598,28.692000000
212.324052,28.693000000
212.329355,28.694000000
212.338501,28.695000000
212.362016,28.696000000
212.374794,28.697000000
212.383436,28.698000000
212.390151,28.699000000
212.398044,28.700000000
212.417505,28.701000000
212.434981,28.702000000
212.442104,28.703000000
212.449711,28.704000000
212.458619,28.705000000
212.461940,28.706000000
212.483541,28.707000000
212.489493,28.708000000
212.496494,28.709000000
212.521196,28.710000000
212.538353,28.711000000
212.544747,28.712000000
212.556234,28.713000000
212.565936,28.714000000
212.585617,28.715000000
212.601042,28.716000000
212.621275,28.717000000
212.621354,28.718000000
212.621365,28.719000000
212.621374,28.720000000
212.624074,28.721000000
212.624133,28.722000000
212.631863,28.723000000
212.631921,28.724000000
212.631932,28.725000000
212.634368,28.726000000
212.638177,28.727000000
212.638218,28.728000000
212.641066,28.729000000
212.661827,28.730000000
212.667967,28.731000000
212.674321,28.732000000
212.678510,28.733000000
212.684599,28.734000000
212.691346,28.735000000
212.698679,28.736000000
212.704346,28.737000000
212.713442,28.738000000
212.725249,28.739000000
212.739787,28.740000000
212.744646,28.741000000
212.750978,28.742000000
212.757397,28.743000000
212.765981,28.744000000
212.788970,28.745000000
212.791157,28.746000000
212.798067,28.747000000
212.814609,28.748000000
212.822060,28.749000000
212.835214,28.750000000
212.842907,28.751000000
212.847119,28.752000000
212.852611,28.753000000
212.875643,28.754000000
212.877644,28.755000000
212.887666,28.756000000
212.892743,28.757000000
212.894680,28.758000000
212.916997,28.759000000
212.922976,28.760000000
212.926710,28.761000000
212.935873,28.762000000
212.940539,28.763000000
212.945296,28.764000000
212.954126,28.765000000
212.956088,28.766000000
212.962533,28.767000000
212.973724,28.768000000
212.975713,28.769000000
212.979690,28.770000000
212.984114,28.771000000
212.989344,28.772000000
213.006349,28.773000000
213.011184,28.774000000
213.013291,28.775000000
213.033180,28.776000000
213.035106,28.777000000
213.037209,28.778000000
213.046227,28.779000000
213.050590,28.780000000
213.076480,28.781000000
213.080523,28.782000000
213.090517,28.783000000
213.095224,28.784000000
213.099059,28.785000000
213.122610,28.786000000
213.125247,28.787000000
213.144619,28.788000000
213.146800,28.789000000
213.152883,28.790000000
213.162441,28.791000000
213.172210,28.792000000
213.181573,28.793000000
213.199042,28.794000000
213.205604,28.795000000
213.212202,28.796000000
213.224985,28.797000000
213.227583,28.798000000
213.248044,28.799000000
213.253197,28.800000000
213.260068,28.801000000
213.265000,28.802000000
213.290275,28.803000000
213.292315,28.804000000
213.302655,28.805000000
213.314167,28.806000000
213.320142,28.807000000
213.330220,28.808000000
213.333683,28.809000000
213.339423,28.810000000
213.362893,28.811000000
213.370656,28.812000000
213.383501,28.813000000
213.390892,28.814000000
213.415440,28.815000000
213.430659,28.816000000
213.440921,28.817000000
213.452762,28.818000000
213.465670,28.819000000
213.467691,28.820000000
213.485207,28.821000000
213.486613,28.822000000
213.496642,28.823000000
213.502145,28.824000000
213.505688,28.825000000
213.514266,28.826000000
213.520472,28.827000000
213.532708,28.828000000
213.542021,28.829000000
213.555892,28.830000000
213.571657,28.831000000
213.578763,28.832000000
213.586917,28.833000000
213.595340,28.834000000
213.611501,28.835000000
213.617668,28.836000000
213.621757,28.837000000
213.644395,28.838000000
213.646618,28.839000000
213.655740,28.840000000
213.660341,28.841000000
213.669327,28.842000000
213.690961,28.843000000
213.696726,28.844000000
213.707722,28.845000000
213.718974,28.846000000
213.726677,28.847000000
213.735300,28.848000000
213.742893,28.849000000
213.748982,28.850000000
213.755031,28.851000000
213.760765,28.852000000
213.766132,28.853000000
213.772274,28.854000000
213.777444,28.855000000
213.781559,28.856000000
213.797415,28.857000000
213.801074,28.858000000
213.805346,28.859000000
213.822184,28.860000000
213.826233,28.861000000
213.830256,28.862000000
213.838748,28.863000000
213.843133,28.864000000
213.848258,28.865000000
213.864239,28.866000000
213.873533,28.867000000
213.881672,28.868000000
213.895119,28.869000000
213.899483,28.870000000
213.933350,28.871000000
213.944727,28.872000000
213.960961,28.873000000
213.965420,28.874000000
213.972984,28.875000000
213.977931,28.876000000
213.987332,28.877000000
213.994789,28.878000000
214.004234,28.879000000
214.014109,28.880000000
214.021752,28.881000000
214.030633,28.882000000
214.042665,28.883000000
214.047831,28.884000000
214.084175,28.885000000
214.094771,28.886000000
214.099320,28.887000000
214.120681,28.888000000
214.129305,28.889000000
214.138893,28.890000000
214.144080,28.891000000
214.148218,28.892000000
214.171685,28.893000000
214.181828,28.894000000
214.188356,28.895000000
214.201034,28.896000000
214.206609,28.897000000
214.237347,28.898000000
214.250560,28.899000000
214.260608,28.900000000
214.265463,28.901000000
214.276120,28.902000000
214.294718,28.903000000
214.318688,28.904000000
214.326262,28.905000000
214.330879,28.906000000
214.345445,28.907000000
214.349442,28.908000000
214.365462,28.909000000
214.372628,28.910000000
214.376898,28.911000000
214.392728,28.912000000
214.404227,28.913000000
214.418088,28.914000000
214.420943,28.915000000
214.425997,28.916000000
214.435576,28.917000000
214.451965,28.918000000
214.457600,28.919000000
214.482319,28.920000000
214.494077,28.921000000
214.500809,28.922000000
214.523408,28.923000000
214.526772,28.924000000
214.533241,28.925000000
214.539832,28.926000000
214.547752,28.927000000
214.563444,28.928000000
214.567574,28.929000000
214.575302,28.930000000
214.585459,28.931000000
214.591789,28.932000000
214.602032,28.933000000
214.615716,28.934000000
214.622809,28.935000000
214.627163,28.936000000
214.646271,28.937000000
214.655414,28.938000000
214.660626,28.939000000
214.663002,28.940000000
214.667948,28.941000000
214.683809,28.942000000
214.689095,28.943000000
214.691987,28.944000000
214.701389,28.945000000
214.705257,28.946000000
214.726369,28.947000000
214.735015,28.948000000
214.738419,28.949000000
214.744789,28.950000000
214.750358,28.951000000
214.756527,28.952000000
214.768206,28.953000000
214.772360,28.954000000
214.778784,28.955000000
214.785934,28.956000000
214.792133,28.957000000
214.795833,28.958000000
214.799376,28.959000000
214.815567,28.960000000
214.819723,28.961000000
214.823083,28.962000000
214.847229,28.963000000
214.856136,28.964000000
214.867179,28.965000000
214.873563,28.966000000
214.878142,28.967000000
214.893916,28.968000000
214.898316,28.969000000
214.910399,28.970000000
214.922787,28.971000000
214.933680,28.972000000
214.966337,28.973000000
214.982979,28.974000000
214.986690,28.975000000
214.994623,28.976000000
215.002176,28.977000000
215.015798,28.978000000
215.024207,28.979000000
215.035643,28.980000000
215.035697,28.981000000
215.039206,28.982000000
215.039252,28.983000000
215.043736,28.984000000
215.066079,28.985000000
215.081378,28.986000000
215.087760,28.987000000
215.095409,28.988000000
215.099028,28.989000000
215.109875,28.990000000
215.114868,28.991000000
215.130412,28.992000000
215.141066,28.993000000
215.149841,28.994000000
215.168680,28.995000000
215.172875,28.996000000
215.175181,28.997000000
215.180261,28.998000000
215.211929,28.999000000
215.218370,29.000000000
215.241209,29.001000000
215.248339,29.002000000
215.262255,29.003000000
215.269276,29.004000000
215.290369,29.005000000
215.295733,29.006000000
215.304920,29.007000000
215.311033,29.008000000
215.318073,29.009000000
215.324315,29.010000000
215.340454,29.011000000
215.355329,29.012000000
215.368973,29.013000000
215.379094,29.014000000
215.391267,29.015000000
215.396663,29.016000000
215.406993,29.017000000
215.422373,29.018000000
215.432127,29.019000000
215.438215,29.020000000
215.454282,29.021000000
215.470876,29.022000000
215.473114,29.023000000
215.479537,29.024000000
215.492657,29.025000000
215.496255,29.026000000
215.513118,29.027000000
215.520429,29.028000000
215.535076,29.029000000
215.538548,29.030000000
215.556870,29.031000000
215.559038,29.032000000
215.561363,29.033000000
215.581224,29.034000000
215.583875,29.035000000
215.586208,29.036000000
215.588517,29.037000000
215.596640,29.038000000
215.622582,29.039000000
215.629457,29.040000000
215.637358,29.041000000
215.647552,29.042000000
215.654685,29.043000000
215.665120,29.044000000
215.673711,29.045000000
215.677866,29.046000000
215.694044,29.047000000
215.713058,29.048000000
215.726961,29.049000000
215.741456,29.050000000
215.751159,29.051000000
215.759489,29.052000000
215.767358,29.053000000
215.791695,29.054000000
215.803445,29.055000000
215.821024,29.056000000
215.826812,29.057000000
215.847348,29.058000000
215.849630,29.059000000
215.852080,29.060000000
215.855243,29.061000000
215.871863,29.062000000
215.874100,29.063000000
215.876392,29.064000000
215.883039,29.065000000
215.911640,29.066000000
215.920352,29.067000000
215.934952,29.068000000
215.938809,29.069000000
215.941222,29.070000000
215.955328,29.071000000
215.974295,29.072000000
215.977779,29.073000000
215.988399,29.074000000
215.993942,29.075000000
216.001127,29.076000000
216.008779,29.077000000
216.019199,29.078000000
216.029312,29.079000000
216.039422,29.080000000
216.042632,29.081000000
216.056242,29.082000000
216.060196,29.083000000
216.065840,29.084000000
216.072356,29.085000000
216.093518,29.086000000
216.102750,29.087000000
216.138563,29.088000000
216.140995,29.089000000
216.163419,29.090000000
216.167372,29.091000000
216.188997,29.092000000
216.195008,29.093000000
216.199161,29.094000000
216.201990,29.095000000
216.205376,29.096000000
216.207858,29.097000000
216.210134,29.098000000
216.212298,29.099000000
216.214430,29.100000000
216.216609,29.101000000
216.225958,29.102000000
216.245135,29.103000000
216.261682,29.104000000
216.271821,29.105000000
216.276371,29.106000000
216.294787,29.107000000
216.294839,29.108000000
216.306376,29.109000000
216.323480,29.110000000
216.332837,29.111000000
216.350216,29.112000000
216.365593,29.113000000
216.365640,29.114000000
216.383613,29.115000000
216.391926,29.116000000
216.416098,29.117000000
216.430574,29.118000000
216.447414,29.119000000
216.464138,29.120000000
216.471883,29.121000000
216.492816,29.122000000
216.522382,29.123000000
216.538384,29.124000000
216.549930,29.125000000
216.556526,29.126000000
216.567887,29.127000000
216.574414,29.128000000
216.585020,29.129000000
216.590408,29.130000000
216.596679,29.131000000
216.608418,29.132000000
216.614929,29.133000000
216.628075,29.134000000
216.633690,29.135000000
216.641512,29.136000000
216.656340,29.137000000
216.666092,29.138000000
216.682416,29.139000000
216.682464,29.140000000
216.704301,29.141000000
216.717032,29.142000000
216.728961,29.143000000
216.744785,29.144000000
216.754509,29.145000000
216.768219,29.146000000
216.782110,29.147000000
216.782156,29.148000000
216.800829,29.149000000
216.813362,29.150000000
216.828463,29.151000000
216.846080,29.152000000
216.858709,29.153000000
216.872527,29.154000000
216.891031,29.155000000
216.891081,29.156000000
216.920122,29.157000000
216.930558,29.158000000
216.930603,29.159000000
216.959003,29.160000000
216.973222,29.161000000
216.986637,29.162000000
216.999264,29.163000000
217.015565,29.164000000
217.015619,29.165000000
217.040437,29.166000000
217.040512,29.167000000
217.059052,29.168000000
217.073857,29.169000000
217.097312,29.170000000
217.097360,29.171000000
217.120655,29.172000000
217.131064,29.173000000
217.142094,29.174000000
217.152051,29.175000000
217.176336,29.176000000
217.186419,29.177000000
217.193940,29.178000000
217.199913,29.179000000
217.217208,29.180000000
217.217259,29.181000000
217.245150,29.182000000
217.246086,29.183000000
217.262562,29.184000000
217.262608,29.185000000
217.276972,29.186000000
217.290025,29.187000000
217.306420,29.188000000
217.324308,29.189000000
217.326950,29.190000000
217.343071,29.191000000
217.355662,29.192000000
217.355710,29.193000000
217.378309,29.194000000
217.390767,29.195000000
217.400209,29.196000000
217.409033,29.197000000
217.420799,29.198000000
217.441503,29.199000000
217.441555,29.200000000
217.453619,29.201000000
217.468702,29.202000000
217.479940,29.203000000
217.489643,29.204000000
217.506278,29.205000000
217.513895,29.206000000
217.528737,29.207000000
217.534284,29.208000000
217.553133,29.209000000
217.553181,29.210000000
217.572087,29.211000000
217.600559,29.212000000
217.600616,29.213000000
217.615767,29.214000000
217.637420,29.215000000
217.637471,29.216000000
217.663522,29.217000000
217.671556,29.218000000
217.685944,29.219000000
217.708632,29.220000000
217.719500,29.221000000
217.740114,29.222000000
217.741095,29.223000000
217.775347,29.224000000
217.779449,29.225000000
217.788968,29.226000000
217.791621,29.227000000
217.796128,29.228000000
217.798419,29.229000000
217.801846,29.230000000
217.804184,29.231000000
217.806415,29.232000000
217.809315,29.233000000
217.811719,29.234000000
217.813878,29.235000000
217.816052,29.236000000
217.819302,29.237000000
217.828809,29.238000000
217.847234,29.239000000
217.849337,29.240000000
217.851660,29.241000000
217.855175,29.242000000
217.857355,29.243000000
217.859629,29.244000000
217.861770,29.245000000
217.864118,29.246000000
217.866255,29.247000000
217.884355,29.248000000
217.885150,29.249000000
217.887348,29.250000000
217.894100,29.251000000
217.900149,29.252000000
217.902469,29.253000000
217.905260,29.254000000
217.913290,29.255000000
217.942412,29.256000000
217.944681,29.257000000
217.947138,29.258000000
217.952193,29.259000000
217.956103,29.260000000
217.960235,29.261000000
217.962564,29.262000000
217.969350,29.263000000
217.972807,29.264000000
217.978839,29.265000000
217.985579,29.266000000
217.990836,29.267000000
217.993077,29.268000000
218.001064,29.269000000
218.003299,29.270000000
218.005566,29.271000000
218.040918,29.272000000
218.046604,29.273000000
218.060637,29.274000000
218.074298,29.275000000
218.084650,29.276000000
218.090357,29.277000000
218.095687,29.278000000
218.109445,29.279000000
218.112617,29.280000000
218.121346,29.281000000
218.121396,29.282000000
218.130549,29.283000000
218.140616,29.284000000
218.145279,29.285000000
218.155882,29.286000000
218.157761,29.287000000
218.160050,29.288000000
218.162768,29.289000000
218.165560,29.290000000
218.167926,29.291000000
218.206214,29.292000000
218.210720,29.293000000
218.221384,29.294000000
218.226336,29.295000000
218.257207,29.296000000
218.269443,29.297000000
218.277739,29.298000000
218.299054,29.299000000
218.309686,29.300000000
218.319361,29.301000000
218.343571,29.302000000
218.343660,29.303000000
218.343671,29.304000000
218.343680,29.305000000
218.361606,29.306000000
218.381043,29.307000000
218.385159,29.308000000
218.394227,29.309000000
218.394291,29.310000000
218.394323,29.311000000
218.406931,29.312000000
218.419292,29.313000000
218.435344,29.314000000
218.451128,29.315000000
218.463676,29.316000000
218.473956,29.317000000
218.487391,29.318000000
218.497548,29.319000000
218.506683,29.320000000
218.509246,29.321000000
218.523739,29.322000000
218.553941,29.323000000
218.557696,29.324000000
218.566547,29.325000000
218.580338,29.326000000
218.586631,29.327000000
218.604038,29.328000000
218.611910,29.329000000
218.622070,29.330000000
218.633830,29.331000000
218.655190,29.332000000
218.658692,29.333000000
218.680557,29.334000000
218.684757,29.335000000
218.698550,29.336000000
218.708006,29.337000000
218.708067,29.338000000
218.719678,29.339000000
218.729800,29.340000000
218.738290,29.341000000
218.747659,29.342000000
218.759635,29.343000000
218.773022,29.344000000
218.785554,29.345000000
218.797379,29.346000000
218.812470,29.347000000
218.845048,29.348000000
218.845101,29.349000000
218.851112,29.350000000
218.856836,29.351000000
218.870996,29.352000000
218.875606,29.353000000
218.883957,29.354000000
218.894499,29.355000000
218.897672,29.356000000
218.899902,29.357000000
218.902078,29.358000000
218.904423,29.359000000
218.914966,29.360000000
218.917974,29.361000000
218.928289,29.362000000
218.945606,29.363000000
218.949218,29.364000000
218.963978,29.365000000
218.966969,29.366000000
218.989484,29.367000000
218.990922,29.368000000
218.993747,29.369000000
219.019867,29.370000000
219.032857,29.371000000
219.036704,29.372000000
219.053006,29.373000000
219.068786,29.374000000
219.077397,29.375000000
219.081324,29.376000000
219.093129,29.377000000
219.105212,29.378000000
219.105658,29.379000000
219.105694,29.380000000
219.137781,29.381000000
219.140249,29.382000000
219.164768,29.383000000
219.173164,29.384000000
219.180165,29.385000000
219.193472,29.386000000
219.200774,29.387000000
219.235904,29.388000000
219.242882,29.389000000
219.247753,29.390000000
219.263253,29.391000000
219.274535,29.392000000
219.303644,29.393000000
219.312666,29.394000000
219.326601,29.395000000
219.338712,29.396000000
219.348763,29.397000000
219.358099,29.398000000
219.366478,29.399000000
219.366518,29.400000000
219.378921,29.401000000
219.378969,29.402000000
219.378979,29.403000000
219.388846,29.404000000
219.388946,29.405000000
219.388957,29.406000000
219.394694,29.407000000
219.403966,29.408000000
219.404039,29.409000000
219.404050,29.410000000
219.404059,29.411000000
219.407918,29.412000000
219.407952,29.413000000
219.438811,29.414000000
219.440991,29.415000000
219.451735,29.416000000
219.483180,29.417000000
219.483231,29.418000000
219.492041,29.419000000
219.493456,29.420000000
219.495910,29.421000000
219.499052,29.422000000
219.504108,29.423000000
219.506565,29.424000000
219.509815,29.425000000
219.512152,29.426000000
219.514537,29.427000000
219.516811,29.428000000
219.522208,29.429000000
219.525063,29.430000000
219.533835,29.431000000
219.536273,29.432000000
219.539373,29.433000000
219.541545,29.434000000
219.543772,29.435000000
219.546429,29.436000000
219.548599,29.437000000
219.551032,29.438000000
219.553728,29.439000000
219.555930,29.440000000
219.561810,29.441000000
219.564054,29.442000000
219.568532,29.443000000
219.570843,29.444000000
219.575014,29.445000000
219.590820,29.446000000
219.596678,29.447000000
219.598970,29.448000000
219.603263,29.449000000
219.607293,29.450000000
219.611516,29.451000000
219.613871,29.452000000
219.618923,29.453000000
219.621233,29.454000000
219.634655,29.455000000
219.643155,29.456000000
219.669611,29.457000000
219.689517,29.458000000
219.697490,29.459000000
219.715178,29.460000000
219.721098,29.461000000
219.730717,29.462000000
219.740144,29.463000000
219.749006,29.464000000
219.766132,29.465000000
219.766199,29.466000000
219.778058,29.467000000
219.787049,29.468000000
219.801255,29.469000000
219.815962,29.470000000
219.827890,29.471000000
219.846054,29.472000000
219.846128,29.473000000
219.861862,29.474000000
219.861925,29.475000000
219.878212,29.476000000
219.885867,29.477000000
219.896335,29.478000000
219.901472,29.479000000
219.908363,29.480000000
219.936482,29.481000000
219.936553,29.482000000
219.964275,29.483000000
219.977172,29.484000000
219.985892,29.485000000
220.002177,29.486000000
220.011058,29.487000000
220.016704,29.488000000
220.024594,29.489000000
220.036072,29.490000000
220.045754,29.491000000
220.056426,29.492000000
220.065579,29.493000000
220.088131,29.494000000
220.103386,29.495000000
220.127193,29.496000000
220.131484,29.497000000
220.150205,29.498000000
220.160584,29.499000000
220.168912,29.500000000
220.184642,29.501000000
220.193884,29.502000000
220.225795,29.503000000
220.236602,29.504000000
220.237786,29.505000000
220.246106,29.506000000
220.250083,29.507000000
220.288451,29.508000000
220.290966,29.509000000
220.302234,29.510000000
220.307835,29.511000000
220.316322,29.512000000
220.326321,29.513000000
220.335531,29.514000000
220.353885,29.515000000
220.368502,29.516000000
220.378579,29.517000000
220.385623,29.518000000
220.390431,29.519000000
220.396590,29.520000000
220.401514,29.521000000
220.420779,29.522000000
220.424466,29.523000000
220.430368,29.524000000
220.434780,29.525000000
220.440373,29.526000000
220.450279,29.527000000
220.480950,29.528000000
220.485518,29.529000000
220.489700,29.530000000
220.494308,29.531000000
220.499014,29.532000000
220.504377,29.533000000
220.513138,29.534000000
220.518417,29.535000000
220.523760,29.536000000
220.527595,29.537000000
220.533376,29.538000000
220.537652,29.539000000
220.542839,29.540000000
220.552433,29.541000000
220.569313,29.542000000
220.574473,29.543000000
220.579265,29.544000000
220.584701,29.545000000
220.589120,29.546000000
220.593468,29.547000000
220.602811,29.548000000
220.609212,29.549000000
220.614953,29.550000000
220.619688,29.551000000
220.623984,29.552000000
220.629320,29.553000000
220.633873,29.554000000
220.639766,29.555000000
220.667941,29.556000000
220.675734,29.557000000
220.686086,29.558000000
220.693873,29.559000000
220.702247,29.560000000
220.706805,29.561000000
220.715736,29.562000000
220.732042,29.563000000
220.735895,29.564000000
220.749293,29.565000000
220.750408,29.566000000
220.752632,29.567000000
220.754859,29.568000000
220.756960,29.569000000
220.764557,29.570000000
220.766866,29.571000000
220.769675,29.572000000
220.777405,29.573000000
220.799921,29.574000000
220.802312,29.575000000
220.810945,29.576000000
220.818394,29.577000000
220.821580,29.578000000
220.831377,29.579000000
220.834050,29.580000000
220.860063,29.581000000
220.866023,29.582000000
220.871550,29.583000000
220.874314,29.584000000
220.876971,29.585000000
220.883512,29.586000000
220.896978,29.587000000
220.899497,29.588000000
220.904386,29.589000000
220.910906,29.590000000
220.914363,29.591000000
220.918724,29.592000000
220.921031,29.593000000
220.926694,29.594000000
220.932070,29.595000000
220.934389,29.596000000
220.958054,29.597000000
220.958088,29.598000000
220.971779,29.599000000
220.974025,29.600000000
220.994505,29.601000000
221.007995,29.602000000
221.017764,29.603000000
221.020550,29.604000000
221.033141,29.605000000
221.038555,29.606000000
221.049442,29.607000000
221.056448,29.608000000
221.061943,29.609000000
221.082469,29.610000000
221.100571,29.611000000
221.109081,29.612000000
221.115419,29.613000000
221.123569,29.614000000
221.127929,29.615000000
221.151809,29.616000000
221.157065,29.617000000
221.165177,29.618000000
221.179268,29.619000000
221.181643,29.620000000
221.186694,29.621000000
221.191895,29.622000000
221.197945,29.623000000
221.210185,29.624000000
221.223515,29.625000000
221.231158,29.626000000
221.247772,29.627000000
221.250137,29.628000000
221.266308,29.629000000
221.271182,29.630000000
221.284244,29.631000000
221.302796,29.632000000
221.307087,29.633000000
221.315728,29.634000000
221.324116,29.635000000
221.328479,29.636000000
221.338953,29.637000000
221.345389,29.638000000
221.352795,29.639000000
221.360515,29.640000000
221.367590,29.641000000
221.371588,29.642000000
221.383446,29.643000000
221.388269,29.644000000
221.397232,29.645000000
221.405936,29.646000000
221.415465,29.647000000
221.424288,29.648000000
221.438943,29.649000000
221.443987,29.650000000
221.446310,29.651000000
221.482960,29.652000000
221.507187,29.653000000
221.519471,29.654000000
221.527795,29.655000000
221.540680,29.656000000
221.557191,29.657000000
221.571534,29.658000000
221.575652,29.659000000
221.594224,29.660000000
221.603272,29.661000000
221.612030,29.662000000
221.615993,29.663000000
221.641660,29.664000000
221.653967,29.665000000
221.670416,29.666000000
221.688845,29.667000000
221.707052,29.668000000
221.725296,29.669000000
221.737813,29.670000000
221.741951,29.671000000
221.746894,29.672000000
221.774517,29.673000000
221.781813,29.674000000
221.790752,29.675000000
221.792695,29.676000000
221.800381,29.677000000
221.827704,29.678000000
221.840490,29.679000000
221.850612,29.680000000
221.865145,29.681000000
221.915425,29.682000000
221.925090,29.683000000
221.942547,29.684000000
221.944565,29.685000000
221.965846,29.686000000
221.978942,29.687000000
221.992973,29.688000000
222.001896,29.689000000
222.009578,29.690000000
222.018026,29.691000000
222.030351,29.692000000
222.041332,29.693000000
222.048186,29.694000000
222.052124,29.695000000
222.080678,29.696000000
222.094222,29.697000000
222.104704,29.698000000
222.131850,29.699000000
222.146317,29.700000000
222.157532,29.701000000
222.172798,29.702000000
222.209392,29.703000000
222.218004,29.704000000
222.231254,29.705000000
222.246828,29.706000000
222.266813,29.707000000
222.281798,29.708000000
222.299912,29.709000000
222.313982,29.710000000
222.323752,29.711000000
222.351645,29.712000000
222.352383,29.713000000
222.373794,29.714000000
222.390784,29.715000000
222.391283,29.716000000
222.412040,29.717000000
222.417097,29.718000000
222.426025,29.719000000
222.431147,29.720000000
222.462772,29.721000000
222.463594,29.722000000
222.485533,29.723000000
222.496216,29.724000000
222.496280,29.725000000
222.496324,29.726000000
222.547159,29.727000000
222.553819,29.728000000
222.556717,29.729000000
222.561595,29.730000000
222.565861,29.731000000
222.569165,29.732000000
222.573502,29.733000000
222.581551,29.734000000
222.585475,29.735000000
222.589859,29.736000000
222.593228,29.737000000
222.597324,29.738000000
222.602802,29.739000000
222.618891,29.740000000
222.625505,29.741000000
222.646254,29.742000000
222.657820,29.743000000
222.685325,29.744000000
222.698619,29.745000000
222.753237,29.746000000
222.754572,29.747000000
222.754635,29.748000000
222.754684,29.749000000
222.754729,29.750000000
222.754772,29.751000000
222.754815,29.752000000
222.754856,29.753000000
222.754897,29.754000000
222.776275,29.755000000
222.780838,29.756000000
222.798855,29.757000000
222.803760,29.758000000
222.809825,29.759000000
222.811756,29.760000000
222.834432,29.761000000
222.848034,29.762000000
222.855513,29.763000000
222.866130,29.764000000
222.879530,29.765000000
222.883834,29.766000000
222.895161,29.767000000
222.903480,29.768000000
222.908509,29.769000000
222.918174,29.770000000
222.925880,29.771000000
222.935572,29.772000000
222.940833,29.773000000
222.943219,29.774000000
222.947102,29.775000000
222.972642,29.776000000
222.975085,29.777000000
222.996354,29.778000000
223.020540,29.779000000
223.024544,29.780000000
223.050137,29.781000000
223.053750,29.782000000
223.070725,29.783000000
223.085127,29.784000000
223.104695,29.785000000
223.119037,29.786000000
223.123448,29.787000000
223.129805,29.788000000
223.139138,29.789000000
223.141370,29.790000000
223.143566,29.791000000
223.162840,29.792000000
223.180937,29.793000000
223.190260,29.794000000
223.198892,29.795000000
223.204767,29.796000000
223.214062,29.797000000
223.237539,29.798000000
223.241033,29.799000000
223.251248,29.800000000
223.257747,29.801000000
223.262211,29.802000000
223.266471,29.803000000
223.270830,29.804000000
223.273582,29.805000000
223.276944,29.806000000
223.279391,29.807000000
223.285693,29.808000000
223.295082,29.809000000
223.305413,29.810000000
223.310490,29.811000000
223.328543,29.812000000
223.337135,29.813000000
223.342265,29.814000000
223.346151,29.815000000
223.354643,29.816000000
223.359326,29.817000000
223.370102,29.818000000
223.372930,29.819000000
223.375165,29.820000000
223.383658,29.821000000
223.388430,29.822000000
223.391058,29.823000000
223.395946,29.824000000
223.409266,29.825000000
223.413903,29.826000000
223.417259,29.827000000
223.423264,29.828000000
223.427653,29.829000000
223.431453,29.830000000
223.436249,29.831000000
223.441036,29.832000000
223.463122,29.833000000
223.475690,29.834000000
223.484529,29.835000000
223.488794,29.836000000
223.493042,29.837000000
223.498252,29.838000000
223.507876,29.839000000
223.513654,29.840000000
223.518382,29.841000000
223.523022,29.842000000
223.528172,29.843000000
223.531902,29.844000000
223.536805,29.845000000
223.560718,29.846000000
223.565427,29.847000000
223.574812,29.848000000
223.577862,29.849000000
223.580316,29.850000000
223.604978,29.851000000
223.612937,29.852000000
223.619503,29.853000000
223.629377,29.854000000
223.629449,29.855000000
223.642052,29.856000000
223.656809,29.857000000
223.656876,29.858000000
223.691013,29.859000000
223.703594,29.860000000
223.704010,29.861000000
223.731181,29.862000000
223.737108,29.863000000
223.752726,29.864000000
223.752786,29.865000000
223.775116,29.866000000
223.783473,29.867000000
223.808194,29.868000000
223.815312,29.869000000
223.848196,29.870000000
223.857504,29.871000000
223.860123,29.872000000
223.866264,29.873000000
223.881111,29.874000000
223.891736,29.875000000
223.906305,29.876000000
223.932189,29.877000000
223.936020,29.878000000
223.954578,29.879000000
223.963673,29.880000000
223.969005,29.881000000
223.999335,29.882000000
224.010627,29.883000000
224.024171,29.884000000
224.034512,29.885000000
224.043981,29.886000000
224.057482,29.887000000
224.069963,29.888000000
224.076431,29.889000000
224.089461,29.890000000
224.099578,29.891000000
224.106403,29.892000000
224.113916,29.893000000
224.121258,29.894000000
224.146779,29.895000000
224.156434,29.896000000
224.183080,29.897000000
224.191302,29.898000000
224.197604,29.899000000
224.223945,29.900000000
224.232322,29.901000000
224.241924,29.902000000
224.269906,29.903000000
224.277641,29.904000000
224.285838,29.905000000
224.305387,29.906000000
224.311694,29.907000000
224.339453,29.908000000
224.341113,29.909000000
224.359103,29.910000000
224.394448,29.911000000
224.430196,29.912000000
224.458137,29.913000000
224.493252,29.914000000
224.493320,29.915000000
224.498910,29.916000000
224.502468,29.917000000
224.506146,29.918000000
224.514310,29.919000000
224.517174,29.920000000
224.527636,29.921000000
224.534968,29.922000000
224.559289,29.923000000
224.565550,29.924000000
224.570883,29.925000000
224.576641,29.926000000
224.588899,29.927000000
224.591932,29.928000000
224.601802,29.929000000
224.607725,29.930000000
224.612282,29.931000000
224.616787,29.932000000
224.619319,29.933000000
224.622055,29.934000000
224.649413,29.935000000
224.660337,29.936000000
224.672328,29.937000000
224.688297,29.938000000
224.695969,29.939000000
224.708819,29.940000000
224.719950,29.941000000
224.752490,29.942000000
224.771422,29.943000000
224.772258,29.944000000
224.790986,29.945000000
224.792177,29.946000000
224.799909,29.947000000
224.807772,29.948000000
224.815459,29.949000000
224.823076,29.950000000
224.827485,29.951000000
224.833896,29.952000000
224.844149,29.953000000
224.847174,29.954000000
224.853506,29.955000000
224.860816,29.956000000
224.867805,29.957000000
224.874186,29.958000000
224.881526,29.959000000
224.883863,29.960000000
224.886206,29.961000000
224.888622,29.962000000
224.890892,29.963000000
224.893162,29.964000000
224.895409,29.965000000
224.898089,29.966000000
224.900598,29.967000000
224.902921,29.968000000
224.905253,29.969000000
224.907468,29.970000000
224.909700,29.971000000
224.912362,29.972000000
224.914592,29.973000000
224.916893,29.974000000
224.919011,29.975000000
224.923586,29.976000000
224.926399,29.977000000
224.928598,29.978000000
224.930818,29.979000000
224.933047,29.980000000
224.935330,29.981000000
224.937513,29.982000000
224.939691,29.983000000
224.941926,29.984000000
224.944600,29.985000000
224.957199,29.986000000
224.961100,29.987000000
224.969967,29.988000000
224.975483,29.989000000
224.980183,29.990000000
224.988598,29.991000000
224.994733,29.992000000
224.997313,29.993000000
225.002096,29.994000000
225.011793,29.995000000
225.018367,29.996000000
225.022156,29.997000000
225.024511,29.998000000
225.027334,29.999000000
225.030039,30.000000000
225.032293,30.001000000
225.034474,30.002000000
225.037123,30.003000000
225.039273,30.004000000
225.048460,30.005000000
225.051254,30.006000000
225.055710,30.007000000
225.062244,30.008000000
225.080838,30.009000000
225.090037,30.010000000
225.096533,30.011000000
225.110455,30.012000000
225.123598,30.013000000
225.126187,30.014000000
225.128610,30.015000000
225.135759,30.016000000
225.138046,30.017000000
225.142649,30.018000000
225.146665,30.019000000
225.149342,30.020000000
225.155829,30.021000000
225.159424,30.022000000
225.163285,30.023000000
225.166215,30.024000000
225.168491,30.025000000
225.185406,30.026000000
225.187735,30.027000000
225.192742,30.028000000
225.199230,30.029000000
225.201711,30.030000000
225.205299,30.031000000
225.207785,30.032000000
225.212650,30.033000000
225.219225,30.034000000
225.242789,30.035000000
225.245266,30.036000000
225.248921,30.037000000
225.253489,30.038000000
225.256170,30.039000000
225.258510,30.040000000
225.264956,30.041000000
225.269529,30.042000000
225.271689,30.043000000
225.285897,30.044000000
225.288161,30.045000000
225.292483,30.046000000
225.294813,30.047000000
225.301924,30.048000000
225.305668,30.049000000
225.310256,30.050000000
225.312469,30.051000000
225.314823,30.052000000
225.319874,30.053000000
225.323692,30.054000000
225.338154,30.055000000
225.340793,30.056000000
225.343160,30.057000000
225.345482,30.058000000
225.347762,30.059000000
225.350003,30.060000000
225.353445,30.061000000
225.355758,30.062000000
225.364032,30.063000000
225.366480,30.064000000
225.368786,30.065000000
225.371204,30.066000000
225.377950,30.067000000
225.380767,30.068000000
225.386041,30.069000000
225.390924,30.070000000
225.420690,30.071000000
225.441742,30.072000000
225.448745,30.073000000
225.455333,30.074000000
225.470399,30.075000000
225.476526,30.076000000
225.488760,30.077000000
225.498367,30.078000000
225.504765,30.079000000
225.511486,30.080000000
225.517806,30.081000000
225.523508,30.082000000
225.527709,30.083000000
225.530096,30.084000000
225.538148,30.085000000
225.540403,30.086000000
225.544723,30.087000000
225.550180,30.088000000
225.552506,30.089000000
225.554846,30.090000000
225.557268,30.091000000
225.571758,30.092000000
225.578127,30.093000000
225.580503,30.094000000
225.582825,30.095000000
225.585187,30.096000000
225.592571,30.097000000
225.594841,30.098000000
225.617103,30.099000000
225.621662,30.100000000
225.623855,30.101000000
225.626571,30.102000000
225.633231,30.103000000
225.637628,30.104000000
225.639818,30.105000000
225.644959,30.106000000
225.656928,30.107000000
225.659443,30.108000000
225.664138,30.109000000
225.666301,30.110000000
225.668652,30.111000000
225.674901,30.112000000
225.678030,30.113000000
225.680323,30.114000000
225.686978,30.115000000
225.691294,30.116000000
225.715348,30.117000000
225.720450,30.118000000
225.722681,30.119000000
225.726901,30.120000000
225.729874,30.121000000
225.742711,30.122000000
225.746135,30.123000000
225.749394,30.124000000
225.751611,30.125000000
225.761277,30.126000000
225.763988,30.127000000
225.766565,30.128000000
225.769494,30.129000000
225.771740,30.130000000
225.773991,30.131000000
225.776278,30.132000000
225.778671,30.133000000
225.803543,30.134000000
225.811311,30.135000000
225.821132,30.136000000
225.832934,30.137000000
225.842310,30.138000000
225.849566,30.139000000
225.863863,30.140000000
225.876269,30.141000000
225.885199,30.142000000
225.894154,30.143000000
225.903833,30.144000000
225.911577,30.145000000
225.920654,30.146000000
225.938908,30.147000000
225.952311,30.148000000
225.958534,30.149000000
225.980730,30.150000000
225.990116,30.151000000
225.993416,30.152000000
226.009749,30.153000000
226.015784,30.154000000
226.026553,30.155000000
226.048737,30.156000000
226.054466,30.157000000
226.062057,30.158000000
226.077093,30.159000000
226.083291,30.160000000
226.115093,30.161000000
226.120863,30.162000000
226.133706,30.163000000
226.139210,30.164000000
226.152434,30.165000000
226.159293,30.166000000
226.165251,30.167000000
226.170751,30.168000000
226.177577,30.169000000
226.186324,30.170000000
226.193758,30.171000000
226.199056,30.172000000
226.214329,30.173000000
226.219484,30.174000000
226.228617,30.175000000
226.250110,30.176000000
226.263546,30.177000000
226.282720,30.178000000
226.294604,30.179000000
226.299438,30.180000000
226.310258,30.181000000
226.313434,30.182000000
226.320003,30.183000000
226.344181,30.184000000
226.354888,30.185000000
226.381155,30.186000000
226.413273,30.187000000
226.418328,30.188000000
226.429088,30.189000000
226.440529,30.190000000
226.450553,30.191000000
226.465169,30.192000000
226.480736,30.193000000
226.490577,30.194000000
226.497964,30.195000000
226.518956,30.196000000
226.525919,30.197000000
226.536766,30.198000000
226.547251,30.199000000
226.553701,30.200000000
226.556496,30.201000000
226.560950,30.202000000
226.564645,30.203000000
226.569189,30.204000000
226.571965,30.205000000
226.575623,30.206000000
226.580055,30.207000000
226.586177,30.208000000
226.589621,30.209000000
226.592353,30.210000000
226.608716,30.211000000
226.611334,30.212000000
226.617826,30.213000000
226.622475,30.214000000
226.625445,30.215000000
226.630464,30.216000000
226.633523,30.217000000
226.638107,30.218000000
226.644537,30.219000000
226.653364,30.220000000
226.666104,30.221000000
226.691293,30.222000000
226.691360,30.223000000
226.691372,30.224000000
226.691380,30.225000000
226.691389,30.226000000
226.709685,30.227000000
226.709740,30.228000000
226.709751,30.229000000
226.726924,30.230000000
226.726979,30.231000000
226.726989,30.232000000
226.734330,30.233000000
226.734397,30.234000000
226.735356,30.235000000
226.737756,30.236000000
226.748283,30.237000000
226.748333,30.238000000
226.754655,30.239000000
226.759451,30.240000000
226.765944,30.241000000
226.766614,30.242000000
226.789350,30.243000000
226.792505,30.244000000
226.804794,30.245000000
226.804843,30.246000000
226.809037,30.247000000
226.809076,30.248000000
226.817985,30.249000000
226.834404,30.250000000
226.834458,30.251000000
226.834470,30.252000000
226.871125,30.253000000
226.871180,30.254000000
226.871894,30.255000000
226.883989,30.256000000
226.884083,30.257000000
226.892449,30.258000000
226.912112,30.259000000
226.912156,30.260000000
226.917500,30.261000000
226.922968,30.262000000
226.930414,30.263000000
226.951853,30.264000000
226.951907,30.265000000
226.951918,30.266000000
226.952632,30.267000000
226.973596,30.268000000
226.973676,30.269000000
226.973687,30.270000000
226.973696,30.271000000
226.973705,30.272000000
226.973712,30.273000000
226.973720,30.274000000
226.973728,30.275000000
226.978350,30.276000000
227.013288,30.277000000
227.013335,30.278000000
227.036348,30.279000000
227.036427,30.280000000
227.036438,30.281000000
227.057692,30.282000000
227.068510,30.283000000
227.096009,30.284000000
227.103216,30.285000000
227.110289,30.286000000
227.125035,30.287000000
227.133216,30.288000000
227.153759,30.289000000
227.153805,30.290000000
227.167093,30.291000000
227.167141,30.292000000
227.182020,30.293000000
227.182072,30.294000000
227.192553,30.295000000
227.200648,30.296000000
227.213459,30.297000000
227.230046,30.298000000
227.230098,30.299000000
227.232307,30.300000000
227.241696,30.301000000
227.249712,30.302000000
227.256695,30.303000000
227.265386,30.304000000
227.280060,30.305000000
227.280113,30.306000000
227.292809,30.307000000
227.303171,30.308000000
227.313664,30.309000000
227.324143,30.310000000
227.329938,30.311000000
227.337621,30.312000000
227.342559,30.313000000
227.351700,30.314000000
227.360892,30.315000000
227.371279,30.316000000
227.389898,30.317000000
227.419326,30.318000000
227.419375,30.319000000
227.423101,30.320000000
227.425165,30.321000000
227.428995,30.322000000
227.437087,30.323000000
227.439310,30.324000000
227.447446,30.325000000
227.470582,30.326000000
227.481612,30.327000000
227.487484,30.328000000
227.490790,30.329000000
227.503568,30.330000000
227.504297,30.331000000
227.524485,30.332000000
227.535129,30.333000000
227.541923,30.334000000
227.548231,30.335000000
227.552761,30.336000000
227.560477,30.337000000
227.566032,30.338000000
227.572849,30.339000000
227.595094,30.340000000
227.595160,30.341000000
227.595202,30.342000000
227.623961,30.343000000
227.624026,30.344000000
227.633022,30.345000000
227.682638,30.346000000
227.696126,30.347000000
227.714199,30.348000000
227.728645,30.349000000
227.742574,30.350000000
227.755083,30.351000000
227.770334,30.352000000
227.782675,30.353000000
227.796174,30.354000000
227.808666,30.355000000
227.821638,30.356000000
227.831126,30.357000000
227.839987,30.358000000
227.878006,30.359000000
227.890292,30.360000000
227.906599,30.361000000
227.914770,30.362000000
227.920778,30.363000000
227.926469,30.364000000
227.950437,30.365000000
227.956538,30.366000000
227.980679,30.367000000
228.002062,30.368000000
228.019194,30.369000000
228.038901,30.370000000
228.039387,30.371000000
228.063726,30.372000000
228.079898,30.373000000
228.089875,30.374000000
228.098898,30.375000000
228.110016,30.376000000
228.124499,30.377000000
228.136350,30.378000000
228.163927,30.379000000
228.176078,30.380000000
228.182107,30.381000000
228.191242,30.382000000
228.192383,30.383000000
228.199087,30.384000000
228.219454,30.385000000
228.222727,30.386000000
228.229204,30.387000000
228.257027,30.388000000
228.263881,30.389000000
228.270059,30.390000000
228.295031,30.391000000
228.331253,30.392000000
228.340942,30.393000000
228.353376,30.394000000
228.364068,30.395000000
228.390717,30.396000000
228.408193,30.397000000
228.421481,30.398000000
228.423322,30.399000000
228.437599,30.400000000
228.448907,30.401000000
228.463831,30.402000000
228.474549,30.403000000
228.483828,30.404000000
228.495495,30.405000000
228.495560,30.406000000
228.501076,30.407000000
228.512106,30.408000000
228.512171,30.409000000
228.515982,30.410000000
228.538201,30.411000000
228.538754,30.412000000
228.565975,30.413000000
228.585626,30.414000000
228.585691,30.415000000
228.589231,30.416000000
228.604671,30.417000000
228.605500,30.418000000
228.614269,30.419000000
228.622336,30.420000000
228.622945,30.421000000
228.647820,30.422000000
228.654369,30.423000000
228.682506,30.424000000
228.682961,30.425000000
228.692922,30.426000000
228.705906,30.427000000
228.705972,30.428000000
228.706016,30.429000000
228.706482,30.430000000
228.717355,30.431000000
228.739708,30.432000000
228.751333,30.433000000
228.759339,30.434000000
228.759403,30.435000000
228.767778,30.436000000
228.767880,30.437000000
228.772838,30.438000000
228.779771,30.439000000
228.787562,30.440000000
228.800773,30.441000000
228.812621,30.442000000
228.819870,30.443000000
228.826049,30.444000000
228.832863,30.445000000
228.844312,30.446000000
228.844404,30.447000000
228.858622,30.448000000
228.858695,30.449000000
228.868992,30.450000000
228.874899,30.451000000
228.880420,30.452000000
228.902192,30.453000000
228.912271,30.454000000
228.921582,30.455000000
228.927655,30.456000000
228.936116,30.457000000
228.944839,30.458000000
228.945297,30.459000000
228.967868,30.460000000
228.970219,30.461000000
228.988065,30.462000000
228.998112,30.463000000
228.998747,30.464000000
229.037564,30.465000000
229.051800,30.466000000
229.062350,30.467000000
229.074938,30.468000000
229.088800,30.469000000
229.112201,30.470000000
229.118833,30.471000000
229.129802,30.472000000
229.135941,30.473000000
229.147143,30.474000000
229.154859,30.475000000
229.162648,30.476000000
229.165584,30.477000000
229.174029,30.478000000
229.186026,30.479000000
229.186093,30.480000000
229.186569,30.481000000
229.193924,30.482000000
229.194730,30.483000000
229.209023,30.484000000
229.224245,30.485000000
229.224313,30.486000000
229.227018,30.487000000
229.232954,30.488000000
229.236288,30.489000000
229.271903,30.490000000
229.288675,30.491000000
229.300047,30.492000000
229.320338,30.493000000
229.337672,30.494000000
229.349651,30.495000000
229.353317,30.496000000
229.367632,30.497000000
229.372356,30.498000000
229.374183,30.499000000
229.391222,30.500000000
229.405022,30.501000000
229.413954,30.502000000
229.426768,30.503000000
229.438095,30.504000000
229.444336,30.505000000
229.461921,30.506000000
229.475088,30.507000000
229.487909,30.508000000
229.503133,30.509000000
229.518301,30.510000000
229.530556,30.511000000
229.541563,30.512000000
229.550859,30.513000000
229.562418,30.514000000
229.572294,30.515000000
229.572348,30.516000000
229.572416,30.517000000
229.578283,30.518000000
229.595321,30.519000000
229.609130,30.520000000
229.614338,30.521000000
229.636903,30.522000000
229.636963,30.523000000
229.637004,30.524000000
229.654865,30.525000000
229.663674,30.526000000
229.675174,30.527000000
229.680423,30.528000000
229.698756,30.529000000
229.698833,30.530000000
229.713869,30.531000000
229.721190,30.532000000
229.721249,30.533000000
229.742455,30.534000000
229.743009,30.535000000
229.747795,30.536000000
229.754840,30.537000000
229.754902,30.538000000
229.760854,30.539000000
229.761249,30.540000000
229.769286,30.541000000
229.769667,30.542000000
229.776021,30.543000000
229.778822,30.544000000
229.788168,30.545000000
229.788657,30.546000000
229.800362,30.547000000
229.807495,30.548000000
229.818139,30.549000000
229.831115,30.550000000
229.844514,30.551000000
229.852794,30.552000000
229.879653,30.553000000
229.884285,30.554000000
229.888790,30.555000000
229.914341,30.556000000
229.916476,30.557000000
229.920883,30.558000000
229.941674,30.559000000
229.941725,30.560000000
229.959225,30.561000000
229.974904,30.562000000
229.976324,30.563000000
229.988100,30.564000000
229.998101,30.565000000
230.013041,30.566000000
230.023109,30.567000000
230.032972,30.568000000
230.042791,30.569000000
230.048904,30.570000000
230.060902,30.571000000
230.067342,30.572000000
230.081458,30.573000000
230.087695,30.574000000
230.103193,30.575000000
230.107244,30.576000000
230.125306,30.577000000
230.129280,30.578000000
230.141047,30.579000000
230.153858,30.580000000
230.161681,30.581000000
230.174430,30.582000000
230.186314,30.583000000
230.189789,30.584000000
230.205136,30.585000000
230.212695,30.586000000
230.220912,30.587000000
230.236312,30.588000000
230.250075,30.589000000
230.273252,30.590000000
230.273334,30.591000000
230.273347,30.592000000
230.273356,30.593000000
230.273365,30.594000000
230.273373,30.595000000
230.279879,30.596000000
230.283901,30.597000000
230.291543,30.598000000
230.297128,30.599000000
230.297174,30.600000000
230.301152,30.601000000
230.310588,30.602000000
230.310636,30.603000000
230.314203,30.604000000
230.322973,30.605000000
230.328668,30.606000000
230.335017,30.607000000
230.342442,30.608000000
230.345342,30.609000000
230.359577,30.610000000
230.359634,30.611000000
230.359645,30.612000000
230.359654,30.613000000
230.363015,30.614000000
230.380914,30.615000000
230.385481,30.616000000
230.397511,30.617000000
230.397549,30.618000000
230.399293,30.619000000
230.401572,30.620000000
230.407531,30.621000000
230.407573,30.622000000
230.413272,30.623000000
230.419244,30.624000000
230.424607,30.625000000
230.431475,30.626000000
230.454064,30.627000000
230.456080,30.628000000
230.458045,30.629000000
230.459983,30.630000000
230.470275,30.631000000
230.471570,30.632000000
230.473093,30.633000000
230.474420,30.634000000
230.499154,30.635000000
230.503437,30.636000000
230.508164,30.637000000
230.508187,30.638000000
230.509941,30.639000000
230.511076,30.640000000
230.512414,30.641000000
230.513636,30.642000000
230.515577,30.643000000
230.547399,30.644000000
230.553524,30.645000000
230.579612,30.646000000
230.598002,30.647000000
230.611433,30.648000000
230.611481,30.649000000
230.631956,30.650000000
230.643643,30.651000000
230.658420,30.652000000
230.668684,30.653000000
230.688901,30.654000000
230.697914,30.655000000
230.703912,30.656000000
230.719691,30.657000000
230.726733,30.658000000
230.739280,30.659000000
230.745589,30.660000000
230.750175,30.661000000
230.756564,30.662000000
230.761630,30.663000000
230.769951,30.664000000
230.784005,30.665000000
230.784061,30.666000000
230.791330,30.667000000
230.799394,30.668000000
230.822774,30.669000000
230.840080,30.670000000
230.840137,30.671000000
230.840147,30.672000000
230.850555,30.673000000
230.860331,30.674000000
230.860380,30.675000000
230.869934,30.676000000
230.896415,30.677000000
230.896468,30.678000000
230.904219,30.679000000
230.912630,30.680000000
230.912677,30.681000000
230.935766,30.682000000
230.943348,30.683000000
230.968437,30.684000000
230.984038,30.685000000
230.991200,30.686000000
231.005529,30.687000000
231.008931,30.688000000
231.021133,30.689000000
231.032416,30.690000000
231.042589,30.691000000
231.050539,30.692000000
231.062518,30.693000000
231.070031,30.694000000
231.089467,30.695000000
231.113281,30.696000000
231.115488,30.697000000
231.137291,30.698000000
231.138162,30.699000000
231.176627,30.700000000
231.182640,30.701000000
231.182681,30.702000000
231.193290,30.703000000
231.200838,30.704000000
231.214092,30.705000000
231.220761,30.706000000
231.235196,30.707000000
231.248652,30.708000000
231.259231,30.709000000
231.263962,30.710000000
231.274110,30.711000000
231.274154,30.712000000
231.293840,30.713000000
231.305853,30.714000000
231.324059,30.715000000
231.324127,30.716000000
231.324165,30.717000000
231.327290,30.718000000
231.356378,30.719000000
231.356423,30.720000000
231.359626,30.721000000
231.375499,30.722000000
231.380439,30.723000000
231.380493,30.724000000
231.400622,30.725000000
231.414448,30.726000000
231.419899,30.727000000
231.435068,30.728000000
231.444345,30.729000000
231.448008,30.730000000
231.459431,30.731000000
231.459492,30.732000000
231.459534,30.733000000
231.462304,30.734000000
231.474653,30.735000000
231.474715,30.736000000
231.501488,30.737000000
231.501550,30.738000000
231.514801,30.739000000
231.515406,30.740000000
231.552626,30.741000000
231.562716,30.742000000
231.566165,30.743000000
231.570572,30.744000000
231.591621,30.745000000
231.591693,30.746000000
231.591764,30.747000000
231.591844,30.748000000
231.591888,30.749000000
231.591927,30.750000000
231.591965,30.751000000
231.592514,30.752000000
231.596161,30.753000000
231.596467,30.754000000
231.601927,30.755000000
231.601978,30.756000000
231.603951,30.757000000
231.612428,30.758000000
231.612484,30.759000000
231.612576,30.760000000
231.612657,30.761000000
231.613091,30.762000000
231.617910,30.763000000
231.618437,30.764000000
231.625805,30.765000000
231.625873,30.766000000
231.632006,30.767000000
231.649085,30.768000000
231.655196,30.769000000
231.665358,30.770000000
231.673814,30.771000000
231.677028,30.772000000
231.677090,30.773000000
231.677610,30.774000000
231.684972,30.775000000
231.685027,30.776000000
231.685154,30.777000000
231.685515,30.778000000
231.691895,30.779000000
231.699552,30.780000000
231.699612,30.781000000
231.701296,30.782000000
231.755726,30.783000000
231.779558,30.784000000
231.785196,30.785000000
231.794083,30.786000000
231.801668,30.787000000
231.807929,30.788000000
231.810514,30.789000000
231.812687,30.790000000
231.815006,30.791000000
231.817221,30.792000000
231.819459,30.793000000
231.821919,30.794000000
231.831866,30.795000000
231.835385,30.796000000
231.839965,30.797000000
231.843824,30.798000000
231.850535,30.799000000
231.853009,30.800000000
231.871569,30.801000000
231.874335,30.802000000
231.878300,30.803000000
231.881987,30.804000000
231.884345,30.805000000
231.908748,30.806000000
231.909855,30.807000000
231.912627,30.808000000
231.929446,30.809000000
231.933451,30.810000000
231.964710,30.811000000
231.975470,30.812000000
231.987418,30.813000000
231.999943,30.814000000
232.009862,30.815000000
232.014809,30.816000000
232.018747,30.817000000
232.022423,30.818000000
232.024972,30.819000000
232.038436,30.820000000
232.048890,30.821000000
232.059786,30.822000000
232.064215,30.823000000
232.075760,30.824000000
232.084694,30.825000000
232.097614,30.826000000
232.120130,30.827000000
232.134949,30.828000000
232.135035,30.829000000
232.148138,30.830000000
232.161870,30.831000000
232.174424,30.832000000
232.184271,30.833000000
232.197959,30.834000000
232.204726,30.835000000
232.208233,30.836000000
232.216823,30.837000000
232.221355,30.838000000
232.226094,30.839000000
232.244274,30.840000000
232.248108,30.841000000
232.258244,30.842000000
232.262592,30.843000000
232.279967,30.844000000
232.285280,30.845000000
232.294177,30.846000000
232.299742,30.847000000
232.306251,30.848000000
232.311691,30.849000000
232.316100,30.850000000
232.321744,30.851000000
232.328191,30.852000000
232.333135,30.853000000
232.339671,30.854000000
232.345569,30.855000000
232.351618,30.856000000
232.356928,30.857000000
232.360640,30.858000000
232.374885,30.859000000
232.380896,30.860000000
232.385216,30.861000000
232.410387,30.862000000
232.416459,30.863000000
232.426110,30.864000000
232.430253,30.865000000
232.434452,30.866000000
232.438478,30.867000000
232.454507,30.868000000
232.458678,30.869000000
232.467040,30.870000000
232.472910,30.871000000
232.494663,30.872000000
232.500065,30.873000000
232.510598,30.874000000
232.520452,30.875000000
232.523834,30.876000000
232.529687,30.877000000
232.533737,30.878000000
232.537889,30.879000000
232.541009,30.880000000
232.545424,30.881000000
232.552015,30.882000000
232.555530,30.883000000
232.559542,30.884000000
232.563565,30.885000000
232.567107,30.886000000
232.575585,30.887000000
232.582203,30.888000000
232.588584,30.889000000
232.606486,30.890000000
232.612713,30.891000000
232.652966,30.892000000
232.657258,30.893000000
232.660688,30.894000000
232.672006,30.895000000
232.681864,30.896000000
232.684262,30.897000000
232.691269,30.898000000
232.706851,30.899000000
232.717323,30.900000000
232.720148,30.901000000
232.735144,30.902000000
232.763046,30.903000000
232.766359,30.904000000
232.783208,30.905000000
232.789622,30.906000000
232.797120,30.907000000
232.807106,30.908000000
232.814507,30.909000000
232.823175,30.910000000
232.833684,30.911000000
232.839209,30.912000000
232.846551,30.913000000
232.860052,30.914000000
232.867989,30.915000000
232.880122,30.916000000
232.896593,30.917000000
232.907398,30.918000000
232.913033,30.919000000
232.931162,30.920000000
232.935595,30.921000000
232.946990,30.922000000
232.952877,30.923000000
232.954863,30.924000000
232.961091,30.925000000
232.984207,30.926000000
232.986267,30.927000000
232.996188,30.928000000
233.000234,30.929000000
233.016857,30.930000000
233.035034,30.931000000
233.077040,30.932000000
233.101081,30.933000000
233.115186,30.934000000
233.115236,30.935000000
233.146240,30.936000000
233.146327,30.937000000
233.159952,30.938000000
233.169070,30.939000000
233.180562,30.940000000
233.190160,30.941000000
233.198198,30.942000000
233.209162,30.943000000
233.223133,30.944000000
233.225069,30.945000000
233.239569,30.946000000
233.257191,30.947000000
233.263286,30.948000000
233.284374,30.949000000
233.284423,30.950000000
233.301800,30.951000000
233.301849,30.952000000
233.320914,30.953000000
233.320960,30.954000000
233.335371,30.955000000
233.344287,30.956000000
233.356324,30.957000000
233.356371,30.958000000
233.373102,30.959000000
233.373151,30.960000000
233.390998,30.961000000
233.391044,30.962000000
233.409410,30.963000000
233.409460,30.964000000
233.434137,30.965000000
233.434459,30.966000000
233.454686,30.967000000
233.474601,30.968000000
233.483323,30.969000000
233.497764,30.970000000
233.506747,30.971000000
233.525458,30.972000000
233.537227,30.973000000
233.537275,30.974000000
233.559471,30.975000000
233.574428,30.976000000
233.594342,30.977000000
233.594388,30.978000000
233.614524,30.979000000
233.624606,30.980000000
233.642156,30.981000000
233.650634,30.982000000
233.665186,30.983000000
233.692334,30.984000000
233.705378,30.985000000
233.717446,30.986000000
233.731974,30.987000000
233.744679,30.988000000
233.754470,30.989000000
233.767973,30.990000000
233.776340,30.991000000
233.789653,30.992000000
233.805257,30.993000000
233.830827,30.994000000
233.844556,30.995000000
233.844612,30.996000000
233.874259,30.997000000
233.884887,30.998000000
233.901038,30.999000000
233.904143,31.000000000
233.906483,31.001000000
233.913385,31.002000000
233.913436,31.003000000
233.929691,31.004000000
233.951292,31.005000000
233.969641,31.006000000
233.969713,31.007000000
233.984436,31.008000000
233.996244,31.009000000
234.001861,31.010000000
234.001907,31.011000000
234.013227,31.012000000
234.050667,31.013000000
234.057280,31.014000000
234.095994,31.015000000
234.101037,31.016000000
234.113499,31.017000000
234.115719,31.018000000
234.124301,31.019000000
234.128206,31.020000000
234.148534,31.021000000
234.151361,31.022000000
234.155735,31.023000000
234.164754,31.024000000
234.168416,31.025000000
234.194158,31.026000000
234.201578,31.027000000
234.225298,31.028000000
234.240910,31.029000000
234.250128,31.030000000
234.258849,31.031000000
234.270426,31.032000000
234.279242,31.033000000
234.284622,31.034000000
234.291907,31.035000000
234.296906,31.036000000
234.322299,31.037000000
234.330146,31.038000000
234.332308,31.039000000
234.334347,31.040000000
234.336360,31.041000000
234.339020,31.042000000
234.349600,31.043000000
234.351858,31.044000000
234.354055,31.045000000
234.356190,31.046000000
234.358363,31.047000000
234.361401,31.048000000
234.363468,31.049000000
234.365588,31.050000000
234.367659,31.051000000
234.370893,31.052000000
234.373564,31.053000000
234.375738,31.054000000
234.378574,31.055000000
234.381091,31.056000000
234.383414,31.057000000
234.385679,31.058000000
234.387708,31.059000000
234.396388,31.060000000
234.398839,31.061000000
234.401065,31.062000000
234.403138,31.063000000
234.406184,31.064000000
234.415761,31.065000000
234.422970,31.066000000
234.426113,31.067000000
234.431984,31.068000000
234.439764,31.069000000
234.463215,31.070000000
234.487313,31.071000000
234.496539,31.072000000
234.501330,31.073000000
234.508017,31.074000000
234.512490,31.075000000
234.519165,31.076000000
234.529467,31.077000000
234.535544,31.078000000
234.539263,31.079000000
234.548522,31.080000000
234.556853,31.081000000
234.560158,31.082000000
234.569691,31.083000000
234.578866,31.084000000
234.586616,31.085000000
234.589000,31.086000000
234.594977,31.087000000
234.608199,31.088000000
234.618117,31.089000000
234.628617,31.090000000
234.631605,31.091000000
234.645702,31.092000000
234.645749,31.093000000
234.648194,31.094000000
234.658287,31.095000000
234.667611,31.096000000
234.673691,31.097000000
234.679774,31.098000000
234.682567,31.099000000
234.714729,31.100000000
234.734855,31.101000000
234.734921,31.102000000
234.750167,31.103000000
234.750231,31.104000000
234.750242,31.105000000
234.750251,31.106000000
234.750287,31.107000000
234.762680,31.108000000
234.773276,31.109000000
234.779492,31.110000000
234.791710,31.111000000
234.800566,31.112000000
234.811974,31.113000000
234.823565,31.114000000
234.823612,31.115000000
234.825217,31.116000000
234.863383,31.117000000
234.863431,31.118000000
234.871372,31.119000000
234.879122,31.120000000
234.895074,31.121000000
234.908526,31.122000000
234.908973,31.123000000
234.919786,31.124000000
234.937422,31.125000000
234.952634,31.126000000
234.966091,31.127000000
234.982677,31.128000000
234.998863,31.129000000
235.010579,31.130000000
235.017560,31.131000000
235.025257,31.132000000
235.025623,31.133000000
235.028378,31.134000000
235.030919,31.135000000
235.034529,31.136000000
235.036918,31.137000000
235.043503,31.138000000
235.046072,31.139000000
235.048833,31.140000000
235.051483,31.141000000
235.054391,31.142000000
235.056776,31.143000000
235.059427,31.144000000
235.062733,31.145000000
235.065777,31.146000000
235.070167,31.147000000
235.075926,31.148000000
235.078175,31.149000000
235.080296,31.150000000
235.083734,31.151000000
235.087114,31.152000000
235.101464,31.153000000
235.105152,31.154000000
235.121455,31.155000000
235.133373,31.156000000
235.133462,31.157000000
235.135310,31.158000000
235.152028,31.159000000
235.160358,31.160000000
235.174541,31.161000000
235.174590,31.162000000
235.183898,31.163000000
235.183954,31.164000000
235.183965,31.165000000
235.187149,31.166000000
235.190598,31.167000000
235.198208,31.168000000
235.208376,31.169000000
235.213523,31.170000000
235.218037,31.171000000
235.263319,31.172000000
235.268247,31.173000000
235.279793,31.174000000
235.294322,31.175000000
235.298506,31.176000000
235.314907,31.177000000
235.322955,31.178000000
235.339030,31.179000000
235.345324,31.180000000
235.358686,31.181000000
235.371688,31.182000000
235.375571,31.183000000
235.378008,31.184000000
235.408006,31.185000000
235.414206,31.186000000
235.436423,31.187000000
235.444768,31.188000000
235.451437,31.189000000
235.461224,31.190000000
235.466961,31.191000000
235.470073,31.192000000
235.493082,31.193000000
235.493110,31.194000000
235.505492,31.195000000
235.509192,31.196000000
235.544671,31.197000000
235.556708,31.198000000
235.563327,31.199000000
235.567437,31.200000000
235.576577,31.201000000
235.587768,31.202000000
235.597526,31.203000000
235.601996,31.204000000
235.608551,31.205000000
235.615826,31.206000000
235.627472,31.207000000
235.657557,31.208000000
235.665657,31.209000000
235.680275,31.210000000
235.681869,31.211000000
235.701558,31.212000000
235.704189,31.213000000
235.708187,31.214000000
235.711205,31.215000000
235.713808,31.216000000
235.717959,31.217000000
235.720354,31.218000000
235.729265,31.219000000
235.731358,31.220000000
235.733847,31.221000000
235.736226,31.222000000
235.738606,31.223000000
235.743713,31.224000000
235.751833,31.225000000
235.769229,31.226000000
235.775353,31.227000000
235.780356,31.228000000
235.796395,31.229000000
235.799942,31.230000000
235.812497,31.231000000
235.826272,31.232000000
235.836545,31.233000000
235.841737,31.234000000
235.846941,31.235000000
235.855253,31.236000000
235.861191,31.237000000
235.872880,31.238000000
235.883255,31.239000000
235.889915,31.240000000
235.902131,31.241000000
235.910776,31.242000000
235.936440,31.243000000
235.953575,31.244000000
235.966354,31.245000000
235.972141,31.246000000
235.985461,31.247000000
236.007813,31.248000000
236.027518,31.249000000
236.027580,31.250000000
236.027592,31.251000000
236.027633,31.252000000
236.033758,31.253000000
236.047367,31.254000000
236.047461,31.255000000
236.047475,31.256000000
236.047877,31.257000000
236.047920,31.258000000
236.047930,31.259000000
236.049896,31.260000000
236.065984,31.261000000
236.066041,31.262000000
236.066052,31.263000000
236.066060,31.264000000
236.067149,31.265000000
236.081836,31.266000000
236.082218,31.267000000
236.082252,31.268000000
236.084042,31.269000000
236.095246,31.270000000
236.095314,31.271000000
236.095327,31.272000000
236.109007,31.273000000
236.119727,31.274000000
236.119792,31.275000000
236.119822,31.276000000
236.123495,31.277000000
236.136021,31.278000000
236.136075,31.279000000
236.136104,31.280000000
236.136114,31.281000000
236.144426,31.282000000
236.150309,31.283000000
236.156235,31.284000000
236.196114,31.285000000
236.201737,31.286000000
236.221974,31.287000000
236.224545,31.288000000
236.241804,31.289000000
236.247327,31.290000000
236.268015,31.291000000
236.275811,31.292000000
236.285810,31.293000000
236.298823,31.294000000
236.311986,31.295000000
236.313940,31.296000000
236.317591,31.297000000
236.324537,31.298000000
236.329268,31.299000000
236.336314,31.300000000
236.355987,31.301000000
236.363940,31.302000000
236.376276,31.303000000
236.393893,31.304000000
236.398471,31.305000000
236.402444,31.306000000
236.433976,31.307000000
236.438591,31.308000000
236.442470,31.309000000
236.452851,31.310000000
236.469984,31.311000000
236.471425,31.312000000
236.485668,31.313000000
236.488152,31.314000000
236.494454,31.315000000
236.500367,31.316000000
236.515049,31.317000000
236.517472,31.318000000
236.520277,31.319000000
236.529148,31.320000000
236.533209,31.321000000
236.535645,31.322000000
236.542090,31.323000000
236.581980,31.324000000
236.599679,31.325000000
236.613013,31.326000000
236.623526,31.327000000
236.640416,31.328000000
236.648556,31.329000000
236.666442,31.330000000
236.684581,31.331000000
236.695135,31.332000000
236.719193,31.333000000
236.730895,31.334000000
236.737144,31.335000000
236.739479,31.336000000
236.747319,31.337000000
236.754526,31.338000000
236.775074,31.339000000
236.781324,31.340000000
236.787407,31.341000000
236.792103,31.342000000
236.794490,31.343000000
236.822616,31.344000000
236.823141,31.345000000
236.836274,31.346000000
236.849864,31.347000000
236.878454,31.348000000
236.890325,31.349000000
236.896382,31.350000000
236.906308,31.351000000
236.914168,31.352000000
236.929175,31.353000000
236.949979,31.354000000
236.959537,31.355000000
236.968053,31.356000000
236.971481,31.357000000
236.988117,31.358000000
236.992547,31.359000000
237.004266,31.360000000
237.008372,31.361000000
237.018878,31.362000000
237.024578,31.363000000
237.033921,31.364000000
237.044503,31.365000000
237.059654,31.366000000
237.064442,31.367000000
237.071417,31.368000000
237.076829,31.369000000
237.079089,31.370000000
237.081328,31.371000000
237.083546,31.372000000
237.090549,31.373000000
237.092794,31.374000000
237.097823,31.375000000
237.100107,31.376000000
237.102379,31.377000000
237.108637,31.378000000
237.119794,31.379000000
237.133802,31.380000000
237.136414,31.381000000
237.138838,31.382000000
237.147219,31.383000000
237.149529,31.384000000
237.151978,31.385000000
237.154483,31.386000000
237.156778,31.387000000
237.159447,31.388000000
237.161893,31.389000000
237.164218,31.390000000
237.179977,31.391000000
237.182374,31.392000000
237.184608,31.393000000
237.189276,31.394000000
237.202605,31.395000000
237.212046,31.396000000
237.214432,31.397000000
237.238427,31.398000000
237.243045,31.399000000
237.248033,31.400000000
237.271156,31.401000000
237.276471,31.402000000
237.283180,31.403000000
237.308599,31.404000000
237.318513,31.405000000
237.326387,31.406000000
237.336447,31.407000000
237.342471,31.408000000
237.348857,31.409000000
237.361674,31.410000000
237.366337,31.411000000
237.370250,31.412000000
237.376408,31.413000000
237.378969,31.414000000
237.383903,31.415000000
237.388123,31.416000000
237.392712,31.417000000
237.394952,31.418000000
237.397410,31.419000000
237.405643,31.420000000
237.412195,31.421000000
237.429757,31.422000000
237.441860,31.423000000
237.446260,31.424000000
237.457881,31.425000000
237.462375,31.426000000
237.467810,31.427000000
237.472104,31.428000000
237.487533,31.429000000
237.496216,31.430000000
237.504995,31.431000000
237.509443,31.432000000
237.526634,31.433000000
237.532985,31.434000000
237.540496,31.435000000
237.546876,31.436000000
237.553175,31.437000000
237.560187,31.438000000
237.564492,31.439000000
237.572664,31.440000000
237.583659,31.441000000
237.598222,31.442000000
237.598585,31.443000000
237.611199,31.444000000
237.628681,31.445000000
237.637224,31.446000000
237.650862,31.447000000
237.669066,31.448000000
237.688402,31.449000000
237.690520,31.450000000
237.699331,31.451000000
237.731179,31.452000000
237.735534,31.453000000
237.737883,31.454000000
237.750230,31.455000000
237.752672,31.456000000
237.767131,31.457000000
237.769668,31.458000000
237.776678,31.459000000
237.783824,31.460000000
237.795007,31.461000000
237.804474,31.462000000
237.814509,31.463000000
237.827275,31.464000000
237.839816,31.465000000
237.855210,31.466000000
237.862976,31.467000000
237.868155,31.468000000
237.876462,31.469000000
237.889173,31.470000000
237.896328,31.471000000
237.909791,31.472000000
237.916022,31.473000000
237.932810,31.474000000
237.941067,31.475000000
237.956174,31.476000000
237.972906,31.477000000
237.982437,31.478000000
237.989880,31.479000000
238.010856,31.480000000
238.014171,31.481000000
238.019710,31.482000000
238.023545,31.483000000
238.039347,31.484000000
238.045123,31.485000000
238.053903,31.486000000
238.058049,31.487000000
238.062387,31.488000000
238.092359,31.489000000
238.097873,31.490000000
238.108635,31.491000000
238.115275,31.492000000
238.136400,31.493000000
238.154915,31.494000000
238.163268,31.495000000
238.174541,31.496000000
238.187016,31.497000000
238.200418,31.498000000
238.209908,31.499000000
238.226276,31.500000000
238.231166,31.501000000
238.235428,31.502000000
238.264334,31.503000000
238.269159,31.504000000
238.289758,31.505000000
238.303349,31.506000000
238.306828,31.507000000
238.320226,31.508000000
238.325089,31.509000000
238.334962,31.510000000
238.354882,31.511000000
238.359416,31.512000000
238.366836,31.513000000
238.382621,31.514000000
238.394276,31.515000000
238.433724,31.516000000
238.441272,31.517000000
238.456744,31.518000000
238.470292,31.519000000
238.484349,31.520000000
238.502190,31.521000000
238.508557,31.522000000
238.520624,31.523000000
238.529355,31.524000000
238.549202,31.525000000
238.570169,31.526000000
238.584764,31.527000000
238.596600,31.528000000
238.606224,31.529000000
238.614209,31.530000000
238.616974,31.531000000
238.621438,31.532000000
238.634179,31.533000000
238.642496,31.534000000
238.645153,31.535000000
238.651409,31.536000000
238.661763,31.537000000
238.664537,31.538000000
238.667142,31.539000000
238.670150,31.540000000
238.672566,31.541000000
238.679298,31.542000000
238.681621,31.543000000
238.689506,31.544000000
238.708225,31.545000000
238.714943,31.546000000
238.720241,31.547000000
238.729238,31.548000000
238.731610,31.549000000
238.733882,31.550000000
238.736804,31.551000000
238.739028,31.552000000
238.753564,31.553000000
238.756135,31.554000000
238.758398,31.555000000
238.765960,31.556000000
238.769922,31.557000000
238.772220,31.558000000
238.774942,31.559000000
238.785575,31.560000000
238.791151,31.561000000
238.795289,31.562000000
238.797660,31.563000000
238.799821,31.564000000
238.830558,31.565000000
238.834110,31.566000000
238.836715,31.567000000
238.840540,31.568000000
238.848493,31.569000000
238.851100,31.570000000
238.858050,31.571000000
238.862077,31.572000000
238.865074,31.573000000
238.868853,31.574000000
238.877710,31.575000000
238.888058,31.576000000
238.891259,31.577000000
238.899681,31.578000000
238.906640,31.579000000
238.912883,31.580000000
238.945739,31.581000000
238.960707,31.582000000
238.973355,31.583000000
238.986125,31.584000000
239.003197,31.585000000
239.021329,31.586000000
239.034213,31.587000000
239.059093,31.588000000
239.065314,31.589000000
239.078528,31.590000000
239.093989,31.591000000
239.094055,31.592000000
239.094066,31.593000000
239.108702,31.594000000
239.111257,31.595000000
239.114755,31.596000000
239.117105,31.597000000
239.119477,31.598000000
239.122553,31.599000000
239.124934,31.600000000
239.129504,31.601000000
239.132421,31.602000000
239.134703,31.603000000
239.139564,31.604000000
239.151868,31.605000000
239.156140,31.606000000
239.158636,31.607000000
239.171943,31.608000000
239.180031,31.609000000
239.184636,31.610000000
239.207123,31.611000000
239.210417,31.612000000
239.229165,31.613000000
239.237346,31.614000000
239.245268,31.615000000
239.268713,31.616000000
239.289460,31.617000000
239.297742,31.618000000
239.306325,31.619000000
239.316218,31.620000000
239.331985,31.621000000
239.337978,31.622000000
239.353606,31.623000000
239.380935,31.624000000
239.393235,31.625000000
239.395623,31.626000000
239.398536,31.627000000
239.400682,31.628000000
239.426045,31.629000000
239.433640,31.630000000
239.442482,31.631000000
239.457255,31.632000000
239.459711,31.633000000
239.479380,31.634000000
239.490025,31.635000000
239.505999,31.636000000
239.515239,31.637000000
239.518992,31.638000000
239.557027,31.639000000
239.562653,31.640000000
239.577502,31.641000000
239.583310,31.642000000
239.591215,31.643000000
239.598185,31.644000000
239.600491,31.645000000
239.606331,31.646000000
239.622302,31.647000000
239.626056,31.648000000
239.628461,31.649000000
239.635579,31.650000000
239.647257,31.651000000
239.656769,31.652000000
239.660800,31.653000000
239.663887,31.654000000
239.666290,31.655000000
239.674543,31.656000000
239.676840,31.657000000
239.682068,31.658000000
239.684365,31.659000000
239.692557,31.660000000
239.716744,31.661000000
239.725078,31.662000000
239.727941,31.663000000
239.736238,31.664000000
239.738584,31.665000000
239.740937,31.666000000
239.748254,31.667000000
239.755481,31.668000000
239.758073,31.669000000
239.766533,31.670000000
239.772525,31.671000000
239.774733,31.672000000
239.777056,31.673000000
239.785300,31.674000000
239.789245,31.675000000
239.794361,31.676000000
239.804707,31.677000000
239.809595,31.678000000
239.818341,31.679000000
239.824970,31.680000000
239.835356,31.681000000
239.839851,31.682000000
239.851660,31.683000000
239.860009,31.684000000
239.862979,31.685000000
239.874939,31.686000000
239.881617,31.687000000
239.912101,31.688000000
239.924289,31.689000000
239.924893,31.690000000
239.959747,31.691000000
239.962639,31.692000000
239.968160,31.693000000
239.970790,31.694000000
239.974701,31.695000000
239.977117,31.696000000
239.985801,31.697000000
239.988185,31.698000000
239.991172,31.699000000
239.999074,31.700000000
240.005763,31.701000000
240.010343,31.702000000
240.012927,31.703000000
240.016374,31.704000000
240.027749,31.705000000
240.030126,31.706000000
240.036050,31.707000000
240.039912,31.708000000
